-0.31727, 0.51823
1.56946, 1.54452
-0.322598, 1.53041
0.656482, -0.787601
1.46642, -0.446754
-0.352459, 1.45518
-1.41404, -1.54731
0.346968, -0.612495
-0.3479, -1.52328
-1.44438, -1.50271
-1.65138, -1.48441
-0.401063, -0.493452
0.471097, 0.684764
1.45302, 1.55552
0.550413, -0.405094
1.49132, 0.477909
0.414406, -0.55944
1.6918, -0.484068
0.572402, -1.52528
-1.56331, 1.45511
0.400906, -1.47612
0.545179, 1.46205
1.39418, 0.587669
1.29175, 1.42415
-0.303997, -1.56893
0.50114, -1.5096
-0.759704, 1.73978
-1.54598, 0.292831
-0.423478, -0.398189
-1.49779, -0.41749
-0.451005, 0.479808
-0.544498, 0.466518
0.480331, 0.346242
-1.48, -1.49774
-1.48467, 0.559821
-1.5029, 0.378152
-0.591431, -1.58553
-0.607077, -0.565167
0.403049, 0.345064
-0.604947, -1.50905
0.571227, -1.57567
-1.58011, -1.39993
-0.61502, 0.412726
1.44139, 0.451454
1.29504, 0.378436
-1.56522, 0.427889
-1.5445, -0.601887
-0.434526, -1.58547
1.70316, -1.40627
-1.47227, -1.45053
1.49386, -0.563138
-1.36856, 0.401884
0.43332, -1.5989
1.43274, 1.43137
-1.49159, 0.38416
-1.55377, -0.458375
1.63982, -1.62084
-1.44895, -0.512074
-0.504323, 0.493637
0.37271, 1.43126
-1.36387, 1.39819
-0.555142, 1.6112
1.76957, 1.53108
1.49452, 0.478208
1.43385, -1.51688
1.60023, -1.58185
1.43282, 1.46636
0.694315, 0.537047
-1.45892, 1.56332
0.582011, -1.45278
-0.547931, -1.5622
-0.365459, 1.34924
-0.386981, -0.611292
-1.57803, 1.48862
0.379753, 0.340549
-1.6501, -1.47915
0.559651, 0.447526
-0.595269, 0.394843
1.41144, 1.55868
-1.59396, -0.40958
-1.49983, 0.708345
-1.45437, -1.38563
-1.56716, -0.611273
1.56549, -1.43833
1.51179, 0.48378
-0.552179, -1.33148
-0.747283, -1.56827
0.664185, -1.62363
0.497881, -1.61937
-1.40868, 1.46925
-1.57163, 1.42809
-0.532342, -0.565175
-1.73645, -1.56599
0.559611, -1.59029
-0.404036, 0.551371
-0.551766, 1.50492
0.652784, 0.594488
0.496012, -1.61424
0.519273, 0.619452
-1.59289, 1.43759
1.50306, 1.45879
-0.320623, -0.44706
-1.48513, 0.714802
-1.38459, 1.49715
0.34041, -0.474028
-1.49038, -1.60987
1.44503, -1.64424
1.43986, 1.62339
0.538007, -0.333994
0.520141, 0.540586
1.71399, -1.30558
0.357205, 0.295028
-1.26874, -1.38946
-0.529714, -0.558178
1.58218, 0.533297
-1.52214, -1.5101
0.517025, 1.43092
1.4053, 1.37499
0.52705, 1.47069
-0.498664, 0.577561
-1.58256, -1.38907
-0.462951, 0.381612
-0.571566, -0.492091
-1.66755, 1.72897
-1.35082, -0.434705
0.645542, 1.57003
-1.41776, -1.29844
0.474835, 1.51466
0.507268, -0.495585
1.6631, -0.562222
-0.471414, -1.26234
1.56146, -0.541185
1.47743, -1.50924
-1.65338, -1.46941
-1.52558, 0.571365
-1.38215, 0.437194
-0.567634, 1.40535
0.50552, -0.38126
0.36017, -1.35662
-0.312448, -1.45411
1.55807, 0.69261
1.39169, 1.38228
0.3878, -0.580357
1.53641, -1.66874
0.505627, 1.4936
-0.481166, 1.43735
-1.40872, 0.691581
-0.542256, -1.39034
0.524825, 1.58823
1.4181, 1.46912
0.41903, 0.394544
0.569548, 1.47632
1.45719, -1.56712
-0.456356, -0.362384
-0.43987, 1.54248
0.591606, 0.539463
0.368106, 0.547849
-1.43493, 0.437489
-1.59342, 0.390945
0.436854, 0.515041
-1.55049, -1.47476
0.538261, 0.280701
0.510692, -1.44038
1.49536, -0.432459
-0.583173, -1.26414
-1.48583, -1.50893
-0.642793, -1.48409
0.441599, 1.53949
1.62215, 1.63821
-0.534173, 0.586435
0.575879, 1.4601
0.601486, -1.70301
-0.416787, 1.52973
0.392909, -0.505995
-1.61467, 0.63884
1.40748, -1.37449
-1.53307, 1.59783
-0.475494, -0.500219
-1.53421, -1.30662
1.48658, 0.453195
-1.57485, -1.48276
0.318407, 1.53509
0.488645, -0.527288
0.747448, 1.57729
-0.571341, 0.371933
0.433803, 1.49797
0.418059, 0.478589
-1.47669, -0.667736
0.561528, -0.361221
1.53463, -1.58026
0.490485, 0.396916
1.43287, 0.478959
0.633772, 0.543934
1.49371, -0.426995
1.33624, -1.47693
0.597683, 1.51263
-1.46637, 1.56944
-1.60341, 0.529202
-1.58267, 0.392955
0.627079, -0.335562
-0.398961, -0.599004
0.622728, -0.64592
-0.569866, 0.558075
-1.51107, -1.58127
-1.52121, -0.437544
0.394761, -0.428414
1.50808, -0.511971
-0.521753, -1.73443
0.46854, -1.43452
0.604547, 1.5725
0.35191, 1.49217
1.41472, -0.533273
-1.54851, -0.533618
1.38139, -1.3994
-1.60806, -0.607208
0.589431, -1.5554
1.68055, 0.562512
0.443079, -1.44613
0.549659, -1.74252
-1.56441, -1.39557
1.60758, 0.517312
1.50843, -0.312564
1.33634, 1.41032
0.55542, 0.559581
-1.43029, 0.628657
-0.468194, 0.652898
1.57986, 0.520152
-0.532062, 1.46152
0.483991, 0.53691
-0.687533, -1.69601
-0.563502, 0.488043
-1.28124, 0.423876
1.65703, 0.534529
1.46292, -1.48061
0.473209, -1.40364
-1.59283, -0.515771
0.653481, 0.543742
1.40148, 1.69666
1.53627, -0.467069
0.543381, -0.438357
-1.50877, -0.477785
1.46863, -1.44832
-1.51035, 1.53756
0.557324, -1.67796
0.447542, -1.4037
1.45865, -1.44647
-1.4461, 0.554258
-1.61195, 1.53239
-1.59732, -1.41129
-1.45359, 1.34713
-1.60384, -1.33594
0.554608, -1.4542
1.5186, 0.34019
0.407513, -1.60473
1.68725, -0.460692
-1.48747, 1.44882
1.51516, -1.35513
1.4672, 0.438033
-1.33081, 0.369529
-0.618187, 0.658068
0.504398, 1.50376
-1.54491, 1.55831
1.48734, -1.33669
1.25432, -0.642174
-1.69435, 1.40857
-0.416677, -1.64901
-1.46719, -1.34435
-0.541903, -0.452751
0.208067, -0.512404
-1.40285, -0.463356
-0.608724, 1.40371
1.7083, 1.54163
1.5782, -1.50315
-0.669966, 0.563083
-1.5613, -1.52827
-0.515156, -1.67962
0.346237, 0.553803
1.44776, -0.557955
-0.414994, 1.54964
1.5539, -1.22402
1.48438, -1.58534
-1.36839, 0.680015
0.481018, 1.59465
-0.525412, -1.5279
1.55346, 0.451719
-1.44943, -0.518947
-1.53928, -1.65794
-0.578383, 0.400751
0.458752, 1.55913
1.44081, -1.41155
-1.48826, 1.56264
1.66952, 0.543657
-0.428769, -0.524956
0.394268, 1.47294
1.51218, -0.553232
0.427969, -0.651294
0.560381, 0.617297
0.560297, 0.528478
0.636345, 0.435615
-0.549442, 1.53434
1.38065, 0.536203
-0.521747, -0.662005
1.48162, 1.422
1.42584, 1.51486
0.533726, -1.61887
-1.48924, -0.524525
-1.52, 0.343914
-0.423022, -0.559129
-0.464996, -1.59307
-1.55574, 0.611349
0.599401, -0.397416
0.417331, -0.378114
-1.41027, -0.614244
1.61994, -0.546469
-1.55758, -1.62962
0.675878, 0.606667
1.43854, 0.549666
-0.549793, -0.522614
0.506271, -1.50965
-0.444345, 0.514306
-1.46581, 0.367764
-0.576894, -1.52724
-0.426553, -1.53816
1.63973, -0.420804
-0.440491, 0.499784
0.605175, 1.42433
0.486524, 1.36061
-0.555745, -0.587387
-1.50338, 0.302493
-1.51068, -1.5457
-0.607546, 0.412007
-0.361792, -1.62182
0.608016, -1.33577
1.54438, -0.37478
1.48207, -1.67065
1.68597, -1.34889
-0.663114, 0.42219
-0.376837, 1.28411
0.355548, 1.45258
0.559214, -0.599176
-1.58027, -0.408465
-0.380366, -1.66727
-1.53299, -0.602074
1.52479, 1.47943
0.489803, 1.35675
1.33912, 1.50699
-0.479346, 0.489422
-0.562844, -1.33523
-0.666707, -1.58947
-1.59506, -0.493737
-0.231505, -1.73255
0.684711, -1.50288
-1.40656, 0.206979
-0.572585, -0.617248
0.549292, -0.651387
1.46649, 1.42411
-0.588663, 1.38799
0.495078, 1.4403
-1.71456, -0.57824
0.383813, 0.495047
0.416049, -1.47043
-1.35185, 0.413904
-1.61834, -1.3415
1.39986, 1.58723
1.30946, 1.52586
-1.53543, -0.421161
-0.429932, -1.5258
-0.384014, 0.659643
0.428984, 0.407956
-1.52095, 0.55927
-1.42064, 1.27212
1.47356, -1.37351
1.39209, 0.485886
0.562963, 1.47167
-0.529658, 0.487924
1.51676, 1.47698
-0.603549, 1.57007
-1.38197, 0.586216
-0.337548, -1.52186
1.64045, -0.496069
-0.456741, -0.420286
-1.59178, -1.46805
1.41224, -0.367234
-0.513001, 0.491984
1.43197, 1.40554
-0.484746, 1.54825
-0.486574, 1.53453
1.55417, 0.502179
0.135813, 0.490341
-1.4172, -1.46274
0.464389, 0.478234
1.35574, 1.50851
0.573782, -0.634462
0.416745, -0.448717
-1.45345, 0.484816
-1.65589, 1.27616
-0.598868, -0.489986
1.5501, 0.539114
-1.49482, 1.57891
-1.6307, 1.41425
-0.254345, 0.2847
1.48246, -0.630175
-0.505727, -0.460162
0.720368, 0.459399
-0.502737, -1.71101
1.37731, 1.58442
1.31938, 1.30689
0.45893, 1.47625
1.62404, -1.58087
0.609426, -1.8309
0.380018, -1.67503
0.466286, 0.567554
-1.78066, 0.554749
-0.441943, -0.463722
1.3725, -1.37132
-0.37244, 1.44016
0.525843, 0.413468
1.48444, 1.59102
0.482241, -0.499954
-1.53363, -0.559058
0.427241, -0.506441
0.45597, -1.40461
-1.44611, -1.4929
-1.45634, -1.54659
-0.570053, -1.50115
-1.59763, 1.44042
0.398876, 0.651639
0.48379, -1.35279
0.464657, -0.543656
-0.688297, 1.62602
0.566713, 0.4845
-0.414048, 1.66894
1.53858, 1.49672
-0.379719, 1.55825
1.37413, -0.208254
-0.658778, -1.54249
-0.487843, 0.570265
-1.4912, 1.51239
0.445937, -0.530625
-1.47599, -0.412678
-1.51786, 1.5905
1.7288, -1.55381
0.371982, 0.513292
-1.52224, 0.625021
0.430955, 0.535605
0.556227, 0.346186
1.46506, 0.576624
0.447668, 1.62562
-1.44217, -0.519212
-0.464888, 0.487061
0.420988, -0.50987
0.421535, -0.646925
0.441135, -1.70018
-1.59105, -1.50816
1.42345, -0.499399
1.47858, 0.525738
-1.50433, 0.517673
-0.42438, 1.63882
1.37437, 0.465225
-1.52078, -1.44615
-1.38434, -0.392065
0.575055, -0.559268
-1.49603, -1.39533
-0.53784, 0.551171
-0.315987, -0.240619
1.53762, -0.451884
1.51793, -0.550823
-0.40352, 0.538491
1.54695, -0.582747
0.387901, -1.28977
-0.589832, 0.501494
1.53246, -0.720655
-1.31542, -1.31085
0.558014, -1.60832
1.36371, -1.36519
-0.464191, 1.53195
1.36911, -1.40099
1.36752, -0.561206
1.44858, 0.567737
0.525221, -0.534502
1.40381, 0.473283
1.45793, -0.458208
1.59108, -1.45233
0.551676, -0.44685
0.590122, 0.570411
-0.564718, 1.46021
1.38358, -0.469976
-1.35275, -1.4008
-0.557188, 1.50303
0.603202, 0.637582
-1.48926, 1.50036
0.57407, 0.45775
-1.41572, -0.527224
-1.55462, -1.55246
-1.58469, -1.49209
0.445159, -1.52088
-1.54214, 0.478748
1.61101, 0.483961
-1.57074, -0.436155
-1.46685, 0.533781
-0.413278, -0.699662
1.50654, -1.41696
-1.55571, 0.556289
1.54465, -1.43848
0.41769, 1.62659
-1.49229, -0.338321
1.29169, -1.53684
1.55339, -1.40466
-0.438354, -1.46498
1.58231, -1.51428
1.63733, -0.583842
0.420036, -0.447552
1.53563, -1.53408
-1.46532, 0.511867
-0.599851, 1.53394
0.507824, 1.56523
1.39072, 1.56801
-0.338652, 0.58165
-0.378089, -1.44502
-0.634322, 0.580643
0.34457, -1.39603
-0.451177, 1.42672
-1.47572, -0.516272
-0.703969, 1.55444
-0.537937, -1.67698
1.45879, -1.4607
0.594992, -0.608638
-1.56644, -1.61622
-0.616021, 1.54515
0.469654, -0.412644
0.616731, -0.547107
-1.32997, -1.60888
0.44987, 1.61286
1.45153, 1.46057
0.661887, 1.51129
-0.567536, 1.52166
-0.671624, 1.51351
1.64246, 0.505309
-0.532515, -1.59316
0.341022, -0.572692
-1.54344, -1.30314
-0.417805, -1.47124
0.568632, -0.462921
-1.63962, -0.544402
-0.547359, -1.58226
0.59949, -1.49331
0.422389, 1.49185
-1.42932, 1.56726
-1.51003, 1.50819
-1.4975, 1.46723
1.60277, 1.74594
-1.34254, 0.485751
1.33267, -0.569676
0.468057, -1.55246
1.34646, 1.45218
0.5183, -0.416842
-0.52997, 1.50559
1.5488, 0.537077
0.521716, -0.527824
-1.52211, -0.43017
-0.452382, 1.49408
-0.449395, 1.39348
0.372907, -1.52508
0.365789, -0.454427
-0.445622, 0.422993
1.43298, -1.55679
0.604645, 0.640007
-0.522901, 1.61148
1.63082, -0.547678
-1.45197, -1.72158
0.604766, 1.47343
0.383729, 0.373762
1.6832, 0.575885
0.411369, 0.477016
1.49327, 1.42897
-1.45517, -1.4801
1.35138, 1.46368
-1.43081, -0.593919
-0.398543, -0.393355
0.665639, 1.5906
-0.666912, 0.46513
1.53417, 0.424807
0.566785, 0.545982
0.549564, 1.6711
1.49198, 1.57535
1.45593, -0.506504
-0.505957, 0.500305
-0.647565, -1.50261
1.43621, 0.54815
-1.43882, 0.612106
-0.506148, -1.62151
-0.559429, -1.56797
1.53766, -1.53163
1.50752, -1.66419
-1.54387, 0.563962
-1.55432, 0.54292
0.560121, -0.599314
1.57043, -0.39994
-0.456114, 1.63524
0.514794, -0.635482
0.681066, 1.3322
0.39462, 0.432549
-1.52004, 0.298907
-0.400366, 0.462326
-1.41209, -1.67366
0.359292, 1.37299
-0.344417, 1.66665
1.43176, -1.56783
-1.42053, -1.40511
-1.50269, -0.619556
0.410143, -1.51333
-1.43542, -0.421406
-0.465522, 1.55798
-1.50005, -1.42225
-0.498462, -1.40753
1.57544, 0.581072
-1.58986, 0.573843
0.549975, 0.6532
-1.45506, 1.54593
1.53475, 1.41403
-1.55577, -0.459925
-0.444643, -1.69043
0.530408, -1.64838
-1.4824, -0.561277
-1.62767, 0.500528
-1.58801, 0.679961
1.55082, -1.37024
1.55026, -0.384314
-0.400774, -0.531911
1.52446, -1.37706
1.49459, 1.66419
-1.42215, 0.332842
1.54003, 0.617486
0.40667, 1.49977
-0.438659, -0.569805
0.519417, 0.436412
-0.448725, 1.67165
0.534971, -0.543229
-1.53608, 1.51414
1.59988, 0.523754
1.56756, -0.480878
1.33655, 1.49399
-1.6577, 1.58021
0.543372, -0.594639
1.5998, 1.55524
0.624826, -1.40163
0.565442, 0.528494
-1.58913, 1.47824
-1.456, -0.569907
0.577128, -0.423296
0.609053, 0.557697
-0.521609, 0.493542
-1.5248, -0.452258
-1.55086, -1.43608
1.4454, 1.46349
-1.48502, 0.474357
0.487819, 1.49922
0.261511, 0.354988
-1.46234, 1.32857
-1.56553, 1.46125
1.44947, 0.517077
-0.613226, -1.40347
-1.5212, -1.5982
0.340794, -0.49915
-1.50737, -0.566158
-0.442569, -1.50844
0.548228, 1.67336
1.39226, -1.59948
1.43378, -0.363257
1.49926, 0.514033
1.56193, -1.53762
-0.488338, 1.61213
0.663224, -1.72423
0.478011, -0.587145
-1.41392, -0.370891
1.50558, 0.587577
-0.362365, -0.604568
-0.416937, 0.524322
-0.531768, -0.556803
-0.53366, 0.707229
0.462153, 0.587974
-0.445999, -1.46305
-1.41257, 0.718625
-0.415504, -0.489387
1.34264, 1.50176
-1.52784, 1.46681
1.56965, 1.57102
0.595558, 1.49547
-0.505859, 1.6724
-1.41177, -0.531013
-0.529025, 0.388965
-0.496649, 1.63293
1.45987, 1.63774
-0.566028, -0.457163
0.547349, 0.447024
1.67644, 1.5624
-1.51295, -1.49271
0.634724, 0.558827
1.48891, -0.618624
-0.364551, 0.345102
1.34921, 0.534088
0.559496, -0.472398
0.494112, -1.49039
-0.320308, -0.384633
1.57046, -0.365928
0.563094, 0.366564
0.463032, -1.56678
-0.478897, 1.40213
-0.478189, 0.608753
-0.493524, 0.544339
0.371955, 0.445541
-1.41729, -0.433473
0.418491, -0.217562
-1.52175, -1.35989
1.49849, 0.4929
-0.698821, 1.70498
-0.542102, -0.686467
1.30485, -1.52467
-0.549303, 0.244176
1.54895, 1.47665
-1.51598, 0.480591
1.73126, 1.49467
-0.629243, 0.638587
0.48352, 0.517635
0.376427, -1.42655
-1.59087, -0.429988
-1.4983, -1.5274
0.426457, 0.553883
-0.44124, -0.572548
1.57021, 1.56303
0.575355, 1.81854
-0.546151, -1.58453
1.52575, 1.56481
1.48309, -1.60716
-0.46472, 0.507047
-1.28196, -0.403771
-1.62714, 1.5229
0.690067, -1.48923
1.38498, -1.41453
-0.398871, 1.42321
1.43388, 1.3703
1.50173, 0.646364
0.421219, -1.62176
-0.430533, -0.416385
-1.41401, 1.52863
-0.531949, 0.477416
1.34879, -0.493475
1.42478, -1.47596
-1.52822, 1.47676
0.432037, -1.61885
-0.523653, 0.486946
0.4432, 0.27274
1.65741, 1.45761
-1.54942, 1.43097
1.49293, -0.406749
-1.45071, -1.54455
0.471103, -0.585936
-0.48937, 0.424772
-0.608669, -1.42406
-0.491664, 1.51818
0.399384, 0.480214
0.420794, -0.343919
0.53557, 0.605348
1.59384, -1.49867
1.47393, -1.41351
1.40795, 0.567358
-0.358335, -0.560623
-0.606511, 0.674257
1.40964, -1.58984
1.33198, 1.50228
0.492338, 0.388128
0.520829, -1.53132
-1.26164, -1.57284
0.533213, -1.45842
1.54513, 0.508435
1.40584, -1.33799
0.406919, -0.482607
0.665246, 0.593187
-1.34558, -0.51335
0.352147, -0.338035
-1.65552, 0.438187
1.76235, 1.46588
1.40312, 0.554518
-1.40714, 1.51547
-0.665448, -0.269918
0.499526, -0.430861
0.52383, -1.39284
-0.718092, 1.42072
0.461957, -0.62051
1.50288, 1.53686
0.415278, 0.340759
0.546407, 0.452024
-1.47173, -0.356021
-1.50551, -1.3319
-1.44047, -0.570808
-0.424527, 0.448767
0.481305, -1.44008
1.44566, 1.61148
-0.679615, 1.52404
0.591002, 1.48162
-0.402464, 1.45589
-0.400734, 1.63482
-0.418017, -0.233403
0.556663, 0.513878
1.62062, 1.42923
1.65434, -1.49159
-1.44998, 1.49729
-0.437021, -1.48462
1.60837, 1.46084
1.4907, 1.4984
-0.573713, 0.427457
-1.62906, 1.45221
1.47778, -1.56033
-0.459868, -0.267147
-1.65835, 0.441509
-1.61695, -1.54272
-0.526808, -1.37847
-0.465098, 1.51973
1.66741, 0.44569
-0.223767, 0.406745
0.269519, 0.544074
0.599488, -1.52105
-0.527878, -1.50427
-0.489104, 0.625215
0.482328, -1.43029
0.2654, -1.37854
1.71611, 0.530549
-1.52666, -0.462077
1.47917, -0.310545
1.61378, 0.39971
-1.5867, -1.63531
-1.46456, -1.60969
1.51249, 1.52406
-0.312002, -0.421955
-0.583914, -1.50781
1.46475, -0.387133
0.442446, -1.52487
-1.54321, -0.421509
1.31164, 1.43099
1.4238, 0.54726
-1.70365, 0.283307
-1.33194, 1.45666
1.44091, 1.42659
1.61213, -1.47563
-0.527914, 1.43916
-1.41963, -1.63685
0.578767, 0.506333
-1.52612, -1.64571
1.50392, -1.70934
-0.506118, -0.447648
-1.44853, 1.52132
-0.331472, -0.511524
1.48416, -1.55487
1.47795, -0.550065
0.563172, -1.62931
1.37569, 0.475919
0.471546, 1.37347
-1.50048, 0.68204
-0.679564, -0.45799
0.542332, 1.42602
-0.376162, 1.31007
-1.49394, 0.58819
-0.215709, -0.64448
0.628314, -0.483026
0.542956, -0.591246
-1.65179, 1.53057
1.42597, 1.48644
-0.53385, 0.561702
-1.5455, 0.52259
0.410887, 1.39348
1.53961, 0.471207
-0.350014, 0.406572
-0.342901, 1.47274
0.508367, -0.436333
1.46743, 0.359258
1.37303, -1.4167
1.4347, 1.84839
0.403515, -0.356873
-1.56116, -0.52534
1.38701, -0.51898
1.47219, -0.457945
-1.6296, 0.540835
0.547317, 1.35979
0.487948, 1.46034
1.55351, -1.31456
1.46565, -0.508647
1.40829, 0.595798
-0.516508, 1.5781
0.332501, 1.48195
1.55662, 1.52596
0.494697, 0.499966
1.56893, 1.48676
1.45152, -1.31414
1.358, 0.56225
-1.61281, 1.54749
1.48098, -0.362553
1.44842, 1.48108
0.506852, -0.383816
0.273057, 0.68844
-0.368188, 0.382973
-1.58147, -1.54215
1.38753, 0.38592
-1.45009, 0.626998
0.531902, -1.32997
-1.32903, 1.40645
-0.807149, 0.479575
-1.39418, 0.564236
-1.56002, 0.489887
-1.52388, -0.351521
-0.459889, 1.65594
1.38953, 1.57865
1.53145, 0.694012
0.564037, -0.54281
0.50685, 0.599091
1.41505, -1.42284
0.605188, 1.49754
0.382683, -0.521444
-0.335231, 1.3684
1.35559, 1.4115
-0.416832, -1.65256
0.618012, -1.47586
1.5097, -1.63309
-0.703933, 0.382391
-0.503736, 0.706223
-1.46967, -1.36416
1.44918, -1.47491
-1.53976, -1.51181
-0.469036, 1.57084
0.676243, 1.58302
-0.412957, -0.684896
0.496715, 0.588485
0.572421, 0.514544
-0.398723, 1.60786
-1.38621, 0.515367
-1.42863, -1.71496
-0.633273, -1.5761
-0.659689, 0.373517
0.454935, 0.456609
1.55943, 1.52845
1.5882, 1.60524
-1.41936, -1.47799
0.558475, 0.48604
0.443693, -1.54774
1.48539, -0.66132
1.55677, -1.3678
0.479917, -0.570764
-0.61706, 0.442058
0.37308, 0.447429
1.62407, -0.53027
-0.678532, 1.56697
1.43921, -0.335677
1.34496, 1.60139
0.431759, 0.50573
0.491844, 0.62368
-0.606868, 1.46799
0.497915, -0.687144
-0.385683, -0.429465
-1.53108, -1.39483
1.46419, -1.53525
-0.371617, 1.71903
0.432704, -0.528304
-1.48059, -0.528412
1.51566, 1.51702
1.47015, -1.6425
0.64014, -1.65231
1.43837, 1.36259
-1.36732, 0.539446
-0.370826, 0.408226
0.62594, 0.355766
-0.628819, 1.42064
-0.323531, -0.592271
1.20652, 0.539126
-0.318538, -0.588062
0.318115, 0.586282
0.619921, -0.573689
1.46187, -0.642486
0.426683, 1.64089
1.4873, 1.64427
-0.492858, 1.45693
-1.684, -1.40305
-0.733628, -0.405285
-0.569781, 0.50084
-0.468582, -0.596245
0.461564, -1.54572
1.50539, 1.40365
0.583728, -0.46102
-1.26206, 1.63731
-0.466586, 1.51679
-1.252, 1.58602
1.77579, 1.5316
-0.544538, -1.52855
-1.40769, -1.64484
-1.44075, -1.51857
-0.428284, -1.43301
-0.547659, 1.46855
-0.62473, -0.468357
0.672418, -1.47326
-1.5206, -0.547663
1.55424, 1.6208
-1.3066, -1.46422
1.47363, 1.46447
-0.420558, -1.51062
-1.45158, -0.486981
-0.552597, -1.50249
0.45194, -1.59307
1.54854, -0.42836
0.585441, -0.499416
-1.55122, 0.354907
0.476532, 1.56067
-1.58352, 1.55169
-1.54136, 1.41976
0.481875, 0.509969
-0.439356, 1.43573
1.65441, -1.45699
0.624518, -1.43872
-1.53166, -1.64346
0.536336, 1.39755
-0.574842, -0.67583
-0.421679, 1.47851
-0.471764, 0.555974
-0.258692, -1.49723
0.423586, 1.60098
1.40772, 1.52367
-1.73961, -0.512431
0.335098, -1.48144
-0.405959, 1.62712
0.496763, -0.532173
-0.728238, 0.391992
-1.4863, -1.48808
-1.59191, -1.47868
0.300934, 1.53067
1.50364, -1.56341
-1.57424, 1.56842
-1.28346, 0.662309
0.405778, 1.3894
-0.4147, 0.452533
-1.45149, -1.43273
-0.354147, 1.33878
1.58411, -1.59534
-0.279342, -0.585235
-1.38351, -1.48817
-0.455418, -0.3743
1.49891, 0.501173
1.42764, -1.47911
-1.33554, -0.423018
0.43482, -0.416358
-1.41764, 1.48409
-0.405001, -0.525692
1.45822, -1.32258
-0.371888, 0.372353
0.586209, 1.57207
-0.518549, -1.48531
0.406443, -0.498532
-0.424588, 1.43456
1.60331, 0.529067
-0.586633, 0.432476
-1.68978, 0.622475
1.53685, -1.40992
-1.49625, -0.373987
-1.47066, 0.500712
1.47376, -0.471901
-1.58082, -1.40554
-0.414686, 0.765861
-0.387763, 1.63555
1.52533, 1.57519
0.429111, 1.58702
1.42843, -1.44453
-0.459681, -0.556817
-1.49537, -1.4807
0.577879, -0.284499
1.51282, -1.34209
1.40121, -1.43037
-0.56491, 0.520573
-0.467965, 1.45379
1.57202, -0.641364
0.639325, 0.530553
-1.50364, 1.37867
1.32267, 1.54648
1.4689, 0.392385
-1.57407, -0.402712
0.392662, 0.63448
-0.493511, 1.48576
0.485526, 1.56492
1.537, 1.54467
-1.57501, 0.508479
-1.49154, 1.4693
-0.585621, -1.54982
0.50153, -1.57463
-1.51983, -0.338281
0.381395, 1.40304
1.64067, -1.58929
0.436032, 0.458165
1.54953, -1.47217
-0.603245, -0.498591
-0.582153, 0.378132
-1.32271, 1.19234
-0.374641, -0.495131
1.52237, 1.52062
-1.35175, 1.6352
-0.390149, -1.56746
1.53913, -1.49997
1.42351, 1.56891
1.53539, -0.620243
-1.53852, -0.44073
1.49923, -0.465332
-1.64259, 0.715538
1.48687, 1.64443
-0.569064, -1.42997
-1.56503, 1.51021
-1.37131, -1.41156
1.58796, 1.48513
0.508331, 0.430753
0.499014, 1.53603
0.59811, -1.38481
0.575059, -0.460427
-0.376958, -0.352275
0.746272, -0.584413
1.47988, 1.31411
0.573042, -1.54058
-1.26102, 1.52805
0.50009, -1.45422
-1.38875, 0.523811
-1.61266, -0.4289
-1.63701, -1.54085
-1.48908, 1.48805
1.49488, -1.50714
-0.365465, -0.389103
0.510875, 0.470673
-0.613301, -1.4465
0.571492, 0.451339
-0.537122, 1.55677
0.458426, 0.550785
0.599374, -0.480346
1.46409, 0.385708
1.47485, 1.46585
-0.55632, 1.56335
0.546315, 1.47644
1.59278, -0.484383
-0.40505, 1.55674
-0.378945, -0.423084
-0.459643, -1.53825
-1.58024, 1.4956
-0.507253, -1.64028
0.612456, 1.38579
-1.46882, 1.44467
-0.351442, 1.54162
-0.432489, -1.56558
-0.314917, 0.664204
-1.50245, 0.39946
0.529615, -0.502013
0.618537, 0.540661
-1.33493, -1.56409
0.54065, 1.63799
-1.43628, 0.538591
1.44695, 1.55076
-1.30624, 0.586594
-0.443795, 0.424648
0.568959, -1.50997
-0.511974, -1.6755
-1.61708, 1.43882
-1.59398, -0.493225
-0.370995, 0.469403
-1.54125, -0.473812
1.3963, -0.338444
-0.647066, -0.753043
-1.41931, -0.488272
1.56613, 1.6332
0.619662, -1.60844
-1.49038, 1.59547
0.627935, 1.30036
1.45639, -1.55888
1.48068, 1.55946
0.579124, 1.55082
0.476125, 0.553923
0.570339, -0.624477
1.51567, 0.418283
0.601667, -0.589424
1.68398, -0.481207
1.50245, -0.478717
0.421033, 0.439589
-1.55604, -1.56126
-1.44232, 1.44025
0.434361, -0.466476
-1.61845, 1.48089
1.62344, -0.346109
1.44643, 1.35609
1.597, -0.419961
0.472842, -0.53645
-1.50297, 1.49158
0.447, 0.597866
0.681157, -0.50724
-0.439585, -0.486364
1.56552, 0.556263
-1.45185, -1.27771
0.341546, 1.54934
0.680882, 1.58864
-1.37561, -0.381846
-1.50371, -0.453618
-1.38139, 1.59731
-1.49832, 1.40634
0.56463, -1.25332
1.37909, -0.310848
-0.681995, 0.407279
1.58052, -1.36672
0.532105, -0.32501
1.46406, -1.55856
0.682633, -1.57293
1.51445, 1.5239
1.55989, 1.50336
-0.507374, 1.47265
-1.51628, 1.43601
1.39714, 0.64354
1.44469, 1.57116
-1.56969, -0.440198
-1.45827, 1.4987
-0.61888, 1.68768
-0.598141, 0.567542
-1.70557, 0.3871
-0.427514, 0.563286
1.39595, -1.37816
1.3463, 0.370145
-0.619643, 1.55117
1.60809, -0.528967
-0.644384, 1.4682
1.46879, 0.603129
-1.30708, -1.51005
1.55395, 0.356466
1.5656, -0.189726
-0.474649, -1.44896
-0.38132, -0.440741
0.432843, 0.499359
-1.57169, 0.368398
-0.508503, 0.561865
-1.42967, 0.564263
-1.62079, -0.512548
-0.486146, 0.567982
-1.55153, -1.56027
0.483838, 0.452273
1.5898, -1.43966
-0.54102, -0.73862
1.47945, 0.304748
1.34836, 1.70371
-0.38203, -0.445322
1.46131, 0.576856
0.556915, 1.48534
1.62503, 0.464008
-0.475213, 1.77976
-0.662175, -0.532584
0.303213, 1.28883
-1.46282, -0.590459
-1.35712, -0.389856
0.384149, 1.65487
-1.48634, -1.45974
-0.502004, 0.390382
0.56769, 0.429081
-1.6473, -0.436614
-1.44362, 0.54637
-0.556987, 0.50595
-1.66536, -0.441647
1.52529, 1.50895
0.660927, 0.477303
-1.53544, 1.46157
0.593374, -1.39012
1.601, -0.522512
1.40642, 0.410442
0.391543, 1.38814
-1.57439, -1.57033
1.38765, 0.386048
-0.567179, -1.69323
0.431678, -1.51434
1.55213, 1.43729
-0.358437, -1.71591
-1.44197, -0.449388
-1.58636, -1.61689
-1.44315, -1.42139
1.46232, -1.73792
0.564001, 0.531872
0.478634, 0.545069
-0.571327, 1.30695
0.545467, -1.58422
1.57883, -0.541943
1.47628, 1.37384
1.4809, -0.458651
1.43756, -1.42144
1.44587, -0.621777
1.52162, 1.44556
-0.503943, 1.61528
0.639968, -0.454239
-0.56952, 1.4104
1.48467, 1.43199
1.58571, 0.565698
0.410573, -0.410899
-1.44183, 0.743714
1.49533, -0.4266
0.428422, 1.55648
-1.64853, -1.59985
0.672531, -0.484704
-1.46948, -0.57157
-0.593784, 1.5616
-1.22567, -1.53409
-0.336059, 0.25014
1.61426, 1.3772
-1.50779, 0.405655
-1.42797, 0.630964
1.52343, -1.66993
-0.504392, 0.599777
-0.540205, -0.449164
0.544637, -1.45537
1.65933, 0.342528
1.40142, -1.50336
-0.336512, 1.49317
0.4398, -1.51277
1.48658, -0.713712
-1.37425, 0.36909
-1.20112, -0.420485
-0.40845, 0.465851
-0.574798, -0.437702
1.33782, 0.423142
0.460373, -1.58803
1.41415, 0.498474
-1.52954, -1.46862
1.54678, -0.62498
0.573443, -0.525106
-1.60242, 1.64254
1.50383, -0.440982
-1.57278, -1.4079
-1.59876, -0.630042
0.622655, 1.63489
-1.47966, 0.416526
0.594569, -0.418788
-0.410972, 1.61907
0.707815, -1.40375
1.39513, -1.5957
0.740762, 0.501476
-1.35732, 0.475818
0.353044, 1.46507
0.553282, -1.52842
0.478576, 1.46817
-1.41441, -0.525401
1.74241, -1.61154
-0.48176, 1.45451
-0.451891, 1.57797
-0.543878, 0.502011
1.50272, 0.370861
0.390383, -1.49171
-1.48202, 0.531769
-1.55764, -0.621948
-1.50978, -1.53601
-1.61403, 1.48099
-0.405078, -0.587122
0.672585, 1.53091
-0.395797, 1.58285
-0.773874, 1.64784
-1.37969, -0.517764
-1.42249, 1.60219
1.53219, -1.70972
0.649352, -1.58797
1.44353, 0.352946
0.408646, 0.60663
0.558233, -0.491223
-0.57937, 0.574943
1.55483, 1.55186
-0.662072, -1.4923
1.49002, 0.509616
-1.52876, 1.56273
0.510932, 0.450423
-0.495068, -1.55688
-1.50639, 1.35573
0.457977, 1.44852
0.509981, 0.360508
-0.505245, -1.41137
1.61701, 0.360845
-1.57801, -1.53294
-1.48342, 0.468491
0.507303, -1.40957
-1.49015, -1.7368
-1.48321, 0.341919
1.4033, 1.5037
0.486322, 0.351315
-1.49393, -1.42035
-0.483433, 1.30489
-0.419616, -0.365445
1.45518, 0.434034
0.512488, 0.616051
0.361749, -0.425672
0.567799, -0.415119
-1.40727, -0.530179
-0.588309, -1.42548
-1.45542, 1.49629
0.672329, -1.49499
1.52258, -1.56788
1.76773, 0.47913
-0.64567, -0.47272
-1.43601, 1.54835
1.53594, -1.45052
-0.418965, -1.51802
0.479383, 1.47276
-0.585312, -1.37829
0.833671, -1.31642
-1.4981, -1.4661
1.54981, 0.329097
-1.4063, 1.53186
1.62938, 0.648621
-0.51045, -1.52608
0.61231, -0.546935
-1.60307, 0.380711
0.410153, 1.45279
0.581439, 0.551609
-1.55758, 0.613875
-1.49577, 0.530412
0.427151, -1.36465
-1.36446, -0.474225
-0.614128, 1.5083
0.333372, -0.605238
0.497391, 0.441507
-0.49314, -1.52457
-1.5192, -0.366886
-1.51554, -1.51121
0.466299, -0.507122
-0.440768, -0.488944
0.548147, -0.543122
1.59383, -0.349833
1.3506, 0.31104
-1.54314, -0.458999
0.502496, -0.409821
-0.452753, 1.40157
0.612977, 0.507811
1.47976, -1.52683
0.389681, 1.51528
0.406563, -1.64122
-0.512636, -0.454858
-0.773189, -1.52739
-0.47739, 1.41261
0.63959, -1.5953
-1.55501, 0.521148
-0.370518, -0.558695
1.45945, -1.5144
0.391076, -1.67344
-0.614549, 1.2527
0.416227, 0.40059
-0.592322, 1.54331
-0.408868, 0.421326
-1.56259, 0.528435
0.615294, -1.45292
-1.40036, -1.532
-0.635877, 1.4666
0.463322, -1.53432
-1.56687, -1.49006
0.488146, -1.46239
1.52096, 0.466089
-1.37312, -1.60019
1.52999, 0.442449
1.47033, 0.569525
0.488876, -1.62442
-1.50838, -0.432497
1.52094, -1.4975
-1.75636, -0.502656
-0.301602, -0.458503
1.3659, -0.539069
-0.686824, -0.310637
-1.61414, 0.416306
1.46822, -0.477797
-1.34371, 0.662735
0.529185, -0.564741
0.457779, -1.52226
-1.66625, 0.412896
-0.331851, -0.333415
1.50229, 0.600889
-0.593238, -0.646746
1.63365, -0.467799
-0.535109, 0.332121
0.50964, 0.43428
-0.591043, 1.56824
-0.433701, 0.371145
-1.49263, 1.36812
-1.47124, -0.410691
1.42858, 1.40824
-1.52166, 1.49689
1.38459, 0.451611
1.57704, -0.587564
-0.579547, -1.68253
-0.523026, 1.4533
0.40923, 0.300975
1.46691, -0.589078
1.52281, -1.58178
-0.399003, -1.39585
-0.491739, 1.51452
1.51377, 1.50124
0.439312, 0.471536
-1.43969, 0.453044
1.51231, -1.44435
0.503354, 1.56157
1.56257, 1.45963
1.47928, -0.503544
0.687185, -0.463031
1.54716, 1.49174
0.527474, 0.563722
-0.456638, -1.6038
-0.583174, 1.74572
1.53067, -0.470387
0.486865, 0.542209
-0.475667, 1.60158
0.391965, 0.569652
1.36695, 1.54595
-1.47347, 1.41225
0.483761, -1.35444
1.61945, 1.47158
-1.3562, -1.53091
-0.475591, -1.4774
-0.585327, 0.637057
-1.50763, 1.45259
-0.449602, -1.54424
0.450984, -1.56265
1.45216, 1.43563
-1.28687, -0.677408
-1.71337, -0.595403
1.5497, 1.41481
1.62546, -1.43899
0.472242, -1.44741
-0.408146, 1.56961
0.517149, 1.68119
0.290649, -1.53898
0.536086, -1.3815
-0.51683, 1.47233
0.558558, -0.477398
-1.47525, -0.265008
-1.44356, -0.555391
-1.44202, 1.40165
0.517442, -0.420873
-0.62445, -1.41935
1.63194, -1.72317
-1.60455, -1.34269
-0.489103, -1.51819
1.65416, -1.49019
-1.54145, -1.35649
-0.574666, 1.57487
1.35033, 1.50388
-1.48666, -1.35191
1.5344, 1.38143
0.487122, 0.622098
-0.419071, 0.570639
0.445749, -0.569939
-0.656203, 1.50378
1.58425, -1.55104
1.54854, 1.5177
-1.39751, -1.43084
-0.499233, 1.50177
-0.444138, 1.60859
1.11868, -0.546852
1.48988, 1.64572
-1.31616, -1.40215
1.56434, 0.435278
-0.539292, -1.52432
1.4296, -1.7001
0.418483, -0.675199
-1.59187, -1.4493
0.463663, -1.59242
-0.333438, -1.56126
1.61191, 0.70297
1.59435, -0.398568
1.5052, -0.556593
0.338756, 1.29768
-1.4992, 0.636777
0.564721, -0.339527
-1.59944, -1.56027
0.4837, 1.43854
1.64583, 1.48806
-1.52252, 0.683944
-1.51381, -0.417199
1.57411, 0.446287
0.452709, 1.58554
-1.58162, -0.581804
-0.440631, 1.65326
0.435722, -1.52774
0.462104, 0.6411
-1.58301, -0.583809
1.45061, 0.614183
0.326542, -1.60684
0.621658, 1.448
-1.50802, 1.60048
-0.464365, -0.474165
0.743514, -1.59738
0.371452, -1.55683
0.513595, -1.42732
0.67056, 1.38164
0.557764, 1.50284
1.56334, 1.55635
1.43576, -0.562293
0.337005, 1.53936
0.634192, -0.659463
-0.53611, -0.420529
1.38436, 0.343071
-1.56411, -1.36868
1.4484, 0.311388
-0.261923, -0.818139
-1.38028, 1.43785
-0.510682, 1.46026
-1.35147, 1.36338
1.56636, -1.61966
-1.41307, 1.39784
-0.624098, -1.50488
0.552774, 0.429103
1.23588, 0.296242
0.624386, 1.42494
-1.33662, -0.571647
-1.54703, 0.54259
-1.37273, -0.673027
-1.51553, -1.59481
1.53046, -0.451276
-0.377956, -0.529719
1.65878, -0.429689
0.497482, 1.75025
1.5227, -1.41766
-0.413022, 0.492003
0.536698, -0.610396
-0.509224, -1.55325
1.70312, 0.533365
1.46034, -1.55695
-1.46532, -0.675617
-0.571745, 1.48826
1.54285, -1.36236
-0.441188, -1.64729
0.59456, -0.548549
-0.491797, -1.51839
-0.371948, -0.230434
-0.616149, 0.467536
0.428675, 1.63789
-1.44037, 0.387863
1.70842, 0.480903
0.645294, -0.583211
-0.562799, 1.54635
1.47688, 0.531293
-0.621608, -0.526727
1.45896, -1.47283
1.46273, 0.328916
-0.488023, 0.502292
0.28474, -0.461349
-1.54652, 1.40274
0.449506, 0.657576
-0.573281, 1.52813
-0.626472, 0.558136
-0.482299, 0.558848
1.52771, -1.37597
1.46596, 1.55487
-1.37125, -0.575047
0.631341, -0.515732
-0.309545, 1.63471
0.36863, 0.335396
0.412958, 1.54025
-0.507962, -1.56563
1.44614, -0.449087
-0.519968, -1.59632
1.55069, 1.51961
-1.62647, -1.42367
1.38946, -0.509709
-1.47921, 1.62476
1.47098, 0.481085
1.57868, -0.290543
-1.48453, 0.524135
-1.5496, -0.578051
-0.513773, 1.49313
0.554341, -0.450397
0.454341, 1.43516
-1.43722, 0.477599
0.388068, -1.44535
1.42703, 1.42205
0.438026, -1.44503
1.60967, 0.603691
-1.37057, -0.489423
-0.644875, -0.553703
1.39164, -1.43104
0.47812, 1.40934
-0.321861, -1.66182
0.502127, 1.59807
0.55563, -0.391785
0.6355, -1.52626
1.43409, 1.46923
-1.51102, -1.59022
-1.71856, 1.32471
-1.54483, 0.430436
-1.51549, -1.37572
1.41789, -0.479701
1.53792, 0.388347
1.54064, 0.517288
-0.628438, 1.52641
-0.569469, 0.538478
0.467521, 0.484128
-1.59531, 0.642473
1.41419, -0.568915
-0.483041, -0.28016
0.529697, -0.604245
0.641474, -0.45994
0.477783, -1.36823
-0.384973, 0.582829
1.50072, 1.61924
1.54493, 1.58622
1.60207, -0.644744
-0.508481, -0.394448
-1.54328, 0.577126
-1.3612, 0.532054
-1.52254, 0.48286
-0.475701, 1.51531
-1.61322, 0.47352
-1.48537, -0.587456
1.35626, -0.395111
-1.56939, 1.4811
-1.52643, -1.52213
-1.45212, -1.42855
-0.533528, -1.60547
-1.61232, -1.43454
0.644692, -0.488553
0.397693, -1.59519
1.55205, -1.33393
-0.462028, 1.5571
-1.47465, 0.540669
-0.646068, 1.29197
-1.59465, -1.41656
1.51348, -1.56538
-0.494275, 0.734843
-0.66781, 1.45603
1.65861, 1.38423
-0.638741, -1.5031
-1.60293, 0.462461
1.43002, 1.61543
-1.66578, -1.67314
1.46657, 1.45831
1.43562, -0.53891
-1.47393, 1.29955
-1.69245, -1.43249
-1.52987, -1.47711
0.461512, -0.487039
0.265056, -1.52202
1.61144, 1.45586
1.27195, 0.357043
-0.617089, 0.632338
-0.559786, -0.540518
-0.530205, 0.529509
-1.59056, 0.53008
0.675588, 1.35891
-1.61361, 0.509138
0.49978, -1.51879
-1.48815, 1.56349
0.546235, 1.63936
-1.28142, -1.38093
-0.450842, -0.518389
1.56295, 1.52166
-1.46049, 1.54302
-0.696515, 0.378431
1.4406, -0.467502
-0.625757, 0.516479
0.348232, -0.520287
0.480526, -0.460417
0.49949, -1.54556
-0.361278, 1.34455
-0.609849, 0.558677
-1.46544, 1.54399
-0.380023, 1.36338
-0.440259, -1.47895
1.49028, -0.334698
-0.550258, 1.52613
-1.50981, 0.498798
1.62334, -0.555369
1.66226, -1.52433
-1.64911, -0.459795
-1.52164, -0.45712
-0.581983, 0.497479
1.60744, 0.385267
0.383847, -1.40139
0.4083, 0.516752
1.59996, -1.3867
0.534925, -0.52264
-0.420646, -1.56985
0.353048, 0.482486
1.47895, -1.45588
-0.538328, -0.621572
-0.391751, -0.421698
-1.55208, -0.475916
-0.600611, 1.5106
0.563252, -1.42137
-1.50633, -0.60296
0.438299, -0.42392
-1.62267, 0.546258
-1.46539, 0.472051
-1.63303, -0.478628
-1.51062, -0.627708
1.35349, -0.530264
1.55957, -1.45295
0.40725, -1.75186
1.41358, -0.329885
-0.629593, 0.482915
0.433977, -1.61566
-0.395478, -0.629633
-1.45716, 1.42116
1.62781, 0.529799
1.45869, -1.3886
1.62515, -1.28366
-1.48506, 1.48769
-0.509918, 0.413411
1.57667, -1.35052
1.57316, 1.73357
-1.486, 1.49148
-0.45577, -0.611425
-0.538355, 0.398188
-0.312859, 1.67036
-0.46133, -1.35328
0.642805, 1.57355
1.44487, 1.46331
0.308745, 0.623246
-0.401973, -0.665675
-1.41248, -1.5026
1.57047, 0.627391
-1.62148, 1.48236
-1.52283, -1.45223
-0.516637, -1.50854
1.54096, 1.52406
-0.501013, 1.51874
-0.446182, 1.58718
1.37046, -1.5681
1.56714, 1.36387
1.45592, 1.28487
-0.377963, 0.658776
-1.60403, -0.61057
1.47855, -0.449856
1.58121, -1.50102
-1.5259, 0.460466
0.64173, 0.411914
1.4947, 1.41922
-1.3587, 1.58436
-1.57742, 1.30036
0.598056, -0.686716
0.527462, 1.60735
0.432549, 0.544811
-0.517479, -0.49928
-0.479353, 0.49678
1.56893, -0.384444
-0.456021, -1.60363
1.48094, 1.59321
-0.560243, -0.578516
-1.60131, 0.543913
-1.34509, 1.58415
0.585359, 1.50087
-1.53106, 0.482542
-0.430962, -1.55909
-0.587727, 1.4126
-1.40682, -1.68794
1.56274, 1.66959
0.370062, -1.49164
0.570102, -0.575447
1.30193, 0.260654
0.580033, 1.49333
0.525879, -0.406198
-1.44688, 0.521952
-0.528487, -0.389701
-0.524211, -0.405945
1.58399, 1.45039
-1.612, -1.49335
-0.592269, 1.81087
1.49827, 1.37904
0.284137, -1.62017
-0.414017, -1.49029
0.612243, 1.48891
-1.59104, 1.54088
1.53904, -0.57914
-0.546323, 1.40396
0.439087, 1.4061
-0.615954, 0.735996
1.4775, -0.515048
-1.53999, 1.47546
1.35285, 0.341724
1.44619, -1.40376
-0.47218, 0.407967
0.456174, 0.532418
-1.54879, -1.6459
-0.641572, -1.59559
-0.522471, 1.65701
1.44165, 0.529242
-1.52244, -1.57082
0.502729, 0.543847
-0.478563, -1.47076
1.38985, -0.457552
-1.47528, 1.54311
1.48002, 1.51272
0.580535, -1.47039
-1.53259, -1.56526
-0.451452, 0.624071
0.554056, 1.37121
-1.51446, 0.392205
-0.29313, 1.50524
-0.588671, -1.45256
0.554851, 1.38022
1.24447, 1.50032
-1.38834, 0.694937
-0.574246, -1.48744
0.554946, -1.49977
0.427286, -1.56605
0.491564, -1.38574
-1.34314, 1.42441
-0.366172, 0.558159
-1.55677, 1.43492
-0.680654, -0.396887
1.61253, 0.76832
1.54923, 1.42953
1.44878, 1.6115
-1.55361, 1.66418
1.64403, 1.4334
0.405736, 1.3846
-0.375855, 1.46428
0.527575, -0.278162
1.62977, -1.57888
-0.408788, -0.454297
-0.396881, -0.506066
0.384903, -1.45365
1.43859, -1.49598
0.611009, -0.507049
0.584444, -1.67675
0.433234, 0.396257
0.438808, 1.43539
1.47283, -1.45437
0.455417, 0.56193
-1.47358, -0.280635
0.562531, 1.26712
1.46976, 1.45908
-1.35432, -0.593436
0.601032, 1.58882
-0.467991, -0.513203
0.526005, 1.53134
-0.533358, 1.42673
-0.510477, 0.411798
0.358511, 1.67112
0.455276, -1.51916
0.388583, 0.547313
0.569089, 1.53174
1.43061, -0.345358
1.40679, 1.65513
1.45097, 1.74254
-0.535606, 0.497463
1.46978, -1.72099
1.30451, 0.44701
0.430718, 1.67286
-0.465015, -0.512421
-1.56099, 0.680939
-0.628397, 0.296819
-1.34867, -1.31512
0.568905, -1.61506
1.58603, -0.551586
1.52007, 1.54439
-0.480187, 0.414601
1.44468, -1.55032
1.36866, -1.56694
-1.42738, 1.53127
0.517469, -1.39976
-1.30948, -1.57848
0.484234, -1.59271
1.49493, 1.54566
1.52744, -1.58897
0.514756, -0.52787
1.37064, -0.594436
0.38905, 0.41614
0.386387, 0.46534
0.382255, 0.597108
0.604012, 1.65688
-1.5079, 0.278799
0.589233, -1.37459
-1.57269, 0.583095
0.466555, 1.27225
-1.64527, 0.581973
0.594221, -0.466365
1.27886, -1.5223
1.43343, -0.671295
1.29991, 0.554875
0.416284, -0.530785
-0.464302, -0.309341
0.449218, -0.621305
-0.355959, 0.577457
-0.665743, -0.640365
1.66447, 0.388879
-0.566427, -0.412953
0.591505, -1.48176
0.64644, 0.429934
-0.624145, 1.45941
1.45373, 1.505
1.56518, -1.49064
-1.5124, -1.6022
1.49366, 1.39961
-1.7436, -0.495836
1.48411, 0.539486
-1.62564, -1.51214
-0.561879, -0.503014
0.50274, -1.64633
1.68862, 0.680225
0.534236, 1.45078
-1.53998, 0.527715
0.628574, -0.578074
1.44624, -0.597416
-1.49653, 1.50107
1.39725, -1.60234
1.61105, 0.333669
1.61261, 0.212185
-1.53147, 1.47765
-1.42905, 0.487372
1.53561, -1.74088
1.35381, 0.399799
1.44636, -0.393371
1.46114, 1.45692
1.47051, -1.42337
1.35853, 1.41298
1.35498, 1.54516
0.492991, -1.46174
-1.49163, 1.58318
-0.413472, -1.39356
0.63357, -0.424202
-0.38199, 1.46932
-0.49753, -0.526967
-0.411223, -0.513225
0.584528, 1.50471
-0.430458, 0.530557
-0.348553, -1.3597
-1.51081, 0.707119
-1.49661, 0.506067
-1.42319, 0.430263
0.295236, -1.38652
0.609119, -1.57204
0.634886, 1.66197
0.406655, 1.54755
0.370226, 0.467643
-0.420905, 1.77452
0.631226, 0.361789
-0.610807, 1.61321
0.460284, -1.26488
1.57647, 1.65723
-1.44541, -0.433636
-0.249854, 0.355925
-0.393183, -0.415749
-0.495432, 0.555566
-1.58484, 1.53469
-1.4635, 1.34259
-1.32122, 0.652536
0.710482, -0.473681
-0.713299, 0.582302
-1.51689, -1.59589
0.588226, 1.53802
-0.524762, -1.60656
0.423562, -0.599789
0.441971, 1.38025
0.520997, 0.507157
-0.472833, -1.55533
-0.500139, -1.44875
-0.426114, -1.52186
-0.529973, 1.47099
-0.513582, -1.52887
1.45735, 1.3656
1.48415, -0.471371
-0.453291, -0.700606
-1.61686, 1.29585
1.63485, -0.426006
0.540562, -1.53333
1.52364, -0.458576
1.41849, 1.50097
-0.587418, -1.63814
0.494245, -1.4423
1.62732, 1.41708
1.3735, 1.50755
1.52531, 0.606977
0.573431, 0.528422
0.622855, 0.435885
-1.46773, 0.413549
1.36554, 1.60059
0.39614, -1.56214
0.390341, -1.35907
-0.473907, 0.398918
1.33423, -1.34543
1.43731, -0.386996
1.45817, -1.51634
-0.564874, -0.403677
-1.53192, 1.61989
-1.65823, -1.47655
0.511563, 0.411136
0.334357, -0.537062
-1.34807, 1.29914
1.61416, 1.55188
-1.43763, 0.53476
1.4036, 0.513167
0.541534, -1.50593
-1.40803, -1.33935
-1.58159, -0.373769
1.44482, 1.45592
1.42474, -1.55794
-0.568451, 0.512905
1.60881, -0.627691
-1.46252, -1.50805
-1.37755, -1.60312
1.57315, 0.56505
-1.31538, 1.72114
-0.483468, -1.41025
1.61847, -0.663206
0.650553, 0.568363
-0.696739, -0.514789
-1.61358, 1.59326
-0.550458, -1.56336
-0.574585, -0.62802
1.27675, -0.707503
1.40167, 1.43613
-1.49676, -0.512166
-0.450415, -0.478491
-1.56899, 0.534517
0.403772, -0.573346
-0.386174, 1.66126
-1.48623, -1.49554
-0.654373, 1.60525
-1.73024, -1.60212
-0.473076, -0.667854
1.62051, 1.62745
0.492746, 1.39709
1.60078, -1.47435
-0.420488, -0.468278
1.33333, 1.48455
-1.4527, -0.414606
1.40913, 0.512518
0.664363, -0.453436
-0.64749, -1.67995
0.681092, 0.556561
-0.490421, -0.37228
0.591074, -0.467515
-0.424308, 1.44848
-1.50693, 0.314113
1.59216, -0.366268
-1.47151, -1.54552
1.45918, -1.64357
1.60367, -0.638309
-0.51009, 1.65378
-1.49885, -0.517424
1.66039, -1.4839
-1.32257, -1.48122
1.56699, -1.51827
1.55173, -0.373104
0.316927, 0.596038
-0.556279, 1.52732
-1.5841, 1.52091
-0.600634, 1.50356
-1.5126, -0.391083
-0.654815, 0.516075
1.33798, -1.58082
-0.490156, 1.33834
0.412206, -0.337087
-1.53254, -0.619294
-0.53432, 1.40719
0.719863, -0.579244
-1.54239, 1.49845
0.395648, -0.553532
-1.58303, 1.29464
0.541096, 0.340617
1.60795, -0.562909
-1.41286, 1.48637
-0.564861, -1.50396
-1.59048, -0.469263
1.53232, -1.46995
0.49369, -0.517926
1.62471, -1.47454
-1.4123, 1.30692
-0.255768, -0.526293
0.514867, 0.402573
-1.4403, -1.62861
-1.55266, 0.58334
-0.581279, -1.45999
1.53824, 1.5495
-0.398612, 1.65939
0.507389, -0.434577
-1.48217, 1.5502
0.675436, -1.56008
-0.295737, 0.643226
-0.485112, 0.470984
-1.54965, -1.41617
-0.392567, -1.69189
-0.569994, -0.667851
0.620826, -1.55946
0.381908, -1.54641
-0.541169, -0.581533
1.45221, 1.48583
1.52105, 1.48229
0.507713, -1.41918
1.40887, 0.533209
1.43351, 0.583269
-1.29295, 0.498327
1.36379, 0.459095
-0.649448, 0.435483
-0.471436, -1.48611
-1.50007, 0.60966
0.558852, 0.467644
1.61015, 1.5327
-0.254875, -1.42153
1.52866, -0.375674
0.582468, -1.49902
1.55717, -0.545723
-0.636329, 0.438172
0.648545, -0.665889
0.521205, 1.44999
0.341482, 1.41793
-0.604514, 0.629884
0.311304, -1.46585
1.43029, 1.30685
1.40779, -0.379088
-0.565507, 0.450023
-0.680122, -0.557863
0.628423, -0.52957
1.5268, 0.650088
-0.554287, 1.58481
1.35934, 0.305112
-1.46206, 1.64726
1.45418, -1.5277
0.41885, -0.543255
-1.50421, -0.541048
-1.54231, -0.389295
-1.44321, -1.58203
-1.40937, -0.580671
1.43641, -1.67449
1.37972, -0.247104
-1.47113, 0.775639
-1.71088, 0.525959
1.55638, 1.60718
1.57933, 0.395599
-1.27961, 0.557233
-0.599036, -1.67015
-0.328793, 0.468068
-1.52698, -1.29908
-1.5671, -1.35978
1.48998, 0.708098
0.541662, -0.459655
1.48721, 1.56284
-1.64435, 1.49473
1.54025, -1.58932
0.50946, 1.47596
0.610578, 0.634178
0.403059, -1.71247
0.630692, -0.682368
-0.50973, 1.55544
-0.699316, 1.54181
0.449821, -1.52435
1.63772, -1.66016
-0.49752, 0.60517
0.384828, 0.371942
-1.4448, 0.606369
-0.646426, -0.485949
-1.58261, -0.540647
-1.65324, -1.40812
-1.38647, -1.56618
0.714785, 0.487333
0.574035, -0.49066
1.57426, 1.62393
-0.548827, 1.44476
-0.341611, 1.48358
-1.49813, 0.526442
-0.310988, 1.52907
-1.35568, -0.568238
-0.479383, 1.32858
-0.558057, -0.360082
0.564206, -1.44272
0.657812, 0.441823
-1.33834, 1.32361
0.511653, 1.59583
-0.647964, -0.473565
-0.68969, -0.625733
-0.386315, -1.30257
0.524288, 1.42771
1.37994, -0.499804
0.485527, -0.623374
-1.50833, -0.592
-0.527563, -1.47217
-0.411398, -1.38606
0.529086, -1.58036
-0.357712, -1.42371
-0.503958, 0.590839
-1.63375, 0.556021
0.462729, 1.52365
-1.25777, 0.524968
0.435667, 1.43826
1.47266, 1.68696
1.54651, 0.460132
-1.67075, -1.50239
0.598839, -1.4002
0.535802, -0.500068
-1.46467, -1.64435
0.479462, 0.589627
1.4771, -0.546482
1.48795, -1.45539
-0.501046, -0.530503
0.543343, -1.49678
1.4437, -0.522399
-0.453496, 0.535679
-0.56354, 1.48039
-0.661105, -0.41624
-1.49374, -0.701383
0.354702, 0.395171
0.401485, -0.601003
-0.562081, 1.51982
0.686222, 0.444513
-0.556002, 1.51999
0.612242, 1.60667
-0.579813, -0.654373
0.423435, -0.56386
-1.47019, 1.51489
0.45646, -0.525759
0.499326, 0.377142
-1.53206, 0.567558
-0.428269, 0.465851
1.5097, -0.485052
1.34278, 0.680179
0.528107, -1.52506
-1.38327, -1.40214
-1.40958, 1.65051
1.42809, -0.718238
1.58872, 1.48294
1.52449, -1.67551
1.41272, 0.76496
1.37346, -1.39371
-1.60911, 0.56618
-1.44534, 0.489741
-1.56335, 0.625266
-1.55361, 0.616741
-0.408311, -0.434603
1.4946, -0.510903
1.45325, 1.43593
-1.51632, 1.58314
1.53159, -1.41389
-1.46555, -1.4041
1.61482, 0.414717
1.70162, 0.676327
-1.44551, 0.399565
1.54114, 1.30732
-0.414495, -1.50897
0.476403, 1.58367
1.45671, -1.56717
1.6866, -1.27555
-0.579159, -1.58657
1.4427, 1.64429
1.5104, 0.387053
1.45599, -0.50403
0.552057, 1.42333
0.404016, -0.337112
0.50183, -1.223
-1.63708, -1.37146
0.580372, -0.602624
0.294026, 1.65733
-1.60148, -0.619107
0.549347, 0.376369
-0.380087, -0.416277
1.50011, 1.6079
-0.628212, 1.49425
0.545271, 1.52024
-0.229753, 1.52255
1.53165, -0.526659
1.40955, -1.51025
-1.28968, 0.230524
-1.57314, -1.55983
-0.588254, 0.619507
1.3777, -1.56692
1.42704, -0.403207
1.36428, -1.46579
0.64573, 1.42336
0.371428, 0.537053
1.56868, 0.461945
-0.390545, 0.462612
0.367739, -0.649097
1.43912, -1.52611
-0.443044, -1.4147
-1.4029, 1.39599
1.62204, 1.32579
-0.383315, 1.4319
0.346441, -1.39978
-0.294421, -1.4186
1.58356, 0.338387
0.554468, -1.46479
0.61971, 0.539124
-0.331957, -0.577303
-0.613068, -0.390252
-0.534595, -0.410837
-0.490765, -1.49559
0.568445, -1.49774
1.23492, 0.496816
-0.587226, -1.56004
0.336977, -0.483765
-1.66845, -1.54486
0.556247, -1.58162
-1.58836, 0.405946
-1.60994, -1.43488
-1.54986, 1.44511
1.62599, -1.4181
-1.44852, 0.473768
1.61954, -0.503595
1.47528, 1.43241
-0.837984, 0.488886
1.58469, 0.491004
-1.55488, -0.589394
-0.462119, -1.53818
-0.427789, 1.70042
-0.503685, -1.57025
-1.55312, -0.504453
-1.32923, 0.505664
-1.33991, 1.63023
0.40722, -1.74653
1.36666, 0.469017
1.46858, -1.7695
0.722782, 1.50507
-0.358658, -1.60366
1.45768, -0.634967
0.502428, 1.63026
-1.751, 1.42419
0.419876, 0.447194
-1.54404, 1.44484
0.513107, 0.61285
1.64851, 0.549717
-0.568628, -0.558029
-0.332672, 1.47485
-1.34997, -0.490488
0.407333, 1.44657
-1.4665, -0.384353
1.40374, 1.64869
-0.462854, -1.61396
-1.43236, -1.45078
1.44262, -1.4928
1.2688, -1.6248
-1.4254, -0.614653
-0.611455, -0.430742
-0.278881, 1.44207
-0.445777, -0.464537
0.435895, -1.48178
1.63029, 0.498305
-1.54691, -1.47619
0.694606, -1.43797
-0.560302, -1.38242
-0.535149, -1.55926
1.6784, 0.611168
0.437454, -0.524671
0.442785, 1.73867
-1.56301, -1.4683
-1.5031, -1.60865
1.44133, 0.462286
1.42585, -0.521586
-0.585468, -1.47703
0.570756, -1.49866
0.492297, -1.43841
-1.64642, 1.42845
1.41598, 1.39389
-1.38757, 0.719232
0.605309, -1.47079
-0.472869, 1.41869
-0.497323, -1.67777
-0.541266, -0.503281
1.47492, -0.482604
-1.42184, -1.45482
1.46677, -0.387104
-0.365433, -0.399602
-0.42819, -1.3298
0.522349, 0.431412
-1.65406, 1.53785
0.398449, 1.53098
-1.51732, 1.4003
0.446208, 1.5908
-0.572956, -1.41003
-0.540955, 0.382017
0.598033, 1.55308
0.581137, 0.628206
-1.40443, 0.72735
1.46439, 0.489529
0.565868, 0.247151
1.38414, -1.42224
-1.50633, 0.520378
0.383614, -1.3811
1.51776, -1.61061
-0.696235, -0.565816
-1.36187, 0.591934
0.44256, 0.503068
-0.328852, -1.57072
1.39297, -0.451986
0.47072, 1.405
-0.502727, -1.53763
-1.46449, 0.485941
-1.53326, 1.53078
0.430968, -0.568815
0.511749, -0.486737
-1.56221, 0.671274
0.579452, -1.61092
-1.4018, -1.56332
-0.390612, 1.5059
0.43482, 0.462603
0.316476, -1.47018
-1.46908, 0.330914
0.500399, 0.424987
0.541066, 1.35627
0.434971, 0.507218
1.50447, 1.65182
0.439934, -1.47137
-0.631891, 1.44073
0.503247, 0.49324
-0.732474, -0.467985
0.357211, -1.54371
-0.582357, 1.40994
-0.451459, 0.782234
-0.531326, -0.37404
0.577872, -1.59753
-1.50866, -0.44261
1.64276, 1.4449
1.46181, -1.43862
-1.40317, 1.47943
-1.6468, 1.55329
-0.458901, 0.586382
1.52409, 0.630234
0.419754, -0.569138
-0.532519, -0.517303
-1.40866, -0.538373
1.44026, -0.41936
-0.422909, -0.51929
1.47549, -0.630032
-0.577154, 1.58722
-1.42259, 0.599566
0.346536, -0.624491
0.355473, 1.3378
1.63175, -1.46944
1.52945, 1.59185
-1.50358, -1.44815
0.517833, -0.436353
-1.44385, -1.47446
-0.43513, 0.583493
-0.531787, 0.581847
-1.41687, -0.404204
-0.416698, -1.55148
-0.380956, 0.536488
-0.421272, 0.632038
0.495984, 0.661224
1.52039, -1.35843
-0.322094, 1.65938
1.39828, 1.56217
1.57961, 0.529855
-0.477938, -0.206975
-0.492011, -0.610626
0.70551, 0.489393
-0.436399, 0.507514
-1.31439, -0.562401
1.5503, 0.41975
0.498534, -0.53393
-0.65211, 1.39937
-1.60523, 1.53392
1.55708, -0.517609
-0.488425, -0.482879
-1.42897, -0.65232
1.47994, -0.602046
-1.42871, 0.606655
-1.47417, -1.39497
-1.53058, -1.40841
0.629776, -0.471024
1.30891, -0.596196
-1.48738, 1.36073
-0.487466, 1.58952
-0.49277, 1.49863
1.6498, -1.56433
0.568842, -1.31951
1.38171, 1.45668
-1.50182, 0.547048
-0.5612, -1.55249
0.498848, 0.573861
1.53062, 1.412
1.49728, -0.705823
-1.56412, 0.56862
-0.592114, 1.48911
0.456311, -0.600318
-0.331383, 0.392958
-1.40212, -0.652255
-1.65773, -1.7581
-0.504236, 0.552413
1.40784, -0.415578
0.582198, 0.401667
-0.390281, -1.49841
-1.50906, 1.38704
-0.459787, 0.418283
-1.58296, 1.51025
1.51635, 1.46733
-1.51039, 1.51472
0.654465, 0.34889
1.48077, 1.55931
1.44356, -1.62731
-1.52552, -1.66072
-0.492523, 1.5
-0.500031, -0.5696
-1.53468, -0.395638
0.593682, 1.43536
-1.47964, 1.36561
0.433428, 0.559595
-1.58386, 1.35411
-0.638688, -0.49287
-0.422525, -1.47319
1.51418, -1.66091
-1.49734, 0.446805
1.56681, 0.483699
-1.44051, 1.6557
-0.523405, -0.356711
-1.61779, 1.5225
1.55533, -0.51989
-0.57256, 0.384409
-1.43045, 1.58526
-1.46686, 0.55259
-1.4667, 0.445508
0.314592, 0.45828
-1.4143, 0.497811
-0.488794, 0.498937
-0.550959, -1.64621
0.603038, -1.4024
1.45032, -1.39007
1.52161, -0.609544
1.36139, 1.32291
0.540519, -1.65908
-1.5387, 0.526624
-1.46068, -1.59574
-0.372046, 0.433013
1.5922, -1.47225
-0.594537, -1.4312
-1.37606, 0.367032
1.35356, 0.413674
1.46647, -1.57098
-0.288255, -1.24681
0.602269, -0.542585
-1.59685, -0.465385
-0.412093, 1.428
0.631133, -1.49031
-0.530219, 0.516544
-0.523135, 1.49588
1.46946, 0.665687
1.5017, -1.46369
-0.408267, 1.45931
-1.3475, -0.402549
0.451345, -0.449641
0.500144, -1.43575
1.58621, -1.65019
-0.463126, 0.593056
-1.55859, 1.44565
-1.65982, -0.618384
0.489419, 1.6023
-1.46928, 1.51595
1.45468, -1.45489
-1.65917, 1.4338
-0.435004, -1.7245
1.49022, 0.522192
0.346665, 1.50429
1.5139, -1.44615
1.62925, 0.609082
-1.55791, -1.52617
-0.553332, 0.433693
-1.54177, 0.447004
0.548555, 0.533724
0.576088, 0.56044
-0.405247, 0.474093
1.45671, 0.544414
-1.46786, 1.31705
0.633982, 0.50744
1.5004, -0.552371
0.456917, -1.36526
-0.465335, -1.56804
0.628118, -1.41356
0.491347, 0.537396
0.536805, 0.378623
1.45073, -1.58663
-1.40081, 0.679885
-1.62428, -0.641237
-1.45463, -1.53255
1.62615, 0.471754
-0.371505, -0.462884
0.563829, -1.36911
1.61341, 0.410889
-1.61725, -0.574399
1.4888, 0.572596
0.418522, -0.397014
1.59226, 1.67743
1.38222, 0.598006
1.36561, -1.48436
-1.35749, 0.384282
-0.484662, 1.43614
-1.48024, 1.48924
1.48113, -1.45502
1.49365, 0.639964
-1.44702, 1.39035
-1.21301, 1.57038
-1.55758, 1.52567
1.40278, 1.47666
0.552456, -1.39283
0.489738, 0.402166
1.64615, 1.52669
-0.655577, -0.28622
-0.506879, 1.41164
0.491177, 0.367587
1.47547, 1.47125
1.58532, 0.723935
-0.540729, -0.525839
0.49643, 0.509194
-0.694004, -0.57886
-1.46098, -1.76044
-0.475637, -0.525532
1.60632, -1.64679
1.38156, 1.57267
-1.48368, 1.35221
1.49269, -0.501067
1.53143, -0.673507
-0.565097, -1.60317
1.40782, 1.41237
-0.654098, 0.464991
0.442722, -1.46347
1.54742, 1.49642
-1.55342, 0.446654
-0.555195, -1.54256
1.54803, -0.518841
-1.47505, 0.338243
0.753015, 1.55314
-1.41751, 1.42341
0.491502, -0.502035
-0.284151, 0.556731
0.516271, -0.583617
-1.70881, -1.48791
-0.521092, 0.493483
-1.5428, 1.53291
0.410788, -0.367616
1.46362, -0.518244
0.415463, -0.424486
0.483831, 1.33972
0.415209, -1.54132
-0.520153, -1.45085
0.616909, 0.559463
-1.46902, -0.392328
-1.53953, -1.38324
-1.45681, 0.486912
-0.409412, -1.34102
0.531243, 1.61105
0.229918, -1.52502
0.477723, 1.40663
-0.68112, 0.521769
-0.58552, -0.426486
1.49127, 0.507782
-0.47794, 1.30549
-0.548415, 0.618922
1.31396, -0.468029
1.56244, 1.49461
-1.40474, -1.47928
-0.537482, 1.37358
-1.5003, -0.450498
1.41348, 1.49654
1.53721, 1.44365
-1.40279, 1.60391
-1.61185, 1.52408
-1.48131, -1.46304
0.313059, -0.476621
0.427469, -1.4803
-1.70439, 1.53578
1.44205, -0.58343
-0.43538, -0.469341
0.516857, -0.399837
-0.597714, 1.60924
-0.551529, 1.39141
-1.73926, -0.434976
-1.3172, 0.598576
-0.550175, -1.69158
-1.55639, 1.47565
-1.40335, 0.417925
0.463709, -1.59055
1.44961, 1.4907
-0.541102, 1.57836
0.382846, -1.39972
0.470389, 1.37772
-0.289433, -1.51743
-1.4288, 1.47978
1.50203, -1.57227
1.47487, 1.61194
-1.34619, -1.4929
-0.529919, -1.37147
-0.428689, 1.46923
1.35611, -0.38896
-0.589315, 0.554884
-0.414976, -1.41496
0.533273, 0.598561
1.68308, 0.494373
0.250967, 1.57046
0.36614, 1.60726
-0.512621, 0.51788
1.5186, 0.331793
-0.454131, 0.375535
0.389435, 1.55253
-0.694041, -1.39109
1.53055, 1.44815
0.62998, -1.60735
1.40106, 1.39575
-0.376938, 1.46331
0.423879, -1.56873
-1.39998, 0.600468
-0.503582, 1.56323
-1.49322, -0.483318
1.49946, 1.38344
0.457031, 1.44448
-0.508783, 1.41297
1.29844, 0.499
-1.48155, 1.45623
0.62054, -1.298
1.39912, -1.57968
-0.588054, -1.40587
1.35702, 1.66274
-0.307215, -0.469612
-0.559651, 0.488525
1.60411, 1.57982
-0.539571, 0.483421
-1.40812, -0.582262
-1.44316, -1.59786
0.410125, -0.565212
-1.34915, -0.236148
0.546595, 0.518151
-1.60871, 1.38286
1.64455, 1.53825
-1.46857, 1.4453
-0.584248, -0.426568
-1.59707, 1.40148
0.456051, -0.486447
0.52489, -0.37258
0.528185, 0.46999
1.62557, -1.66417
-0.425354, 0.400022
-1.50821, -1.49289
-1.36389, -0.458056
-1.51765, 1.61425
1.47686, -1.58496
1.66671, 1.61842
1.5908, 0.571116
-1.62171, -0.43617
0.430936, 1.58643
-1.5282, 1.48
-0.575599, -1.52652
-1.58396, -1.46105
-1.44718, 0.330995
0.574366, 1.43412
1.5533, -1.41859
-0.663908, 0.584769
1.44975, -1.4412
-1.45339, 0.43097
1.44754, -0.676013
-1.56939, 1.56474
0.449559, 1.59636
-1.61745, -0.401722
0.490114, 0.517168
0.418865, 0.634881
0.573618, 0.600015
1.54121, -1.56868
0.552679, 1.47973
0.352457, -0.582088
-0.676575, -0.455258
-1.44581, 0.401844
-1.5013, 0.415273
0.619133, 1.57873
0.441254, 1.55059
0.649516, -0.697033
1.43766, 0.634344
1.58177, 1.61962
-1.45392, -1.4879
-1.56668, 1.40326
1.4104, 0.257305
1.3907, 1.44929
-0.630341, 1.65119
0.393564, -1.48383
1.53358, 0.565765
1.60522, -1.28416
1.33005, 1.3896
-0.459458, -0.641636
0.446393, -0.370509
-1.30248, 1.384
1.52247, 1.60642
1.35219, -1.57707
-0.461577, -1.34682
0.531774, 1.68406
-1.52458, -0.52475
0.420834, -0.497381
-1.45434, 1.58876
-0.498601, -0.658536
-1.45608, 1.47457
0.507104, 0.528135
-1.47658, -0.436002
1.5082, 0.471447
1.56954, -0.605698
-1.56885, -1.4706
0.386641, 0.532717
1.67867, 1.41917
-0.478129, -1.43767
-0.474945, -0.575854
0.566862, 1.44502
1.55663, -1.62158
-1.59573, 1.6095
-1.52378, 1.54814
0.510133, -0.480018
-1.49079, -1.5796
-1.46259, -0.377521
-0.45096, -1.43613
1.57415, 1.56025
-0.644951, 1.72854
1.42586, 1.54543
-1.50242, -0.653104
-1.60093, 0.664198
1.28133, 1.48165
-1.51617, 1.46009
0.421811, 1.46042
0.610207, 1.31796
-1.54621, 1.58583
-0.473607, 0.582934
-1.79567, 0.548059
-1.52011, 0.672636
-1.38883, 1.42119
-1.45684, -0.489349
-0.463469, -1.4184
-0.42515, -0.652818
-0.42234, 0.462647
-1.53066, -0.480525
1.23545, -0.487135
-1.66703, 0.39042
1.43483, 1.31623
0.476056, 0.462798
0.470711, 0.667509
-0.476538, 0.424924
0.554049, 1.52815
-1.6403, -0.559639
1.45511, -0.483024
-0.646754, -0.514257
-1.63599, 0.592564
-0.525567, -1.43897
1.462, 1.55377
0.537367, 1.3619
0.54889, 1.42249
1.4762, -0.607275
1.51771, -0.394224
0.361398, -1.60993
0.522301, 1.52368
1.57941, -0.425416
0.764111, 0.673669
-0.435102, -1.43323
-0.485055, 0.519512
1.30825, 1.58672
-1.51578, -1.49738
-1.44212, -0.383974
1.66947, -1.39462
-1.36354, 1.51372
-1.42081, 1.57701
-1.53616, 1.84751
-1.52668, 0.561292
-0.401586, 0.256753
-1.55602, -0.506603
-1.31927, 1.42379
-0.425338, -1.67804
1.53223, -1.53048
-0.552918, -1.51863
-1.51818, -1.52946
1.46295, 1.68134
1.52879, -1.40645
0.593421, -0.78964
-1.65013, 0.502288
-0.53821, -0.581623
-0.582901, 1.40129
0.375923, -0.409469
-1.47238, 0.367531
1.4217, -1.50026
-1.49604, 1.38037
-0.717197, -1.60744
-0.455426, -1.52445
1.58653, 1.56578
-1.49872, 1.44768
-1.73515, -1.50081
0.479118, 1.63732
1.53519, 1.37019
-1.49343, 0.545026
0.518709, -0.472552
1.49455, -0.579664
-1.37667, 0.644728
1.44893, -0.418167
-0.242096, 1.49191
0.513758, -1.62425
1.44631, -1.68072
-0.655115, 0.382942
-1.60406, -1.45764
0.326958, -1.29256
-1.46785, 0.412281
-0.663777, -1.45322
-1.57741, 0.488032
0.606581, 1.5289
-0.644566, -1.46258
0.481145, 0.579884
1.44844, -0.356259
-0.422306, 1.71006
-1.61803, 0.463734
-1.29006, 0.602997
-0.384388, -0.503064
1.44557, -0.609251
-1.4756, -1.66788
1.2543, 0.436864
-1.60116, 1.29779
-0.550649, 1.39821
-1.4346, 1.5251
-0.555574, 1.50759
0.49757, -0.424749
1.54452, 1.40787
-1.58366, 0.325028
-1.61892, 1.65912
-1.58559, -0.513353
0.390929, 1.31798
1.28825, -1.44995
0.586012, 1.4966
0.55871, 0.443742
-0.51113, 0.471406
0.360715, -0.608687
-0.638566, -1.48867
1.36587, 0.48241
1.49078, -1.49144
0.455524, -0.309387
-1.44058, 1.48449
0.32704, -1.58755
1.50075, -1.48554
0.27463, -0.387781
-0.536819, -0.586302
0.615046, 0.509582
-1.51675, -1.42839
-0.71872, 0.290426
-1.44326, -1.63779
0.496659, 0.616956
1.36646, 1.39829
1.47172, 0.504833
-0.505506, -0.575402
1.47699, -0.486556
1.44629, -1.5725
-0.455049, -0.526991
-1.47657, 0.407952
-1.4305, -1.41881
-0.420651, -0.52695
0.636757, 0.429662
1.58499, 1.45499
-0.449927, 0.469713
-0.632915, 1.34027
0.288094, 0.377143
-0.611677, -0.477074
0.615328, 0.608329
-1.43284, 1.32279
1.54271, 0.540952
0.531235, -0.431618
-1.38795, -0.587843
-0.462229, 0.530089
-1.61325, -1.51956
-1.49416, -0.441675
0.445694, 1.3702
0.516782, -0.575127
-0.470471, -0.542107
-0.610732, -1.43071
1.58363, 1.50147
-0.557811, -1.71965
-1.49628, -1.49047
0.633373, 1.50888
-1.57897, 1.48651
-1.49159, 1.55431
-1.54853, 1.48678
-1.59203, 0.434783
0.538138, -1.48619
-1.53385, 0.268984
1.39083, -0.43629
-0.53053, 1.46322
1.45345, 1.34585
1.46304, 0.600012
0.635909, 0.504277
1.62031, 0.558204
-1.39083, -0.476634
1.46652, -0.544111
1.52667, -0.538768
1.5248, 0.432167
1.46003, 1.534
-1.43888, -1.56471
0.471847, -0.4082
-0.403978, -0.529233
0.351797, -0.469742
-0.428866, -1.60488
1.44442, 0.56653
1.40561, 0.525175
0.526213, 1.36327
-1.43603, 0.380717
1.66832, 0.551204
-0.48522, -1.41565
-0.424567, 0.449893
1.57434, 0.571544
1.42449, 0.604695
1.59967, -0.517988
0.414866, 1.44144
0.379473, -1.38858
0.611306, 0.580655
1.46071, 1.63491
-1.53753, -1.48184
-1.4438, -0.4486
-0.493072, -0.499422
-1.23295, 1.37711
0.519147, 0.579699
0.478201, -1.61304
0.40659, 0.436635
0.315248, -0.506002
0.458772, -0.567892
1.68722, -0.518513
0.433505, -0.765275
-0.377709, 0.386471
-0.632067, -1.4281
0.503673, -0.517052
1.47292, 0.490139
-1.52645, -1.57004
-1.39481, -1.40201
0.560279, -1.44761
1.56471, 0.562493
0.340546, 0.759792
-0.567284, 1.54192
-0.346217, 0.45457
-1.52675, -1.55988
-0.628135, -0.199774
-0.536901, 0.466662
-1.47651, 0.39458
-0.506885, -1.35325
1.36177, 0.379412
-1.35286, -1.44784
1.57676, 0.574479
-0.747079, 1.66673
-0.500754, 0.515315
-1.51825, 1.40774
1.54008, -0.521156
-0.620117, 0.426219
-1.45043, 0.347646
-0.318227, -1.47588
1.44913, 1.29673
-1.42382, 1.69219
-1.62919, -0.464734
0.475975, -0.530834
0.505725, 0.415257
1.71945, -0.328875
0.406519, 0.73124
-1.6015, -1.5359
0.549881, -0.461536
-0.416401, -1.51043
1.50983, -1.56567
0.296265, 0.635887
1.48633, 0.511217
1.72588, -0.666622
-0.380188, -0.49751
-0.663197, 1.41056
-1.46797, -1.52871
-1.4936, 1.39157
-0.491181, -0.506104
-1.55591, 0.385313
-1.86778, -0.5905
1.45104, 1.51002
0.380376, -0.370949
-1.52471, 0.383818
-1.55023, -1.59873
-1.55785, -0.466045
-0.381924, -0.46248
1.61586, -0.358378
-1.45757, -1.46379
0.405448, -1.5617
-1.4098, -1.57909
-0.455234, -1.5642
1.60066, -0.620349
-1.45846, -1.43289
-0.441074, 1.62387
1.41811, 1.43245
0.44156, -0.594711
-0.530328, -1.42231
1.33236, 0.536216
-1.48548, -1.60959
0.485785, 1.4641
1.33735, 1.46233
1.49732, -1.41894
0.441443, -1.55763
0.439336, -0.468136
-1.64066, 0.41413
0.451906, 1.50977
1.52895, -0.488579
-1.41475, 1.60417
1.47581, -0.629092
-0.440292, -0.57857
1.41793, -0.549295
1.52776, -1.58099
0.469063, 0.478036
1.50362, -1.33729
1.67626, 0.475989
-0.586055, 1.66094
0.386084, 0.383078
0.541466, -0.417743
-1.47903, -0.536005
1.48263, 1.44296
-0.529966, 0.437276
-0.482341, -1.40116
0.367426, 1.41594
0.709923, -0.391827
0.433039, 1.61638
-0.404372, -1.76942
1.47808, 0.367437
-0.536223, -1.58666
0.245047, 1.52484
1.50084, 0.59156
-1.52656, -1.44308
1.45596, -1.56488
-1.51897, -0.628706
1.551, -0.552701
0.518734, 1.48175
1.44689, 1.74873
-0.258153, 0.56168
1.44588, -0.42323
1.46279, -0.341586
1.37441, 0.579459
1.45939, -0.72085
-1.56745, -0.543744
-0.561455, -1.34515
1.52242, 1.51648
1.63359, 0.515637
1.41511, 1.39092
-1.4137, -1.42672
-1.65742, -1.34688
1.68704, 0.400317
1.48436, -0.543944
1.65173, -1.46327
-0.764674, 0.50515
0.551101, 0.290501
1.38475, -1.52014
0.509175, 1.45005
-0.36097, -1.2926
0.438369, 1.446
1.52687, 1.45105
1.59703, 1.52974
0.666773, -1.44459
1.63035, 1.52677
1.54258, 0.401982
1.61515, 0.333419
0.532643, -0.337
0.515419, -1.46577
1.50767, 1.61821
1.54208, 1.56443
-1.4578, 1.62241
-1.43634, 0.547989
-1.428, 0.61962
-1.51789, 1.49009
-1.40968, -1.43856
1.67983, 0.528822
-0.539394, 1.48447
0.548409, -1.49529
0.468827, -0.512373
-1.40927, 1.59345
1.52725, 0.454242
0.504589, 1.55887
0.508594, 0.61623
0.517006, 0.668155
1.62368, -1.3453
0.608246, -0.573843
0.488875, 0.501511
-1.50044, 1.35397
1.53902, -0.455026
0.514588, -1.65656
-1.47874, 1.48858
0.549459, -0.550115
-1.46803, 0.437834
-1.61211, 1.47008
-1.4953, 0.50327
-1.60118, -1.53349
0.580532, 0.494771
1.49965, 0.39502
-0.506384, -0.356441
-1.50518, -1.64955
-0.408886, 1.53843
-0.409471, -0.378662
-1.31007, 1.59189
1.46219, -1.55625
-0.444935, 1.54292
-1.38458, 1.3646
-0.533031, 1.58527
-1.55542, 1.41735
1.46295, 0.612924
0.48908, 0.54284
1.60961, -0.364207
0.433751, 1.38877
-1.40844, 0.627796
-0.38516, 1.39773
0.608136, -1.52104
0.700347, -0.562305
-0.471149, 0.448233
-1.67046, -0.540225
0.548492, 1.45003
-0.632139, 0.512247
-0.484454, -0.50009
-0.56727, -1.5428
-0.587127, 0.526128
-0.566474, 0.596089
1.48543, -0.560475
0.578024, -1.47673
-1.39937, 0.641185
-1.4736, 1.59161
0.598304, 0.636715
-0.603069, -1.28486
-0.491706, -0.498988
-1.41566, 0.604719
-1.54206, 0.469235
0.511831, -1.52136
0.667186, 0.422988
0.39583, -1.4631
0.540895, 1.54233
-1.49247, 1.52046
-0.635871, 1.35368
1.48041, -0.21629
0.579527, -1.36231
-0.678021, 1.4134
0.402353, -0.462075
-1.46231, 1.55391
-0.512375, 1.46568
-1.59469, -0.46451
-0.556442, -1.46166
1.35687, -0.566762
-1.40975, -1.37272
-1.4971, 0.686059
-1.57925, 1.45594
-1.47755, -0.658072
-1.46978, 0.369345
1.4356, -1.46635
0.594028, 0.402784
1.43521, 0.409589
-1.49555, -0.667242
0.367247, 1.54108
0.512371, -0.534512
-1.46482, -0.588237
0.506375, -1.37761
-0.61955, -0.443821
-1.45437, -1.34396
-1.58695, -1.62442
-1.5348, -0.418658
0.449954, -0.420346
1.49132, 1.44452
1.53839, 0.427861
-0.52966, 1.50274
1.4452, -0.283445
-1.28603, -1.39321
1.7402, -0.484153
-1.64647, 0.516317
-0.517245, 0.516831
0.502445, 1.52986
1.44074, -1.51731
-1.39814, 0.444723
-1.47544, -1.22415
1.55118, -1.48071
-0.527871, -0.495413
-0.695265, 1.47228
0.545423, 0.350054
-0.543982, -1.49306
-0.373869, 0.301942
0.499391, 1.26044
1.68078, -0.556474
-0.363, -1.60049
0.600613, -0.499804
-0.48662, -0.378434
-1.502, 0.361654
-1.25934, -1.40733
-1.59436, -0.44707
-1.63984, -0.245295
1.5298, 0.562549
-0.734745, 1.34783
-0.568062, -1.47422
-0.43117, 1.54424
-0.58395, 0.434157
1.54871, -1.49425
-0.397806, 1.56515
1.44953, -0.386633
0.334183, -1.47213
-1.42172, -1.35332
-0.567527, -0.435539
-1.52024, -0.339883
-0.390959, 0.380886
0.625128, -0.543384
1.60864, -0.611944
1.295, -1.46875
0.467829, -0.513144
-1.45693, -1.56959
-0.53477, 0.430273
0.515171, 1.41389
0.391512, -1.39212
0.5919, 1.49469
1.34523, 0.464106
1.4238, 1.29756
-1.32762, 1.57688
-1.57972, 1.48306
0.422175, -0.484368
-0.372994, 1.39903
0.62122, 0.584741
1.53821, -1.49524
0.42055, -1.40173
-0.349951, -1.38563
-1.41658, -1.47705
-0.720966, -0.515322
1.5127, 1.51896
0.394427, -1.46022
1.43691, 0.649545
-0.660221, -0.387503
0.642242, -0.324409
1.49609, 1.5532
-0.32949, -0.428232
0.615483, -0.451606
-0.466582, 1.53413
-0.444446, 0.268262
-0.602942, -0.552626
1.73857, -0.539155
-0.411622, 0.566217
-0.669071, 0.510338
-0.570858, -1.58689
0.408382, -1.47271
-0.669188, 0.428084
0.567916, -1.66423
0.478769, 1.50455
-0.447456, -0.465029
-1.64415, -0.36038
-1.62407, -0.34937
1.39601, 0.555782
-1.37747, 0.446369
-0.617495, 1.43627
-1.41565, -1.56755
-1.64245, 0.50963
0.504903, -1.57016
0.589568, 0.743962
1.49362, 0.506771
0.481209, -0.582147
-0.488468, -1.40881
-1.57358, -0.666527
-1.4875, 1.66464
-1.70228, 1.33309
1.72045, -1.43561
-0.545816, 1.43555
0.467252, 1.46161
1.54089, 0.575178
1.50892, 0.508283
-0.728357, -1.65745
1.58754, -1.58186
0.541254, -1.54148
-1.5364, -1.52729
0.497659, -1.4709
-0.37239, -0.629399
-1.38665, 0.602718
-0.512693, 0.571484
-0.425139, -0.407709
-1.49545, 1.55044
1.55338, 1.58353
0.525116, 1.4728
0.520289, -0.442512
1.5601, -0.487445
1.35595, -1.48235
-0.553859, -0.368009
-0.737653, 1.46869
-0.447754, 1.66285
-1.62671, 0.374261
-0.531072, 0.6603
-0.440445, -1.4313
1.52992, 0.574437
-1.51087, 0.578186
-1.52573, -1.43735
1.57461, 0.440088
1.37244, -0.338358
-0.557481, -0.567675
-1.49252, 1.50849
0.548429, -0.502882
1.61889, 0.359584
1.46746, -1.50292
1.47094, 0.405145
-1.37023, 0.50846
-0.511645, 1.31664
-0.354291, 0.507793
-0.692991, 1.54978
-0.292593, -1.56497
-0.516971, -1.4862
-0.545077, -1.40873
1.60444, -1.47966
-0.520052, 1.46997
1.36619, -1.46125
0.566793, 0.476804
-0.278883, -1.52157
-0.478233, 0.323596
0.577395, -0.397272
-0.518649, 1.50993
0.418114, -1.51684
0.73856, 0.471823
-1.60873, 1.53832
-1.58735, -0.335153
-0.389544, -0.535202
-0.601874, 1.62381
-0.518289, 1.36908
1.58468, -0.623373
-1.5101, 0.491
1.44478, 1.52064
1.54338, -1.53986
0.399758, -1.59718
-0.406725, 0.234235
1.44431, 1.49516
0.466651, -1.37978
-0.566937, 1.47491
-0.505703, 1.44751
0.474317, 0.658576
-1.57724, 1.45771
1.4844, -0.453767
-0.506481, -1.68566
0.697792, 1.40272
-0.441463, -1.42829
1.45339, -1.55363
0.459061, 1.56743
-1.53481, 1.47461
-0.542213, -1.50583
1.45563, -0.308412
0.399208, -0.582323
-1.66417, 0.553851
-1.59704, -0.402522
-1.45669, -1.52077
0.605905, 0.431568
-0.601975, -1.50367
-0.391949, 1.47762
0.443328, 0.45038
0.508363, 1.43403
1.6079, 1.45705
0.434416, 1.33294
-0.613039, 1.49225
0.460284, -1.40472
-1.48623, -1.48334
-1.51425, -1.47493
-0.550779, 0.468899
-1.45001, -0.596597
-0.452153, 1.36337
0.509087, 0.358782
-0.529623, -0.395175
0.333068, 1.42632
-0.473949, 1.48325
-0.447709, 1.44275
0.357381, -0.445509
-1.50454, 0.476503
-1.49081, -0.538804
-0.589801, -1.47822
-1.40749, -0.528455
-1.49653, -1.35448
0.416678, -1.68016
0.455262, 0.503422
0.466148, -0.575467
-1.51123, 0.436238
0.437766, -0.477155
-1.44816, 1.33996
-1.4479, -0.361341
-1.64359, -1.56289
0.446744, -0.503531
0.610106, 0.503339
0.349649, 1.39504
0.494916, -0.5143
0.556947, 0.646123
0.488241, 0.467367
-0.39539, -1.29417
1.58929, 1.71819
1.48202, -1.45143
-1.60226, -0.34869
-1.54234, 1.35995
-1.42127, 0.406208
-0.390099, 1.4237
0.577843, 0.509797
0.436908, -1.42771
-0.494409, -0.452964
0.494168, -1.65514
-1.5478, -1.45299
-0.308092, 0.60917
-1.475, 0.64808
0.558528, -0.470265
-1.56103, -0.656164
-1.56412, -0.443491
-1.54149, 0.595184
1.51402, 1.48383
0.584214, 0.469424
-1.44455, 1.5439
-1.51333, -1.54805
1.43199, 0.427441
0.397432, -0.552944
-1.4758, 1.51933
1.39893, -0.566106
0.407748, 0.423913
-1.60403, 1.43631
1.37418, 1.32129
0.65854, 1.4765
1.17199, 1.74543
0.603154, 0.53086
-1.543, -1.43072
1.59005, 0.556122
-0.478719, 0.504314
0.530975, -1.46698
0.463327, -1.51276
0.511022, -1.43575
-0.477321, 1.57104
0.549944, 1.62884
-1.57661, -0.463028
-0.719887, 0.3952
-0.43759, 0.450043
-1.51611, -0.584984
0.449544, 1.40725
-0.39374, -1.43622
-1.63524, 0.387628
0.519249, 1.70755
1.5577, -0.566368
-1.26044, -1.44334
-0.544249, -1.57708
0.461526, -1.49675
-0.533405, -0.340507
-0.35128, 0.542526
1.43203, -0.583087
0.566819, -0.519921
-1.50595, 1.48276
-1.56989, -1.37334
-0.348824, 0.261824
1.4931, -0.525972
-0.385817, -1.60214
0.541784, 0.476504
-0.319177, -0.389037
0.661244, 1.6307
-0.514347, 1.58941
-0.295032, 0.469006
-0.476253, -0.531877
-1.34566, -0.52934
1.65064, -1.40348
1.47447, 0.417997
-1.6733, 0.4674
-1.6761, 1.62258
-1.5572, -0.47375
0.366367, 0.614462
0.614739, 1.55131
-0.430385, 0.419004
1.29254, 1.44815
1.42521, -1.60562
-1.5628, -1.69619
-0.318817, 1.45217
0.442992, -1.46474
-1.41482, -0.552916
-0.496036, 0.580458
-1.31619, 1.49447
-0.428375, -0.51722
-1.38541, -0.541482
-1.38114, 1.38899
0.586436, 0.370724
1.48789, 0.684512
1.59994, 1.51599
1.45931, -1.50867
0.466939, 0.479357
-0.609845, -0.347582
0.575189, 1.47646
0.448383, 0.475939
-1.48401, -0.534364
-0.576111, 0.480657
-1.4008, 0.7129
1.53562, -1.7176
-1.58175, -0.271022
-1.34329, 0.451827
0.53172, -1.49641
0.463434, -1.60263
0.393739, -0.466256
-1.44875, -1.4162
-1.70279, 1.50818
1.60298, -1.5748
0.417705, 1.38112
1.56005, 1.57035
-1.29673, -0.542927
1.51783, -0.346224
-1.71034, 0.489179
1.48849, 0.524611
1.33795, -0.323509
1.55779, -0.460536
-0.55028, -1.45689
1.46406, -1.41828
-1.53193, -0.451018
0.645323, -0.45006
-1.46937, 0.257293
0.367097, 1.36603
0.590443, -1.4393
0.615826, 1.50913
1.56373, 1.50558
-0.625517, -0.453142
-1.55833, 1.4747
-0.427384, -1.5096
-1.3367, 1.44947
-1.34195, -1.46469
0.534911, -1.65447
0.461612, 1.43351
0.490762, 0.505419
1.43456, -0.468216
-1.61128, 1.45536
0.54095, 1.4834
0.4754, 1.35408
1.47921, -1.54951
-1.5724, 1.50483
-1.42217, 1.48626
-1.55498, 0.409722
-0.607468, 0.51173
-1.55784, 1.44549
-1.37011, -1.50303
0.51226, -1.46425
-0.416442, 0.638981
1.5637, -1.46635
-1.71355, 1.53564
-0.577347, -0.564675
-1.4952, -0.44241
-1.68891, 0.432074
0.589663, -0.527716
-0.555037, 1.54117
-1.55302, -0.528738
0.501023, -0.416192
-0.52767, 1.48738
0.546071, -1.59677
0.522075, 0.439033
0.613726, 0.53275
1.58992, -0.433722
1.64604, 1.59106
-1.37332, 0.521762
1.66056, 1.566
-1.50079, -0.585849
-0.438303, -1.65517
0.532047, 1.52021
-1.28302, -1.45936
0.710556, -1.46429
0.476161, 0.451161
0.476978, 1.6371
-0.537759, 0.617946
-0.391636, -0.518386
1.63164, 0.421016
0.561288, 0.646905
0.679649, 0.536613
-0.440275, 1.51384
0.496798, 0.420217
0.634631, 0.436784
-0.365212, -1.48904
0.445464, 1.4717
-0.306028, 1.59703
-1.50583, -0.449779
1.5578, -0.552317
0.435877, 0.404758
-0.366011, 0.528668
-1.33747, 0.409686
-0.415656, 0.498639
-0.440072, -1.25976
-1.42315, 1.31619
0.270035, 0.445921
0.445821, 0.486544
0.668709, 0.709764
0.408249, -1.39762
1.52127, -1.64762
0.523154, 0.272989
-1.60289, -0.619078
-1.41836, -1.42532
0.515433, -0.570295
0.622301, 1.45659
-1.48786, 1.43242
-0.431603, 1.53239
-0.482668, 0.5414
1.72065, -1.55165
0.590745, -1.41741
-0.500193, 0.548952
-0.538816, 0.374108
-0.612666, 0.48157
-0.401178, -1.68874
-0.447119, -0.458796
-0.309051, 0.526511
-0.508278, -1.44559
0.379297, 0.552449
-0.675281, -0.51758
0.328989, -1.47964
-1.29193, 0.393598
1.5721, -1.57481
1.56728, -0.617485
-0.578947, -0.571408
1.51584, -0.359483
1.36947, 1.56604
-1.45779, 1.51493
-1.4329, -0.432782
-0.383855, 1.40314
0.636846, 0.409837
-0.328892, 1.66565
-1.40038, -0.564177
-1.45065, -0.600897
-0.54836, 0.365982
-1.39315, -1.4607
1.54985, 0.539556
1.53826, 0.588811
1.54071, -0.360057
-0.50081, 0.376585
0.664442, -0.549161
0.530472, 0.511082
-1.47608, -1.35724
0.394223, 0.483251
-0.484044, -0.552913
-0.347904, 1.65796
-1.54375, -1.307
-0.500563, 0.425427
-0.315888, 1.58718
-1.4533, 1.317
1.46244, 1.49662
1.61964, -1.70272
1.43368, 0.479814
1.56174, -0.540464
1.4123, 0.458962
-1.52498, -1.57932
-0.541131, 1.60173
0.538268, 1.27459
-0.373545, -1.4435
0.463638, 1.38952
1.31759, -1.36814
-0.256749, -0.502284
-0.646383, 0.561207
0.437143, 1.73598
1.27791, 1.65932
1.43742, 0.5188
-1.4847, 1.57075
0.528765, 1.55936
-1.51029, 0.558403
-0.610799, -1.5173
-0.675353, -1.77484
0.594947, -1.52231
1.63939, 0.463556
1.44263, -1.34515
1.53188, -0.606783
0.411275, 0.415877
0.587798, -0.459279
0.440556, 1.61659
0.55249, 0.456882
-0.549732, -1.62327
0.614647, -0.462932
-0.423009, 1.58545
0.650624, 1.49806
0.460319, 0.503137
-1.45762, 1.57756
0.585467, -1.54038
0.49269, 0.247511
0.474601, -1.4247
1.64658, 1.38166
-0.397243, -1.58126
1.36563, -1.37831
0.304074, -1.36159
-0.589766, 0.567658
-0.36953, -1.53321
-1.48157, -0.445449
1.55844, -1.45569
-0.536411, -0.43353
-0.713349, 1.29697
0.497786, -0.659079
-0.45634, -1.31976
-1.54037, 0.511448
-1.51792, 1.45598
1.3119, 0.483564
0.664577, 0.564383
0.446039, 1.43756
0.458232, -1.46693
-1.48329, 1.48311
0.350411, -0.520543
0.444738, 0.660422
0.684896, 0.508356
1.6661, -0.620258
0.607011, 1.38228
-0.524811, -0.351929
1.5352, 1.82969
0.533049, -1.32
-0.688146, 0.485306
-0.544918, 1.47664
0.409392, -1.55825
-0.526795, -0.377147
-1.57184, 0.384951
-0.477706, -0.493837
0.574833, -1.56457
0.548955, 1.49226
0.453929, 1.47394
1.50047, 1.72529
0.440356, 1.53816
0.463612, 0.413617
-0.47964, 1.3644
0.453189, -1.32856
0.584806, -0.543009
1.4051, 1.59415
-1.53274, -0.508405
1.39885, 1.46918
0.559274, 0.515894
-0.540036, 1.30687
-0.659238, 1.5905
0.42488, 0.627942
-0.549651, -0.470575
-0.349754, -1.51557
0.623757, 1.43693
1.52777, -0.472695
-0.42142, 1.35329
1.52036, -1.4872
-1.51045, -0.392567
1.58292, -1.52663
1.53544, -1.51653
-1.44056, 0.538666
1.50951, -0.59332
-0.59649, 1.30943
0.491504, 1.52365
-1.32736, -1.60101
-0.595401, 0.671694
0.502433, 1.34431
1.35242, -1.40034
-0.726965, -1.57825
-1.47101, 0.332243
-1.5223, -1.40109
0.287383, -0.615221
1.38634, 0.565621
-0.714079, 1.53921
-1.66415, -0.585702
-1.49825, 0.218874
1.55086, 0.47406
1.52809, -1.55841
0.702116, 1.5776
1.5185, 0.360924
-0.543284, 0.371253
1.36916, -0.403719
-0.442189, 1.27694
-0.455482, -0.576131
-1.44751, -1.52758
-0.447041, -1.44638
-0.660132, -1.63218
-1.43279, 1.55946
1.37807, -0.561349
1.62707, -1.61511
-0.508777, 0.381063
-0.54898, 0.442088
0.447787, -1.41358
1.46952, 1.4716
0.479515, 1.41265
-0.490687, -0.578902
1.49221, -1.6505
1.43262, -0.535171
0.374364, 0.490087
-0.548303, -1.26792
1.53471, 1.70775
-1.44557, 0.567525
-0.499374, 1.34003
1.60967, -0.550913
1.42006, -0.432441
1.68546, 1.4151
0.413115, -0.501263
0.542709, -0.589974
1.55171, -1.43701
1.42952, -1.61783
1.42171, -0.410159
0.397099, 0.677113
0.491844, 1.59427
-1.56604, -0.554648
1.60053, 1.52644
0.354623, -1.41425
0.312872, -0.443424
1.46937, -0.507374
1.61659, 0.448947
0.489623, 0.40407
1.56876, -1.46924
1.30523, 0.507059
-1.46022, -1.36848
-1.51938, 1.42452
-1.39309, 1.54638
-0.469993, -1.52171
0.501134, 1.52294
-1.53498, -1.52825
-1.3367, -1.65943
-0.645436, -0.367342
-0.598086, 0.429196
1.32, 1.36533
0.33667, 0.501228
-0.503528, 1.45357
-0.471627, 1.55577
0.483166, -1.61348
0.450345, 1.55799
-0.42473, -1.64435
0.554338, 1.49465
0.407538, -0.454117
0.342707, -0.394065
-0.481022, -1.43487
1.45429, 1.57845
1.42754, -1.52016
1.59063, -0.423043
-0.509641, -0.405371
-0.568723, 0.557149
-0.419752, 0.228235
1.45412, 0.562967
0.602962, -1.24341
0.540031, -1.66784
0.639927, 1.57345
-1.35733, 0.444017
1.4001, -0.511194
-0.362483, -0.672872
0.340542, 1.63558
-1.38539, -1.28603
0.542425, 1.45584
1.5165, -0.567547
0.504606, 0.613212
-1.55287, 0.491797
-0.573376, -0.447885
0.571506, 0.495383
-0.588326, 1.71719
-0.55096, -0.35113
-0.536131, 1.44133
0.523586, -1.40671
0.304782, 1.43547
-0.453234, 1.52718
0.57761, -0.510293
-1.51284, -0.554413
0.343758, -1.3994
-1.47675, 0.634324
1.44703, 0.596038
-1.32585, 0.550268
1.49795, 0.553235
1.4202, -0.616505
1.41657, -1.51398
-1.63769, -1.60387
-0.441037, 1.36345
0.507929, 1.46822
1.52863, 0.605789
0.570413, 1.46657
-0.646393, -1.72205
0.451267, -0.485194
-0.618985, 0.400853
-1.51977, -1.52576
0.417392, -0.523888
1.40223, 0.75523
0.562589, 1.38795
1.41122, -1.49622
0.635194, 0.353287
-1.3956, -1.65147
-1.62992, 0.456186
1.43437, -0.564219
1.68638, 1.42484
-1.5091, 1.58341
1.58159, 0.566144
1.48101, 0.524987
0.484979, -1.57987
-1.50003, -1.54327
1.56437, -1.51488
0.573935, 1.47651
-1.41441, 0.36632
-1.54493, 0.559833
-1.45453, -0.315473
1.60633, 0.406801
-1.63714, 0.50954
-1.5683, 0.457012
-1.4305, 1.41763
-1.48923, 1.574
0.470623, -1.53558
1.41155, -0.431577
-1.47146, -1.61008
0.35831, -1.35469
-0.641975, -0.404513
-0.526677, 1.44808
0.61958, -0.660925
0.567905, -0.437615
-0.483343, -0.398704
-0.396876, 0.657588
-0.390559, 1.45967
-0.544061, -0.557089
0.573326, -0.517095
1.51775, 0.364398
-0.418146, -0.407172
-1.46925, 0.727101
0.495728, 1.38463
1.56665, -1.76344
-0.523236, -0.498939
1.49231, -0.521119
0.39069, 1.37073
0.33644, 1.64632
0.442488, 0.550368
-0.710106, -0.46226
-1.45875, 1.39719
-0.298381, 1.45399
-1.55004, -1.55814
-0.529546, 0.616879
0.679301, 0.379717
-0.578932, 1.49473
1.43245, -1.48243
0.323031, 1.46939
-1.58175, -0.468732
1.4496, 0.626958
-0.503796, -0.528061
-0.445561, -1.49581
0.36899, 1.55543
-1.45155, -1.48012
-1.57489, -0.356816
1.34661, -1.50319
-1.62036, -0.359042
-1.56298, -0.689246
-1.55644, -0.569215
-0.400913, -0.539394
-0.407273, -1.53782
1.55072, 1.51617
-0.563194, 0.588088
1.3067, 0.525093
-0.491087, 1.5043
0.618608, 0.491245
-0.469516, -0.463015
-1.41278, -1.52083
0.622842, 1.35529
-0.655575, 0.523737
1.51641, -0.676509
1.7226, -1.53928
0.493247, -0.56718
0.4735, 1.39164
-1.39642, -1.495
-1.41056, -0.710356
1.53601, -1.4942
-0.711667, -1.5315
-0.416817, -1.4556
0.435549, 1.34051
-0.496996, 1.54924
-0.47863, -0.45208
0.522054, 1.53818
0.562332, 0.443646
0.398629, 1.19978
0.419208, -1.64146
-1.56756, -0.24058
-1.47703, -1.54541
1.39579, 1.50215
1.41545, 1.53967
1.60897, -0.411461
0.519721, -1.46593
-1.54948, -1.55874
1.59187, 0.366161
-1.394, -0.503149
-0.501553, -0.590487
1.45482, 1.37243
0.413967, -0.445967
0.575884, 1.6465
0.655655, 0.550239
-0.431758, -0.398814
-0.482831, 0.4248
0.423364, 0.431646
1.46292, -1.50417
-0.4319, 1.50713
0.560786, 0.438172
1.54633, -1.38166
-0.544153, -1.44307
-1.46899, -0.434443
1.54839, -1.47486
-1.43979, -0.411813
-1.53407, -0.591649
-1.5274, 1.40561
-1.48528, -0.497314
-1.47914, -1.36491
1.4653, -1.56128
0.551056, -1.44397
-1.46162, 0.559428
0.56525, -1.64749
1.69947, 1.40737
-0.672537, 1.68053
1.35261, -0.284062
-1.46157, -1.56408
0.347902, 0.536304
-0.7404, -0.515999
0.460692, 1.3973
-0.589583, -1.62798
1.54606, 1.51294
-0.465133, 1.53942
0.438118, 0.391717
-0.539506, 0.389318
0.459794, -1.54944
-0.463113, -0.635409
-0.495015, -0.37432
0.349016, 1.32617
1.42789, -1.46139
-1.39958, -0.499199
-1.52706, -0.354892
-1.39343, 1.48184
-0.558912, 1.37287
0.559756, -0.492729
-0.415133, 1.52621
-1.36677, 1.46752
0.604819, -0.20547
-0.465633, -0.472425
-1.71036, -0.203416
-0.422481, 1.53389
-1.34145, -1.44815
0.489718, -1.35305
0.492237, 0.348511
1.57079, 0.296972
1.66625, -1.58091
1.51929, 1.47225
-0.468865, 0.333837
-0.439536, 1.6052
0.601469, 0.502482
-0.600022, 0.476448
-1.57604, -0.349268
0.717892, -0.454758
0.486469, 0.407153
-0.461654, -1.60577
1.61481, 1.41191
1.46314, -1.49675
1.52541, 1.55544
-1.60539, -1.47557
-0.480319, -1.37656
1.44414, -0.502024
0.592971, -0.601089
1.63701, -1.20144
1.62657, -0.411169
-0.564236, 0.54972
-1.68743, -1.74506
0.387423, -0.56274
0.559984, 0.564221
-1.47266, 0.298889
1.39818, -0.347209
-0.478449, -0.474529
0.50471, -0.573323
1.42299, 1.56023
1.38114, -1.55284
1.32449, -0.336665
-0.422646, 1.59758
-1.46208, -0.647786
-0.621116, -1.60336
0.442415, -0.376817
-1.61123, 1.45411
-0.425593, -1.51077
-0.532216, -1.64341
0.517019, 0.607927
1.39015, 1.44524
-0.572499, -0.611177
0.549634, -1.5674
0.615001, -1.50003
-0.602892, -1.60391
0.62721, 1.53087
-0.634152, 0.602986
1.59578, -1.42087
1.57655, -1.50311
1.37625, 0.507083
-1.3133, -1.47283
-0.430201, -0.64547
-0.419878, -1.41216
-0.490853, -1.60303
0.300177, 0.551579
0.416858, 1.29257
0.588326, 1.41995
-1.43054, -1.56185
-0.499095, -1.62099
-0.671495, -1.45047
-1.42803, 1.54369
1.78826, 1.61608
-0.385743, -0.589233
-1.34276, 0.537282
1.44036, -0.501527
-1.58258, 1.38909
-1.52002, -0.2926
-1.77657, -0.440004
1.40509, 0.568426
-1.46411, 0.612047
0.534918, -0.599961
1.55482, 1.45036
1.47745, -1.68296
1.60332, -0.424608
1.50632, -1.46551
-0.58242, -0.512508
-0.496441, 1.64621
1.41416, -1.57089
1.5247, -0.493646
-0.548421, -1.36951
-0.448942, -1.60394
-0.554505, 0.473044
1.46776, 0.489828
0.546748, -0.468785
0.463387, 0.536703
-0.424799, 1.58705
0.508204, 0.545254
0.623256, 0.544529
-1.50256, -1.58402
1.40777, -0.505857
1.42513, 0.530016
1.46592, -0.468898
1.54998, -1.66602
1.53404, -0.561032
1.52575, 0.475319
-1.5352, -0.436003
1.5464, -0.511441
1.52089, 1.62457
1.42458, 1.38354
0.534755, 1.59545
0.627536, -0.488582
-1.42855, -0.668253
0.403238, 1.36233
-1.41667, 0.442392
-0.563382, -1.50304
1.60757, 0.421348
1.49109, -0.538117
0.456252, 1.35792
1.40952, 0.449322
-0.542409, 1.54305
-0.455527, -1.54943
-1.5078, -0.544516
0.493883, 0.536772
-0.548625, -0.53853
1.6073, -1.66917
-1.43451, -0.431688
1.45587, 0.656117
1.71736, 0.567203
0.463475, -0.403831
0.472529, 1.58356
-1.63468, 0.47268
0.367723, -1.50071
0.489632, 0.513917
0.452174, 0.469051
-0.464191, 0.582202
-0.467978, -0.443244
0.459051, -0.625006
-0.581639, 1.59302
-1.57288, 1.49245
-0.531923, -0.45551
1.55648, -1.32104
-1.40315, 1.47718
1.34537, -1.57347
-0.470373, 0.415653
0.501877, 0.561105
1.37641, -1.7505
0.657535, 0.37264
1.69709, 1.66014
-0.526639, 0.351115
-0.480953, 1.47488
-0.625617, -1.61451
1.50486, 1.45326
0.401295, 0.528758
-1.62693, -0.510672
-0.63395, 0.54276
-0.543849, -1.58858
-1.48027, 0.568602
-0.53332, -0.392147
-1.41575, 0.489014
-1.47982, 0.55133
-1.79268, 1.49655
0.570583, 1.48598
0.443377, -0.651518
1.36867, -1.42842
1.45194, -1.70087
-1.57142, -1.67495
0.557001, -0.540438
0.498213, -1.50739
1.55403, 1.52464
0.56487, -0.351771
0.416355, -1.65802
0.510456, -1.55901
0.599859, -0.517541
1.48397, -1.67365
-1.38281, 0.461519
1.49873, -1.84511
0.307326, -1.63833
0.226596, -0.454705
1.47018, 1.43826
-1.48795, 0.387305
0.408499, -0.200153
0.603403, -0.48957
0.590059, 0.488364
0.629495, -1.48035
0.544843, -0.552579
-0.461001, -1.56289
1.76552, -0.462754
-1.57669, -1.55635
0.801682, 0.458677
-1.37871, 0.469822
0.713232, -0.478333
-1.40741, 0.496368
-1.55851, 0.468609
0.533919, -0.480992
0.357153, -0.528236
0.579475, -0.610893
-0.711555, 0.648368
1.45359, 1.55821
-1.56, 0.441661
-1.4297, 1.69393
-1.55046, 0.617169
0.494683, 0.583621
1.44722, -1.4492
-1.6003, -1.6368
-1.62413, 1.55298
1.68893, 0.435832
1.58923, 0.487886
-0.53426, -1.4126
1.50608, 0.329419
-1.54906, -1.47034
0.462908, 1.54508
-0.403078, -0.586429
0.551008, 0.628497
-0.715388, -0.492848
-1.43144, 0.60625
-0.56193, 1.44
0.42514, -1.56973
0.509231, 0.576386
0.603463, 1.5373
0.58289, -1.58126
1.58603, -0.621238
-1.50398, -0.717595
-1.52332, -1.56956
1.57465, 0.60301
0.514579, 1.3971
-1.5296, 1.42176
-0.560275, -1.51744
0.620207, 1.60256
-1.50265, -0.307491
0.420621, -1.65242
1.56764, -0.406895
0.446833, -1.50352
-0.463702, 1.70818
-1.56532, -1.44408
-1.52843, 1.48402
0.384767, 0.549662
1.58655, -0.376886
1.41159, -0.604975
1.62836, -1.29822
-1.68706, -1.40596
-0.541363, 1.66199
-0.433958, -0.362274
1.4449, 1.48919
0.581063, -0.477784
1.52374, -1.45707
-1.45898, -1.5853
1.52815, 1.47288
-1.66558, -0.595418
-1.6249, 1.56717
0.469111, 0.697843
-0.462339, 0.635975
0.522533, -1.41987
1.6362, -1.5476
-1.65427, 1.70828
1.53652, -0.313128
-1.31976, 1.49856
-0.311186, -0.517914
-1.59469, -0.508911
0.53788, -1.37425
-1.44905, 0.464734
-1.61137, -1.6295
0.4672, 1.55096
-1.51987, 1.6456
0.526545, -0.414554
0.584102, 1.44296
-1.63078, -0.293046
-0.358128, -0.338602
-0.549547, 1.36877
1.78488, 1.48896
1.5547, 0.42075
0.480391, 1.46053
0.43757, -0.721368
-0.528424, 0.315417
-1.44242, 0.485648
1.48151, 1.47297
-0.594696, 1.56079
-1.28061, 0.535951
-1.44795, 0.577853
-0.44534, 0.532497
0.61814, -1.70732
-1.62314, -1.51971
0.513737, -0.387125
1.50567, -1.44627
-0.374832, 1.47429
1.63304, 0.638357
-1.59947, 0.410855
0.598199, -1.53812
1.46701, 1.54526
0.329403, -0.474493
-1.63456, -1.51683
-1.46723, -1.34206
-1.43363, 1.66852
0.612025, -1.44113
1.65661, 1.28598
1.3436, -1.62012
0.435522, 1.68814
0.468352, 0.46479
1.71625, 0.629265
-0.347576, 0.618772
-1.56316, -0.619321
0.624771, 1.27137
1.58618, -1.49708
-1.53178, 1.58895
-1.59341, -1.51117
-1.4565, 1.6101
0.595476, 0.656124
-0.349584, -0.458813
-1.34425, 1.44072
1.60548, -0.400541
-1.61127, 0.539733
-1.32616, 1.5312
1.53584, -0.463919
-0.676976, -0.582016
1.45004, -0.542557
1.73475, 0.589583
-0.708371, -1.40839
0.398656, -1.49105
0.390312, 0.510907
-0.654005, -1.45103
-1.44178, -1.52013
0.504819, -0.445653
-1.50753, -1.64268
0.570214, -1.53647
0.402419, 0.471656
0.608051, 0.617125
0.382161, 1.57081
-1.54033, 1.45366
-0.464246, 1.39261
1.44109, -0.309292
1.40358, 0.610295
-1.56938, -1.58183
-0.260575, -1.52997
0.508748, -0.582817
0.576231, 0.666965
-0.337123, -0.45381
-0.500881, 0.64178
-1.50291, 0.633214
-0.649319, 0.649611
-0.453573, 0.390543
-1.6819, 0.397903
0.679694, -1.29433
-0.526284, 1.59291
0.572179, 1.55834
1.5593, 1.33856
1.37738, 1.48045
-0.521322, -0.741193
1.56737, -1.496
1.65707, -1.56527
1.51812, -0.555893
0.492445, -0.559476
-1.60913, 0.424211
-0.463348, -0.532167
1.53674, 0.582335
1.43842, 0.57031
-0.550033, 1.35827
-0.563484, -0.622688
-0.742036, 0.582303
0.665707, -1.30935
1.43816, 1.39925
-1.64779, -0.396251
1.39253, 0.327696
-1.40676, -1.59791
0.589797, -1.59146
-1.55426, -0.514616
1.528, -1.56878
-1.55189, 1.48127
-1.43118, -1.58938
1.69517, 1.55455
-0.409149, -0.40885
1.4235, -1.53921
-0.549676, 1.39193
-1.5948, 1.5864
1.47177, 0.649552
0.470587, 0.428959
-0.623043, -1.57342
-0.4187, 1.58531
-1.48519, 0.61234
1.70282, -0.622652
1.46604, 1.75987
-1.6095, -0.439324
0.511152, -0.557733
-1.43105, -0.375285
-1.43532, 1.42844
-0.427094, 1.55395
-0.633389, 1.48739
-0.262781, 1.49395
0.429912, -1.51111
0.407961, -1.63488
0.343545, -0.518674
0.433918, 0.560788
0.589738, -0.395093
-1.39289, -0.51031
1.61078, 0.462435
-0.612557, 0.641805
-0.622515, 0.423093
-0.548678, -0.70886
0.505083, 0.423035
0.385916, 1.2457
-0.421021, 0.459972
1.64525, -1.38646
0.513712, -1.58645
1.5491, 1.61051
1.57603, -0.503849
-0.403011, -0.522988
-0.53415, -0.49031
0.533178, 0.661907
-1.53379, 1.654
-0.476377, -1.46157
0.474387, 0.469277
0.502625, 0.652842
1.46392, -1.65754
1.41764, 1.56837
1.30762, 1.40879
-0.520208, -1.41048
-0.576947, -0.504821
1.75176, 0.46112
-0.573565, -0.52839
-1.58185, -1.48676
-1.58644, 1.5446
0.553575, 0.591356
-0.509533, -1.30327
1.54329, 1.51157
-0.29627, -0.479984
-0.465531, -1.58785
-1.4655, 1.52512
0.558767, -0.699568
-1.53797, 0.542708
0.515822, -0.450078
0.728273, 1.51568
-0.37661, -1.55231
-1.53669, -0.471447
-1.57196, -0.554462
-0.412081, 0.381338
-0.38946, -0.42783
0.627189, -1.48225
0.58013, -1.4837
-1.36785, 1.5663
1.51907, -0.457328
-0.438136, -0.678054
0.503161, -0.553592
0.578003, -1.43717
-1.56214, 1.46413
0.476541, 1.57168
0.578187, 0.391365
1.45736, -0.555462
-1.31535, -0.538862
1.52501, -1.43315
0.472417, 0.559899
-1.5098, 1.46722
0.475353, 1.62828
-1.57059, 0.560122
0.527305, -0.513114
-1.50099, -1.55417
1.6419, 0.56336
-1.47279, -1.65607
0.433608, -1.64869
0.584782, -0.532326
-1.63251, 1.45808
-0.661544, -0.571196
0.40359, 1.40973
-1.54037, 0.517068
-1.34915, 0.551491
-0.224338, 1.59795
-0.416187, 1.46657
-0.558873, 1.53528
-0.470846, -1.37267
1.31061, 0.509359
-1.5346, 1.54361
-1.46427, -0.621774
-1.46827, -1.50511
0.470877, 0.484413
-1.4668, 1.56438
-0.342364, 1.41194
-0.403562, -0.476846
0.609009, 1.33326
-1.54843, -0.508538
-1.48408, -1.67434
1.55999, 0.416596
1.59715, -0.500543
-0.601402, -1.66988
0.537854, 1.39811
-0.374391, -1.53299
-0.249169, -0.350903
1.13833, -0.489638
0.693229, 0.356045
-1.42169, 0.543405
1.59617, -1.4948
0.60772, 0.470807
1.45638, 0.34587
1.34595, 1.67511
0.542441, 1.58936
1.59739, 1.50053
-1.53775, -1.52887
0.577528, -0.415989
-0.416641, -0.58396
-1.63229, 1.66289
1.59362, -0.48575
-0.467764, 1.54396
-1.40935, 0.543807
1.54456, 1.56174
0.443823, -1.6969
1.64768, -0.712302
-0.483119, -1.32454
-1.21506, -1.47356
0.448829, 1.45325
-0.479158, -0.352874
0.518769, 0.640622
-1.70786, 0.406935
1.492, -1.50774
0.520838, 0.551365
-1.48287, -1.46934
-0.428925, -1.53838
0.573399, 1.7219
-0.637676, -0.583788
-0.378335, 1.6945
-0.579285, -0.522725
-0.608576, -0.385196
-1.55249, 1.50151
0.373537, -0.507024
-1.56091, -0.41419
1.44763, -1.50285
-1.34915, -1.45623
0.527025, 0.5692
0.547016, 0.460527
-0.418892, -1.7724
-1.62058, -0.504678
-1.48861, -0.485513
-1.65723, -1.59487
1.43794, 1.55624
1.58893, -1.547
-0.494132, 1.59701
0.426386, -1.48903
0.531253, -1.44308
-1.47813, -1.51423
0.502408, 1.53239
1.49983, 0.613758
-0.513187, 0.548654
1.43095, 1.40782
0.452165, 1.41705
-0.553888, -0.437459
-1.51455, -0.534207
-0.43466, -1.60578
0.538069, 1.64219
-1.45609, 0.567661
-1.53067, -1.45228
0.752379, 0.616125
-1.36526, 1.47567
1.40774, 0.439406
0.614919, -0.462038
-0.480779, 1.43767
-0.311617, 0.352053
0.521502, -0.386958
-0.469361, 1.575
0.287426, 0.458844
-0.626446, -0.458712
-1.43053, 0.61049
-1.62093, -0.5923
-0.301162, -1.70495
-1.53708, -0.374319
1.53504, 1.59563
-0.398853, -1.53012
-1.52902, -1.47656
0.376282, -0.487099
0.516586, 0.444369
-1.70644, 0.422295
0.549474, -1.51958
-1.52131, -0.5923
1.54232, 1.55912
1.45902, 0.463774
1.46403, 1.59267
-0.440417, 0.334734
0.571911, 0.425031
-1.38237, -1.49539
-1.48724, -1.62271
-1.55426, -1.6651
-1.58128, -0.55948
0.688199, 1.64933
0.463242, 1.34887
-1.65118, -1.55548
1.13755, 0.432713
-0.533636, -0.49535
0.354556, -1.45322
1.56906, 0.545318
0.418498, -1.374
1.59835, 0.516289
-0.465217, -1.50766
0.457724, 1.49449
0.494569, 0.622765
0.426784, -1.20027
0.656638, 0.701904
0.40212, -0.398229
0.56076, -0.577692
0.526789, -1.52268
0.509009, -1.44322
-1.51716, -0.54251
0.454102, 1.51758
1.58901, -0.432358
-1.43045, -1.56853
0.404377, 0.355215
0.422271, 0.424159
-1.38059, -0.446602
-0.447575, -1.61451
1.53168, -0.695362
-1.37668, -0.564721
-0.530263, -1.63669
-1.40524, -1.29557
-1.56506, -0.640039
-1.57406, -1.53543
-0.665887, 1.31584
1.52823, 1.64357
0.434035, -0.286586
-0.647795, -0.473519
0.526879, 0.703425
-0.487503, -0.60189
0.520746, 0.35944
-0.562019, 0.468948
0.347398, 0.485875
-1.6351, -0.509517
-1.60394, 1.43219
-0.696783, 1.51327
0.526831, 1.35542
0.478427, -1.57247
-0.313219, 1.4275
1.43519, 0.45416
-0.583373, -0.36179
-1.62745, 1.64646
-0.512373, -1.55116
-1.34921, 1.73268
0.358749, -1.535
-0.508312, 0.508939
-0.465342, 0.538263
0.631703, -1.51709
-0.635758, -1.33462
-1.54874, 0.566963
-0.544507, 0.388652
-0.61682, 1.3758
0.693738, -0.585737
-1.27638, 0.6014
-0.553068, 0.46784
-1.65555, -1.29768
-1.65818, 1.6136
-1.51325, -1.58401
-0.609785, -0.573692
0.565624, -0.567965
-0.584452, -1.47384
-1.45246, 1.58888
1.43002, -1.55572
0.540921, 0.596335
-0.663625, 1.49557
0.599625, -0.703423
-0.323223, -1.42957
-0.557309, -1.60944
1.38008, -1.48832
1.47931, -1.35857
-1.53115, -0.44554
-1.47512, -0.56602
1.4109, -1.66882
-0.468602, 0.426686
-1.50974, -1.33496
0.611605, 1.49524
0.541183, -1.5333
-0.582906, 0.249206
0.613536, 0.66448
-0.60304, -1.44745
0.362324, -0.364601
-1.84955, -1.44553
-1.47931, -1.47498
-1.55821, 1.44296
-0.584976, -1.52304
1.66792, -1.46796
1.47989, 1.37265
0.685826, 0.563453
-0.557428, -0.495532
-1.68193, -1.27208
-1.40932, -1.68995
0.407652, 0.435576
1.45546, 1.31677
-0.444077, 1.61148
-1.55141, -1.46715
1.60882, -0.568468
-1.41259, -1.46072
-1.56184, 1.52657
-0.438798, -0.442039
-0.414804, -0.521702
-0.555326, -1.48131
-0.605446, 1.41737
1.44256, 1.5042
-1.40801, -1.49137
-0.557723, 0.39487
0.513076, 0.438453
-0.395536, 1.33288
-1.57094, 0.395777
1.45025, 1.49787
-0.682633, 1.5576
1.57981, 0.360747
0.429628, -0.407417
1.43277, -0.561518
-1.51668, -1.4396
-1.52996, -1.68792
-1.52879, 0.555793
1.46774, 1.61917
1.73121, 0.427768
1.57332, 1.53094
-0.464105, 1.44444
0.705516, -1.41912
-1.35156, -1.46786
-1.47079, -0.548213
1.37715, 0.543794
0.512758, -1.57882
-1.46813, 1.66945
-1.3238, 0.507752
-1.61206, -1.51904
-1.55757, -1.31005
-1.41721, 1.49081
1.44216, 1.49376
0.357785, -0.694392
1.53027, -0.470042
-1.49463, 0.623213
-1.54489, -0.684504
-0.571416, 1.62228
-0.489243, -1.53674
-0.583815, 1.59079
-1.6113, 0.413089
1.44799, 0.398853
1.60759, -1.55175
-0.599129, 1.43621
-0.405598, 1.41898
1.46899, -1.65935
1.3862, -0.465252
-1.60202, -1.22973
-1.57003, 1.43439
-0.538422, 0.431246
1.47865, -1.40773
0.489303, -0.474641
0.433338, -0.496827
1.69147, -0.310999
-1.38655, 0.23326
0.499701, 0.356386
0.582521, 1.55069
1.46444, 1.44472
-0.470228, 1.57045
1.60383, 1.71351
1.57963, 0.399037
1.45975, -1.51536
1.63877, -1.50669
0.375787, -0.433557
-1.39545, 1.34367
-1.44587, 0.433911
-0.436059, -0.645201
0.706148, 1.40449
-0.416103, -1.40681
-1.46718, -0.484999
-1.50367, 0.400772
-0.346372, 0.441793
-0.640392, 0.503345
0.697289, 0.482975
-0.45948, -0.451855
-0.392844, -1.29802
1.51214, -0.473219
-0.691439, 0.714482
1.58631, 1.49599
-1.54848, -0.370134
0.514129, -0.50971
1.61295, 1.68837
-0.478938, -1.65281
1.60219, 1.45411
-1.60701, 0.46506
0.611223, -0.517431
1.53024, -1.43326
-1.55028, -1.35469
1.40685, 0.434383
-1.47867, -1.55357
-1.55436, 0.436827
0.308778, 1.43239
-1.46867, -0.501838
1.37399, 1.56519
-0.474962, 1.61786
-0.448143, 0.449554
-1.62877, 0.497859
0.410599, -1.58666
-0.44367, -1.50635
-1.51677, -1.50694
-1.48052, 1.62258
1.5219, -1.44986
1.67757, -1.53832
0.66881, 0.608911
0.51586, -0.646648
-0.514732, -0.47116
-0.415238, 0.47234
-1.41835, -0.534211
1.64646, -0.315479
-1.68292, -1.48065
0.519043, 1.42668
0.507531, -1.56628
-0.475803, 0.534891
-1.52411, 1.57442
1.44459, -0.430437
-0.517079, -1.31745
1.48751, -0.402734
-0.567275, 1.62697
-1.45793, -1.40223
-0.434804, 1.51978
1.49693, 1.49271
-1.41702, 0.617156
1.47467, 1.43381
-0.507129, -0.624847
1.47982, 0.398052
0.563458, -1.53115
1.59828, 1.46164
-0.331968, -1.47208
-0.254844, -1.41972
1.61069, 0.54203
-0.366454, 0.486265
-0.634818, 1.5176
-1.59252, 1.44012
0.404608, -0.474787
-1.4805, -1.60426
-1.58704, 1.38122
1.48227, 0.572939
-1.52749, -0.507496
0.53062, -1.4837
-1.53408, -0.591546
1.43553, 1.64017
-0.344246, 1.55041
1.36654, 1.40555
1.58723, -0.495569
0.516032, 1.33743
-1.47179, -1.44342
1.4748, 0.645196
0.579961, 0.340952
-0.553077, 1.37545
0.69519, -1.53727
-0.667336, -0.546342
1.5716, 1.47992
-1.58896, -1.61829
-0.509211, -0.514994
-0.357156, -1.56216
1.49083, -0.332134
0.555059, -0.453689
0.44011, -1.5472
1.43912, -0.662877
1.54859, 1.44406
-1.49784, 1.37334
-0.473024, -1.50609
-1.64816, 0.413796
-0.410165, -0.364299
1.43918, -0.540373
0.341438, 0.380613
1.67675, -0.392974
-1.56346, -1.32605
0.622482, 1.52531
-0.593924, 0.402209
1.46082, 1.69533
0.476413, -0.554134
-1.48953, -1.42255
0.543498, -1.43478
-0.390777, 0.259683
0.688921, -0.556673
0.450396, 1.46723
1.43201, 0.600726
-0.572533, -0.359171
0.548102, -1.60205
0.429817, 1.60369
1.65826, -0.503146
-0.427164, -0.481193
-1.64285, 0.4486
1.49066, 1.39935
-1.4669, -1.38012
1.40015, -0.475276
0.339963, 0.33474
0.544403, 1.65195
1.54558, -0.438212
1.4645, 0.405002
0.54522, -0.517787
-1.3735, -1.55446
0.493825, 0.606963
0.528333, -0.528126
1.62837, -0.484212
-1.42891, -0.560284
-0.618085, 0.577796
-1.51626, -0.366577
0.590998, 0.401535
1.51503, 0.498627
1.50392, -0.458407
-0.611384, -1.65821
1.46629, -1.53979
-0.356736, -1.6353
1.35511, -1.45705
0.457064, 1.43085
0.516403, -1.46759
0.566933, -0.509567
-0.597168, 1.46416
-0.387341, -0.481388
-0.68527, 0.426631
-1.37979, -0.523935
-1.53733, -1.53706
-0.662985, -0.469817
0.47708, 0.465301
1.59181, 1.41773
-0.564512, 0.470744
-0.672078, -0.506322
-0.614183, -0.48308
-1.59863, -1.58376
0.407657, 0.392906
0.63875, 1.51233
1.50333, -1.56029
-1.44145, 1.28105
1.47882, 0.475698
1.44661, -1.42836
-0.455516, -0.482175
1.44465, -0.420499
-0.451635, -0.500904
1.49483, -1.49156
1.42593, 0.692719
-0.55791, -0.542643
-0.460019, 0.557772
1.66042, 0.604333
0.427807, -0.5828
-1.47989, -0.654197
-0.634184, -0.429297
1.58791, 1.65666
1.39296, 0.36432
1.52433, 0.519295
1.60848, 1.39287
-0.514722, -0.438721
-0.401069, -1.46965
0.423031, 1.24489
-0.776948, -0.392035
1.43042, -0.315104
0.461954, -0.456518
-0.51334, 0.482255
0.630588, 1.67354
-0.392202, -0.659782
1.55806, -0.45163
-1.32811, 0.471044
1.55221, -1.63681
1.55631, -0.553865
-1.43918, -1.70768
0.433644, -1.59793
-1.53663, -1.59642
-1.45608, 1.47193
0.582989, -1.80684
1.70554, -0.327759
1.39989, -1.6002
0.515926, -1.69641
1.34415, -0.554371
-0.455758, -1.56993
-1.57607, 1.43455
-1.50971, -1.48513
-0.573531, 0.451827
1.57937, 1.44937
0.593136, 0.689195
-0.515863, -1.57192
-0.515767, -0.573278
0.580954, -1.42313
-1.40441, -1.40557
-1.59166, 0.411153
-1.59772, -1.68588
0.563152, -0.585575
-1.4586, 1.51736
1.43094, -1.51347
-1.50908, -0.583602
0.326859, 1.55224
-0.612015, -1.51926
-1.71797, -1.47973
0.242843, -1.62601
-1.59026, 1.49252
0.436245, 0.489225
-0.61344, 0.555147
0.611531, 0.501076
1.60897, 0.38385
1.41737, -1.425
0.29252, -1.45168
1.48567, 0.486274
1.5407, -1.41568
1.51253, 0.46825
0.686508, 1.5251
-0.464148, -1.41386
1.51286, -0.712022
1.58991, -0.640185
0.650229, -1.40836
-1.53183, 1.66522
-0.625191, 1.47131
0.611685, 1.46335
-1.52882, 1.61864
-1.53998, 1.41774
0.51146, -0.545657
-1.5452, 1.58213
-0.253398, -1.69168
-1.32202, 0.527541
1.63995, 0.390839
-0.41762, -1.45475
1.37934, 0.518075
-0.524533, 1.63415
-1.66188, 1.58301
0.454822, -1.55052
1.45335, 0.50557
1.55606, -1.5569
-1.33293, 1.31455
-1.46576, -1.40507
-0.334054, -1.57639
1.42355, -0.58858
1.25409, -1.56418
0.606627, -0.400711
-0.556274, 0.534423
-1.37785, -1.36536
1.53776, 1.59561
-0.621724, 1.37075
1.34296, -1.49462
0.475466, -0.444624
1.65482, 1.36473
-1.40456, -0.677624
-0.641638, 0.483837
-1.4594, -0.520174
-1.49499, 0.584524
-0.609153, -0.308201
1.51598, 0.485336
0.584994, -0.377332
1.50636, -1.42822
0.681188, 0.501527
1.64296, -1.53723
-0.525444, 1.49147
-0.526363, -1.73832
-1.54949, 0.463529
-1.41411, 1.507
0.435124, 1.46405
-1.60392, 1.56442
0.540267, 1.37526
-1.61857, -0.395241
-1.49873, -0.5223
-0.554132, 0.558579
1.36251, 1.57172
0.512058, -1.5279
-1.4845, 1.57891
-1.55427, 1.49443
1.47827, 0.457523
1.64356, -1.36463
-1.46481, 1.48839
1.54574, -1.48814
-0.304258, 0.598476
1.59643, 1.4107
-0.395559, 0.361866
-0.47645, 1.53741
-0.456315, -1.55393
-1.64714, 1.31067
-1.54006, 1.46472
-1.4928, 1.54602
-1.30241, -0.512639
1.60439, 1.40363
1.68673, -0.401994
1.31426, -1.45087
1.46574, -1.64528
0.632929, 1.55677
-1.58261, 1.605
0.450325, -0.372402
1.48053, 1.66673
0.576916, -1.45263
-0.410486, 0.540654
-0.496309, 0.426982
-1.59144, -0.654051
0.543149, -0.616474
-1.53099, 0.45192
-0.67064, 1.57575
0.63296, -0.214628
-0.625149, 0.400001
-1.47263, -1.49554
-0.635273, 1.46797
0.57543, -0.337698
-0.442564, -1.64488
0.363902, -1.43756
1.4856, -1.53909
-1.37873, 0.590191
-0.463612, -1.48135
-0.58316, 0.482721
-1.33058, -1.65834
0.367186, -0.465765
1.5898, -0.442207
0.33948, 0.577601
-0.294594, 1.69102
-0.529209, -0.536219
1.37368, 1.46797
0.587122, -1.56459
1.51218, 0.511763
-1.52264, 0.342834
-1.41336, 1.60848
-0.37213, 1.60575
1.38123, 1.56725
1.32224, -0.680347
-1.3919, -0.551217
1.53005, 0.648787
-1.44798, 0.63238
-0.3328, 1.6734
1.40911, 0.343709
-0.457965, -1.52856
0.541413, 0.636063
-0.510984, 1.57834
-1.53116, 0.563874
1.64301, 0.523088
0.494844, -1.69124
-1.3728, -1.3655
0.614298, 1.41119
-1.44788, -0.571896
-1.51759, -1.52684
1.51594, -1.55498
-0.508792, 0.603085
0.537575, 1.56638
-0.421672, -0.620481
-1.56201, 1.40906
-1.74509, -1.6557
-1.47148, -0.744978
0.433582, -0.550675
-0.622125, -1.38741
1.48657, -0.648304
1.45386, -1.45799
0.278144, 1.47793
1.51575, -0.568681
-1.44698, 1.62081
1.19224, -1.48291
0.468954, 1.46126
-1.53503, 0.536748
-0.447473, 1.66703
-1.56587, -0.256853
-1.49791, 1.40635
1.48166, -0.469893
-1.46911, -0.645379
-1.48389, 0.553592
1.47901, 0.519515
-1.57904, 0.451686
1.45489, -1.60022
-0.56213, 1.52761
0.517042, -1.71225
0.537746, -1.44506
1.57237, -1.52433
-0.378603, -1.41394
0.388563, 1.50188
1.48583, -1.44411
0.510156, 1.67346
0.385277, -1.46584
-1.45846, -0.452476
-1.46416, 0.725482
-0.561551, 0.63158
-1.56144, 1.4229
-1.44998, 1.42308
-0.461099, -1.63391
-1.52257, 1.73413
0.701765, 0.505532
1.67112, -1.38931
-1.31273, -1.54287
-0.415923, -1.57333
-0.354434, 1.46719
1.56795, -0.503477
-1.43663, -0.746661
0.468327, 1.56494
0.611467, 1.49133
-1.55133, -1.48418
0.443223, -0.463002
0.269777, -0.513246
1.49991, -1.48754
-1.46044, 0.437389
1.56515, -0.557672
-0.429314, -1.49242
-1.42914, 1.52788
0.456296, -0.529328
1.47188, -1.50811
0.584377, 1.50019
1.42783, -1.45181
0.344055, -1.55895
1.5406, 1.42805
0.453059, 0.584201
0.433626, 1.46872
-1.47365, -0.399726
-1.49669, -1.5629
1.32837, -0.299139
0.719571, 0.523031
1.59321, -0.466262
1.54735, -1.56195
1.48413, -1.32451
1.51949, -1.53808
1.43051, -0.418548
-0.549195, -0.468371
-1.47784, 0.54111
-0.394112, -1.33459
0.441711, -0.611441
1.39784, 0.612038
1.55599, 1.43773
0.404497, 1.44334
0.584672, 1.53517
1.51013, -0.475485
0.409157, 1.60286
-0.418031, -1.4251
0.537694, 1.42919
1.53263, -1.62401
1.4908, 0.274823
-1.48843, 0.389362
-0.715607, -0.488512
1.52897, -1.5767
1.51883, 1.47723
-1.63669, 1.57745
0.552776, -0.556788
-0.504979, -1.4617
1.42499, 0.357723
-1.55881, 0.541053
1.35979, -0.452743
-1.614, 1.54715
0.59614, 1.35871
-0.575442, -1.27888
-1.51361, 1.45511
1.62921, -0.380274
-1.56583, 1.40574
-1.52955, 1.31109
-1.63188, 0.345705
1.39339, 0.496972
-1.17807, -0.38447
1.37563, 0.480729
1.30848, 0.525686
0.631157, 1.59609
0.521142, 0.601035
-0.348764, -1.48918
1.48658, 0.547099
-0.693612, 0.345152
-1.41638, -1.34687
0.528928, 0.438383
-1.32873, 1.40289
1.37586, 1.50553
-1.43868, 0.496146
0.495879, -0.490991
-0.529585, -0.508768
1.45719, 1.59335
-1.6225, 0.680585
0.414955, 0.48552
-1.31969, 0.463736
-0.474527, 0.45344
-1.52707, -0.51826
1.53064, 0.451189
0.574273, -0.59231
-0.507362, -0.398326
0.673365, -1.47151
1.4356, -0.53545
0.519192, 1.50424
-1.75143, -1.4404
0.365438, -0.52333
0.533837, -1.58465
-1.46393, 1.44696
-0.505248, -1.54705
-1.43792, 1.4494
-0.703599, 1.56174
-0.524347, 1.44595
1.59864, -0.479137
-1.44358, 1.47757
1.65557, -1.49532
1.33971, 0.302507
-1.32013, -1.5258
-1.65526, -1.39055
1.40381, 1.49425
-0.472239, 1.63835
0.52451, -0.416811
-1.51795, 1.52759
0.477874, 1.50612
1.57762, -0.727799
-0.337594, -1.62446
-1.71923, 0.578045
-1.59339, 1.29932
-0.428464, -1.33793
0.401663, -0.393188
-0.319274, 0.3159
-0.466787, 1.50855
-1.45639, 1.64603
1.51074, 1.51102
-1.45133, -0.372571
-1.69454, -0.513064
-0.417641, -1.37188
-1.43013, 0.508183
1.50883, -0.630214
-1.58492, 0.64747
-0.554544, 0.408191
-1.51519, -0.44594
-1.42818, 0.337928
-0.520697, 0.421854
-1.49144, -1.55847
1.44084, 1.28738
-1.34576, -0.319099
-0.618411, 1.59888
-0.463892, -1.60842
-1.4831, 1.442
-0.495277, -0.51812
0.473926, -1.46244
1.44842, -1.54625
-1.37412, -0.439446
0.478727, 1.58625
-1.58026, -0.483346
-1.70861, 0.430552
1.36569, 1.52672
-1.59692, -0.374614
-0.506322, -0.470106
-0.610442, 0.478737
-0.484675, -0.353035
0.337582, 0.538538
0.364305, -0.679651
-1.50024, 1.56361
-1.43848, 0.620182
1.40271, -0.595594
-1.44639, 0.489972
-0.528259, -1.58704
0.537138, -1.44428
-0.442235, 0.459965
0.508443, 0.457481
0.697233, 0.666966
1.4607, 0.469702
1.59218, 0.569743
-0.305951, -0.45699
0.486436, 0.264993
0.52495, 1.50828
1.43571, -1.50357
-0.39581, -0.389327
1.47199, 1.45974
1.72577, -0.515763
1.46206, -1.41635
-1.56175, -1.39655
-1.5595, 1.58465
1.53809, -1.41657
-1.43584, 1.59897
-1.53171, 0.335234
-0.37823, -0.441154
-1.39249, -1.62447
0.511568, -0.552626
-1.51837, -1.59533
-1.57874, 1.67712
-1.47641, -0.602823
-0.443842, -1.50437
1.49382, -1.53738
1.56952, -1.29179
-0.526046, 0.651546
-0.54631, 1.49584
1.48869, -0.473463
-1.43741, -0.650617
0.53386, 0.497945
-1.44098, 1.38662
-0.645383, 0.392179
0.562171, -0.55961
-1.53154, 1.59622
0.465914, 0.333477
1.43896, -0.463239
-0.649546, -0.45326
1.5442, -0.603318
-1.42755, -1.45541
-0.389278, 0.494012
0.506708, 1.49029
1.59161, 1.48935
-1.54186, 0.626341
0.396845, 0.468285
-1.66803, -1.61844
-1.48146, -1.64997
-0.61383, 1.57278
1.5443, -1.65021
-1.48759, 0.612948
-1.3578, 0.396238
-1.45625, -1.55874
-0.393054, 0.56743
-1.39985, -1.34716
-0.332444, 1.55338
-0.501957, -0.526166
0.405361, -1.62121
0.368537, -1.55989
1.4757, -0.431899
0.569549, 1.53767
-0.473014, -1.63792
0.499279, -1.56357
-0.553706, -1.58497
-0.274901, -0.483267
-1.37637, 1.413
1.51618, -0.48034
-1.47488, -1.34288
-1.43269, 0.609726
-1.44772, -1.52152
0.628109, 0.508629
1.58954, -1.56865
0.407976, -0.523728
1.49543, 1.62865
-0.564552, -1.48168
0.587169, 1.52322
1.61583, 0.626438
0.526541, 1.46593
-0.461663, 1.41816
1.40137, -0.48143
0.455194, -1.72618
1.49935, -1.45588
-1.30664, 0.30294
0.519021, 0.62277
0.529091, 1.36797
-0.642951, -0.654346
0.498879, -1.42928
-0.312002, 0.512489
-0.451005, -1.55233
1.4684, 1.50058
0.354998, 1.61782
-0.50844, -0.498722
-0.414067, 0.395943
-1.45185, -1.68811
0.529785, -0.361682
1.27076, 1.40187
0.276125, 0.365681
1.49888, 0.519645
-0.437076, -1.70841
1.42413, -1.57044
0.47217, 0.582738
0.35927, 0.633621
-0.359541, -0.522106
-0.686411, 0.406971
0.482407, 1.52008
0.50899, 1.56461
0.538184, -0.5259
-1.39422, -0.357147
0.530476, 0.422868
1.57227, 1.68547
1.52588, 1.55845
-0.592254, 1.47536
0.467972, 0.298126
1.45047, -1.64814
-0.648527, 0.362612
0.564487, -1.41049
0.410192, 0.475115
1.5597, 1.46152
1.59379, 0.526297
-1.52342, -0.538289
0.322263, -0.576369
1.56406, 0.502837
-0.406314, 1.50403
1.4426, -1.7493
0.533112, 0.34903
-0.554736, 0.432046
1.49946, -0.447342
-0.534233, -1.5742
0.748029, 1.63098
-0.503049, 1.62893
-1.37347, -0.509915
0.575719, -0.494792
-0.526927, -1.54151
-0.549259, 1.34828
1.47848, 1.34316
-1.40013, 1.38789
-1.61378, -0.613435
0.569145, 1.2974
-1.54709, -0.429951
1.4324, 0.572005
-0.510364, -0.542727
1.57175, 0.533499
0.520806, -0.429356
-1.41078, 0.520412
1.64458, 1.44331
1.5152, 1.38068
1.48246, 1.4693
1.55855, -1.44102
-0.720527, 1.47608
-0.485014, -1.65834
1.44036, -0.554152
0.425523, -0.489826
-1.58479, -0.606778
1.56002, 1.4418
1.36726, 0.331115
-1.55594, -0.430205
0.536375, 0.63269
0.600224, 1.60959
-0.420257, 1.49378
-1.53882, 1.49616
1.74023, 1.55989
-1.37603, 0.425139
1.5208, 0.620631
0.381776, -1.65017
-1.43107, 1.45065
-0.339151, 1.59118
-1.59854, -1.57124
1.58023, -0.618319
-0.626796, -1.53213
0.590211, -0.470293
-0.486805, 0.479691
1.43524, -0.544294
1.56247, -1.63951
1.54568, -0.508478
-0.623749, -1.63623
0.626927, 0.344661
0.473575, 1.49005
0.570632, -0.490086
1.27603, 1.34678
1.48485, 1.60817
1.66417, -1.45721
0.602966, 0.496226
1.46745, 0.542022
1.6534, 1.51101
-1.52345, -1.60227
-0.414168, -1.63443
0.590438, -1.48157
1.45377, -0.736904
1.66884, -0.476808
1.45142, -1.4466
1.6624, -0.518453
-0.522631, 1.58303
-0.639747, 0.41988
-1.52799, -0.579197
1.51175, -1.50588
1.41812, -1.61717
-0.403933, -1.74428
1.42819, 0.354758
0.427858, 1.44657
1.51772, -0.539265
-0.461898, 0.362272
-1.5893, 0.517534
-0.492652, -1.53365
0.449064, -0.57958
-1.43664, 0.550459
1.34251, -0.668794
-1.59007, -0.576838
0.456117, -1.75669
-1.45177, 1.59092
0.386802, 1.50426
0.658458, -0.659213
-0.494544, 0.554081
0.572808, 0.502519
-0.277712, -1.33787
1.64241, -0.512687
-0.360546, 0.527321
1.53779, 0.537855
0.584279, -1.3868
1.61538, 1.45411
0.598056, 1.60338
-0.490737, 0.471616
0.503977, 1.42912
-1.44659, 1.30339
1.57489, -0.514264
-1.38551, 0.577629
1.57842, 0.60818
-1.52972, 1.36205
-1.3985, -0.618867
-1.49536, 0.540968
0.598817, -1.5128
1.7294, -1.555
1.65794, -1.38877
-0.58293, 1.49646
0.540882, 1.57023
-0.519501, 1.45586
1.41865, -0.505411
-0.408064, -0.530677
-0.455224, 0.36944
-1.67543, -0.464481
0.712792, 1.38024
-0.541065, 1.53322
-0.59437, -1.49175
0.439044, 1.50023
-1.52952, 1.41098
0.445161, -1.53801
-0.404678, -1.49848
-0.534064, -1.46473
-1.48202, -0.554367
0.498938, 0.481342
-0.657403, 1.3783
-1.4829, 1.43747
0.604718, -1.54786
-1.44131, 0.619447
0.589202, -1.62085
-0.534087, -1.55909
-1.42265, -1.59534
-1.46595, -0.477538
1.44558, -0.357305
1.45174, 0.482465
1.69724, 0.499105
0.480832, -0.450217
-0.500232, -1.65923
1.52712, -1.34301
1.59051, 1.671
-0.39333, -1.57971
0.363204, 1.38773
-0.441919, 0.384157
-0.55838, 1.57365
-1.42978, 0.40571
-1.39545, -1.30896
0.375467, -0.442077
0.413136, 0.676474
0.477741, -0.41382
-1.5453, -0.494565
-1.57071, -1.62291
-1.52085, 0.594936
1.44359, 0.557576
0.540283, -0.586505
0.48533, -1.66691
-0.534849, -0.735323
0.429491, 1.54232
-1.51125, 1.49345
-0.594226, -1.50474
0.369294, 0.525354
-1.40531, 1.65091
-1.46834, -1.55077
-0.51955, 1.41105
-1.48238, 1.47733
-0.491337, 0.50207
-0.550428, -0.503631
1.56173, 1.64172
-1.54704, 0.390885
0.439488, 0.49936
-0.503613, -1.55537
0.662117, 0.545465
-1.57434, -1.42378
0.352026, -0.482261
0.401665, -1.57279
-1.63667, 1.56317
0.384843, -1.38596
-0.456297, -1.53139
0.476959, -1.59391
-0.703062, -1.63243
1.433, 1.53827
1.32792, 0.60567
0.412956, 0.549529
-1.42619, 1.37109
-1.33472, 1.50033
-0.260974, -0.584217
-1.54149, -1.25028
-0.47355, -0.52831
0.386652, -1.3788
-1.40429, -1.44796
-0.39569, -1.4837
-0.548035, -0.496389
0.532638, 1.56084
0.491649, -1.60411
0.557336, 1.56864
-0.603085, 1.62815
-1.51228, -1.52153
1.40047, 0.480455
1.60479, -1.54076
0.551293, 0.543453
-0.489523, 0.456426
1.53055, 0.611072
0.50442, 0.494616
-0.7105, -1.46597
-1.6599, -0.438601
0.41083, -1.48798
-0.475218, -0.581
-0.558321, -0.694146
1.55458, 0.529548
-0.6088, 1.46509
0.383604, 1.4793
-1.4254, 1.45233
0.555279, -1.45952
0.599706, 0.474399
-1.45215, 0.518958
-0.484628, -1.62299
1.49362, -0.376262
-1.60317, -1.43091
1.37703, 0.31111
-1.50742, -1.497
1.47263, -0.485254
1.41507, 1.49931
0.467585, 1.62591
1.57405, 1.43233
-1.5028, -1.6391
1.6778, -0.500752
0.50507, 0.514795
-0.502108, -1.33838
0.45538, -0.508994
-1.52796, 1.62116
0.581458, 0.416611
-0.525149, 0.384695
1.483, -0.621839
0.609426, -0.486393
1.47375, 1.51516
-1.44566, -1.4867
-0.463042, 0.466407
1.33019, -0.513863
-0.437808, 1.49741
0.284034, -1.23504
1.43723, -1.47792
0.448864, -1.53452
1.28505, -1.37924
-0.405084, -0.457925
-1.47385, 0.465751
1.33198, -1.4769
-1.452, 0.391875
0.468626, -0.532734
0.375637, -1.45288
1.4208, 0.491906
-0.536755, -1.51167
-0.523901, 1.50812
-1.40759, 0.493013
1.48744, -0.571242
-1.47089, 0.5839
1.53149, 0.750826
0.329011, 0.374371
-1.50877, -1.51056
0.530775, 0.652326
1.30206, -0.359332
0.622682, -1.53612
0.404844, -0.62426
0.234068, -1.35206
-1.58504, 1.44639
1.43507, -1.60703
-0.485267, -1.43319
-1.57586, 0.657394
-1.46799, -0.704689
-0.566136, 0.461372
-1.50864, 1.46168
-0.476532, 0.433924
-1.47584, -0.696359
-1.52436, 0.658596
1.50537, 1.59772
1.67686, 1.47708
-0.529587, 1.53613
1.53923, -0.497279
0.573162, 1.44493
-0.372625, 0.511105
-1.44635, -0.508517
-1.46607, 1.56048
0.541718, -1.58462
-0.42136, 0.503916
1.55877, 1.53514
1.40909, 0.547184
0.568802, -0.443122
-0.474822, 0.737464
-1.47666, -1.4884
-1.58366, 1.50365
-0.554527, -0.372835
1.60583, -1.4028
-0.587723, -0.353054
0.594832, -1.36243
0.52376, 1.33574
-1.47611, 1.59054
1.44007, -1.53677
1.46681, -1.35997
-0.374924, -0.574943
1.47592, -1.60572
1.47481, -0.398798
-1.51377, -1.4632
1.39946, -1.28913
1.54756, 1.41099
1.58251, 0.501035
0.371386, -1.56123
1.4701, 0.363074
-0.625568, 0.657351
0.465448, -0.432927
-0.538744, -0.48743
-1.47774, -0.459544
-0.550902, -1.50849
-1.59156, -0.649898
1.53636, 1.43514
1.56431, -1.47854
1.36669, 0.611184
-0.433314, 1.49061
-1.52439, -1.56545
-1.36836, 0.512865
0.512592, -0.476741
1.60893, -0.478444
0.663682, -0.431972
-0.446987, -0.559001
0.660749, 0.41683
-0.54173, -0.560742
-1.47884, 0.526509
-1.54157, -0.508586
-1.44006, -1.48227
0.642076, 1.52412
1.50775, 0.614796
0.656341, -1.63735
1.36779, -1.42282
0.407325, 1.61604
-1.44884, -0.484546
-0.624548, -0.393596
0.443447, -0.499583
-0.641885, -0.495135
0.595582, -1.5474
-1.40616, -1.53287
-0.571078, 0.422356
1.51024, 1.47718
-0.664237, 0.357746
-0.474047, 1.54015
0.66572, 1.44688
-0.523059, -0.387241
-1.50717, 0.572431
1.63964, -0.557898
-0.738818, -1.63598
-0.536659, -0.421183
-0.56644, -1.64188
-1.44852, -0.485798
-1.53881, -0.477323
1.57126, -1.72036
1.31623, 1.51517
0.404634, -1.60484
-0.561951, 0.462386
-0.66493, 1.47756
-1.64195, 0.689912
-0.638998, 0.473598
-1.43413, 1.56813
-0.378427, 0.555367
1.3726, -0.399082
1.5136, 1.47148
1.50717, 1.65631
0.412168, -0.512919
-1.7639, 1.6676
-1.3438, 0.237311
-0.698537, 0.589232
-0.542666, 0.545841
-0.438252, -1.55531
-1.58849, 1.48117
-0.588942, -0.50622
-1.3368, -0.512394
-1.61742, 1.48012
1.407, -0.432668
1.71848, 0.499208
1.51384, -1.34508
-0.404066, -0.374506
0.462631, 1.53264
1.53048, -1.6477
1.39917, 0.294978
-0.609553, 1.31227
1.38561, 0.498298
1.38487, -1.48542
0.697165, 1.38455
1.61016, 1.40431
-1.71869, 1.43965
0.4264, 1.42526
-1.58145, -1.44987
-0.495872, -1.4864
1.26454, -0.665947
-0.590486, -0.639431
-1.40762, 1.59801
-0.46456, 1.59521
-1.61275, -0.684816
-1.26288, 1.56274
-0.421947, -1.33315
1.51859, -0.590735
-1.62061, -0.537448
1.51962, 1.37936
1.17484, 1.35616
0.500904, 1.66215
1.51382, 1.59676
0.542948, -0.366011
-0.61278, 1.34676
0.549491, 1.25145
0.630441, -1.6531
0.314543, -0.343505
-0.507169, 1.62115
-1.52261, -0.418344
-0.512401, -1.40198
1.45296, 0.531009
0.366171, 1.52116
0.621603, 0.684293
-1.47045, 1.72512
0.642093, -0.501662
-0.525335, -1.50585
0.468004, 1.51106
-0.244165, -0.573425
-1.55385, 0.669361
0.552982, 1.4421
1.60344, -0.485679
0.560575, 1.49772
1.39682, -1.71026
-1.51163, -1.60071
-0.574446, -1.37773
0.450333, -1.38808
-1.30445, -1.40996
-0.604358, 1.45556
-0.687671, -1.25513
1.53032, -0.525852
-0.385859, 1.56429
1.47339, 1.57773
0.434902, 1.49536
-1.61132, -1.41043
-1.56662, 1.53461
0.442903, 0.368473
-0.380704, 0.411345
1.30664, -0.551948
-1.49019, 1.64027
-1.51887, 1.49714
1.42287, -1.4376
1.59826, 1.56158
-1.53611, -1.52215
-1.45148, 0.753823
0.494728, -0.299076
-0.567306, 1.52353
0.634902, 1.59805
-0.518979, -0.331996
1.44486, 1.63711
-0.594624, 1.62342
0.466343, -1.39706
-1.54994, 0.390839
-1.49997, 1.5815
-1.50764, 1.56657
-0.458972, 1.69496
-0.709685, -0.515991
-1.51714, 1.70409
-1.45226, 1.59274
-1.43563, 0.486963
-0.495664, -1.3855
0.242966, -1.5376
1.44018, -1.6762
-0.513365, -0.504343
0.466114, -0.513066
-1.30505, 1.4122
0.246532, 0.339541
1.33496, -0.557292
0.709515, -1.46688
-1.57888, -0.411282
-1.45573, -1.41481
1.54935, -1.61922
-0.539404, 0.507211
0.558846, 0.520536
0.515762, -1.6378
-1.52888, -1.48272
1.36387, 0.41335
0.360014, 1.46291
-1.37838, -1.42396
-1.527, -0.560325
1.51995, 0.520069
0.347928, -0.439886
-1.61888, -0.464167
-1.52717, -1.59163
-1.52039, 0.430424
-0.516142, -0.434134
-1.50585, -1.51817
0.524445, -1.58894
-1.62413, -1.56646
1.36236, 1.49496
0.465572, 0.501054
-1.38926, -0.452029
-1.50211, 0.597294
-1.69393, 0.538318
1.43101, 1.64436
1.36144, -0.467566
-0.390514, -1.4891
-0.614177, -0.702702
1.66774, -1.43989
-1.44058, -1.59937
0.566573, 1.36373
-1.47962, -0.326927
1.38015, -0.409816
-0.561619, 0.353322
-0.602523, 0.603633
1.56986, 1.55354
0.722023, 1.36366
-1.48203, -0.633178
-1.55005, -0.582779
-0.502901, 0.401121
-0.34673, -0.538414
-0.585645, -0.549993
1.52079, -1.45393
0.631716, -0.578505
-1.46087, 0.542941
1.5354, 0.507352
1.50542, -0.525259
-1.67197, 0.478058
-0.378657, -0.535636
-0.443103, 1.47048
-1.48221, -1.40504
1.60267, 1.37242
-1.54331, -0.477039
0.482745, 1.64242
-0.360431, 0.565094
0.476759, 1.43107
-0.634063, 0.426546
-1.61614, -1.40471
0.535858, 0.592273
-1.44813, 0.426812
-1.41302, -1.52792
-1.38906, 0.626313
0.571505, 1.69259
1.58263, -0.388756
1.40929, 0.77302
0.483898, -0.366208
1.44692, 0.422489
1.35065, -1.36316
-0.609944, 0.422629
-1.55072, -1.58572
0.526888, 1.4181
1.51035, -1.31029
-1.70038, 0.447454
-1.3733, 0.525507
0.595804, -1.33399
1.40696, -1.5344
1.56042, 0.360918
1.52771, -1.53218
1.43616, 0.31207
-1.40076, 1.50182
-0.581941, -1.44261
0.414785, 0.440817
-1.40486, -0.465297
1.54659, 0.481301
1.61037, 0.46537
-0.660885, -0.446558
-0.534321, -1.57696
-0.327104, 0.323233
-1.5628, 1.62249
0.42269, -0.590558
-0.650725, -1.48199
-1.43694, 0.479321
-1.45367, -0.472032
0.592617, 1.44819
1.53392, -1.46227
1.53094, -1.54745
-1.51481, 0.362857
-1.47412, -1.68328
1.68826, -0.606089
0.499602, 0.445387
1.51147, 0.413986
-1.50536, -0.51422
1.52855, 1.6129
1.40598, 0.588311
0.591185, -0.533824
1.56734, -0.465349
1.36586, -1.32656
-0.455239, 1.44755
0.582126, 1.57286
1.31618, 0.331013
1.49885, -1.3767
0.391169, 0.408843
-1.29328, 1.5776
1.395, -0.42082
1.63203, -0.518778
1.51716, -0.317401
-1.53868, 1.61595
1.6299, -1.55843
1.50963, -1.51291
-0.530989, 0.380884
0.493817, -0.557356
0.478103, 1.57071
-0.407472, 0.480683
-1.52703, 1.53998
-1.46188, -0.661372
1.43119, 0.58684
0.400154, 0.436726
-0.46407, -0.4624
0.462862, 1.34955
0.45334, 1.28371
-1.55724, -1.42324
0.601572, -0.483924
-0.551614, -0.486834
1.47605, -0.483247
-1.45989, 1.53369
-0.428827, -1.58798
1.45856, 1.41901
-0.337651, 1.50065
0.77283, -0.54211
-1.36749, -0.479456
1.26066, 1.41013
1.69001, -0.522409
-0.456203, 1.43859
-1.59393, 1.28457
1.7177, -1.58284
0.610001, -0.38379
0.483104, -1.60319
0.403691, -1.42806
1.37214, 1.54549
-1.46284, -1.28098
-1.58923, 0.496706
-0.439687, -1.295
-0.734297, -1.39017
-0.462368, -1.41736
-1.48545, -1.51765
0.429786, 0.374474
-0.355451, 1.31533
-1.53308, 0.408016
0.408209, 0.437429
-1.51666, -1.40642
1.36065, 0.41705
-0.545086, 0.495468
-0.305162, -0.378258
-0.454861, 0.658028
-0.483397, 0.578609
0.516339, 1.71281
-0.651877, -0.523476
-1.52811, -0.35281
0.631506, 0.573261
0.462237, -0.515611
-1.62961, -1.47199
-0.503754, -0.533117
0.445732, 1.38781
1.42537, -0.202302
0.637702, 0.517625
-0.30138, 1.50264
1.39072, -1.57137
1.50442, 1.6929
-0.684893, -1.48863
-1.40454, -0.600112
-1.49125, 0.482753
0.424209, 0.369518
-0.566772, 1.51082
-1.66954, -0.541353
0.573367, -1.47518
0.52529, -1.63514
0.480101, 1.52154
-1.62071, -0.367548
-1.63156, -0.41829
0.485443, 1.41745
0.535211, -0.438456
-1.59345, 1.50508
-0.514497, 1.33387
-1.5064, -1.51043
-0.373685, 0.500383
1.50669, 1.66358
-0.528638, -0.40002
0.649176, -1.65491
0.523608, 0.503844
0.429272, -1.47157
-1.41901, -1.4366
0.494908, 1.63873
-0.572211, 0.381256
1.60224, 0.421028
-1.40723, -1.52331
-0.495936, -0.441562
0.664625, -1.65858
-1.40084, 1.54135
1.45966, -0.488492
1.46694, 1.37423
0.440179, -0.593712
1.59366, -1.57384
-0.550196, -0.500673
1.42627, -0.373263
-1.44882, -1.50834
-0.419727, -0.368525
1.67844, 0.574621
0.556212, -0.538541
0.613117, 0.505788
-0.65367, -1.40759
1.46516, -1.29977
1.44258, -1.63016
1.54087, -1.35578
-1.40941, 0.564928
0.455932, 0.457216
0.462598, 1.48238
-0.541621, -1.44562
0.529914, -0.543142
-1.39209, -1.61807
0.619731, 0.350525
-1.42711, -0.369041
1.44486, 0.642858
1.50414, -1.54727
-1.60315, 0.493904
-0.536517, -1.61303
0.447709, -1.59798
-1.6261, 0.560307
0.688193, -0.56145
0.479185, -0.536807
-0.513471, 1.54871
-1.40866, 1.4919
1.56305, -1.56116
-1.55242, 0.59778
-1.49315, 1.3217
-0.442356, -1.51383
0.474529, 0.60873
0.654524, -0.401815
-0.574169, -1.40404
0.514966, 1.30943
-0.653624, 0.565467
0.451012, -0.490679
1.54154, -0.49443
-1.35873, -0.407279
0.431545, -1.58152
0.583155, -0.526435
-1.50934, 0.412116
0.504654, -0.45218
-1.26795, -0.484117
-0.53779, -1.52
1.59854, 1.53436
-0.567676, -1.58188
-1.44002, -0.501799
-1.55434, -0.47038
-1.58234, 1.32372
1.51197, -1.57316
-0.55716, -1.27447
1.44783, 0.619292
-0.646952, -1.42527
1.61312, 0.487433
0.475041, 1.49379
-1.47511, 1.51331
-0.410667, -1.57134
1.39568, -0.507041
-0.482229, -1.37908
-0.490977, -1.51717
1.38036, 0.507597
1.56939, -0.477339
-0.502797, -0.592489
-0.42272, 0.527218
1.61054, 0.760039
-0.527053, -1.51038
-1.58212, -0.626324
1.48759, -1.59954
-0.345576, -1.53229
-0.515081, 1.39763
-1.56646, -1.46961
-1.45587, -0.519882
1.50815, 1.57887
1.50308, 0.425987
-0.411864, -0.391318
0.540995, -1.48464
1.53791, 1.57724
1.47203, 1.21166
-1.38231, -1.56055
1.58534, -1.48719
-1.48013, 0.452026
1.5505, 0.439004
-0.430192, 0.493233
-0.851116, -1.70966
-1.34861, -0.581644
-1.44797, -1.4661
-1.55264, 1.55651
0.46546, -0.536341
-0.405489, 0.543884
-1.49852, -0.450931
1.40774, -0.586753
0.651245, 1.69333
0.472302, 0.547733
-0.638173, -1.57377
-0.538181, -0.591865
-1.47476, 0.48812
1.60262, 1.4848
1.49162, 0.580758
-1.40691, -0.394402
-0.475333, -0.530916
-1.43744, 0.473313
1.4616, 1.52759
1.45704, -0.715326
-1.38691, -0.518375
-1.48376, -0.484531
1.5503, -0.495044
-1.52641, -0.476385
-1.41326, -1.5655
-0.43227, -0.440717
-1.44993, 1.35819
-1.56866, 1.42774
0.609294, 1.26912
-1.53613, 1.49345
0.584169, 1.40987
0.391261, 0.493352
-1.4655, 0.532822
1.47074, 0.407756
-1.59149, 1.23946
0.583986, -1.42877
-0.345929, -1.41713
-1.37102, 0.40686
1.48437, -0.598926
-0.633074, 0.656939
-1.54941, 1.51234
0.62344, -0.309688
1.44075, 1.60837
-1.44636, 0.456433
-0.487172, -0.490387
0.535414, 0.390806
-0.418679, 1.68795
0.546654, -0.424201
0.442486, 1.55315
0.466692, 0.601025
-1.61249, -1.35072
-0.593712, -1.56905
-0.323691, 1.69511
-1.4315, 0.65162
-1.5077, 0.585709
-0.63326, 0.598833
-1.52782, 0.613875
-0.327161, -1.71008
-0.446194, 0.474826
-1.61004, -1.66454
1.5915, 0.391075
0.374876, -0.525124
-0.441214, 0.481712
-0.321209, 1.55451
-0.564576, 1.49152
-0.374792, 1.23819
1.27666, 0.698923
0.442527, -0.548822
-0.570622, 0.420562
0.587853, -0.437567
-1.45569, -0.570677
0.568376, -0.524398
0.505851, 1.55116
-1.45823, -1.42306
-0.51634, -0.396056
-1.48336, -0.544437
1.57239, 0.448256
1.46833, -1.47733
-1.42182, -0.519321
-1.42282, 1.39866
-0.639416, 1.5422
1.53515, -1.47357
-0.321891, -1.37574
1.65718, -1.58745
0.401518, -1.4625
0.505519, -1.45624
-1.36389, -0.563252
1.4482, 0.368512
-0.460411, 0.497305
1.54689, 0.535183
0.307289, -1.42715
0.548896, 1.58049
-1.43395, 0.417372
-0.510352, -1.56611
-0.627204, 0.481123
0.57015, 0.469121
0.548682, -0.552208
0.461426, 0.398767
1.40965, 0.493965
0.525842, -0.425178
0.512562, 1.59368
1.40012, 1.51121
-1.58873, -1.57472
-0.342657, -1.45428
-0.604416, -1.56267
0.712782, -1.38436
0.508223, -0.318181
-1.51438, -1.50156
-1.4159, -0.398731
1.50961, -0.523357
0.438308, 1.48354
-0.366696, -0.457228
0.488339, -1.57899
-1.38696, 1.6993
-0.321035, 1.29386
1.41689, 0.524982
1.50829, -1.53232
1.16035, 0.505528
0.27626, 0.497814
0.611615, 1.52486
0.336557, -0.566187
-1.55845, 0.304583
1.58157, -1.36792
0.484354, 1.34417
-0.498564, -1.48212
-0.511536, -0.604995
0.364682, 0.601033
-1.46587, 0.455333
1.64372, 1.48802
-0.667759, 0.449134
-1.33264, -1.48459
-1.47656, -1.57895
-0.563043, -1.43977
0.412019, 0.515344
1.64145, -0.395747
1.51541, -0.577639
-0.720356, -0.434892
0.441894, 0.541521
-1.61585, -1.36899
1.47265, -0.604668
-1.54456, -0.43564
-0.36861, 0.577529
1.33664, 0.369032
-1.56865, 1.59223
-1.59558, 0.497981
-1.53288, 0.435529
-1.74804, -0.415543
0.691286, 1.40438
-1.40846, 1.55029
-0.579193, 1.65869
1.29407, -1.59063
1.40958, -0.390194
-1.37329, 0.503173
-1.44508, 0.55449
-0.509203, 1.50633
1.20854, 0.592241
0.327681, -1.4087
1.52622, 1.6176
0.430647, 1.50343
0.352494, 0.504666
0.621473, 1.52577
0.454355, -1.64167
1.52441, 0.356062
-0.544602, -0.482308
-1.39777, 1.40281
-1.56871, -0.579258
-1.5306, -0.533788
0.442434, -0.454411
0.603581, -0.275195
-1.55535, 0.599067
-0.604236, 0.550474
-1.61062, 1.62414
1.59392, 0.466209
-1.48424, 0.503932
1.363, -0.562858
-1.55602, -1.35393
-1.41598, 1.45798
0.524828, 0.524362
-0.612789, -1.45598
-0.635067, -1.69207
1.67492, 1.3723
-0.55555, -0.451822
1.61415, -1.59188
1.44513, 0.488495
0.590249, -1.40496
-0.562641, 0.529018
-1.50843, 0.618692
0.404648, -0.495685
-0.62165, 0.541559
-0.424448, 1.6328
-1.71479, -0.581417
-1.41793, -0.538285
-1.56834, 1.34976
-1.4938, -0.66218
-1.53681, 0.634225
0.519096, -1.55999
-1.46877, 1.35397
1.54242, -1.54467
-1.60351, 0.418432
-0.681064, 0.385703
-1.41224, -1.49257
-0.43738, -0.496445
0.574608, 0.54258
-1.48036, -1.57759
-0.611427, 0.392911
1.40886, 0.342354
-1.58621, -0.65066
0.60459, 0.563434
1.6581, -0.403822
1.58952, -0.31831
-0.565658, -0.429389
-0.479814, 1.51507
-1.40695, 1.64933
-0.53635, 1.36961
0.578348, 1.29946
1.50038, 0.45427
-0.688397, -1.56653
-1.61904, 0.600998
0.582168, 0.393293
-0.411812, -0.573107
0.558671, 0.504752
0.722051, 1.53004
-0.463125, 0.339487
0.53042, 1.39257
1.43953, -1.59989
1.61574, -1.56202
-0.556952, 0.521901
-1.51458, 1.39414
0.677758, 0.511729
1.66542, -0.527872
0.461336, -0.467876
1.41625, -1.63091
-1.33256, -1.53093
0.598074, -1.54678
1.42705, -1.23993
-1.50687, 0.498912
1.5266, -0.601737
-0.629249, -1.50535
-0.423208, -0.486187
1.67513, 0.510929
0.719559, -1.34799
-0.623913, 0.588847
-1.54944, -0.474637
0.529752, 0.444843
1.55509, 0.375798
-0.361826, -0.520052
-0.410941, 0.465959
-1.53231, -0.653371
1.47224, 0.641519
1.45469, -1.40839
0.476899, 1.6221
1.56288, 0.531667
-0.430494, 0.338955
1.4246, 1.61847
-1.44794, -1.73245
1.5256, 0.468403
-0.435185, 0.299758
1.47203, 1.63074
0.546307, -1.46091
-1.42243, 0.418046
-1.51614, 1.48697
-0.364351, -0.588131
-0.49415, -0.347561
0.628038, 0.383322
-1.43223, 1.52464
-0.398367, 0.378752
-0.512391, -1.52648
1.64992, -1.35028
0.51071, -1.54211
-1.51596, -1.33148
-0.412576, -1.47135
0.717633, -0.33449
-1.4593, -0.662145
0.635119, 0.366129
1.3905, -0.558716
-0.606505, -0.286555
-0.475716, -0.635145
-0.642618, 0.323893
0.380493, 1.53333
-1.82554, -0.658342
-0.41449, -1.39421
0.332846, -1.68075
-1.55904, 0.449563
-0.544397, 1.481
1.56903, 1.40066
0.521653, 0.360913
1.57988, -1.54185
-1.59225, 1.6395
-0.556282, 0.467523
-0.587043, -1.61659
0.467531, -0.425058
0.582494, -0.420653
0.390698, 0.508568
0.514514, 1.42175
1.43858, 0.606485
-0.490056, -1.54748
0.377994, -1.61187
0.31537, -0.524193
-1.43132, 1.45812
-1.56372, -1.46089
-0.49231, -0.415546
-1.47094, -1.54035
0.470109, 0.553834
1.58973, 0.328738
-0.46245, -0.343955
-1.40899, 1.54566
-1.30828, -0.384579
0.50075, 0.488647
1.59232, 1.43034
-1.32083, -1.38231
-0.422014, 0.444569
-0.421787, 1.46324
-0.425244, -1.47233
0.521971, 1.39089
-1.41189, -1.51007
-1.62748, -1.59004
-0.489086, -0.54029
1.56345, 1.5129
0.575646, 1.43857
1.41433, -1.31391
1.45097, 0.50714
-1.45783, 0.524057
-1.59491, 1.51813
0.505982, -1.43886
0.55051, 0.46484
-0.473638, 1.58546
-0.469237, -1.57765
-1.3859, 1.4489
-0.386035, -0.522562
-0.441293, -0.44125
-0.608087, 0.428249
-0.465759, 1.56242
1.60653, -0.508503
-0.687941, -1.41228
-0.594908, 0.346185
-1.59345, 1.38989
-0.526975, 1.54385
-0.427167, -0.546187
1.67687, 0.420749
-1.45822, 0.582998
-0.46188, -0.404621
0.544701, -1.35386
-1.40909, 1.53467
1.37375, 0.527974
-0.391105, 0.479666
-1.47588, -0.359614
-1.63266, -1.74505
-1.57125, -0.291704
1.45317, 0.582712
1.60161, -1.54768
1.39564, -0.528591
-1.58331, -0.555922
1.45946, 1.70555
0.396047, -0.423612
1.65586, -0.396745
-0.521066, 0.486485
1.44996, -1.53691
-0.644412, -1.51987
0.455736, -1.44366
-1.49089, 0.462395
1.46316, 1.47871
0.491698, -1.41838
1.46803, 0.493049
-0.367548, 0.60162
-1.52652, 0.650352
-1.45173, -1.59841
0.406364, 0.430154
1.61936, 1.59473
0.396078, -1.56174
-1.53888, -1.50892
1.59274, -1.42366
0.607703, -0.478556
0.569373, 0.579615
1.33389, 1.64145
1.54639, 1.23043
-0.493949, -0.524586
1.51096, 1.31926
1.28844, 0.561856
1.47569, -1.1813
-0.61755, 0.590593
0.511342, -0.507642
-1.53355, -1.79521
0.438797, -1.47072
0.358468, -1.36472
-1.40956, 1.37063
-0.420909, -1.43107
-0.268172, -0.506579
1.44948, -0.40278
-0.702946, 1.43696
-0.362671, 0.290953
-0.440769, 1.50197
1.58487, -0.617332
-0.447164, -1.5505
0.424067, -0.611662
1.40068, -1.43734
-0.622358, -0.451262
1.40776, -0.37618
-1.39028, -0.479287
-1.50956, 1.56604
1.27586, -1.58161
-0.385278, 0.674455
1.44996, -0.406721
-1.61059, 1.35239
0.663621, 0.383458
1.47992, 0.451246
1.5582, 0.420674
-0.535146, -0.56047
-0.40274, -0.463844
-1.44742, -1.72986
-0.448062, -0.265003
1.47898, 1.61756
-1.57044, -1.45963
-1.40654, 0.584395
-1.61913, 1.39561
-0.460991, -0.350939
-1.58911, -1.50504
-1.65103, 0.566161
1.23811, -0.539872
-0.499914, -1.57686
-1.45128, -1.34127
1.49944, -1.52022
-1.47427, -0.409505
-1.60731, -1.33995
1.65021, -1.55178
-0.536961, 1.59324
0.563054, -1.48419
-1.45037, -0.409634
0.485907, 1.43556
1.42443, 1.52331
1.54341, -1.53267
1.40895, 0.404941
-1.54288, 1.45647
1.39411, -0.524832
1.53727, 0.512437
1.60546, -1.54095
-0.400568, -0.326506
-0.45604, -0.643097
-1.66158, 1.56333
0.506502, -0.438963
0.434107, 0.662413
-1.39967, 1.53285
0.618638, 0.576491
1.63096, -1.59378
1.5457, 1.53883
0.486516, 0.484823
-1.49625, 1.61823
-1.49847, -0.471131
-1.47162, 0.549415
-1.45741, -0.630894
-1.44558, 0.509111
-0.492201, 1.69108
-0.691457, -1.47837
-1.53345, 1.39474
-0.506985, -1.37799
0.531398, 1.43672
1.44741, -1.4776
-1.38408, -1.47835
-1.57223, -0.584546
-1.42724, 1.37668
1.45738, -1.41874
-0.475175, 0.629573
1.33246, 1.36509
0.622994, -0.576577
0.580267, -0.560128
-1.43737, -0.551526
1.36759, -1.54698
-0.413921, -0.56553
-1.6053, 0.622714
-1.63602, 0.453866
-1.48568, -0.574408
0.496942, 0.533803
-0.445487, 0.606955
0.323722, -0.478764
1.4679, 0.478989
1.7119, 0.335969
-1.56591, 0.468762
1.44186, 1.44685
-1.60954, 0.568673
-1.65212, 0.732739
1.58891, 1.51972
-1.53219, -0.570526
-0.194582, 0.47756
1.47329, -0.403265
1.48224, 0.691169
-0.442299, -1.52867
1.38106, 1.45784
-0.608734, 1.60561
-0.555487, -1.54738
1.32918, 1.6221
1.58345, 1.61277
-0.608782, 1.43333
1.41035, -0.56951
-0.552667, -1.4777
-0.608549, 1.49038
1.36423, 0.560784
-1.43539, 1.47149
-0.382434, 0.429754
0.372017, 0.552712
-0.461009, 0.46184
0.31217, 0.489355
0.480715, -1.37985
0.434872, -0.501467
-0.350579, -1.40496
1.38967, 0.411663
-1.55445, 1.56156
-0.443109, -0.489897
1.42892, 0.538055
0.478125, -0.614136
-0.350848, 0.394605
1.49088, 0.445895
0.409276, -1.46723
1.39776, -1.67107
-1.38406, 1.46052
1.43937, 1.61168
0.477069, -1.51374
-0.506786, -1.59221
1.6282, 0.403987
-0.454292, -1.70055
-1.48078, 1.51503
-0.477016, 0.542684
-1.68591, 1.56287
-1.47877, -1.49596
1.57923, 0.485477
-0.452395, -1.40001
-1.31336, -0.368618
-1.45494, 1.44809
-0.46189, 0.475336
-1.42789, 0.521497
-0.361288, 1.54202
-0.495907, -1.67347
-0.519794, -0.586811
0.305312, 1.43069
0.542006, -1.53979
1.52351, 0.520341
-0.522819, 1.5947
-0.364201, 0.64124
1.51801, 0.372618
-1.50344, -1.54803
1.358, -0.680062
1.55367, 1.53258
1.47953, 1.58358
1.48758, 0.443654
0.578556, 1.38725
-1.47656, -1.59298
0.340021, -1.53175
0.543606, -0.379449
0.743882, -0.374277
-0.537768, 0.457813
0.514238, 0.522007
0.347858, -0.604739
-1.56268, 1.57184
-1.40612, 1.5864
1.61669, -0.574499
1.63392, -0.494839
-0.421229, 0.491675
-1.49139, -1.65052
1.5696, 0.345299
-0.422828, 0.519616
1.47342, 1.70178
0.501663, -0.30119
1.47183, 0.55484
-1.44584, 0.364503
0.584573, 0.531607
0.508258, 1.45459
1.49071, 1.45433
0.533519, 1.44843
0.566687, 0.506513
0.552909, -1.59148
-1.50018, 0.431193
0.337353, -1.54254
0.48996, -1.58129
1.47657, -1.38136
-1.37392, 0.469663
0.444779, 0.519153
0.379675, 1.44816
1.50167, 0.626639
-1.45036, -0.551388
-1.47185, 0.530578
-1.40419, -0.528915
-1.50677, 1.29713
-0.60971, 1.70318
-1.55438, 1.69478
-0.615499, 0.523851
-1.34614, -0.585074
0.557125, -0.565817
1.55793, 0.692261
-0.533041, -0.536562
-1.38427, 1.49948
1.4861, -1.58055
0.449542, 1.48553
-0.560056, -0.599079
1.55893, 0.547521
-0.436333, 0.428676
-0.462119, 1.5697
1.48778, -0.452788
1.62066, -1.45795
-1.59596, -0.567321
-0.439274, -0.489118
-0.452904, 1.56628
-1.59147, 0.568544
1.52184, 0.578802
1.42195, -0.639236
0.575103, -0.413584
-0.421003, 1.50434
0.37964, 0.594147
-1.34941, 1.49436
-1.51647, 0.315038
-0.450598, -1.32228
-0.578882, -1.55386
1.51162, 1.46944
-0.594948, -1.49064
-0.320821, 0.38438
-1.58939, 0.647279
1.56425, 1.48397
0.492763, 1.56264
-0.490373, 0.606442
1.43833, 0.67349
-1.48183, -1.67444
-0.492528, 1.5704
1.51107, -1.59286
0.498241, 1.58774
-1.64983, 1.61913
1.52716, 0.277101
-1.52793, 1.61584
-0.603318, 1.45504
-1.66375, 1.5166
-0.448861, -0.338931
-0.442558, 0.566346
0.528875, -0.474827
1.54823, -0.366621
1.75088, 0.55712
-1.49663, 0.565248
-0.531963, -0.508487
-1.4822, 1.4879
-0.418759, -1.39422
-0.504835, 1.42653
0.537516, 0.431952
0.570916, 1.47878
-0.473031, -1.38764
1.56694, 0.394068
1.5469, -1.612
1.60273, -0.49218
-0.458933, 0.329761
-0.459142, 0.278749
0.385177, 0.434016
0.451297, 0.439822
-1.44389, 1.62414
-0.668282, -0.474602
-0.552194, 1.60508
1.55339, -0.605004
1.54332, 1.48447
1.42468, 0.421376
-1.52207, -0.584014
-1.32733, -0.417656
-1.4926, 1.4566
-0.467576, 1.41626
-0.413461, -0.462177
-0.354692, -0.407056
1.46831, -0.338193
-0.398176, 1.57151
1.51256, 1.37504
-1.47621, 1.48406
-1.42959, -0.358935
1.57897, -0.442912
-0.474737, -0.396623
0.472951, 0.567239
-1.37391, -0.642816
1.35385, 0.626028
0.471008, 1.45419
-0.570643, -1.49501
-0.354815, -1.60446
-1.52539, 0.552251
-0.304704, 1.49857
1.71699, -0.460393
0.501358, -0.293268
-0.520722, 0.494575
-0.542027, 1.29723
1.2601, 1.35678
-0.411105, 1.50157
-0.539682, -1.50106
0.542096, 1.48026
-0.424399, -1.63501
0.462448, 1.57749
1.44014, -0.415659
1.41144, 1.48631
-1.43749, 1.51018
-1.50734, 0.383233
1.53259, 1.29068
0.485276, -0.447931
-0.535007, -1.45007
1.40974, 1.36038
1.57479, -0.627633
-0.753058, 1.56928
0.465978, 0.526952
-1.41903, -0.522205
1.53776, 1.48159
0.660386, 0.548006
-0.481804, 1.60636
-0.376544, -1.51077
-0.524002, 0.456951
-0.561656, -0.27842
-0.347865, 1.47012
1.50957, -1.41225
-0.326327, 0.60391
-0.516066, -1.64712
-1.42483, 0.597185
0.457436, 0.402815
1.35539, -0.327241
-1.41966, 1.39179
-0.518409, -0.502512
-1.47172, 1.52797
0.603682, -1.49922
0.519321, 0.595068
0.824442, 1.40888
1.44023, -1.54984
-1.61127, 1.5497
-0.446339, 0.529306
-0.513712, 0.544655
-1.54048, -0.557532
1.55368, 0.37446
0.451016, 1.42185
-1.63752, -0.570595
-1.47392, -0.719904
1.38472, -1.31538
0.271817, 0.262223
-0.707864, 0.451458
-0.548959, 0.692599
1.19138, 1.43238
0.576647, -0.549321
1.42167, -1.59925
-1.37573, -1.53838
-0.481672, -1.4088
0.578135, 1.42989
-1.47536, 0.515567
1.65583, -0.35009
0.59969, 1.38973
-0.540826, -0.497172
0.614468, -0.625135
0.378595, -1.5952
-0.415653, 0.412414
-1.41577, 0.433673
0.531715, -1.31273
1.51029, 1.41493
0.540438, 1.47972
1.6722, 0.721663
-0.404723, -0.515152
-1.46222, -1.48805
-0.506459, 0.55857
-0.498811, -1.574
-1.50946, -0.592819
0.663098, -1.60434
-0.401871, 1.40137
-0.412571, -1.50968
-0.597266, 1.54639
1.48968, 1.515
-1.56026, -1.56794
-1.49434, -0.31035
-1.56645, 1.37747
0.548498, -1.60198
0.743903, -0.486823
1.52824, -0.531741
0.465332, 1.46799
-0.713362, 0.451707
1.54216, -1.61681
-0.546654, -0.469002
0.426491, -1.45368
1.43793, -0.588945
-0.454897, -1.3221
1.54098, 0.54124
-1.23933, 0.48818
-1.58836, -0.524501
1.39997, -0.734524
-1.46925, 0.446588
1.42057, 1.49619
0.560887, 1.43897
-0.41989, -0.620314
-0.465147, 1.56924
0.433414, 1.5103
-1.33188, -1.39362
-0.58209, 0.539978
-1.41149, 1.39433
0.53917, -1.5216
-0.345652, 1.61238
1.43318, 1.31485
1.48028, 0.511546
1.57758, 0.520152
-1.63563, 0.598669
1.53139, -1.44848
-1.56382, -1.45093
-0.473801, -1.44467
-1.55495, -1.59064
0.53403, -0.631557
0.428899, -0.533379
1.47701, -0.463119
-0.449452, -1.48968
0.64337, 0.472734
1.55129, 1.62659
1.47196, 0.507248
1.57944, 0.440873
0.628373, -1.40428
-1.41847, 1.45967
-1.48315, -1.63817
-0.57144, -0.568331
-0.438187, -1.65553
1.49694, 0.457963
0.435112, -0.440924
-1.44662, 0.673792
-0.505065, 0.473915
1.45839, -1.36911
-1.58874, 1.39093
-0.437397, -0.477178
-0.606276, -0.48821
0.398549, 1.60077
-1.57587, 1.51054
1.58354, 0.551005
-0.705539, -1.55742
-0.336384, 1.42183
-0.549548, 1.62136
-1.66461, 1.64499
-1.39576, -0.505844
0.586525, -1.52423
-1.46278, -0.68164
-1.48095, -0.529887
-0.446386, 1.35619
0.357939, 0.550016
-0.41721, -1.46174
-1.53749, -1.28958
1.47475, 0.36627
-0.453689, -1.44073
1.58875, 0.45738
-0.707044, -0.541504
-1.47488, 0.548831
-1.45076, -0.573027
-1.4041, 1.35093
-1.47378, 1.5968
-0.673854, 1.55809
0.329851, -1.3556
-0.633685, -0.410277
0.564449, -0.496862
-1.32971, -0.35492
1.48187, -1.48062
-1.67437, 1.50694
0.456021, 0.679649
0.635608, -0.679563
-1.35291, -0.590979
1.4127, -1.55782
0.641665, -0.544765
0.53457, 1.48399
-1.57034, -1.43899
0.518121, -1.42533
0.537964, 1.67915
-0.440168, 1.56626
1.39147, -0.399688
1.44881, 1.51689
0.402615, 1.33637
-1.51735, 0.450513
-1.62743, -1.41876
-1.61723, 1.42011
1.63126, 0.492713
-0.65687, -1.45516
-1.45942, 1.50461
0.414466, -1.43216
0.446863, -0.542603
-0.574358, -1.28073
0.525037, 1.45041
-0.466634, 0.558717
1.38354, -0.486245
0.437415, 1.62759
1.45414, -1.47925
-0.556301, -1.52262
1.48528, 0.511371
-1.56791, 0.596691
0.557854, -1.43938
1.47627, 1.68707
-1.67635, 0.477506
1.59563, -0.529972
1.57894, 0.455558
-1.5399, -0.466497
-0.344344, 1.39252
-0.709691, -0.727844
1.5032, -1.61614
-1.64644, -0.490026
0.663462, -1.5031
-1.56269, 0.386987
-0.396216, -0.414191
-0.585372, 0.408951
1.48284, -1.39565
0.530779, -1.51961
0.620193, -0.274589
-1.46437, -1.60846
-1.46587, -1.51668
1.40329, -1.52805
0.534844, 1.63491
0.581253, -0.550159
-1.47375, 0.362208
1.51287, -0.447561
0.516147, -1.51283
-1.53075, 0.546181
-0.334562, 0.565498
-1.43569, 1.49353
0.376913, 0.476665
1.42774, -0.425627
-0.7024, 0.449911
-1.55818, 1.50258
-0.425933, -1.45652
-0.369362, 0.561354
-1.59254, -0.467483
-1.53566, -1.45303
-1.50259, 0.666597
0.409866, 0.648912
-1.62698, -1.4405
1.57731, -1.44326
0.466943, -1.40258
1.47739, 0.504334
-1.43855, -0.618676
0.496049, -0.400136
-1.34699, 1.58828
1.62383, 0.61531
-1.50176, -1.46037
0.320717, -1.50596
-0.591051, -1.64406
0.536527, -1.58005
-0.551387, -0.656301
-0.413508, -0.568185
-0.639844, 0.506334
1.39321, 0.534375
1.73483, 0.689051
1.60437, -1.58954
1.47039, -1.2573
-0.459528, 1.5346
-1.54929, -0.346043
-1.43455, 0.703315
-1.40377, -0.501415
1.53416, 1.71067
1.41819, 0.574942
-0.543453, -1.38974
0.56261, -1.61946
0.513142, 0.487428
0.403942, 1.36122
1.44605, 0.415283
0.36942, -1.53164
-0.385316, -1.41864
1.46536, -0.634661
1.45731, 0.460512
-0.495792, 0.641638
0.472419, 1.60243
1.59271, 0.617143
0.548208, -0.484755
0.494324, -0.255121
-0.476616, -0.57807
-0.41269, 0.499701
-1.64617, -0.630599
0.382182, -0.565279
1.57852, 1.35741
0.373279, 0.377569
-0.388629, -0.398892
1.55994, -1.41641
-1.51904, -0.470495
0.456205, -0.431705
-1.33469, 1.41367
-0.374711, 0.532954
1.45802, 0.496729
-0.311804, -0.389863
-0.632902, 0.434242
-0.28148, -0.538404
0.393087, 0.519113
-0.511323, 0.403221
1.51979, -0.494503
0.36081, 1.42756
-0.440944, -0.606769
0.376788, 1.45901
1.47894, -0.375523
-1.67857, 0.537413
-1.65291, 0.345758
0.653248, 1.71578
-0.275937, -0.552317
0.566821, -1.39038
-1.52154, 1.59482
1.68238, 0.414714
-1.4983, -1.68113
-0.598391, 0.593578
-1.75474, -1.62359
1.52293, 1.57086
0.538291, 0.365774
-0.487335, -0.492716
1.45657, 0.561057
-1.48634, -1.67744
1.54097, -0.413565
1.25655, -0.347487
-0.341393, -0.513176
1.52409, -0.531512
0.515013, 1.37925
1.37098, 1.3794
-1.32418, 1.47057
-1.40985, 1.42923
1.61689, 1.42863
-1.55436, 0.629225
1.26487, 0.374347
1.42623, -0.475038
-1.49394, -0.697689
-0.506834, -1.41604
-1.61064, 0.393616
1.60257, 0.532303
-1.54453, -1.53697
-1.4995, -1.589
-0.426786, 1.45084
-1.3638, -1.41797
-0.408397, 1.44776
1.5311, 1.51829
0.640232, -1.60495
-0.431509, 0.483957
-1.52447, 0.592896
-1.32375, 1.43072
1.43125, -0.475621
-0.514843, -0.4391
0.588553, -1.52852
0.650352, 0.568103
0.217989, 1.42649
-0.503744, 0.241501
0.510734, 1.42809
1.51797, -0.418148
0.548541, -0.500482
0.494359, 1.56052
-1.57449, -0.680997
-0.717003, -0.561614
-1.57638, 0.573102
-1.58674, -1.43201
0.459556, 1.75267
-0.444284, -1.46131
-0.639603, -1.55031
-0.517669, 1.51163
1.40917, -1.50668
0.425069, -0.40554
1.39256, 0.306177
1.35802, 0.591943
1.51999, 1.42132
1.46096, 0.381811
1.45313, 1.61115
-1.53703, 0.556868
0.621702, -0.574429
-1.50389, 1.53865
1.48585, -1.62634
0.326195, -1.47327
-1.40728, 1.39817
-1.51406, 1.44734
-1.55484, 1.50909
0.302494, 0.553519
-1.53531, -0.476408
-1.73113, -0.500098
1.37994, -1.38202
-1.50523, 0.468836
1.56839, -0.515124
-1.5895, 0.48859
1.45567, -1.55011
1.5546, -1.48987
1.77048, 1.51431
-0.489374, 1.58639
-1.50155, -1.3064
1.46879, -1.41105
0.482426, 0.504129
-0.616744, 1.50268
-1.46646, 1.41628
0.464988, -0.549594
1.55484, 0.450225
-0.448586, 0.680205
1.56814, -1.46551
-0.599452, -1.45656
-1.46876, -1.65551
1.59152, 0.448611
-1.30572, -1.46309
-0.508741, -1.39546
-0.475205, -1.52328
1.51135, -1.69631
-1.49314, 1.48729
-1.49672, -1.40491
-1.58483, -1.5399
-1.50143, -1.73941
-0.477481, -0.49619
0.570021, -0.579059
1.64144, 1.51836
0.497101, 0.613674
-1.38104, -1.51694
0.50699, 1.48882
-0.551284, 0.421474
-0.439569, 1.58362
-1.58622, 0.602534
0.338845, 0.523584
-1.33882, 1.42389
-0.749702, 0.347036
1.43237, -0.515154
-0.510806, 1.52617
1.67652, 0.63804
0.463212, -0.490249
1.76828, 0.512614
-0.544503, 1.25157
-0.319824, -1.5734
1.76263, -0.454021
-1.39901, 1.53539
0.436474, -0.556233
-0.368185, 1.49182
1.57352, 0.431502
-0.606948, 0.285877
-1.51444, 1.6434
1.34086, -1.37933
-0.561949, -0.588341
-0.434386, -1.5324
-1.65155, 0.629888
0.613898, -1.63026
1.47877, 1.65129
0.236707, 1.6463
0.436096, -1.47203
0.555836, 1.50595
0.626084, -1.43587
-1.33896, -1.36523
0.557973, 1.54034
-1.50436, 1.34397
-0.390512, 0.374327
-0.526201, 0.585986
0.442407, 0.560213
-0.550894, 0.59778
-1.40376, -1.52962
1.52731, 1.42465
-1.6154, -1.4195
-0.437333, -0.493232
1.59693, 1.3947
-0.531091, 0.485362
-1.56253, -1.57183
0.300302, 0.635502
0.521895, 0.506388
1.73251, -0.626413
-0.436684, 1.45064
-0.49844, 0.717277
-1.36912, 1.69781
1.57726, 1.33594
0.474663, -1.49718
1.57784, 1.63692
1.54808, 0.532076
-0.561301, -0.490229
-0.770091, 0.486047
-1.46692, -1.55235
-1.44777, 1.48784
1.52208, -1.56892
-0.469369, 1.48652
0.421851, 1.37884
-0.553772, 1.49468
-0.318437, 1.75329
-1.52151, -0.566761
-0.397671, 0.461321
1.45092, -0.456116
-0.439363, 1.35143
1.58041, -0.432136
-0.44068, -0.541095
-0.464224, -1.5493
1.44054, 0.548709
-0.58336, 1.38208
-0.742965, -1.44025
-0.561559, 0.431869
1.39817, 1.51972
-1.59504, -0.655215
0.583644, -0.42964
1.53474, -1.44496
0.477458, 0.369699
0.428528, 0.62272
-1.44432, -0.705153
-0.492745, -0.416553
-1.58633, 0.457562
0.49384, -0.483338
1.56095, -0.5023
-0.41857, 1.49853
0.3534, 0.605155
-0.578356, -1.36171
1.53485, 1.38972
1.47687, -0.515389
1.48493, -0.479526
1.47309, -1.47676
-1.47041, 1.50666
1.43923, 0.384257
-1.61434, 0.458076
-0.505206, 0.622265
1.51886, 0.523264
-1.5023, 1.58579
0.374748, -0.455313
1.5154, 1.47623
0.435392, 1.54864
1.53991, 1.64376
1.38634, -0.588124
0.497496, 1.44519
-1.44075, -1.49523
-1.57766, 1.66172
1.47337, -0.419947
-0.3905, -0.618778
-1.60547, 0.405237
0.682159, -0.457257
1.53572, -0.410467
0.516908, 1.5263
1.63565, -0.558797
-1.3981, 0.542705
-0.371128, 0.422796
-0.562363, -1.49198
1.45789, -0.555353
1.43426, -1.36562
-1.60273, -0.528867
1.59918, -0.460299
-0.694917, -1.37619
-0.417913, 1.57069
1.30242, 0.602842
-0.567419, -0.498313
1.52201, -0.309984
0.460646, 1.42199
0.497434, -0.512245
-1.45863, -0.202965
0.562942, 0.571699
1.41196, -0.758323
1.53553, 1.53695
0.604201, 1.43747
1.58706, -0.445871
-0.520298, -1.64748
-0.419052, -0.398998
-1.52491, 1.53341
-1.44935, 1.39282
0.651449, -1.49619
-0.581582, 0.466496
0.65279, -1.46588
0.567935, -1.56699
1.5244, 1.40921
0.679489, 0.317519
1.53846, 1.63141
-0.439705, 1.54758
-1.53277, 1.65471
1.38002, 1.59064
-1.60354, 0.443085
1.33875, -1.54118
1.44688, -1.53299
0.469327, 0.512295
0.812044, 0.454819
0.465749, 1.55209
-1.66882, -0.439403
-0.43002, 1.50057
-0.44423, -0.427018
-1.40617, 1.73249
-0.45327, -0.50581
0.607174, 0.510715
0.291647, 1.50867
0.413226, 1.27191
-0.656583, 0.543568
-0.734009, 0.426963
1.48696, 1.51182
0.431693, 0.470852
-1.5692, -0.525393
-1.42172, 0.662469
0.445416, -1.48311
1.6057, -0.487532
-1.42586, 0.567177
0.568031, 1.48566
0.55823, -0.430788
-0.388102, -1.53894
1.4765, -1.68702
-1.57304, 0.569497
0.477417, 0.523514
0.578011, 0.578569
-1.46412, -1.42557
1.44779, 1.5621
-0.630118, -0.331389
1.49225, 0.496661
-0.366521, -1.37254
0.622091, 1.52432
-0.329478, -0.593621
-0.54435, 1.33423
0.623479, 0.472978
-0.408811, -0.495055
-1.55136, 1.45998
-0.405577, -0.341728
-1.60544, 0.497992
-0.528069, -0.487272
1.47723, 1.30222
-0.421102, -0.513348
-1.46503, 1.36785
0.523825, -0.435888
0.391799, 0.464332
-0.474703, 1.4261
0.357603, -0.455058
0.606454, 1.64764
0.705519, -0.522174
-1.38381, -0.551134
-1.62361, 1.60836
1.25809, 0.496601
1.53842, -1.46169
-0.497086, -0.480815
0.511671, 0.526396
0.550279, 0.589873
-0.519842, 1.66866
-1.52486, 1.4983
-0.502096, 1.32841
1.44549, -0.471014
1.58235, 1.52538
-0.541575, 0.534296
0.518323, 1.54207
1.42067, -0.523746
-1.45738, -1.46338
1.55021, 0.49621
-1.46577, -1.55108
-1.46614, -0.505066
-1.16204, -1.44279
-1.45825, 1.64441
1.46887, 0.427466
-0.409642, -1.52472
1.47023, -0.522599
1.35221, -0.430269
0.464201, -0.357854
1.4819, -0.343143
0.450253, 0.596243
0.476148, 1.53533
1.4553, 1.54717
1.61966, 1.55938
0.317557, -0.449415
-1.43739, -1.49885
-1.47931, -1.87792
1.52166, 0.602459
1.58998, -0.490269
0.525966, -1.42353
1.68667, 0.47217
-1.50726, -0.463911
-0.434495, 0.448066
0.618934, 1.71535
-1.56995, -0.470518
0.559309, -1.4922
0.503156, 1.62859
1.51748, -0.585222
0.646171, 0.405983
1.53835, 0.473726
1.52803, 1.52995
1.19386, -0.441857
0.424353, 0.395633
-0.548563, 1.45091
0.647886, -0.63138
0.487408, -0.625173
0.556765, 0.741458
1.46471, -1.32386
-1.62978, -1.35283
-0.453837, 1.57206
-1.4487, 0.515551
-1.4443, -0.540702
1.4257, -0.568339
-1.55997, 0.568551
0.390786, -1.52598
-0.421838, 1.56807
0.6486, -0.478888
1.52604, 1.52065
0.478804, -1.50592
0.528138, -1.60807
0.589539, -1.26721
0.673353, 0.424037
0.550447, 1.57006
0.609355, 1.59715
0.592982, -1.50143
0.437409, 1.45249
0.549575, 0.516295
-1.50566, 0.675306
0.497456, -0.543268
0.509417, -1.60775
1.41319, 1.26521
-0.481887, -1.50923
0.589796, 0.416334
0.566048, 1.36521
1.51766, 0.811368
1.495, 1.44464
1.61111, -1.57119
0.457632, -0.572966
0.467666, -0.280987
0.432505, -1.47241
1.45175, 0.473457
0.699831, -0.503452
-1.39751, 1.53659
-1.56017, -0.525818
0.546038, 1.41956
1.48887, 1.48412
0.554657, 0.569266
0.631716, 1.56757
1.51867, 0.513024
-1.49112, -1.36915
0.567149, -0.322961
1.51875, 0.19409
-0.609259, -0.462545
1.59373, 1.52515
-1.50344, 0.527579
-0.24786, 1.56824
-1.47761, 0.488567
1.60929, -1.66435
-0.588081, -1.54794
-0.541651, -0.51073
-1.4804, 0.508856
1.54318, -0.555479
-0.592279, 1.65491
-1.44358, 0.428508
1.53997, -0.284461
-1.2785, 1.48889
1.43524, -0.555572
0.505731, 0.471767
0.546869, 1.3501
0.424748, 1.52717
-1.5045, -0.551701
-1.43744, 1.55309
-0.61868, 1.5137
0.469406, -0.201596
0.327721, -1.55422
1.42366, 0.48374
-1.48971, -1.4816
-0.483605, -1.58801
-1.37088, -0.30484
0.427268, 1.61692
1.48927, -1.53124
0.523291, 0.332928
-1.48882, 1.47363
0.530937, 1.42973
0.530709, -0.676766
-0.585401, -1.41284
-1.42652, 1.64287
-0.545821, -0.456388
1.93961, 1.44261
-0.454539, 0.512652
-1.67726, 1.32876
-0.474303, 0.585132
1.45517, 1.57629
-0.607871, -0.531688
-0.401878, -1.56313
0.303252, 0.384619
-0.577742, -0.470455
-0.400726, -0.468636
1.54898, 1.49104
1.43531, 1.43166
0.479921, -0.555202
-1.56898, 0.446
-0.612241, 0.580009
-1.51528, 1.61856
0.648646, -1.52062
-1.43465, 1.62058
0.501251, -1.42589
-1.58321, -0.538663
-0.586033, 0.46257
-1.50348, -1.39197
1.47426, 0.46835
-0.473629, -0.448979
1.3382, -1.31592
-1.43757, 1.63974
1.49537, 0.612364
0.620082, 1.58465
-0.498857, -0.487009
1.57394, -1.5153
0.508663, 0.449699
-0.516873, 1.41225
-0.49991, -0.642162
-0.522846, 0.457162
-1.44987, 0.559996
-0.56695, -1.37593
-0.554973, -1.54427
-0.432798, -0.614274
0.323365, 0.546767
-1.16624, -1.4214
0.495439, 0.531242
1.59019, 1.51128
-0.555974, -0.425531
-0.485982, -0.544557
-0.486897, -0.545438
-1.53686, 0.472355
-0.579092, 0.505972
-0.471014, -0.651457
1.36789, -1.41191
-0.430767, -0.377924
-1.39996, 0.437961
0.332959, 0.54396
-1.41877, -1.63729
-1.70926, -0.299007
-0.393283, 0.492707
-1.37832, 1.6917
-0.612646, 0.737416
-1.56784, 1.55827
-0.349752, -0.512613
-0.508925, 0.346476
-0.606734, 0.500387
-0.537248, 0.468992
1.56544, -1.49476
-1.48212, 1.45112
-1.28133, 1.71705
-0.438076, 0.365572
0.49251, 0.555642
-0.595958, 0.461559
-1.53019, 1.66639
-1.56308, -1.58825
-1.56603, -0.475963
-1.60757, 1.41657
0.462607, 0.430613
1.46862, 0.455275
0.49788, 1.51275
-1.58305, 0.620332
-0.437396, -1.57237
0.597338, 0.522392
0.58939, 0.525816
1.48711, -0.502002
-1.45279, 1.44237
0.598018, 1.53573
1.53768, 0.452857
1.60184, 1.32797
-0.419903, 1.30235
-0.491503, -1.58815
0.624262, -1.43099
-0.420809, -1.45102
0.423785, -0.605948
1.43054, 0.546316
0.389288, 0.605229
1.50498, -0.426686
-1.51074, -1.58996
-1.49237, 0.494032
0.624718, 1.53158
0.453851, -1.48621
0.578255, 1.4281
-1.32042, -0.550489
1.5348, -1.56646
0.511456, 1.51591
-0.393099, -0.380045
0.249906, -1.54453
1.4288, -0.511043
-0.646408, 1.47811
-0.583413, -1.44979
1.66914, 1.47694
-0.590624, -0.570666
-1.52124, -0.577734
0.360171, -0.450773
-0.536734, 1.49028
-0.517474, -1.59572
0.675714, -1.48407
-1.62666, 1.50259
0.508665, 1.49851
-1.56369, -0.358478
-1.53468, -0.612643
0.49054, -1.28318
1.54066, 0.594782
1.47286, 0.459578
-0.432765, 0.620065
0.463797, 0.525193
0.333205, 0.421648
-0.316916, -0.493649
-0.33419, -1.46927
1.48873, -1.29326
0.47071, -0.454919
0.541869, -1.47787
1.55597, 1.48562
-0.584574, -0.587994
0.558418, 0.646586
1.4299, 0.546842
-0.504523, 0.505426
-0.497551, 0.388519
-0.674919, 0.411449
0.583181, 1.54223
0.550228, 0.434362
-0.483947, -1.40773
-0.499905, 1.42421
1.46644, 1.40477
0.531054, -0.506623
-1.52985, -0.624126
0.457081, 0.697321
-1.64548, 0.496534
-0.465051, 1.40544
-0.378918, -1.33851
1.48685, -1.47117
-0.603569, 1.47627
-1.37646, 0.473846
1.56752, -1.38079
0.543071, 0.309503
-1.44815, -0.518329
1.54847, 0.461783
1.50223, 0.601797
1.30441, 1.46795
-1.68947, 1.43777
-0.545958, -1.5474
-1.63115, -1.53985
-0.433306, 0.503583
0.559985, -1.61386
0.287138, -1.33358
-1.31007, 1.58335
-0.442534, 1.41517
-0.542447, 0.63039
-1.52255, -0.557661
-1.54036, 0.321099
1.42891, 1.48114
0.68592, -1.59818
-1.29504, 0.459513
-1.41737, 0.434677
-1.54071, 0.551787
-1.49527, 0.460158
-1.54382, 1.59945
1.3413, 0.63259
-1.47687, 1.50975
1.43971, -1.46315
1.33975, -1.56393
-0.68441, -1.63125
1.55622, 1.74016
-0.503507, -1.6064
-1.59075, -0.507892
1.46651, -0.346946
0.441102, -0.552405
1.40878, -0.601106
1.51119, -0.557773
-1.4645, -0.590275
-0.628378, 1.55821
-0.410299, -0.494644
-1.55439, 0.461175
1.4819, -0.518027
0.53587, 0.45386
0.526362, -1.51219
1.51205, 0.582238
1.70458, 0.585709
-1.37934, 1.50029
-1.38088, 1.29416
0.516568, 0.45555
1.35332, -0.442717
-0.583925, -0.415135
1.59734, -0.550557
0.542461, -0.512513
0.562545, 1.50751
1.75743, 0.626169
0.443796, 1.43015
-0.459245, 0.713717
1.52578, -1.49798
-1.4786, -1.35933
0.424101, -1.64021
-0.487911, -0.543509
-0.434181, -0.488061
-0.516092, -1.3636
-0.513246, 1.58154
-0.481942, 1.42378
1.40716, -0.710533
0.582812, 1.50192
-1.39327, 1.29311
-0.594871, -1.53847
1.56753, 1.60452
0.543902, 1.46217
-1.55546, -0.569971
0.477271, -0.645633
0.609425, -0.493096
-1.36848, -1.55117
0.39319, -1.41127
1.56564, -1.48113
0.468269, -0.332538
-1.29039, -1.70683
1.44259, -0.547708
-0.672774, -0.373687
1.56927, -1.45034
-0.490004, 0.559945
1.52875, 1.40371
1.43637, -1.48806
-1.58715, -0.543231
-0.437728, 1.51097
-1.52961, 1.61254
-1.49718, 1.62842
-0.482848, 1.44749
1.51992, 0.509564
-1.40253, -1.33913
0.51939, 0.478489
0.424676, 0.465771
-0.360787, 0.53606
0.377957, 0.307002
0.290138, -0.488628
-0.650107, 0.44432
0.581007, -1.661
-1.35241, 1.44522
-0.596529, 0.441806
-0.4229, 0.576614
-0.526143, -0.391941
1.40475, 1.53809
1.52146, -0.430516
-1.52398, 1.35042
0.535699, -0.410586
0.471642, 0.413515
1.52301, -0.414747
-1.48366, -0.456452
1.60653, -1.36867
-0.337716, -0.602803
-0.34363, 1.48518
1.38172, 0.342314
-0.485864, 0.467168
-1.25229, -0.535295
-0.518438, -1.50262
0.304095, 1.35194
-1.5541, 1.44006
-1.5672, 0.83332
1.52914, -1.47119
-0.486194, 1.50198
0.42739, -1.47386
0.474687, 1.60936
1.62152, 0.444166
-0.587999, -1.57267
0.636216, -1.49507
-0.511509, -0.298305
-0.336099, -0.442845
-0.394424, -1.65393
1.64194, -0.439355
-0.572968, -0.485813
1.69847, 0.647054
-0.505243, 0.378393
-0.511374, 0.39829
-0.342727, 0.657518
1.39433, 1.47518
1.61199, -1.47555
-0.499589, 0.503215
1.57234, -0.36775
1.48894, -0.569171
-0.54006, -1.61797
1.45331, 0.611085
-1.30931, -0.550454
-1.65594, -1.54961
-0.591332, 0.551524
-1.62055, 0.543702
-0.536912, 0.492431
0.586495, -1.41556
1.52096, 1.57586
-0.530234, 1.42927
-0.513452, -1.6813
-1.40228, 1.46367
-1.39074, 0.532227
-0.456347, 1.46014
-1.44735, 0.433436
1.40324, -1.54158
0.495546, 1.64256
1.54843, 1.51897
-1.57662, 0.615627
-1.54966, 1.68281
-0.470478, -1.66073
0.59959, 1.57912
1.45694, 1.60592
-0.54619, -1.67415
-0.623254, -0.397979
0.376772, -0.501556
-1.52943, 0.327699
-0.504154, 0.381567
-0.493871, 0.450452
1.47438, 0.643906
-0.586186, -1.51763
-0.374148, -0.593485
1.51807, -0.615043
-0.444259, -0.581389
-0.367159, 1.53198
-0.57546, 1.46801
1.54856, -1.48653
0.550908, -1.52324
-0.428751, 1.48116
-0.484984, -1.48146
-0.530294, 0.557206
-0.515572, -0.432914
1.60977, -1.58607
-0.403691, 0.451028
-1.66543, -1.67673
-1.39449, -1.58804
-1.51774, -1.61527
-0.428934, 0.385987
-1.53182, 1.66093
1.56181, 1.46187
0.499971, 1.53338
-1.48601, 1.49978
-1.48468, 1.61793
-1.4801, 0.253137
-1.42504, -1.40677
-1.31607, -1.52577
1.60284, -1.63216
-1.51029, 0.430164
0.497684, -1.29626
-1.62429, 1.44395
-1.40037, -1.46918
-0.480239, 0.452629
-1.5947, -1.3378
-0.468726, -1.52926
-0.46593, 0.472873
1.36744, -0.379841
1.61374, -0.519266
-0.33229, -0.5339
1.443, -0.48004
1.60969, -0.412759
-0.658506, -1.47197
1.32003, -1.40106
1.28464, 1.29932
1.55846, -0.336518
0.3815, -1.39134
1.3512, 0.345733
0.642121, -0.612732
-0.472682, 1.48604
-0.466376, -0.579315
-0.517668, -1.46337
0.651811, -0.464439
-1.47605, 0.515542
1.64787, -1.34799
-1.39529, -1.66484
1.53618, 1.51559
0.486768, 0.348646
-1.47758, 1.51707
-1.4553, 1.51252
-0.40372, -0.323418
1.49498, 0.437291
0.576638, 0.603116
0.645182, -0.533058
1.66368, 1.38743
-0.679047, 1.44628
1.51902, -0.557107
-0.420875, 1.44998
-0.358798, -0.409312
0.435031, -0.653319
-1.5986, -0.427478
-0.433416, -1.53302
0.541266, 0.388185
-1.38442, -0.600172
-0.603684, 0.503386
-0.570542, 0.419987
1.32433, -1.51453
-1.44204, 0.677237
0.557409, 1.52746
1.45781, -0.546425
1.49293, 0.405529
1.46356, -0.437928
-1.54831, -0.587448
-0.449418, -0.488901
-1.59107, 0.685651
-1.55267, 1.50261
-0.415759, -0.604007
1.63483, -0.427494
-1.61963, -1.58294
1.61413, 0.492226
-0.512186, 1.54372
-0.467972, -0.448872
-0.514475, 0.504783
-1.56032, -1.3969
-1.6488, -0.518747
-1.4104, -0.605611
1.3623, 0.418012
-0.649153, -1.54058
-1.51597, 1.49036
-1.62464, 0.422074
1.44659, -0.495313
0.585913, -1.4762
-1.75007, 0.666479
-1.26304, 1.5169
-0.603494, -1.5877
-0.71932, -0.476056
-1.54541, 1.51874
-0.570773, -1.55949
-0.352652, 1.43661
-1.50271, -0.563281
-1.53611, -0.714344
-1.47139, -0.482208
-1.44584, -0.492119
0.556587, -1.50736
1.42455, -1.58538
1.60347, 1.40168
1.53222, -0.524767
-1.46218, -0.571884
1.45917, 0.3179
1.36464, -0.23834
-0.585387, 0.641838
1.38786, 0.363287
-0.621323, 0.387122
0.383159, -1.46173
0.333335, 1.39163
0.559716, -0.409698
1.59643, -1.56177
-1.67678, 1.5991
0.422189, 1.45231
1.56418, 0.462282
-1.33955, 0.434986
-0.469921, -1.62081
-1.51589, -0.598604
-1.22282, -0.459663
-0.542139, -0.515692
-0.51117, -1.44018
-0.59479, -0.631782
-0.667449, -0.55828
0.364291, -0.490151
-1.32341, 1.62912
0.58299, -1.56596
-0.427346, -0.528773
1.42995, -0.370551
0.514475, -1.47612
-0.754042, -1.62894
0.495873, -0.623531
-0.431141, 0.568128
1.65688, 1.53831
1.49023, 0.356205
1.38255, -0.4474
0.380598, -1.49015
0.444804, -0.539504
1.53433, -0.503466
1.82822, 1.48819
-0.57114, 1.48581
1.60721, 0.599873
1.33229, -1.74525
-0.50873, -1.56823
1.55357, -1.39832
-0.408727, 0.409687
-0.582766, 1.54469
-1.49242, -0.492338
-0.679844, 0.668039
-0.534993, -0.605187
1.53002, -0.477962
-1.39512, -0.619626
-0.689614, -1.67003
-1.6083, -0.33038
0.433047, -0.429678
0.590307, -0.444348
1.41322, -1.38465
-1.25612, -0.692921
-0.578259, -0.558757
-1.57181, -0.449699
-0.558784, -1.59327
-0.412724, -1.493
0.486639, 0.539602
0.505471, 1.38124
0.433184, 1.62924
-0.329147, -1.48294
1.53611, -0.384153
1.39077, -1.59534
1.61077, 1.38652
0.362794, -0.497692
0.611875, -0.468902
-0.638239, 0.507381
-0.704048, 0.597563
0.588186, 0.444146
0.659783, 1.49744
-1.50532, -1.30213
0.418039, 0.431986
-1.66662, 0.423261
-1.42484, -0.574314
0.312703, 1.37666
1.66006, -0.46225
1.58654, 1.58648
-0.492512, 0.50533
1.64076, -1.27388
0.462735, -1.52281
-1.6023, -0.56942
-0.465388, -1.52997
-1.47063, 0.598413
-0.378017, -1.63741
1.4821, -1.64126
0.40339, 0.51957
-0.431982, -0.607519
-0.525905, 0.454041
0.483988, -0.612884
-1.43169, 0.684902
-0.594108, 1.38745
0.562443, -1.58414
0.535101, -1.56925
-0.47266, -1.62393
-1.5228, -0.557136
0.447762, 0.43182
1.67626, -0.71885
-1.34664, 0.492561
0.65606, 0.578021
-0.407775, -1.48838
-0.584675, 0.448965
0.43498, 0.450036
-1.42735, -0.425117
0.551866, 0.507626
-0.583445, -1.4707
-0.482729, -1.40369
-0.477064, 1.46989
0.561111, 1.40732
-0.398936, -0.394143
1.46732, -0.401682
0.415182, 1.60063
0.355493, -0.54383
0.511811, 0.346522
-0.572071, -1.42935
0.665516, -0.627668
1.53543, 0.377275
-0.213618, 1.5206
0.536665, 1.54371
0.643652, 1.50282
-1.50747, 1.61644
-1.49521, -0.48347
0.460856, 0.396225
1.40665, -0.647268
1.48572, -0.41065
1.42511, 0.484247
1.5522, -1.57953
-1.47804, 1.41096
-1.65764, 0.452344
-0.482998, -1.57384
0.622609, 1.56423
-1.38975, -1.54427
-1.45206, 1.60655
-1.62519, 1.59424
-1.51194, -0.477884
-1.45942, 0.513268
0.279419, 1.75081
-0.592442, -0.57726
0.591667, 0.571341
-1.46513, 1.43642
1.64527, 1.46902
1.67186, 1.408
-0.564727, -1.61528
0.390365, -0.482469
0.484201, -1.61472
-0.526075, 0.3508
0.52987, -1.5525
1.7032, 1.32787
0.477655, 1.52829
1.37384, 0.669806
1.56637, -0.434389
-0.53115, 0.516649
1.4883, -1.4112
-1.55425, -1.73602
-0.454845, 1.69472
0.571171, 1.60072
0.439388, -0.202782
-1.34181, 1.37428
-1.4858, 1.51134
1.40601, 0.358384
-1.51937, 0.449243
-1.468, 1.55159
0.561433, 0.299425
-1.50926, 0.499825
1.36918, 1.4804
0.477337, 1.42045
-0.550605, -1.54571
0.598291, -1.46582
0.486687, 0.570437
-1.29928, 0.489778
1.6349, 0.577381
1.58486, 1.35986
-1.47886, -0.343846
-1.42257, -0.31272
-1.39539, 1.49158
-0.381563, -1.37872
-1.50629, 0.472819
1.58257, 1.49202
-0.654574, 0.449422
-0.453079, 1.35799
0.440519, 1.55208
-0.500593, 0.423364
0.423297, 0.466741
0.617518, 0.648186
-1.6773, 0.585697
0.536341, 0.409203
-0.495103, 1.69694
1.6717, -1.46116
-1.61137, -0.635133
1.40257, 1.44152
-1.53658, -0.501038
-1.49509, 0.663929
0.563678, -0.342288
1.46322, 1.53025
1.47863, 1.47557
0.376988, 1.53721
1.53801, -1.42568
1.60435, 1.61575
-1.53274, 0.618776
-0.535797, 1.54876
-1.52778, 1.40613
-0.458368, 0.445392
0.267641, 1.56723
0.561916, -1.6578
0.592103, 1.56831
1.5999, -1.6845
1.47512, -1.35638
0.432279, 0.497328
-1.58557, -1.40593
0.749479, 0.44819
-0.392824, 0.456696
-0.627208, -1.4273
0.364278, -1.47302
-1.50166, 0.605065
-1.57537, 1.42316
0.468419, 0.436961
1.48069, -0.427775
0.461804, -1.64062
-0.492773, 0.538175
-1.67511, 0.499648
-0.659627, 1.53702
0.406052, 0.522299
-0.405233, -0.538363
1.40815, -0.541904
1.63672, 0.431717
-0.670769, 1.45729
-1.39486, -0.614228
0.375707, -1.52615
1.25157, -0.477913
-1.65539, 0.625724
-0.564282, -1.46112
1.5896, 0.533237
-1.61156, -1.26887
1.38741, 0.420332
1.39777, -1.63296
-1.5087, -1.41787
-1.44849, 0.512773
1.53154, -1.44497
0.362333, 1.35418
-1.59442, 1.47278
-0.479824, -1.58259
-0.391484, -1.39898
1.5857, -0.55226
1.47006, -1.41575
1.3202, -0.353703
1.56761, -0.433788
-1.52685, 0.675473
-1.68314, 0.475352
1.56296, -0.485344
-0.60071, -0.472929
1.62672, 0.415695
-0.620898, 1.33118
-1.57728, -1.49118
1.49204, -1.27899
-0.615433, -0.634701
0.661893, -1.38351
-0.484148, -0.495582
-1.49262, -1.52251
0.395756, -0.463656
-0.384648, -1.51925
1.54922, -0.537558
-1.43647, 1.61072
0.489917, -0.527151
0.543157, 0.459472
1.62329, -1.53058
-1.45083, 0.506921
-1.33013, -1.61218
1.32673, 1.47664
1.63288, -1.56432
-0.456484, 0.452335
1.50575, -0.287127
-1.66892, 0.323808
-1.57083, -0.476532
-1.51086, -0.635201
1.54813, -0.595998
1.5878, -0.444305
0.487323, -1.37755
-1.40135, 0.576561
1.73051, 1.40738
-0.694432, 0.499376
1.49073, -0.719446
1.59232, 0.401332
-1.46771, -1.58738
1.52411, -1.32778
-0.555888, 1.5279
-1.34339, 1.67514
0.704122, -1.44957
-1.36665, 0.435388
1.44509, 1.51525
-1.54117, 0.459737
-0.530837, 1.65032
1.51756, -0.368052
0.473505, 0.46846
-0.444903, 1.51169
0.55394, 1.61439
0.49026, 1.42907
0.405684, 1.54356
1.49681, -1.42241
-1.29333, -0.374932
-1.5366, -1.46416
1.63913, 0.508674
0.470437, -1.6304
-1.50291, 1.40965
1.44696, 1.473
-1.44496, 1.3345
-1.57428, -0.544685
1.5008, 1.66452
0.442391, 1.42194
-1.68933, 1.51895
0.205019, 0.45939
0.645708, 1.53038
-0.541849, 0.476353
-0.500673, 1.55622
-0.691662, -0.687122
-0.521013, 1.45592
-1.40736, -1.42873
0.487656, 0.463275
0.553386, -1.60899
-0.549031, 1.60119
1.3894, 1.42151
1.70848, 0.567916
1.4547, 0.369297
-1.34357, -0.503791
0.410076, -1.58885
1.58147, 1.55053
0.349448, 0.506516
-0.316812, -1.51013
1.61388, -0.428145
-0.488939, 1.5819
-1.60788, 0.491518
-1.67065, 0.404049
-1.53429, 1.49446
0.574642, 1.55617
1.35175, -1.43936
-0.475068, -1.42066
0.351246, -1.52088
1.4894, 1.34877
1.50373, 1.41321
-1.55296, 0.30827
1.41875, -0.614215
-0.456619, 0.486437
-1.52126, -0.540744
0.540252, 1.44975
-1.5928, 1.50303
1.34008, -1.52733
-1.46421, 0.632228
-1.56908, 0.51699
1.31388, 0.472843
1.44155, 1.36993
-1.51846, 1.58558
-0.517355, -0.669101
-1.55041, -1.47628
0.437398, -1.51403
-1.54346, 1.51478
0.482656, -1.46716
-0.564824, 1.44788
0.55039, 0.634554
-0.35641, 1.56014
0.5297, -1.68391
-1.62364, 1.44315
-1.48795, 1.53497
1.51634, 1.61684
1.65144, 0.430555
-1.33085, 0.400273
1.45831, 1.38341
-0.403234, -0.547486
1.3767, -1.57511
-0.586817, -0.448461
-1.58393, -1.36889
-1.44777, 0.350678
-1.49433, 1.35352
-1.3802, -0.445222
0.55602, -1.52901
-1.35111, -1.40921
-0.521161, -0.572986
0.570284, -0.699886
-0.527284, -1.44762
-1.54008, -0.571487
-1.5504, -0.38961
1.5869, 0.321905
-0.462898, 0.59828
0.401173, -1.37856
-1.41756, 1.38835
-0.384599, -1.63507
0.485609, 0.440635
-1.51563, -1.57089
-1.38147, -1.50376
-1.48204, -0.426179
-0.514427, -1.51345
1.5142, 1.38535
1.60498, 0.537354
0.760924, 0.442025
1.5793, 0.54454
0.596416, -1.44182
0.333284, -0.389536
-1.49414, 0.387078
0.275021, -0.740277
0.583988, 1.54225
-0.428239, -0.537996
-0.372494, 0.546194
1.63432, 1.62354
-1.51621, 0.497346
-0.524631, -0.555557
0.446387, -1.34342
-0.541032, -1.49845
0.52713, 1.57743
-1.58523, 0.426042
-1.34618, 0.728843
-0.477016, -0.493322
-1.4843, -0.481305
-0.460489, -1.48023
1.49164, -0.64109
-1.51388, -1.37349
-1.3686, -1.51603
1.59525, -0.289467
-1.33228, 1.57758
-0.423856, -1.47556
1.53047, 0.455117
0.553303, -0.649989
-0.506898, -0.546737
0.670989, 1.59184
0.561734, 0.747886
0.506559, -0.573325
-1.54261, 1.51867
1.66258, -1.58224
-1.4791, -1.59598
0.343178, -1.50978
-0.447894, 1.40443
0.51951, -1.58506
-1.4502, 0.572141
1.55521, -0.461493
-0.461417, 1.39294
-1.32557, -1.52761
1.46958, 0.623145
1.37084, 1.43187
0.438338, 0.566641
-0.572908, -0.402774
-1.43203, 0.492765
0.788716, 0.491226
-1.72618, -1.34914
0.538977, 1.47897
1.57034, -0.474386
0.49352, 1.60847
1.50958, -0.492646
-1.47824, 1.52658
-0.533461, -1.4888
-1.52037, 0.503667
-0.366547, 1.59473
-1.44121, -1.28468
1.49974, -1.50761
1.49023, -0.380407
0.450389, 1.49051
1.48292, 0.596089
1.48234, -1.5957
0.597394, -1.44873
-0.449702, -1.48398
-0.342525, -1.57657
0.461672, -0.596827
-1.53724, -0.502476
0.410701, -0.682752
-1.38461, -0.341514
0.414701, -0.365911
0.526397, -1.43768
0.353688, 1.52375
0.514562, -1.54325
1.46539, 1.42173
1.64392, 0.562649
-1.55984, -1.5017
-1.58691, 0.592175
1.41728, 0.421524
1.54324, -1.49622
1.52473, -0.564628
-1.60864, 0.470154
-1.55092, 1.41188
0.631374, -0.562617
0.529487, 0.734785
1.4611, -1.61171
-1.35943, 1.51638
-1.36223, -0.36475
-0.376473, 0.541809
1.59411, 0.644204
-0.518342, -1.48751
-1.45605, 0.499116
0.411193, 0.49798
-0.454905, 1.49025
1.52978, -0.697851
-1.50155, -1.5055
-1.62502, -1.6496
0.436115, 0.560433
0.410733, 1.59058
-1.44191, -1.59273
-0.260418, 1.55511
-0.486586, 0.378314
1.51465, 1.46929
1.4454, 1.37467
0.449689, -0.668845
0.750078, -0.326645
-0.510291, 0.434988
1.60598, 1.44631
0.471621, 1.45267
-0.520261, -1.41073
-0.435814, 0.623763
-1.5076, 0.408265
-1.41499, 0.50956
-0.594515, 0.440168
1.26891, -0.5811
1.58106, 1.5227
1.42451, 1.41993
-0.540445, -1.4754
-1.51647, -0.521927
-1.56372, 0.411593
-1.43076, -1.40491
-1.5165, 1.28751
1.52105, -1.52935
1.47478, 1.4453
0.450076, 0.515771
-1.40931, -0.473495
-1.42781, -1.486
1.49707, -0.427807
-0.41716, -1.23622
-1.63444, -1.39697
-1.44348, -1.45873
1.38783, -1.32829
0.498343, -0.487526
-0.310875, -0.292557
-0.367925, 0.556613
-1.56277, 1.25126
1.34605, 1.60604
1.55496, -0.334266
0.634491, -0.470419
-1.67158, -0.698265
1.38828, -0.583653
1.43856, 1.50203
1.5505, -1.40115
0.547321, 0.481214
0.491865, -1.61946
-1.35327, -1.4689
-0.668058, -1.23884
1.40288, -0.638537
-0.533956, -1.31449
0.453537, 0.35343
1.56033, -0.602486
1.57058, -1.33494
-1.55631, -0.4655
-0.57723, 0.50661
1.39914, 1.36195
-0.60672, 1.31851
-1.45397, 0.677391
0.36129, 1.57291
1.61423, -0.752651
-1.58427, -0.609092
-1.47103, 1.50842
-1.60502, 1.45551
0.517233, 1.49575
1.72199, -1.68724
0.638298, -0.364988
1.46263, 0.467401
0.447715, 1.30474
-1.59182, -0.717767
-1.66548, -1.40147
-1.41187, 0.523099
1.52662, 1.40756
0.404398, -1.38417
1.55406, 0.360538
1.62288, -0.658707
-0.528991, -0.449002
-1.74392, -0.281279
1.46569, -0.397449
-0.488156, 0.35421
0.38758, -1.38346
0.49839, -0.405683
1.54368, 1.46912
0.584325, -1.61698
1.33536, -1.62691
0.560742, -1.49691
-0.554385, -1.65458
0.538879, -0.29923
1.4479, 0.479044
-0.442751, 0.424291
-0.47123, -0.610584
0.620249, 1.56923
1.70311, -0.550603
0.552972, 1.42061
-1.50392, 1.53952
-0.623313, -1.50112
1.65135, -1.59815
-1.45671, 0.27364
-0.577385, 1.53932
-1.61232, -0.44852
-1.42976, 1.59341
1.63342, -1.33739
1.52214, -0.523943
-0.465886, 0.629769
-1.44941, -1.50409
0.399554, 0.326629
0.526762, -1.62775
1.63165, 0.469605
1.5363, 1.42918
0.566422, 0.327367
1.53001, 1.40733
-0.520977, 1.51231
0.591401, 1.4581
0.553666, 0.669021
-0.595912, 0.398197
1.33073, 1.4458
1.42782, -1.50341
-1.41861, 1.43479
-0.61566, 1.45097
-1.45528, 1.6063
0.653842, 1.45499
1.46292, 1.57682
-1.61109, -1.32829
1.53041, 1.3425
-1.44725, 0.550643
-1.76864, 1.46108
-1.53572, 0.635618
1.4954, 1.56249
-1.43563, -1.57928
0.492151, -0.516137
-0.649073, -0.440651
1.55905, 0.476089
-1.61499, -1.40446
0.534451, -1.67075
-1.43146, 1.39141
1.5926, -1.59328
1.52713, -0.546611
-1.60201, -1.4549
1.47516, 0.642056
0.539462, -1.40123
0.600919, 0.532386
1.74763, 0.501447
0.490671, -1.47325
0.466931, 0.583159
-1.26215, -1.55746
0.54291, 0.560124
-0.720067, 1.50001
1.3514, -1.42144
-0.646115, -1.53097
0.436125, -1.46595
-1.50899, -1.4367
-1.34706, 1.64695
-0.61067, 0.543337
0.355664, -0.410646
-0.500648, -0.493681
-0.496055, -0.51546
1.32495, 0.601781
-0.543375, 0.407312
0.484976, 1.57532
-1.38611, -1.61642
-0.467774, 0.327758
-0.495042, -0.399187
-0.548036, -1.57562
-0.579672, 0.66481
0.54239, 1.57393
-0.72647, 0.572471
1.53158, -1.56754
-0.350022, -1.37283
-0.542992, 0.414119
-0.398295, 1.48218
1.43479, 1.38638
0.657471, -0.413022
1.52084, 0.36497
-0.408394, 0.568625
1.48544, -1.48929
1.5102, -1.47391
-0.37431, 0.467123
0.64906, -0.507202
-0.517428, -0.7177
0.530953, 1.23413
-1.32134, -1.44009
1.56015, 0.430097
-1.17398, 0.480498
0.527717, -0.415455
-1.45004, -1.54803
-1.32081, -0.416213
-0.394777, 0.531421
-1.5539, 1.46819
1.52657, 0.499804
0.545974, -0.589796
1.52893, -0.469888
-0.604526, -0.460072
0.465367, 1.44936
1.49063, 1.54128
1.59686, 1.48212
-0.48207, 0.634314
1.39699, 0.561494
1.58353, 1.47978
0.241549, 1.57604
1.59378, -0.328406
1.44654, -1.41139
-1.55132, 0.424442
1.43778, 1.55187
-0.366778, 0.6241
0.637518, 0.634324
-1.52995, 0.418118
-0.565085, 1.65167
0.631857, -0.595129
-0.510687, 1.51632
1.42959, -0.453459
-1.46037, -0.448291
-0.295775, -1.63801
-1.33871, -1.48487
-1.60147, -0.706426
0.560019, 1.55582
0.398202, -1.48713
1.65067, -1.61663
1.50696, -0.558363
1.60715, 1.59711
-0.490055, 0.580874
-0.567344, 1.44052
-1.39825, -0.584974
-1.42154, 1.50923
0.46278, -0.491739
-0.644285, 0.258614
-1.51308, -0.656449
1.48434, 0.328312
-1.3929, -1.40792
1.47546, 1.50546
0.765185, -1.46049
-0.482101, -0.586179
0.407766, -0.530166
0.387264, -0.517284
-0.330693, 1.55093
1.51369, -0.432196
0.437798, 0.397623
0.398742, -1.48538
1.44775, -0.708167
-1.5776, 1.41492
-1.49691, 0.468092
-1.55736, 1.66385
0.37219, 0.471534
0.600992, 1.416
1.50677, -1.40225
1.44821, -1.40006
0.628849, 0.545914
-1.41711, 1.52911
-1.63644, 0.433707
-1.53087, -1.38728
-0.544579, 0.456954
-1.53549, 1.57488
-1.61004, -0.467528
1.51899, 1.62141
1.52148, -0.470562
-0.714787, 0.507519
0.55718, 0.545394
-1.4715, 0.532186
0.693823, -1.61741
-1.79551, 1.37724
1.55181, 0.562778
-0.466029, -1.58577
-1.61679, -1.4769
1.59318, 0.632159
-1.57861, 0.566111
-1.38343, 0.640687
-0.483294, 1.24329
-0.581868, 0.314086
-1.51928, -0.561532
1.37278, -0.466434
-0.383735, 1.52326
-0.552805, -0.545024
1.50647, -0.355881
0.599727, 0.687059
-0.441987, 1.6222
0.336172, 0.562013
-0.354287, 1.39006
1.52299, 1.53823
1.63312, 0.620966
1.51539, -1.35284
0.591456, 1.39247
1.49968, 1.53796
-0.556483, 1.5291
1.40028, -1.61085
0.482774, 1.39674
1.5608, -0.406015
0.628709, -0.225635
1.4707, 0.308284
0.461085, 0.602777
-1.55353, -1.42411
-0.601497, -1.68359
1.54866, -1.49536
-1.5268, -1.71995
1.49268, -1.41151
1.46908, 1.55238
-1.41229, 1.53906
0.492439, -1.55602
-1.68171, 0.475389
-0.457526, -0.685442
1.49322, 0.508611
0.346817, -0.591555
-0.529121, 0.506912
-1.40229, -1.49524
0.487121, -0.57894
1.36744, -1.73212
-0.489989, 0.334192
0.76848, -0.567508
0.634216, -0.705199
1.50869, 0.387241
1.36903, -0.623562
-1.48895, -1.28796
0.716913, 0.615474
-1.53642, -0.648887
0.518414, 1.57016
-0.4012, -1.18243
-0.549855, -1.68326
-0.498702, 0.644872
-0.406273, 1.30073
0.354806, 0.476149
0.410056, -1.53961
-0.551181, 0.357279
0.540314, -1.76445
-0.345095, 0.466388
1.33621, 1.48462
-1.54902, -1.34225
-0.425397, -1.45991
1.62012, -0.385088
-0.496827, -1.52808
0.613196, 0.399188
0.421818, 0.435896
-0.615152, -0.335473
0.394907, -0.628302
0.591733, 1.2065
-1.50223, -0.508217
-0.507673, -1.38915
1.23833, -0.545915
0.606205, -1.55515
-0.379915, -0.5628
-1.56984, -1.5089
-0.532781, -1.47498
-1.45989, -0.554908
-1.47348, 1.4575
-1.60984, -1.72563
-1.32319, 0.430872
0.495425, 1.41146
-0.511512, 1.37075
-1.56055, 1.48333
0.729538, -1.59513
-1.27402, 1.531
1.44979, -0.321908
1.59816, 0.427857
0.542084, 1.53103
1.36714, 1.57698
1.36047, -1.4825
-0.374659, 0.613393
-1.54601, 1.50952
-0.44457, 0.441074
1.55202, -1.57517
0.500947, 1.53637
1.52901, -1.55157
0.513308, -0.440682
-1.65039, -1.50365
-0.359745, -1.5488
0.5203, -1.56495
1.43788, 0.581264
0.392923, -0.632186
-0.443943, 1.3886
0.725634, -0.74233
1.35579, 0.453883
-0.539904, -1.3693
-1.73568, -0.466975
1.52655, -1.32118
0.612241, -1.56866
0.454187, -0.520156
-1.31477, -1.44122
1.52214, 1.50076
-0.302743, 1.34464
0.460103, 0.560264
1.56362, -1.66174
-0.476253, 0.447567
-1.52063, 0.573626
1.54171, 1.56878
0.411997, 1.45957
1.55909, 1.56197
0.687527, -0.43567
-0.683782, 0.55475
-1.51377, -0.528696
-0.508118, -1.19987
-0.511989, -1.53534
1.45664, 1.57919
-0.514433, 1.45195
-0.460254, 1.50168
-0.583145, 0.563041
1.54119, -0.416439
-0.502146, -1.51152
-1.57471, 1.47884
-1.50922, 1.40223
-1.49002, 1.52645
-1.6176, 1.66351
-0.547921, -0.548311
1.34333, 1.535
-0.44438, 1.45789
-0.425092, 0.64039
-1.48558, 0.301551
-0.486955, -0.500979
1.36391, 0.553956
-0.734651, 0.395301
-1.65216, -0.354043
-0.535682, -1.4729
-0.58595, -0.527845
-1.56336, 1.53207
0.579098, -1.52286
-1.52938, 1.52316
0.617248, -0.580616
0.565157, 1.54082
-0.515736, -0.675957
-1.42093, 1.38267
1.3532, 1.63801
-1.56122, -1.65896
0.577834, 0.401893
-0.577436, -0.478036
-1.35861, -0.434723
-1.30188, -0.604622
-1.50008, -0.548596
1.48642, -1.48891
0.596918, 0.460778
1.45418, 0.690712
0.516188, 0.562825
-0.51143, -0.513563
0.443459, -1.41834
0.567115, -0.61661
-0.407755, 0.238489
1.66975, 0.615031
-0.382782, -0.461172
-0.562998, 1.5542
0.343942, 1.49205
0.70255, -1.40362
-1.45879, 1.62158
-1.40863, 0.553187
-0.522538, -0.565967
0.483542, 0.672293
1.4675, -0.580182
0.542971, 1.52828
0.578591, -1.502
1.35315, -0.512303
0.53183, -1.5397
1.40521, 1.57159
-1.39008, -0.40998
-0.466422, -1.63162
0.549057, 1.27049
1.45585, 1.48283
1.48262, 1.28853
-0.491606, 1.52778
0.469172, -0.439949
-0.439514, -1.53463
-0.410867, 1.56674
-1.38888, -0.477014
-1.35265, 0.523206
-1.43216, -0.571503
-0.486421, -0.51268
-1.48769, -1.51654
0.614395, 0.519264
0.399167, -1.39061
-1.53099, 1.54474
-1.45139, -1.5089
-1.40264, 0.581333
0.408406, 1.58135
-1.56534, -0.575742
-0.484254, -0.499178
1.34359, 1.61956
-1.47934, -1.45825
0.413278, 0.561009
1.43375, -0.53092
0.598876, -0.663948
-1.62357, 1.44318
-0.390708, 1.398
1.42626, -1.41026
-1.53179, -1.54925
1.49092, 0.609607
1.64571, -1.5921
-0.516618, 1.41907
-0.467958, -0.489784
-1.42374, -0.561751
1.41666, -0.544326
1.60577, -1.53329
-1.476, -1.45403
0.574689, -1.41203
0.326753, 1.47472
-1.45704, -1.42071
-0.703356, 1.39493
-0.408648, -1.44989
-0.363258, 1.52864
-0.39219, 1.52366
0.44282, -1.39695
-0.354619, -1.41713
-0.509541, 0.256269
-1.58137, -1.4777
-1.33736, 1.70417
-1.58037, 1.43019
0.567588, 1.4599
-1.43477, 1.65484
-0.56736, -0.546009
1.53289, 0.616202
-0.530198, 1.55108
0.422746, 1.49496
-0.424717, -0.465652
1.40092, -1.43957
0.255515, 1.45562
1.51261, -0.49217
0.573288, 1.35165
0.397186, 1.32774
1.56485, -0.488325
0.573073, -1.41282
0.560436, 1.30739
-0.434856, -1.57169
-1.44354, -1.61967
0.539235, 0.535784
-0.486078, 1.25778
0.391011, 0.547064
1.45666, 1.42428
0.55696, -0.595285
-1.63205, 1.57538
0.583725, -1.65174
-1.58598, 0.559576
1.57615, 0.546757
1.60876, -1.54998
-1.56049, -1.55864
-1.58647, -0.528856
1.55178, -1.54955
-1.43375, -1.66182
-1.29852, -1.4801
0.458405, 0.48519
0.554124, -0.563811
0.417799, -0.511392
-0.538466, -0.387104
-0.692123, -0.539712
1.48223, -1.36004
0.337738, 1.33994
-1.58642, 0.452369
1.58225, -1.48973
1.45065, -1.47742
1.44467, 0.553603
-0.416206, 0.304925
-1.52516, 1.49445
0.474977, 1.39349
0.513394, 1.43818
0.465842, -0.585072
0.507053, -1.3814
0.639881, -0.613252
-0.540824, 1.41595
0.531561, 1.50994
-1.54398, 1.52971
-1.63183, 1.63473
-1.58163, -1.51097
-1.63388, -1.37915
-0.509479, 0.384541
1.63315, -1.30372
0.437893, -0.355121
-0.333489, 1.53796
-1.59085, 1.38405
-0.607382, -0.438682
-0.386162, -1.48118
0.681075, -0.573358
-1.4729, -0.454523
-1.58319, -0.632224
-0.395057, -1.54628
-0.386749, -1.68272
-0.591209, -0.522569
-0.494635, 0.317812
1.47063, -0.505896
0.52079, -0.519788
-0.441684, -0.620937
-0.543907, -1.32162
-0.396609, -1.49888
1.51495, -1.44763
1.34099, 0.562344
-0.44886, -0.689064
1.61786, 1.56581
0.533283, -1.3605
0.523101, 0.424253
-0.436872, -0.497853
1.5801, -1.35133
-0.663098, -0.534975
-0.696034, -1.4891
-0.520016, 0.43032
-1.63786, -0.558326
-1.51184, 1.37909
-1.52657, -1.7008
-1.43283, 1.45636
0.568097, 1.53333
-0.291712, 1.57277
0.661409, 1.71439
-0.584157, -0.439606
-1.56749, 1.52069
-1.32872, -0.499519
0.648541, -1.57221
-0.368981, 1.38935
1.43469, -0.473175
1.47534, -1.36212
1.50586, 1.53807
-0.606454, -1.52169
0.549567, 1.5605
-0.627961, -0.529577
1.4878, -0.444238
0.375385, 0.410863
-0.222802, -0.485165
1.54698, 0.675196
-1.46255, -1.49373
0.479696, 1.37148
-1.48753, 1.39616
-0.481779, -0.494668
1.36845, -0.704863
-0.489451, 0.470837
-1.63595, 1.51585
-1.57229, 1.44603
-1.39222, 0.318479
1.47028, 0.582225
1.42396, 0.373298
1.37808, -1.54242
-1.46888, 0.516544
-1.53133, -1.36272
1.49661, -1.34239
0.552371, -0.546942
-1.514, -0.452195
-1.59917, 0.606308
-0.785769, -1.39352
-0.628042, 0.574698
-0.357019, 0.682813
0.549168, 1.6555
-1.55965, -1.44649
0.564233, -1.49992
-1.52542, 0.371766
1.48348, 1.57486
1.60383, 1.65208
-0.615991, 1.46493
-1.5388, -0.529756
-0.581355, -0.286478
-1.46036, -0.537185
-0.446851, -1.51465
-0.53108, 1.4744
-0.493953, -0.401083
-0.714966, -0.518398
-0.619642, 1.39154
-1.42124, 0.544554
-1.57221, -1.49758
-0.524599, 1.39851
0.268738, -0.382578
-0.501536, 1.46451
-1.54729, 1.53109
-1.62907, 0.279296
0.515239, -0.465707
1.63574, 0.571822
-1.46645, 0.466445
-1.62788, -0.449981
0.410028, -0.409879
0.45092, -1.62144
0.311002, 0.510759
1.49972, 0.388264
0.681718, -0.654742
1.49184, 1.47682
-0.772704, 1.36901
1.45603, -0.485335
-1.55067, -0.516578
1.36031, -0.582761
-0.495175, -1.45966
-1.43669, -0.415145
-0.618591, -1.33828
1.51277, -0.45519
-0.634471, 0.532275
1.70636, 1.46351
-0.463938, 1.54034
1.4135, 1.59485
-1.3886, 0.449191
1.76413, 1.48595
-1.56632, 1.52573
0.4659, 0.448653
0.600077, 0.331068
-0.315256, 0.53799
-1.58608, 1.54756
-0.420621, 1.45354
-0.582313, -1.55908
-1.397, -0.301186
0.564611, 1.46971
-1.51628, -0.597821
1.43899, 1.47397
-1.50948, -1.61172
0.481134, -1.51693
-0.584807, -0.566082
-1.45515, 1.58501
1.62633, -1.66796
-1.49158, -0.58058
1.2985, 0.396215
1.37012, 0.437615
-0.591451, 1.61122
-0.441743, 1.54922
1.37556, 1.58242
0.628178, 1.48363
1.42171, -0.510344
-1.50384, 0.43337
-0.690571, -1.56929
1.55095, 0.454879
-0.67205, -1.61304
1.74908, 1.46344
0.595661, 0.546493
-1.56384, -1.46556
-1.57915, 0.56052
-0.439857, 1.5686
0.309613, 0.672282
0.484543, -0.523773
-0.459976, -1.34014
-0.453929, 1.40179
-0.448368, 1.56457
0.496104, 1.46173
-0.583898, 0.383751
0.529345, -0.583479
-1.45701, -1.45534
0.389967, 0.641173
1.61788, -0.335688
1.60435, 1.43803
0.521087, 0.33346
-1.52824, -1.24845
-1.53468, -1.44134
-1.30646, 1.56195
-0.576924, -1.4887
-0.539395, -0.526228
-1.448, -1.53169
-0.427623, 0.584802
-0.551571, 1.51799
1.27492, 0.493831
1.69169, 1.78367
1.40321, -1.5005
-0.647671, 0.334714
-1.3795, 0.68433
0.419889, -0.512685
1.47848, 0.44768
0.572956, -0.490933
-1.3915, -1.43602
0.61797, 0.554081
-0.653459, 1.46704
1.48348, -0.469297
0.51038, -0.491548
1.4553, -0.419811
-0.454568, -1.47099
-0.192444, -0.475277
-0.657142, 0.478421
-1.51357, -1.30253
0.469597, 0.426719
-1.44505, -0.338055
-0.555502, 0.581509
0.581479, 0.641391
0.340834, 1.49577
-1.50267, 0.400944
1.68681, -0.43533
0.450292, -0.369427
0.577145, -1.43521
1.48832, 0.459507
-0.479484, 1.54583
-0.584093, 1.52771
-1.62339, 0.477151
-0.397055, 1.60838
-1.48327, 1.41608
1.62938, 0.585304
1.65187, -0.354467
1.54425, 0.472509
0.500847, -0.514821
-1.51778, 1.38418
1.54759, 1.58208
-1.41799, 1.36198
0.268875, 1.42531
1.59009, 0.444759
-1.5902, 0.616627
-1.606, -0.592807
1.4255, -1.43823
0.645037, 1.38781
-0.475963, -1.47722
-0.636415, -0.432043
-0.649062, 0.519348
-1.47066, 1.5201
0.510723, -0.570369
-0.389446, -0.5921
-0.430178, -1.23378
-1.58679, 1.42242
-1.6789, -1.50377
0.422258, -1.41172
-0.57519, 1.46574
-0.642011, 0.510742
1.51682, -0.322715
0.459494, 0.463169
0.502698, -0.543951
0.488753, 0.685575
-0.474694, 0.484508
-1.26619, 0.2465
-0.68086, 0.476948
0.613584, 0.532798
-1.51495, -0.400755
1.68767, -0.42436
0.607409, 0.621881
1.42749, -0.713184
-0.394308, 0.429762
1.56213, 1.51431
-1.53555, -0.392
-1.56211, 1.52426
-1.55256, -1.68658
-1.61862, -0.451518
0.544782, -0.426294
-0.592357, 1.57721
-0.421336, -0.632024
-0.5808, 1.6486
-0.422133, 0.50201
0.623168, -1.40752
1.59173, -0.444287
-1.61971, 1.45333
-1.55071, -0.491768
1.55186, 0.71559
-0.415842, 1.408
-0.650351, 1.51705
1.40849, -1.4918
0.43342, -1.44576
-1.30665, -1.42961
0.539363, 1.71194
1.5872, 0.423144
0.729316, 0.517501
1.54883, -0.492137
1.6581, 0.413132
-0.564628, -0.629428
-0.440999, -0.532071
0.185446, 0.393407
0.557064, 1.56677
0.425424, 0.508469
0.317649, 0.476242
-0.466154, 0.566344
1.47328, 0.562292
-0.454718, 1.45396
-1.40339, 1.48262
-1.58747, 1.54959
0.365835, -1.48915
0.464481, 0.447389
0.540003, -1.50352
0.588814, 1.51618
1.57561, 0.396639
-0.672206, 0.5877
-0.567187, -1.47798
0.463239, -0.537295
-1.47592, 0.491322
1.50401, -1.62797
1.58427, -1.64517
1.30784, -1.53218
0.426512, 1.45745
-0.295301, -1.46729
0.6226, -1.47873
0.542161, 1.60588
1.36506, -1.42819
0.522834, 0.530916
-0.420041, -1.41533
0.441838, 1.45686
1.62833, -0.337883
0.603258, 1.59067
0.492096, 1.70212
-0.416229, -1.53187
1.49494, -0.416285
-0.468106, -1.4817
-1.61103, 1.68224
-1.61003, -1.54431
-0.574523, 1.45165
0.565245, 0.50052
1.54214, 0.440511
-1.46304, 1.40152
0.587356, -0.622066
0.669249, -0.332706
1.61769, 0.584813
-1.54978, 0.613683
0.648126, 0.372169
-0.295899, -1.5209
0.551931, -1.44261
-1.64819, -0.342951
0.534536, -0.397209
-1.57373, -0.55625
0.328001, 0.498408
-0.484505, -1.4846
-0.51242, 0.570254
-0.453981, 0.578764
0.555293, 0.729887
0.269294, 1.51401
-1.50967, 0.521254
-1.46429, 0.592663
-1.37212, 1.33461
1.50495, -0.489012
1.4087, -0.429562
-0.388982, -1.47655
0.424372, -0.481677
0.457197, -1.6334
1.3969, 1.56084
-1.54327, -0.491663
-1.44968, 1.49192
-1.55942, -1.41573
-1.46002, 0.556401
-1.61783, -0.433944
-0.531609, 1.50046
1.457, -1.37384
-1.55284, 1.64638
-0.564227, 1.46284
-0.608832, -0.526924
-1.70558, -1.53656
-0.722768, 0.606706
-1.43775, 1.53536
0.628556, 0.579191
1.50134, 0.608794
1.40195, -1.5585
-1.37156, -0.419883
-0.537917, -1.53266
1.32791, -1.39099
1.37926, -0.510491
0.420396, 0.55488
1.54279, -0.498384
1.3702, -1.56211
0.632031, 1.36499
1.6118, -1.3986
1.38747, 0.394228
-0.37829, 0.584128
-0.421762, 1.63655
-1.58123, -1.61864
-0.32131, -1.62149
1.38997, -0.44838
-0.599867, -1.48602
1.61382, 1.36242
-0.325192, 1.57611
-0.327038, -1.64932
-0.469298, -1.60515
-1.49813, 1.53531
1.63896, 0.318211
-1.50745, -1.41996
0.650252, 0.571402
-0.513176, -0.493146
-1.43519, -1.43864
-0.496039, 0.500735
-1.37549, -1.53111
0.369635, -1.39526
1.55879, 0.592255
-1.77562, -1.49182
0.430176, 0.492528
1.70633, 0.571456
0.346084, 0.456798
0.487031, 1.54477
0.502873, 1.52123
-1.58466, -1.47575
-0.531631, -0.576655
-0.601538, 1.54175
-0.60792, 0.583676
1.51078, 0.455289
-1.47735, -1.54
-0.196252, -0.456345
-0.587918, -1.57458
0.575742, -1.35062
0.443066, 0.640175
1.4072, -1.50603
-0.499636, 0.587121
1.34717, 1.50182
-0.442097, -0.330552
-1.50667, -1.3956
0.489948, 1.71286
0.575335, -0.660145
-0.532021, -1.40301
1.42208, 1.48225
-1.38794, -0.534839
0.435417, -1.30248
-0.604654, -0.535063
-0.469357, -1.4626
0.55729, 0.480683
-1.48982, 0.576568
0.448798, -0.506475
1.52638, -1.55586
1.51512, 1.44616
-0.631752, 1.40492
0.653337, 1.4193
-0.420198, 1.44623
-1.34875, -1.46243
0.494069, -0.419728
1.47662, 1.49137
-1.60392, 1.44953
0.457705, 0.53846
0.667646, 0.516598
1.39351, 0.646776
0.366218, 1.45963
0.5826, -1.52552
-0.455957, -1.53574
1.37692, 0.629532
-1.55924, -0.436385
-0.433904, 1.54269
-0.413367, 1.65563
1.62583, 1.56916
-0.459861, -1.55846
-0.583311, 0.413228
-1.55297, 0.595813
-1.53077, 1.41071
-0.55172, -1.58111
-1.55882, 1.42909
1.60126, 0.570815
-0.520398, -1.52786
-1.4227, 0.479942
0.464312, -0.578971
0.53733, 1.51416
1.2976, 0.362564
-1.65573, -1.5064
1.55325, 1.38432
-1.49232, 0.780394
1.61464, 1.51724
1.48686, -0.575388
0.615141, -0.293701
-0.463498, 1.63152
0.521399, -0.487286
-0.524402, -1.57682
0.538475, -0.39953
-0.321406, 1.61945
0.571018, -0.620844
1.45809, 1.53476
1.41707, 1.52999
1.60903, -1.36143
-0.516889, -0.591637
-0.461942, 1.35413
-1.59679, 1.53768
1.50342, -1.4619
0.457023, -0.490765
0.611089, 0.459798
0.734744, 1.39697
-1.66144, -0.506869
0.446532, 1.6687
-1.59715, 0.405805
0.354981, -0.590413
-0.376419, 1.64291
1.51551, -0.584421
1.43401, 0.407613
1.44163, 0.496739
1.46165, 1.31856
0.553161, 1.51007
-1.57368, 0.554636
0.445354, 0.505368
0.416706, 1.53958
-1.36977, 0.436693
-0.405484, 0.546384
0.532928, -0.515607
-1.49364, 0.603143
-0.293521, 1.42591
0.56266, 0.326927
1.58367, -0.498315
-0.520273, 0.514791
-1.39536, 1.57097
1.4974, -1.44215
0.540633, -0.487631
-0.258368, 1.52835
0.493959, -0.440425
1.41353, 0.654416
-0.568789, -0.539644
1.50438, 1.51547
-1.61706, 0.597287
0.441768, 0.408691
-0.481781, 0.610274
-0.458852, -0.480256
-0.662046, 0.505009
-1.26134, -0.56213
-1.4786, 1.75553
-0.640704, 0.547231
0.473817, 1.48379
1.38004, -1.54233
0.520975, -1.60105
0.395658, 0.494864
-1.54936, -1.512
-0.313799, 0.500258
1.5156, 0.520079
-1.55873, -0.398797
0.594208, 0.424167
0.416201, -1.56245
1.36926, 0.318277
-0.625864, -0.546584
-0.430588, -1.68111
-1.57664, 0.541256
-0.608955, -1.46067
1.4011, 0.33501
-0.512022, -1.52489
-0.640991, -1.76227
-1.49287, 1.38426
-0.46012, 1.57461
0.431781, 1.44187
-1.52888, 0.643383
0.459649, -0.50408
-1.70406, -0.314202
-1.47491, 0.417909
-0.459155, -1.53013
1.38664, -1.45519
-1.40618, 0.440399
-1.52579, -0.603028
-0.456276, 0.239144
1.63376, 0.38839
-1.71299, -0.688386
1.50116, 1.56069
-1.63256, 1.55449
1.40066, 0.523273
1.605, 0.539467
-1.40717, -0.395266
-1.61441, 1.53911
-1.58143, 0.473001
0.407786, -1.50295
0.524385, -1.48757
-1.58927, -1.40273
1.547, 0.410476
-0.49871, 1.6577
1.46429, -1.514
-1.43487, -1.49064
0.361208, -1.35289
0.620474, 0.410426
0.417353, -1.56218
-1.51031, -0.625634
0.536843, 0.487794
1.50891, 1.35064
0.4679, -0.56735
-0.482239, -0.724643
1.58926, 1.2912
1.4556, 1.49236
0.483188, -1.73874
0.429622, -0.467448
-0.517471, 0.468273
1.52929, -0.539392
-0.568897, -1.44191
-1.47222, -0.5123
0.734166, 1.62345
-1.29792, 1.50788
-1.43135, -0.459261
-0.488539, -1.32793
-1.48793, -0.474346
0.622729, -1.71442
0.556629, -0.575331
-1.45321, 1.51171
-1.66817, 0.420142
-0.517341, -1.57437
1.55401, -0.545539
0.546129, 1.57011
0.421314, 1.48127
-0.388411, -0.466539
-1.35106, -1.44508
-1.63085, 0.328063
-0.476369, 1.54463
1.70752, 1.5711
1.58985, -0.45808
0.476269, 1.50623
-1.52907, -0.488042
1.38055, -0.518893
-1.55267, -0.508968
0.461712, -0.725319
-0.599944, -1.71716
1.26145, -0.604549
1.59247, 1.65669
0.431866, -1.47514
0.433135, -1.44188
-0.50421, -1.36923
-0.652594, -0.35657
-1.39874, 0.587659
0.51507, -1.40951
0.557455, 0.449086
-1.4773, 0.494044
1.5803, 0.342156
-1.47546, -0.610677
-1.44019, 0.356329
-0.699477, -1.61232
1.49634, -0.563132
-1.45404, -0.339912
-0.56131, 1.55667
0.340766, -1.46787
1.57892, -0.469899
0.359983, 1.33335
-0.558548, 0.476536
-0.543526, -1.29099
0.420688, -1.59496
1.36126, 1.41183
1.67175, -0.578559
0.504792, 1.45964
1.5042, -1.38256
0.598423, 0.446038
1.60177, -1.49273
-1.63485, -1.60565
0.452428, -0.567449
0.489206, 1.43285
1.39144, 0.552487
-0.463419, -0.428508
-0.399361, -0.578862
-0.400219, 1.52145
0.353006, -0.296281
1.38819, 1.62771
-1.46582, 1.35541
1.41475, -0.345826
1.48047, -0.377397
1.50886, 1.54827
-0.542032, 0.468888
-1.4698, 1.51398
0.466568, 1.60333
1.42311, 0.701345
1.54563, -1.37077
0.461769, -0.129092
0.584261, 1.56344
1.70669, 0.462188
-1.54887, -1.61157
1.4521, 1.41197
-1.52235, -0.670749
1.39138, 1.37837
1.54103, -1.4742
-0.479454, 0.675495
-1.32235, -0.35767
0.464094, 1.46494
-0.485142, -0.404892
1.58597, -1.45684
0.540605, 0.550855
-1.50714, 0.525875
-1.37645, 0.59325
-0.596042, 0.633567
-1.51882, 1.43082
-0.582696, 0.47971
1.55388, 1.59018
1.51974, 0.608922
1.39525, -0.637272
0.361033, -0.456172
1.4797, -1.44744
-0.559402, -0.524989
0.484898, 1.48189
-1.47557, 0.690768
-0.619757, -1.48453
-1.63067, 1.53667
-0.63473, -0.408418
0.577444, -1.51814
1.50588, 1.43578
-0.584909, -0.502203
1.58795, 0.661052
-1.51602, 0.474289
0.400482, 1.39156
-1.56442, 0.427973
1.55232, 0.562373
-0.33899, 1.52221
-0.668165, -1.57534
0.510489, 1.4623
-1.61131, -1.35702
-1.35694, 1.56242
0.626315, 1.46618
-0.501077, -0.61273
-1.53864, 0.577157
-1.67125, 1.62288
0.604661, 0.510849
1.42318, -0.327779
-0.431735, 0.33472
1.50084, -0.434287
0.450321, 1.47486
0.429162, 1.48914
-1.50001, 0.444377
-0.503436, -1.65904
-0.396747, -0.590026
-0.686403, 0.456541
1.4987, 1.23696
-1.59346, 0.395463
1.18031, -0.612763
0.399189, 1.52126
0.49117, -1.49751
1.58807, -1.37536
-0.388943, 0.562039
0.407293, 0.626673
-0.592008, -1.42388
1.43906, 1.58345
1.55762, 1.42774
-1.49561, -0.434793
-0.493395, 0.456964
0.494454, 0.236019
1.50723, 1.62492
-0.29342, -0.498995
-1.58233, 1.34597
1.43925, 1.48634
-0.351684, -1.42606
1.49542, -0.540185
1.63772, -0.595593
-1.51041, 0.31979
1.57526, -1.45083
-1.51519, -0.525503
1.58969, 0.496788
0.558567, -1.36147
-1.39894, 1.46395
1.73978, -1.45051
-1.58935, -0.537865
-0.524944, -1.45162
0.638289, 0.279487
-1.60235, -0.613458
1.43889, -0.504466
1.52257, 0.558131
-0.417864, -0.490619
-1.46563, -1.41647
-1.3419, 0.71626
0.623601, -0.652325
-1.51441, -1.47287
1.39911, 0.406965
-0.336496, -0.452385
0.486195, 1.42855
-0.457372, 1.56138
-1.59589, 1.49691
-0.385478, -1.54252
-0.512685, -1.41592
1.43199, -1.41408
-0.422683, -0.492855
-0.288232, 1.36141
1.63015, 0.266886
1.20799, -1.53664
1.68515, 1.62263
1.47141, -1.17302
-0.547823, -1.58336
1.6142, -0.647805
-1.549, 0.508764
0.463377, -0.538501
0.60389, 1.34811
-1.57192, -1.47088
1.38125, 1.31448
1.39867, -1.58435
0.46542, 1.57286
-1.67343, -1.54498
0.434444, 1.60346
-0.601532, 1.23499
0.415985, -1.53476
-1.49947, 0.646699
-1.28378, 1.48779
0.619618, 0.296891
-0.436758, -1.53069
0.578474, 0.663326
-1.54616, 0.669589
0.673198, 1.55334
-1.61453, 0.565974
0.561599, 1.57514
-1.30659, -1.3608
-1.50443, 1.72381
-1.39495, 0.41931
-0.69954, 1.36786
-0.53753, -0.523769
1.49834, 0.501394
-1.60453, -1.45338
0.322077, -1.53693
1.68949, -1.6177
-0.458531, 1.53493
-1.43758, 0.657652
-0.636853, 1.5159
0.519865, -0.474346
0.49745, -1.38594
1.51024, -0.63678
1.42541, 1.37805
0.628806, -1.52213
1.50467, 0.495216
-1.47757, 0.572015
-0.649463, -0.53574
-0.532217, -1.33664
-1.34698, -0.681527
-1.50371, -0.623364
1.36911, -1.56435
0.674789, -0.637911
1.41447, 1.5165
1.55106, 0.707942
-1.46935, -0.540051
0.388714, -0.552698
-1.45814, 0.240857
-0.552787, 0.226986
0.513092, 1.31894
1.6501, 1.54933
-1.48535, -0.548796
-0.571884, 0.52098
1.3694, -1.58322
0.439424, -0.4819
-1.62969, 0.427271
-0.559713, -1.39465
-0.433328, 1.36922
0.612829, -0.499303
0.520793, -1.67655
-0.606329, 1.6685
-0.612816, -0.476454
-0.35573, 0.34162
1.57087, -0.635535
1.61387, 0.654156
1.56912, 1.32949
-0.517778, 1.60759
1.41765, 0.351024
-1.31591, -1.38493
0.488562, 1.43529
-1.52493, 1.76382
-1.59991, -0.602186
-1.51217, 0.510338
0.614721, -0.419206
-1.56107, -1.47075
1.58047, -0.402563
0.521148, 0.532453
0.55456, 0.465765
1.34133, 0.507554
0.553463, -0.632105
-0.552178, 1.54821
-1.60845, -0.48928
1.4415, 1.62108
1.31505, 1.58301
-1.55266, 0.662645
1.42734, -1.65717
-0.544599, 0.375597
-0.598049, 0.499122
0.594865, -0.4268
-0.348816, -1.49841
1.3286, 1.70116
0.611465, -1.41936
-1.56583, -1.47624
-1.56962, 1.54451
1.53827, 1.44245
-1.64021, 0.577612
-0.37593, -1.45124
-1.56741, -0.551631
1.4099, 0.401092
-0.472573, -1.58973
-0.556563, 1.43158
-1.43492, 1.63224
-1.52153, -0.439937
-1.36794, -0.466361
-0.574763, 1.59462
0.512404, -1.50641
-0.54134, -0.476077
1.61437, -0.410124
-0.507936, -0.691992
1.43075, -0.573569
-0.417213, 0.568095
1.41458, 0.47077
1.50573, 1.4561
-1.5335, -0.558681
1.48482, 1.54448
0.348858, 1.44819
-0.501323, -1.4825
0.490174, -1.48236
0.33698, 1.59241
0.355706, 1.6446
1.46232, 0.528848
0.268412, -1.44828
0.643099, 1.3503
-1.34642, 1.52884
1.59719, 0.325939
-1.52829, -0.511117
-1.53048, 0.574015
0.608903, 1.61273
1.49285, 1.45649
-1.51413, 0.550379
-0.564022, -1.57647
0.453567, 1.41469
1.52597, 1.39848
1.4217, -0.440974
0.488933, 0.414577
-0.38832, 1.26441
0.426301, 1.43231
1.53726, 1.38755
-0.588711, -1.48283
1.42097, 1.62005
-0.360621, -1.52067
-1.58685, 1.51312
0.343289, 1.57881
0.50783, -1.49799
0.414705, -1.67032
-0.566197, 0.578894
0.319143, -1.39187
0.508137, 0.399237
1.49994, 1.502
0.457423, -1.64339
-1.48676, -1.31663
-1.51603, -1.5988
-0.410488, 1.56258
-1.49501, -1.40389
1.54264, 0.420721
-1.57306, 1.52218
0.504934, 0.584004
1.60111, 1.25978
-0.377254, 1.63097
1.57243, -0.517356
0.56291, -0.497877
-0.343395, -1.40854
0.511672, -1.44579
-1.55422, -1.58969
-0.452263, 0.56405
-1.66893, -1.53436
1.55888, 1.52117
-1.39349, -0.432225
1.3256, -1.47587
-0.382483, -1.62316
0.497822, -0.592086
1.66398, -1.45718
0.322499, 0.452736
0.456084, -1.56703
-1.51905, 1.30086
-1.66892, -0.561643
1.29596, 0.489778
-1.34124, -0.637046
-0.485532, 0.543266
-0.42929, 1.5393
1.51877, 0.504438
1.51626, 1.54332
0.730797, 0.398432
0.412995, -1.53418
0.48817, -0.52425
1.35869, 1.47222
1.41541, -0.552315
1.51434, 0.404013
0.571259, -0.504131
1.58475, 0.433879
1.57469, 1.48582
0.549544, 1.41686
0.420495, 0.309611
-1.51374, -1.57434
1.44701, -0.357938
-1.45536, 0.651582
-1.49781, -1.66993
-0.53629, -0.339844
-1.45026, -0.278969
0.515035, -0.398136
-0.457544, -1.39065
0.594732, 1.44535
-0.568236, -0.648684
0.401311, 0.429477
-0.519563, -1.71468
1.41518, 1.51835
0.589811, 1.45073
0.607982, 0.512557
-1.7246, -0.450325
-0.441053, -1.52277
1.50718, -0.542195
-0.183934, -1.53375
0.34157, -0.582545
-1.34505, 1.39306
-0.38222, -1.47863
0.506843, 1.56658
-0.550795, -0.275738
0.38804, -1.44226
-0.417021, 0.699714
1.50694, 0.470703
0.505522, -1.46607
1.51633, -1.4424
0.561657, 0.582968
1.32783, 1.39108
-1.52183, -0.639354
-0.386384, -0.459663
1.42204, -1.46376
0.648699, -0.343561
0.366892, 1.47995
1.62123, 0.369852
-0.594103, 0.563942
-1.58871, 1.54494
-1.56851, -1.31413
1.65634, 0.430591
1.49813, -1.6249
-1.42433, 1.34736
-1.57749, 0.543621
-0.504233, -0.590178
0.465463, 0.507864
-1.53655, 0.500401
-0.523988, -0.560714
-0.513424, 1.5335
-1.56089, -1.49803
-0.479137, -1.53825
1.50991, -1.51078
1.57756, -0.631112
-0.592868, -1.51511
0.434267, 0.367663
1.59716, 1.50065
1.5769, 0.566125
0.351358, -0.449279
-1.5842, 1.46763
-1.43107, 1.49672
-1.56376, 1.53573
0.542529, 0.497538
1.51288, 1.44934
-1.63565, -0.545561
-1.517, -1.39053
0.442785, -0.548303
1.47613, 0.412287
0.570521, -1.34915
-0.508775, -0.45614
1.52969, 0.547999
0.545665, 1.40687
-0.495477, -1.5541
-0.652946, 0.62403
-0.47582, -0.660738
0.501072, 1.50936
1.61849, -0.50648
-1.43, -1.58732
-1.45561, -0.592972
-0.469339, -0.616627
-0.494285, -1.70254
-1.53542, 1.43099
-1.43351, 0.44943
1.28795, 0.409451
1.61368, 1.50546
0.663437, 0.436441
-1.5591, 1.62617
0.466088, -1.42561
-1.49255, 0.512516
-0.468164, 1.42758
0.292569, -0.530115
1.29784, -0.539341
-1.38002, -1.34338
0.463175, -0.757616
0.531347, -1.49381
-1.16517, -1.41548
0.601044, -1.55196
-0.546271, -0.49441
0.48758, -1.5026
0.501206, 1.46662
-0.317259, -1.39238
-1.48468, 1.4157
-0.473546, -1.30208
1.47206, -1.48464
-0.527697, -1.27206
-1.33715, -0.513393
0.506076, -1.61211
1.48927, 0.353878
1.33949, 1.43199
-1.44834, 1.56247
1.53099, -1.64535
-1.65057, 1.38883
1.57283, 1.5777
0.421633, -0.710861
-0.397051, -1.59548
1.39683, 0.469903
-1.46971, 1.33523
0.554523, -0.629844
-1.6154, -1.54651
-0.425122, 0.446713
-1.6507, 1.61614
-0.393307, 1.36797
1.66333, 0.487829
-1.43204, 0.486435
-0.443566, -0.54523
-0.395104, 1.59829
0.526678, -0.518811
-1.54491, -1.49256
-0.661824, -1.52526
-0.621547, 0.46912
-1.50853, -0.452532
-0.36385, -1.4543
-1.55455, 1.87384
0.443512, -1.33799
0.417804, -1.65497
-0.544942, -0.497376
0.385331, -1.51392
-1.45232, 0.538552
0.387355, -0.459067
-0.61514, 1.51096
-0.41335, 0.459634
-0.50383, -1.36975
-0.456145, 1.68085
0.527126, -1.54274
-0.525576, -0.578723
-0.491741, 0.468719
1.62734, -0.505654
-1.47604, 1.60708
1.57769, 0.563342
0.52491, -1.52292
1.37064, 0.58696
-0.444548, -0.484707
0.446817, -0.421401
-1.36941, -1.2999
0.413846, -1.50454
1.50567, -0.495627
0.480038, -0.542243
0.554282, 0.488207
-1.34194, -0.490356
0.327446, -1.65253
0.439016, -1.52661
-0.339273, -0.365171
-0.604806, -0.414898
-0.464362, 0.486804
1.45144, -1.54912
-1.5854, -0.439053
0.669976, -1.36286
-0.484738, -0.54907
-1.48626, 0.484044
-1.66038, 0.610409
1.56856, 1.43057
-1.61859, -1.51091
-0.514555, -1.40593
0.571377, -0.644134
-0.412768, 1.49995
-1.37133, -1.38165
-1.54919, 1.51261
-0.751033, -0.62639
0.576297, 1.47605
-0.336262, -0.536569
-1.48357, -1.43723
0.486841, 0.495574
0.644421, -0.545099
0.638282, 1.21911
1.54789, -1.67003
-1.45689, 1.56219
0.666008, 1.48186
0.498923, -1.66839
-1.56645, 0.542946
1.39705, -1.47139
0.639088, -0.319564
0.432262, 1.42168
0.492557, 0.428716
0.379874, 0.409155
1.52767, -1.43417
0.488719, 0.385015
1.52303, -0.350843
0.481777, 0.409567
-0.347672, 0.551074
-0.40624, 1.54279
0.381563, -0.53293
-0.492892, 0.423235
-0.423846, 0.427018
-1.44928, 0.278838
0.37626, -1.67641
-1.41343, 1.46728
-1.69281, 1.54415
-1.58628, -0.471362
1.42903, 0.633559
-0.286978, 0.298445
-0.591789, -0.611233
-0.774598, 0.539587
1.39789, -1.46043
-0.418865, -0.51947
-1.48031, -1.44928
0.436234, -1.56713
-0.598534, -0.538614
-1.55182, 1.42709
0.461023, 1.42894
-0.443279, -1.59798
0.524247, 0.365249
0.450168, -0.58766
-1.35518, -0.557925
0.374152, 1.57483
0.230384, -0.357518
-1.4626, 0.249371
1.69441, 0.504038
1.55379, 1.34683
0.519093, -1.49108
-0.516734, -0.615825
0.516198, -1.56054
-1.38267, 1.71237
-0.406936, -1.46914
1.25012, 0.43303
1.47435, -1.50911
0.434586, -1.6434
0.40879, -1.77924
-0.542675, 1.58391
0.542548, -0.445029
-0.513788, 1.66487
1.58598, -0.329262
1.63865, -0.575856
1.42075, -0.362829
0.567017, -1.62736
-1.55365, -1.54955
1.37908, -0.662356
-1.47096, -0.612961
0.5535, -0.63283
-0.574996, 1.67801
-1.43831, 1.54657
-0.531513, -0.469283
-0.416978, 1.60791
1.61523, -1.43893
-1.46969, -1.34653
0.579952, -0.402567
1.51483, 0.495703
1.4239, -1.34131
-1.38728, 0.485923
1.43294, 0.455042
0.458819, 0.592684
-0.433149, 1.46825
-0.411868, -1.59943
0.546168, 1.56507
0.573481, 0.37408
-0.598625, 1.74624
0.437407, 0.478894
-1.55718, -0.461648
-1.46329, 1.63013
-0.471158, 1.5225
-0.615502, 0.369089
0.610321, -1.4106
0.559264, -0.342525
-0.59297, -1.50967
-0.551502, 0.510258
-1.45991, 1.63575
-1.71442, -0.573415
0.432147, 1.50885
-0.54076, 0.39411
-0.48717, 1.6002
-0.414995, -0.694872
-0.480751, -0.358002
-1.55321, 1.65914
1.32527, -0.449811
-0.547022, -1.59765
1.43537, -0.366914
1.40566, -0.395575
-1.4878, -1.4643
-1.69276, 1.38267
0.587473, -1.58198
-0.480971, -1.29092
-0.674561, 1.37089
0.610824, 0.605957
1.40018, -0.52887
1.55089, -1.5177
1.33678, 1.46572
0.578341, -0.519605
1.49738, 1.51726
-1.61755, -1.49482
1.37019, -1.51744
-0.42372, -0.412185
1.46672, -0.58038
-0.506472, -0.577784
-0.470108, -0.457206
0.532264, -1.48796
-0.622744, -1.71208
0.491398, -1.49005
-1.5432, 0.538699
-1.54361, 0.370051
-0.484652, -1.44898
0.584237, 1.51205
-1.55814, 1.61512
-0.510881, 1.52965
-0.446649, 0.398999
1.31327, 1.57527
1.58067, 0.528091
-0.438945, -1.39731
-1.50257, 1.41638
-1.50589, -0.504041
-1.47015, 0.434381
0.581319, -1.49048
0.493206, 0.61932
0.371744, -1.67756
-0.431644, -1.59736
-0.646262, 0.420523
1.5451, 0.655683
0.444936, 1.64895
-1.44215, 0.473149
0.356841, 0.61248
-1.52741, 0.512389
-1.50249, 0.632517
-1.5278, -0.641064
-0.332423, -0.545822
0.596864, 1.4662
-0.457879, 0.33742
0.657424, -0.335662
0.600013, 0.394642
-0.371018, -1.39946
-1.46552, -0.534236
-0.584969, 1.39497
-1.61135, -0.566152
0.388652, 0.547946
1.51752, -1.44698
0.49406, 0.494064
0.552974, 0.527848
1.54049, 1.37129
0.450241, 1.39238
1.41523, -0.47081
-1.29434, 1.54158
-0.624674, 0.458215
-1.43412, 0.539863
1.51545, 0.426654
-1.51268, 0.46934
0.481422, 0.626895
1.47307, 1.52041
0.388064, -1.49642
-0.655681, -0.412761
0.629757, -0.431112
-1.41568, 1.53033
0.366483, 0.493384
-1.60199, -1.38801
1.58722, 1.42104
-1.51922, 0.41753
1.44724, 0.444269
-0.622061, 1.53415
1.5837, 0.678596
-0.526233, 1.59757
1.55073, -0.501704
1.56992, -0.492706
-0.662186, 1.37441
-0.53157, 0.374133
-0.424896, 1.60154
0.590385, -1.61581
-0.565636, 0.46647
1.42433, 0.549692
0.437441, 0.577608
-0.535393, -0.506201
0.514116, -0.574159
-0.500618, -0.527263
-0.473057, 1.50323
1.51504, -0.404682
0.531236, -0.476564
-1.42358, -0.328211
-0.491056, -0.478916
1.54463, 1.67124
-1.36978, 1.41543
-1.39573, 0.359703
0.688941, 1.5922
-0.577543, 1.4876
-0.647289, 1.4756
-1.46993, 0.48604
-1.49998, 1.49474
1.49792, -0.453862
-1.48624, -1.49523
1.42619, 0.466175
0.474066, 0.442676
-0.492385, -1.49814
1.54791, 1.43019
-0.470548, 0.541151
0.51707, -0.669053
-1.35056, 1.45085
0.246471, -0.682194
-0.418987, -1.46116
0.436587, 1.57214
-0.578912, -0.40873
-0.4559, 0.530241
1.56924, 1.38513
-0.523807, -1.49068
-1.43848, -0.628552
1.3909, -1.29378
0.604681, -1.57292
0.560983, 1.43782
0.470064, 1.4838
-1.73969, 1.46443
-1.5502, -1.51694
1.39823, 1.65747
1.46517, -0.518253
-0.45196, -1.59986
-0.352373, -1.55688
-1.46214, -1.4822
0.647064, -0.53167
-1.39904, -0.475348
1.42336, -1.63866
-0.608758, -1.35977
-1.379, 1.50884
0.320478, -0.398118
-1.59454, -0.660902
0.321127, 0.603422
0.588823, -1.47248
1.46869, 1.47501
-0.490464, 1.59621
-0.546026, 1.48133
-0.518256, 1.42134
-1.61839, 1.522
-1.5604, 0.44621
1.47187, 0.645933
1.44646, 0.552725
-0.645731, -1.44867
1.58809, -0.565333
-0.400463, -1.58918
-1.64097, 1.5959
1.41223, -1.49989
-0.610674, 0.429263
-0.354633, -1.45424
-0.486706, 1.48121
-0.444939, 1.42347
1.56327, -0.279954
1.48782, 0.56755
-1.61956, -0.491437
1.53059, 1.55392
1.66732, 0.426028
0.476561, -0.854445
1.40723, -1.55176
1.46774, 0.393201
-0.66701, 1.42884
-1.29355, 0.408594
1.53763, -1.60814
-1.40488, 0.41379
1.40006, -0.61011
1.61202, 0.487213
-0.397032, 0.398482
-0.775255, -1.43837
1.52388, 0.405415
-0.572426, 0.569338
1.72013, 1.4593
-1.62494, 1.39377
-1.50324, 1.55803
0.438274, -1.57967
0.526254, 1.54391
-1.4768, -1.459
-0.506349, 0.518447
0.512134, -1.55678
-0.378429, 0.490058
1.43079, -0.318004
0.421174, 1.46024
-0.568422, 1.59894
-0.45856, 0.553498
1.377, 1.50898
0.322838, 0.492342
-0.482849, -1.57843
1.52035, 0.491119
-0.558525, -0.475318
1.5546, 1.61578
-1.53543, 0.603592
0.537185, -0.483669
1.44365, 1.62539
-0.432879, 0.502178
1.66632, -0.557664
1.62353, -0.462032
-1.57492, -1.63994
0.588843, 0.421872
1.48077, 0.589893
0.532928, -0.383444
0.664596, -0.42346
-1.43847, 0.498051
-1.38031, -0.348242
1.33636, -0.448426
1.54546, -1.62233
-1.5726, -0.578643
1.4431, -1.53486
0.537869, 1.40814
1.4713, -0.64606
1.49567, -0.362247
-1.59542, -0.603131
-0.504905, -1.56246
0.564638, 1.50086
-1.41717, 0.466635
-1.47149, -0.397037
-0.453904, 0.587715
-1.46543, 1.46815
1.51469, 0.604639
-1.55296, 0.37315
1.44836, 0.616405
-1.44039, -0.482532
0.504699, -0.359927
-1.49976, -0.420642
1.44537, -1.4988
0.342186, -1.39543
1.42831, -0.573949
-1.44899, -0.365379
1.57449, -0.416885
0.648997, 1.52361
0.474536, 0.315454
-1.56971, 1.38464
-1.47565, 1.78705
0.526718, -1.50871
1.35384, -1.5074
1.36047, -1.3197
1.50319, -0.382339
1.41854, 0.459939
-0.380293, 1.66467
1.36037, -0.493232
1.33277, -0.487387
-1.48391, -1.36506
-0.489201, -1.6701
0.602955, 0.416475
-1.64872, 0.615352
-1.53915, 1.50451
-0.456753, 1.49205
-1.51296, -0.478047
-0.563222, 1.50183
1.57283, -0.451518
0.552201, -1.46796
-1.32922, -0.4761
0.45748, 1.47607
-0.59427, 1.36924
0.53693, 0.212101
-0.443735, 0.449641
0.553118, 0.469325
1.76559, 0.496452
-1.54873, 0.596691
1.4225, 0.270718
1.51915, 1.41489
0.414924, -1.54929
1.57329, 0.27268
1.4734, -1.48708
-0.445543, -1.49426
0.370898, -0.614698
-0.412475, 1.52598
1.61697, 0.645455
-0.457879, -1.48819
0.469836, 1.68252
-0.34201, -1.43428
0.532251, -0.447066
1.65997, -0.504201
-1.47805, -0.651563
0.363236, 1.60837
-0.527086, -1.39037
0.542497, 0.658806
-1.42049, -0.386582
1.62574, -1.42401
-1.55671, 0.470812
1.45793, -1.55221
-0.545667, -1.52464
1.40309, -1.42111
-1.54315, -0.456911
-1.56259, 1.33616
0.469331, 1.56577
-0.442274, 1.57545
-1.50645, -1.63582
-1.32285, -0.532663
0.414498, 0.507122
0.596631, -1.31691
-0.142213, 1.60857
-1.57112, -1.35008
1.32095, 0.427661
0.477577, 1.65425
-0.560128, -0.654919
1.27947, 0.377443
-0.546449, -1.4867
0.428404, -0.596809
1.56552, 0.526319
-0.44338, 1.45482
0.45974, -0.381924
-0.466635, -0.427373
-1.37645, 1.6612
0.414097, -0.415883
-0.697403, -0.712353
-1.44012, -1.43422
1.7432, 1.6698
-1.46672, -1.46371
-1.50849, 0.652327
-0.36626, -1.41712
0.379655, 0.558857
-1.39339, -0.53798
1.52242, -0.481842
-0.373101, -1.52126
-1.57311, -1.62166
0.487554, 1.45802
0.561593, 1.56868
1.62109, -0.472258
1.47847, 1.36716
-1.32802, -0.410327
0.453996, 0.487803
1.54904, 0.385623
1.46499, -0.642283
-0.64644, -0.655422
-0.378659, 0.250603
1.62195, -1.37383
1.44537, 0.378546
-1.49798, -0.402893
0.514825, -1.41514
-1.38883, 0.455866
-1.56429, -0.543217
1.40611, -0.556661
0.413382, 1.62918
-1.54425, 0.586952
-1.61526, -0.510944
-1.42091, -0.490578
1.64487, 1.5794
1.57181, 0.581512
0.602485, 1.47774
-0.596208, 1.77935
-0.548566, -1.53092
-0.366904, 1.52377
-0.506943, 0.643623
-0.138378, -1.43068
1.56517, -1.65436
-1.54518, -1.55232
0.649722, -0.476893
-0.323902, 0.588841
-1.4609, 1.5514
-0.433287, 1.51598
1.46969, 0.410259
1.40912, -1.61183
-1.52337, 1.57591
-1.52058, -0.395088
-1.60872, -1.54585
-1.5353, 0.56008
1.32505, -0.46914
1.50699, -1.37028
-1.43569, -1.55998
-1.46272, -1.36145
-1.39468, -0.477956
1.53835, -0.547435
1.43693, 1.61965
-0.735109, -0.534377
-1.62294, -0.443205
-1.53806, -0.290428
-0.495269, 1.42902
1.45132, 1.61972
-0.345062, -0.477056
0.410565, -1.47691
0.449671, -1.44901
0.476523, 1.53322
1.56414, -0.374054
1.53373, -1.4767
1.35575, -1.57894
-0.505471, -0.608788
-1.43789, -0.456198
0.660906, 1.52139
-0.611505, 1.54162
1.44924, 0.458947
-0.556045, 0.369159
-1.44612, -1.18134
1.36714, -0.405816
0.445687, -1.54299
-1.43932, -1.46485
1.51727, -0.422419
-0.581106, -1.58071
0.548531, 1.50992
-1.45968, -0.557825
-0.509953, 1.48029
0.451178, 0.542177
1.52117, 1.55328
-1.65343, 1.50454
-0.491423, 1.43733
-0.407283, -0.497106
-1.57994, -0.636517
-0.411218, 0.523832
-1.37192, -1.54246
1.56929, 1.41902
0.412095, -0.530796
1.57716, 0.520954
0.667218, 0.42976
-1.58511, -0.490866
0.51657, -0.467784
1.39314, 0.627091
1.69, 0.367888
-1.48686, -1.52352
1.62875, 0.485345
1.64926, 0.579075
-1.30368, 0.375921
1.81347, 1.64888
1.48243, 0.474766
1.33601, -1.43463
-0.556932, 1.42747
-0.493361, 0.584529
1.76661, -1.38343
-0.484596, -0.557827
-0.60213, 0.499082
-1.39326, 0.591397
-0.465161, -0.498256
-0.434674, -1.62915
-1.47573, -0.381252
-0.402114, -0.659588
0.466837, -0.512787
0.535553, 0.580996
0.466435, 0.676861
1.43565, 1.66306
1.47942, 1.68423
1.36372, -1.55904
0.503514, -1.45953
-1.69946, -0.536089
-1.54837, -1.3345
-1.32513, 0.280858
-1.51498, -0.337156
1.42333, -1.62718
1.40803, -0.586131
0.424297, -1.68863
0.399972, -1.4945
0.390685, 1.52989
-0.538299, -0.448528
1.56574, -0.609425
1.50925, -0.343746
1.53951, -1.49696
1.42584, -1.47055
1.47632, -1.48726
-0.506776, -0.305579
0.616534, -1.50905
-1.69663, 1.50793
-1.54317, -1.59736
-1.68676, -1.40465
-0.46827, 1.5728
1.52559, 1.58652
1.56884, 0.472583
0.603492, -1.62815
-0.371355, -0.548592
-1.65977, 1.42899
1.60693, -1.58709
-0.396436, 0.525248
0.505214, 1.59515
-1.48633, -1.20346
-0.507453, -0.550337
0.575506, 1.44768
0.494862, 1.58598
-1.5489, 0.714626
0.612285, -1.48173
0.409114, 0.582981
-1.37875, -0.439793
-1.53784, -0.464314
-0.448611, -1.54559
0.374473, -1.59169
1.52866, -1.64694
-0.514438, -1.45103
-0.536003, -1.3487
-1.74924, 1.56249
-0.525588, 0.45481
-0.564229, -0.574271
-0.248458, -0.508658
0.56032, -1.50959
1.26171, -1.39632
-1.54529, -0.498769
-0.394156, -0.467326
-0.390929, 1.64907
0.5189, 0.536399
1.32076, -0.614979
-1.36287, 0.615301
-1.54311, -1.58962
-0.524969, 0.513451
-0.344012, 0.330733
-1.17868, -0.301639
1.59345, -1.55124
1.44167, -1.42723
-1.64684, -0.738753
1.47062, 1.45282
-0.685002, 1.6065
-1.49507, -0.515318
-0.455039, -0.527745
-1.36383, 0.551457
0.439616, -1.57526
-1.37492, 1.4725
1.60926, -0.508713
-1.38143, -1.42584
-0.571778, 0.568149
0.409316, -0.353799
-0.457169, 1.61633
1.43162, 0.493016
0.610674, 0.501812
1.45901, 0.535872
1.4944, 0.490093
-1.54724, -0.493074
-1.51156, -0.52506
1.48155, 1.55419
-1.5196, 0.52296
-0.451642, -0.491972
1.45791, 0.625137
-0.562116, -0.428834
-0.621081, -1.5633
0.472396, 1.78381
0.592611, 1.48206
-0.503364, 1.65625
1.40978, 0.546638
-0.515021, -0.522053
-0.61905, 1.4288
0.383421, 0.450922
-1.46887, -1.54195
-1.47769, 1.49919
0.451566, 0.61082
-1.55303, 1.70418
1.46154, -1.73584
-0.582747, 0.445649
0.513931, -0.560439
1.18813, -0.594064
-1.31745, -0.525378
1.63793, -1.59893
-1.45658, 1.50551
-0.672406, 0.457055
-0.328372, 1.26547
-1.37671, -0.558657
1.53385, 1.6722
1.38661, -0.513824
-1.53649, 0.599781
1.30722, -0.566534
-0.431993, 1.45151
1.56065, -0.460967
-1.64836, 0.495442
-0.409569, -1.45603
-0.399999, -1.52236
1.41338, -0.328962
1.47418, -1.52738
-1.39605, -0.557006
0.439851, 0.65897
0.500825, 0.504883
1.46003, -0.50814
-0.64809, -1.42101
0.39224, -1.70968
0.466262, 1.6021
-1.46755, 0.540734
1.38935, -1.55185
-0.564051, 1.68509
0.563422, 0.587075
-0.402636, -0.523062
0.683891, -0.324184
1.61057, -0.568362
-1.45981, -1.47015
1.52923, 1.60908
-1.61014, 0.344019
1.33599, -1.34447
-1.48107, 1.52371
-1.46525, -1.49997
0.475419, 1.60233
-1.55536, -1.53359
0.533993, 0.647303
-0.454973, 0.487953
0.579428, -1.44647
0.407242, 1.46248
-0.6607, -1.71226
-0.669446, 1.407
1.62369, 0.355369
1.48125, -1.51743
-1.45914, -0.499519
0.443847, -0.626144
1.77302, -1.43263
-0.580504, -1.52503
1.45701, 0.579635
0.604375, 1.60832
-1.38816, -1.67742
-0.572725, 0.585317
1.43029, -0.485376
0.498984, -1.44136
-1.66216, 0.477884
1.48701, 1.38702
-1.48282, -0.495009
-1.51662, -0.553165
-0.516379, 1.49241
-0.442705, 0.421363
0.574855, 0.556208
-1.53883, -0.43325
-1.47041, -0.473607
-0.481451, -1.43301
-0.559301, -1.64148
-0.465895, -1.63784
-0.521224, -1.5165
-0.542251, 0.454188
-0.682571, 1.294
-0.422093, 1.6141
-0.491671, 1.72541
-0.59654, -1.63931
-0.779055, 1.41705
-1.46708, 1.61193
0.54928, -0.630281
-0.590958, -0.480704
-0.448525, -0.507673
0.304142, 1.49863
-1.72667, -1.52058
0.40868, 1.62232
1.44381, 0.448594
1.51417, 0.483547
-0.620352, 0.445574
0.291182, -0.44327
1.27659, 0.486386
-0.639639, -1.60927
1.51282, 1.61746
1.55591, -1.4921
1.52851, -1.49837
-1.51263, -1.66393
0.628057, 0.540879
0.444418, -1.38368
0.459663, -0.352358
0.558303, 1.29384
-0.589369, 0.438405
0.593056, 0.574098
-0.454637, -0.555307
1.54903, 1.57711
-0.587664, 0.402251
-0.600722, 1.48939
1.42512, 0.474525
1.68765, -1.40959
1.41533, -0.421733
-0.425267, -0.461197
0.630436, 0.446949
-0.650188, -1.43869
0.528972, 0.5955
-0.447444, -1.51665
0.506185, -1.39498
-0.600305, 0.57146
1.46018, 0.417713
-0.521873, -0.334438
0.311179, -0.645596
0.34238, 1.38211
-1.45865, -1.48883
-1.48166, -0.514998
-1.41992, -1.54776
1.62136, -0.246757
-1.42375, -0.434146
0.300397, -0.458896
1.47293, -1.51828
-0.528198, -1.48267
0.62012, -1.44976
1.40307, -0.505899
-1.50563, -0.40704
1.59922, 0.691647
-0.389411, -0.630086
-0.516023, -1.57645
1.57804, -1.45878
1.56936, -0.310277
-1.67051, 1.51524
0.793969, 0.566619
-0.819539, -0.376843
1.35613, -0.48707
-0.626189, -0.578214
-1.63851, 1.62973
1.49815, 1.47023
-1.32628, -0.494804
-1.59016, 0.210405
-1.54449, -0.407105
0.462817, -1.5244
1.44088, -0.527425
0.527334, -0.46791
-0.582544, -1.53891
-1.64329, 1.64758
-0.655913, -0.384036
-0.283603, 0.488214
-0.582592, 1.4842
0.410513, 1.56599
-1.3847, 0.439115
-1.51527, -0.349449
0.731395, 1.50109
-0.399222, 1.56936
-0.394715, -0.549634
-0.470778, -1.25461
1.5785, -0.559552
-1.63373, -1.50976
1.49224, 0.521221
0.474738, -1.48198
-1.51926, 1.40287
-1.50007, -1.42895
0.604565, 1.72201
1.43759, 0.6442
-0.528285, 0.509204
-1.45613, -1.54849
-1.45378, -0.573873
1.41084, 0.441063
0.562168, 0.640237
1.58929, -1.54804
-1.56868, 0.51345
0.492228, 0.733772
-1.49087, -1.44576
0.392649, -1.5753
-1.50649, 1.71506
1.52321, -1.47096
-1.5208, -1.49319
-1.54317, 0.431486
-1.5362, 0.471948
1.65292, -1.51245
-1.61202, -1.6045
0.519958, -0.547586
-0.431663, -0.501598
1.48621, -0.611884
0.419333, -0.69221
1.64564, 1.28857
0.44795, -0.387467
1.41625, -1.42232
1.7001, 1.59506
-1.59233, -1.44544
0.533935, 1.53525
0.623885, 1.62161
-0.428324, 0.342271
-0.478396, 0.699724
-0.56463, 0.539729
1.45894, -1.49189
0.495984, 0.523738
-1.52421, -1.42099
1.40386, 1.26079
-1.42706, -0.474167
0.641127, -0.355362
-0.454462, 1.51691
1.27568, 0.478414
1.34358, 1.34604
-0.458782, -1.46025
-0.539445, -0.604
1.555, -0.638749
1.50027, 1.5003
0.356132, -1.50668
0.341997, -1.39334
0.560956, -1.61582
-0.573792, 1.34618
-0.634938, 0.462321
1.50534, -1.41845
-1.48293, 1.40696
0.494319, 0.593979
-1.40818, -1.59806
-0.732395, 1.57906
-1.46592, 0.48144
0.78597, 0.404971
-1.5206, 1.49327
-1.48773, 0.345903
0.491008, -0.498473
-0.519712, -0.393011
1.58098, 0.394979
-0.635948, 0.560642
0.543863, 1.66855
0.490682, -0.600243
-0.640909, 0.532052
-1.53043, -0.455817
-0.406531, -1.57987
-1.39572, -1.56581
-0.471694, 1.40547
-1.43826, -1.51494
-0.372988, -0.436697
1.36841, 0.368573
1.4574, -0.565578
1.60855, 1.34624
1.6231, -0.406567
1.44231, -1.51261
0.450955, 0.691667
1.76184, -1.46774
1.46147, 0.452855
-1.54172, -0.490644
-0.603694, -0.481525
0.506764, -0.395502
1.42568, 1.48871
-0.456111, -1.51317
-0.423069, 0.507189
0.511158, 1.35147
0.559932, 0.443827
-1.52954, 0.351927
-0.534277, -1.33664
1.55579, 0.388747
-1.49945, -1.5136
0.440816, -0.626551
-0.472383, 0.554605
-1.40052, -1.41733
-1.54711, -0.565984
-0.623212, 1.43615
1.57973, 1.55617
1.53544, -1.42463
0.516091, -0.418874
-0.520792, 1.32616
-1.43657, -1.54573
-1.51155, 0.355755
0.499102, 0.507823
-0.243109, 1.34883
1.56569, -1.5434
1.64804, 0.46205
-1.51213, -0.567956
1.47695, -1.35465
-0.475661, 0.480706
-1.46268, -1.50437
-0.342679, 1.52728
-1.60615, 0.522858
1.57921, -1.76627
-0.597279, 0.537051
1.52269, 0.49594
0.435154, -0.570883
1.44104, 0.41614
1.50325, 0.615606
0.434631, -1.5048
0.490905, -0.646139
-0.676043, -0.619009
-0.494659, -0.475488
-1.64679, 1.51799
1.43751, -0.619627
1.46837, 0.587052
0.687336, 0.460279
1.37902, 0.50809
1.51246, 1.4736
-0.478081, 1.67201
1.41484, -1.32884
0.431129, -1.63984
0.605406, 0.545347
0.458581, 1.50793
0.450083, 1.45264
0.547176, -1.50974
-1.40205, -0.409278
1.38856, 0.675802
-1.56643, -0.50689
-0.449045, 0.479628
-0.348169, -1.45766
0.607148, 1.57814
-1.46993, -1.56573
1.44509, -0.400944
-0.588207, -1.48247
1.4735, 1.46451
-1.4504, -1.53421
1.55817, -1.37676
-1.3971, -1.53817
1.38293, 1.3509
1.48763, 1.47671
1.48604, -1.40455
1.46321, 0.548944
0.580273, 1.60485
0.552591, 0.392161
-1.49884, -1.23792
0.549686, -0.470219
1.51479, -1.59749
1.71065, -1.63847
0.639004, 0.340968
1.5994, -1.64989
1.68544, -1.63424
-0.446548, 1.55746
-1.3344, -1.49622
1.67576, -0.570597
-0.623821, 0.443275
-0.470155, -0.507244
1.34978, -0.585723
1.3819, 1.42419
1.45726, -1.41041
1.39416, 1.58893
1.53217, -0.355205
0.488281, -1.37624
-0.45586, -1.61382
-0.42273, 1.61159
1.31657, -0.512475
-1.416, 1.77809
0.390288, -1.37353
0.5827, -1.35805
-1.37206, -0.472726
-0.545974, -1.46064
1.50374, -0.395439
-0.428762, 1.48436
1.42828, -1.56173
0.474026, -0.593446
0.722384, 0.62522
-0.667069, 1.65442
-0.458994, 1.59917
0.481881, 0.555949
-1.42754, -1.30046
1.30901, 1.31739
-0.537283, 1.44773
-1.48683, -1.5364
0.619596, -1.344
-1.53704, -1.40461
-0.612128, -1.37561
1.61403, -1.31888
-0.452413, -1.49689
0.503611, -1.53092
1.39213, 0.577491
-1.47253, 0.399323
0.384021, -1.40041
1.52593, -1.45153
-1.55041, 0.3282
1.65238, 0.47062
-1.59284, -0.27164
0.447722, -0.463304
0.584465, 1.47829
0.595414, -0.318252
-0.500759, 0.35015
-0.522071, -0.456469
0.368917, 0.365911
0.386848, -0.442569
0.474661, 1.43734
-1.36526, -1.80376
1.62255, -1.45042
0.31415, 0.606329
-0.537921, 1.56663
-0.476304, 1.51618
-1.3154, -0.58402
-0.48249, 1.60232
-1.60591, 0.33423
1.52204, 0.586426
-1.38908, -1.54571
-1.1851, -1.34347
0.507638, 1.37938
0.475824, 0.447281
1.62129, -0.453073
-1.38885, -1.57531
-1.33142, -1.6012
1.44635, 1.42766
1.43448, 0.559248
0.244665, 1.45701
0.494322, -1.49858
0.46986, -1.407
1.43663, 0.548706
-1.41586, -1.62215
-0.540107, 1.49326
0.553999, -1.55813
0.535432, -1.42541
1.61705, 1.44752
-1.55398, -1.67151
0.565341, -0.436347
-0.445941, 1.56587
-1.45182, -0.415186
0.498283, 1.39757
1.63548, -1.43311
-0.401626, 1.48914
1.39733, 1.54531
1.59288, 1.62147
1.54492, 0.392647
-1.18662, -1.38567
-0.613455, -1.53684
-0.515158, -0.565646
1.73987, -0.626362
-0.434797, 1.48079
-0.448011, 0.523591
-0.546913, 0.406804
0.510042, 1.36043
0.517119, 1.5708
0.537069, 1.32426
1.55676, 0.668279
0.408581, -0.456627
-0.440092, -0.470507
0.44248, 1.49894
-0.622076, 0.635437
-0.379607, -1.62591
1.51553, -0.552994
0.580064, -1.43987
1.49352, 1.61469
0.438343, 1.44925
1.59774, -1.50701
0.310583, 0.410213
0.425358, 1.38586
-0.430773, -0.296137
0.517975, 0.384143
1.33938, 1.30324
-0.424875, 1.49774
0.644747, -1.4565
1.50388, 1.47379
1.23447, -1.67417
0.475403, 0.520478
0.562064, -1.66424
-1.44036, -0.607936
1.62694, -0.482924
-1.44488, 1.42039
1.57491, 0.580546
-1.48105, -0.492508
1.48255, 1.55527
-0.672823, 1.65995
1.41886, -0.297763
0.487238, 1.30466
1.43115, 0.49406
-0.510862, 1.72454
-1.16187, -1.51974
-1.65023, -0.418009
1.43416, 0.45542
1.44745, 0.549517
-0.658128, -1.42722
1.50135, 0.48928
-0.251963, 0.411312
-0.509794, -1.50142
-1.66562, -1.59926
-0.630466, 0.576229
-0.278219, -0.658493
-0.637559, 1.49402
-1.53649, 1.64053
1.52259, 0.62723
0.569109, -1.35993
-0.550294, -0.539907
1.34217, 1.52889
-0.518865, 0.545639
-1.37457, -1.43527
-0.582237, -0.537777
-0.49388, -1.38334
1.49921, -1.37383
-0.541507, -0.28174
0.316202, 0.622669
-0.675956, -1.44247
-0.472247, 1.53614
-1.64051, -0.293564
0.449931, -0.586339
1.57207, -0.484171
-0.448177, -0.333692
0.419082, 0.33391
0.449072, -0.324006
-1.58915, -1.52065
0.460019, -0.588896
-0.298609, 1.57655
0.559465, -1.44791
1.27525, 0.725772
1.46013, -1.38858
-0.433796, -0.306457
-0.330243, 1.55484
1.239, -0.328797
-0.521457, -1.45015
1.5824, 0.305619
1.40941, 0.589517
-0.571093, -1.29166
1.38747, -1.3947
1.29268, -1.42471
-0.436421, 0.473882
-0.514092, 1.36722
-0.439197, -0.604717
-0.438547, 1.4845
0.716253, -0.461874
0.54785, 0.529742
-0.396436, -0.315563
-0.326379, 0.560239
0.562859, 0.320639
0.42536, 0.526762
1.36781, -1.56134
0.546821, -1.26711
-1.58513, 1.40586
1.46108, -0.370514
-0.572859, -0.475669
-0.361091, -1.33587
-1.38679, -0.324782
1.48634, 0.637961
-1.55859, 0.478631
-1.511, 1.59792
-0.434092, -1.6329
-0.392586, 0.540666
0.473861, -0.326431
-0.452558, -1.45672
-1.57074, -0.30197
-0.621818, 1.53668
-1.48899, 1.32267
1.60979, -0.461841
-1.57301, -0.417944
-1.56741, 0.438477
-0.441665, 1.37516
0.569025, 1.54239
1.43771, 1.50901
-1.58012, -0.606617
0.402095, 1.49934
-1.36101, 0.609716
-0.62489, 0.496143
0.583266, 1.51141
-0.544858, -1.36372
-0.718601, -1.36032
-0.415929, 1.46902
-0.454686, 1.55149
1.66348, -0.496721
-1.5551, -0.455575
0.598083, 0.371838
-1.54942, 0.428569
-0.523296, -1.31257
-1.46662, 1.41402
-0.531179, -1.40862
1.61376, 0.515159
0.284415, 0.550569
1.58408, -1.48672
1.49926, 0.404234
1.70305, 0.704615
1.48996, -1.41047
-0.593487, -1.46337
0.375996, 0.492647
0.397147, 0.558543
-1.52418, 1.42384
-1.45092, 0.483516
-1.5517, -0.513799
-1.56777, 0.540659
-1.33018, -0.468237
-1.47753, -0.507207
-0.509275, 0.453762
-1.41084, 0.388939
-1.46883, -1.58174
0.323183, 1.5501
-1.52414, -0.45266
-1.40481, -1.4446
1.56229, 1.68919
1.36211, -0.518321
-1.52014, 0.49332
0.620927, -1.60166
-1.56691, -0.506961
1.33102, -0.557118
-1.55338, -1.49155
0.411601, -1.6829
-0.585936, 1.61574
1.339, -0.498766
0.430822, -0.647241
-1.45905, -0.731961
1.51328, -0.538504
-1.53097, 0.34838
1.60796, -0.492428
0.539778, -0.442128
1.57781, -1.52441
-0.319179, -0.505831
-0.515785, 1.27494
-1.50509, -1.72195
1.49963, -0.345014
0.466005, -1.52758
-0.442961, -1.48942
-0.560623, -1.50006
-0.549463, 1.36999
-0.496364, -0.630103
-0.600286, 0.439941
1.28403, 1.62235
-0.398259, 1.49154
-1.63675, -1.54391
1.54858, 1.51733
0.605082, 0.527689
1.48477, 1.64333
-0.389754, -0.452766
-1.64277, 0.726255
-0.327174, -0.423342
1.5218, -1.51379
1.46023, -0.528176
1.35273, -0.420831
1.46776, -0.426383
0.675097, 1.34043
-1.55867, 0.402456
-0.539264, 0.405321
-0.550752, -1.41364
0.544256, -0.399825
0.486582, 1.47126
-0.486018, -1.45383
-1.45083, 1.49272
1.5363, 1.53831
-1.37595, -0.384937
-1.478, 1.42877
-0.481567, -1.55218
-0.284964, -0.593315
-0.416425, -0.325823
-0.567147, 0.490271
1.53291, -1.39799
1.57185, -0.492326
-0.53517, -0.479059
-0.370756, 1.26298
-1.56821, 1.44048
-0.540918, -0.51294
1.41801, -0.301187
0.559681, 1.38708
1.41907, -1.64476
-1.45879, -1.53159
0.420779, -0.68792
-0.562619, 0.498379
-0.583819, 1.53006
0.48022, 0.430884
-1.56925, 0.397843
0.598807, -0.437988
-1.50838, 0.458314
0.526081, 0.507543
0.475242, -1.56913
-1.23035, 1.49653
-1.52003, -0.557668
1.44077, -0.472555
-1.56332, 1.52045
-0.485093, 0.449899
0.596795, 1.31049
-0.476429, 0.460137
0.553782, -1.44836
0.721612, -1.41935
0.567324, 0.349208
-1.4144, 0.637303
-1.29843, -1.30351
1.36521, -0.24961
-0.606616, -1.60749
-1.33583, -1.65441
-0.494456, -0.506832
1.34624, 1.53566
0.481618, -1.40566
0.277862, 0.363115
-0.462263, 0.48398
1.37739, -1.6048
1.5943, 1.69865
1.42086, -1.63276
-0.705432, 1.4627
1.34846, 0.379418
0.409131, 1.60306
-0.539217, 1.49006
0.473802, -1.61519
1.46777, -0.59134
0.502673, 0.536844
1.45653, 0.383232
0.547795, -1.39349
-0.522172, -0.591471
-0.440791, -1.50119
-1.47735, 1.59091
-0.465544, 0.620788
0.591756, 1.62928
-0.404581, 0.459728
-0.340441, -1.60448
0.458305, 1.41514
-0.491364, -0.506896
-1.32554, -1.24977
1.41464, -0.597657
-1.51981, -0.41043
0.657135, -0.62092
1.63663, -0.488393
1.52612, -1.54721
-1.53633, -1.51108
0.268601, -1.53514
0.607285, -0.447609
-1.69693, 0.419124
-1.51935, -0.599357
-0.544222, -1.58006
0.404501, -0.446143
-1.33712, -1.29712
-0.476605, 0.404696
1.56557, 1.56112
0.508329, 1.45681
1.37109, -0.513176
1.56964, 1.31689
-0.491169, 1.40299
-0.430614, 0.520999
-1.52297, 1.35917
0.563774, -0.502305
-1.32531, 0.403357
1.49302, -0.387891
-1.4227, -1.56331
1.55666, -0.470631
0.372884, 1.31373
-1.4499, 0.445349
-1.47111, -1.60961
0.308547, -0.636005
-0.620645, 0.522945
1.43039, -1.48725
-1.31138, 0.415151
0.41907, -0.529189
-1.5348, -1.42054
-1.49767, 1.36975
-0.588198, -0.46414
-1.49494, -0.532885
-1.68718, 0.466677
0.658905, -1.46112
-1.6393, -1.37816
-1.69763, -0.448842
1.36986, -1.36666
-0.567289, -1.38483
-0.392222, 0.388451
-1.52806, -0.484517
-0.507924, 0.423782
-0.289781, 0.51
1.51642, -1.56407
-0.415612, -1.55941
0.623939, 0.36353
-1.58736, -0.715686
0.448339, 0.566848
-1.48534, -1.49619
-0.394815, -1.64289
-1.49946, -1.64542
-1.53724, 1.50223
-1.5392, -0.631241
-1.58995, 0.560901
-1.38681, -1.43564
0.455574, 1.37289
-0.433157, 0.455548
1.46579, -1.54933
0.365246, 1.57317
-1.4835, -0.593354
-1.47353, 0.626235
0.432807, 0.59945
-1.47576, -1.70162
1.46386, 0.277008
-1.51399, 0.581481
1.50948, -0.370092
0.547279, -1.7133
-0.532534, 1.64123
0.780351, -1.60897
-1.58327, -0.525321
-1.39899, 0.514366
-1.43955, 0.667038
-0.590188, 0.535708
-0.476345, -0.496168
-1.49873, 0.401334
1.46188, 0.333083
1.43234, -0.4022
-1.41009, -1.4771
0.478061, -1.47836
-0.446018, -0.578712
0.501155, 1.49466
0.357793, 1.59126
0.608716, 1.55191
-0.416491, -1.49822
-0.642026, 1.53851
1.48653, -0.434582
0.480735, -1.51981
1.51625, 1.62065
-0.545035, 1.59538
-1.51603, 1.49325
-1.49168, -1.69442
-0.525605, -0.461619
0.532703, -0.492769
-0.494237, 0.538497
1.68583, 1.50527
-0.625042, -1.62748
-0.466099, -1.6518
1.47909, -0.469117
-1.50179, 0.447201
-1.50314, 1.44501
-0.575237, -0.638993
-1.58763, 0.516311
-1.53525, 1.58886
-1.69838, -0.503894
-1.45781, -0.434456
-0.503756, -1.54314
0.380726, -0.525697
-0.49365, 0.48273
1.48149, 0.477021
-1.49732, -1.47893
1.45229, -0.635156
0.34901, 0.544965
1.51463, -1.50719
-0.357342, 0.566896
0.455312, -1.33889
-1.35619, 0.600358
0.408215, 1.49827
-0.533205, 1.51177
-0.424382, 0.392271
-0.574063, 1.44167
-1.50277, 0.590219
1.49732, -0.664388
1.53926, -0.633547
0.534901, -0.460066
-0.499149, -1.6265
-0.456149, 1.45578
-1.57709, -0.703518
0.581867, -1.52726
-0.498008, 1.49471
0.50189, 0.513006
0.336205, 0.649184
1.56127, -1.49927
1.64236, 0.561061
-1.57125, -0.404918
-0.472241, 0.403011
1.44324, 0.59096
0.447042, -1.58703
-0.601417, -0.342396
-1.52933, -0.341274
0.479465, 1.46017
-1.22727, -1.5721
0.500201, 1.57527
-1.43753, 0.439332
0.697832, -0.482179
-0.542517, 0.374554
-0.520131, -0.375835
-1.50818, 0.5824
-0.543378, -1.46142
-0.465248, 1.50472
-1.46082, 0.533628
-1.59463, 0.534743
-0.325588, -1.71233
-1.55905, -0.451063
-0.527612, -0.467598
0.320974, 0.420349
-0.473056, 1.68632
0.45139, -1.4017
-0.469896, -1.49218
0.616128, 1.38285
1.5489, 0.432288
0.519834, 0.445721
-1.48296, 0.621789
-0.554414, 0.519893
0.377432, -1.46644
-1.57098, -0.406909
1.62135, 0.489177
1.47008, -1.46815
-0.50717, 0.592691
-0.725266, -1.54925
1.54559, -0.692251
1.50505, -1.49705
-1.62237, 1.54194
1.5133, 0.491866
0.401991, 1.37003
-0.614367, -0.575207
1.43222, 0.49606
-0.53768, -1.31901
0.500927, -0.361657
-0.498967, -0.464821
-1.46062, -1.47645
0.569846, -1.59132
-0.601406, -0.392862
1.39868, -1.55803
0.430879, -1.45379
-0.644824, 0.418252
1.48645, 1.49674
1.5569, 0.53437
1.46434, 0.448334
0.690947, 0.535444
0.486228, 1.45734
-1.53898, 0.355055
-1.5329, -0.343838
-0.581914, 1.44455
-0.671916, -0.64776
-0.458758, 1.43511
1.54399, -1.52084
1.51752, -0.468886
0.526215, 0.470894
-0.57482, -1.44826
0.366835, -1.49076
0.525862, 1.40716
1.41075, -0.650969
-1.64562, 0.496527
0.561826, 1.42258
-1.53347, -1.40331
-0.578404, -0.380482
0.461276, 0.568838
1.54578, 1.52791
-0.530406, 1.4045
0.567616, 0.320999
1.452, -1.61674
1.34535, 1.49389
-0.460886, -0.49121
1.4995, 0.394561
-1.47904, 1.58377
1.54672, -1.53124
0.452535, -1.28716
-0.607994, 0.467747
1.42324, -0.531891
1.38549, 1.30164
-0.611712, 0.537301
-0.403939, 1.58097
-0.42057, 1.435
1.51724, -1.43554
0.446732, 0.500858
-0.563587, -1.45985
1.61368, -1.52485
0.376625, -1.45093
0.573792, 0.308943
1.61623, -0.5614
-0.51636, -0.603262
1.64439, 0.498568
0.562849, -1.45718
0.407649, -1.42544
-1.5633, -1.43849
-0.565313, 1.56862
0.63118, -0.560826
1.53366, 0.313177
0.53318, 1.34246
0.392721, 0.302117
0.398951, 1.40318
0.532033, 0.380894
0.326221, -1.37588
1.54129, 0.348485
1.53651, 0.591459
0.612734, 1.55302
0.491838, -1.61036
-1.43759, 1.62642
1.59586, 0.615417
0.549519, 0.512014
0.454033, 0.48825
0.368125, -1.2545
-0.370285, -0.430483
1.30694, 0.568887
0.392154, 0.443174
-0.299432, 0.388498
0.612852, -0.580716
-0.489697, 1.51387
1.53079, -0.534026
0.598859, -1.56704
-1.57983, -1.45583
-0.537909, 1.35861
-0.597764, -0.557588
-0.303722, 0.505971
-1.5643, -1.38756
-0.252966, 0.620081
-1.32508, -1.62366
0.384866, 1.18787
0.603924, 1.63625
-0.546314, 0.458974
0.631933, 0.584287
-1.41986, -1.74737
1.49089, -1.47762
-0.522446, -1.55522
-0.618398, 0.465233
0.609782, -1.51076
-1.41516, 1.549
-0.366971, -0.468737
-1.5932, 0.563963
0.424789, 1.55118
-0.638782, 0.641382
0.439269, 1.50744
1.47844, 0.681271
0.469081, 1.35919
1.6261, 0.508888
-1.52194, -1.23661
0.527348, -1.45748
-0.37091, 1.4197
1.66649, 1.528
-0.64345, -1.31722
-0.466646, -1.43342
-0.512435, -0.667204
-0.558751, 0.433088
1.44874, 1.57637
0.504511, 0.608977
-1.51423, -1.54746
1.53825, 0.638518
1.5803, -0.629387
-1.53009, -0.532007
-0.363482, -1.49033
-0.523106, -1.59045
-1.2629, -0.389354
0.521789, 0.414387
-1.54994, -1.66329
-0.580773, 1.38471
-0.427867, 0.625301
-1.52177, 1.44357
1.43695, -1.45145
-1.39687, 1.38231
-0.414552, 1.65192
1.65903, 1.49861
-1.45977, 0.256196
-1.33261, 0.333104
0.375134, 0.591291
-1.49952, -0.572654
-0.424229, 0.470918
1.46832, -0.457564
-1.56958, 0.404877
1.45589, 0.460103
0.506073, 0.464282
-0.514945, 0.726053
-1.62826, -0.57989
-0.358991, -1.47255
-1.34177, 1.55482
-0.52999, 1.67357
1.4106, -1.50066
-1.56837, 0.569175
0.496985, -0.657762
-1.57839, -1.40319
-0.294028, -0.67498
-0.421262, 0.415278
-1.51999, -1.44899
-1.57866, 1.45816
0.528486, 1.50233
-0.46142, -0.388512
-1.54028, -1.38526
1.47721, 1.52638
-1.5539, -1.41119
-0.512174, -1.58524
-0.452623, 0.301106
1.47972, -1.43969
1.51959, -1.46645
-1.56343, -0.566773
-1.53775, 0.523477
-1.37118, 0.61021
-1.38727, 1.47843
1.38085, 1.60362
-1.60263, -1.37308
1.64187, 1.48074
-1.50852, 0.411795
0.510105, -0.46458
-0.479677, 0.535919
-1.67124, -0.477822
1.51233, 0.700705
0.421639, -0.448735
-1.48131, 1.511
-1.5804, 0.34463
-0.61991, -1.39348
1.49067, -1.55659
-0.499707, 1.49204
-1.36197, 0.637186
1.61592, 0.425859
-1.63642, -0.470586
-1.5591, -1.54125
-0.497864, 0.539102
1.6305, 1.51005
1.42355, -1.62891
0.470172, -1.51237
-1.49903, -0.447925
-0.555015, 0.38492
0.375358, 0.59727
-0.434034, -0.508443
1.53553, -0.556112
-0.424875, 0.536847
0.65846, 1.43065
-0.58676, -0.504277
0.483649, 1.77135
-0.574704, 1.45877
0.377296, -0.602581
-1.43355, 1.4816
1.60442, -0.713882
0.711102, -0.673952
-1.34663, -1.6352
0.582251, 1.47436
-0.460006, 1.43527
-1.553, -1.53548
-0.418394, 1.55627
-1.54922, 0.474767
0.701988, -0.56379
1.62218, -1.57314
0.500456, -1.55513
-0.385454, -0.640602
-1.51995, 1.69469
-1.36541, -1.60109
1.25564, -0.340191
1.44424, -0.602014
1.32719, -1.55382
0.442302, -1.48503
0.430291, -1.5306
0.317939, -1.48832
-1.51516, -1.39843
-1.48746, -1.59084
1.61507, -0.484516
-0.514066, -0.389403
0.455908, -1.44307
0.342344, 0.571908
-1.16915, -0.586259
1.46649, 0.522018
-1.39027, 1.50922
-0.510263, -0.512921
0.487802, 1.50893
0.450068, 1.4195
1.33738, 0.608909
-0.457914, -1.4563
-0.508623, 1.4881
0.528115, 0.54845
1.60777, 0.414881
-0.391463, -0.596525
-1.54236, -1.6515
1.59573, 1.35219
0.601012, 1.28561
1.46358, -0.445891
1.66676, -0.629539
-0.555149, 0.418968
-0.226691, 0.535641
1.3248, 1.69702
-1.38566, -0.405879
-1.54285, -1.31955
1.4724, -0.522832
-0.536093, 0.569083
-0.375148, 1.38843
-0.423503, -0.294009
-1.68171, 1.47735
1.66841, 1.72
-1.46003, 0.431346
1.35187, 1.50281
-1.41954, 1.394
-1.47712, 1.54224
-1.31766, -0.498482
0.378998, -0.436834
0.62446, -1.33234
-0.4736, -1.42987
1.61765, 1.37906
0.507126, -1.52706
-1.37893, 1.58697
1.32302, 0.405048
1.508, -0.416001
0.40497, 0.432849
-1.56525, 1.35074
1.44657, 0.494697
-1.49184, 1.68573
1.71762, 1.47515
0.396069, -1.38779
1.45522, -0.575923
-1.35339, 0.378896
0.341034, -1.44731
0.366316, -0.485278
0.574314, -0.290591
-0.541045, 1.51882
0.416269, -0.41173
1.59191, -0.303579
-1.44695, 1.51039
-1.5694, -0.431657
1.43409, -0.517464
1.55312, -1.53431
1.46154, 1.51927
-0.585797, -0.592603
-0.509906, 0.529487
-0.513447, 0.400077
-0.575006, -0.361515
1.47801, -1.34739
1.52675, -0.672477
1.68896, -0.628453
1.53889, 1.6952
-0.482711, -0.47063
0.563421, -0.407866
-0.515633, 1.50277
-0.346222, 1.44847
-1.48023, -0.405313
-1.49043, -1.47896
0.368522, -1.58787
0.538448, -1.52514
0.438453, -1.62015
-0.396323, 1.63573
-0.39419, -1.38297
1.43583, -0.27099
0.521865, 1.70818
0.580965, -1.49284
-1.36524, 1.48423
-1.41356, -0.647028
-0.422515, 1.51463
-1.44962, 0.327297
0.557833, 1.45356
0.43017, -1.49399
1.58439, -0.324449
-0.526736, -0.425222
0.504397, -1.37096
-0.722773, 1.66594
-0.434366, 1.43104
-1.52071, 0.370603
-0.403215, -0.559056
0.370925, 1.44405
-0.626167, -0.655532
-0.665119, 0.519646
0.55365, 1.49247
1.53623, 1.53501
1.43732, -1.30413
-0.489446, -0.276655
0.502018, 0.360214
0.473789, 0.75273
-0.501949, 1.43657
-1.52729, -1.50228
-1.44541, -1.34555
0.423378, 0.634594
-1.35985, -0.517549
0.600697, -0.35047
-1.58851, 1.50308
-1.49177, 1.52838
-0.413593, 0.629677
1.49949, 1.58153
0.542415, -1.45799
-1.58055, -1.55316
-1.50205, -1.39362
0.524877, -0.506143
0.455996, 1.62245
-0.611429, -0.438633
-1.43508, 0.418968
-0.460341, -1.47549
0.459301, 1.51072
0.45411, -1.45013
-0.384811, 1.56047
0.329329, 0.462879
1.29992, 0.595409
-1.46198, 0.441332
1.47012, -0.362387
0.430961, -1.33685
-1.74847, 1.71227
-0.389646, -0.550334
-1.41051, -0.474433
1.68848, 0.477381
-0.364832, 1.49157
0.563622, 1.45016
-1.47884, -1.38181
-0.401998, -0.424398
-0.555786, -1.40904
-1.63119, -1.63632
-1.72912, 0.421515
-0.490631, 1.53778
-1.46735, -0.531811
-0.493354, 1.57446
0.557082, 1.55416
-0.603229, 1.4781
0.591069, 0.479829
-0.656812, 1.44796
-1.51436, 0.369725
-1.67025, 0.402013
0.49046, 0.428438
0.569946, -1.63302
-1.38346, 1.68405
0.475785, 1.39985
-0.459515, -0.450952
1.65483, -0.601516
0.458566, 0.596877
1.53231, 0.410518
0.576523, -0.495744
-1.47281, -1.62403
-1.62094, -1.42651
-1.40196, -1.49063
-0.560291, -0.452897
-1.61093, -0.468525
0.272307, 1.42595
-1.42261, 0.501223
-0.593737, -0.416869
-1.43613, 1.46916
-0.372572, 0.572397
0.380238, 0.45085
-0.634325, 1.64636
1.5978, -1.45495
1.40877, -1.38098
0.44285, -0.56015
-0.48053, -0.385466
0.602504, 0.467676
1.54014, -1.54288
-0.412823, 1.53344
1.56326, -1.65906
0.543696, 1.48734
-1.42298, 1.7147
1.62189, 1.33482
1.44719, 0.586582
-1.49556, 1.58709
0.553799, 0.575156
-0.603834, -0.286314
1.4045, -1.53021
1.53805, 1.46936
0.371811, 1.58867
-1.49931, -1.60509
1.50405, 1.54838
-1.34991, -0.513369
-1.45804, -1.41206
-0.464612, -1.49422
1.51304, 1.40716
0.540961, -1.55206
-1.40077, 0.513129
-1.4006, 1.51533
-0.251163, -1.49642
-0.515315, 0.235268
-1.56067, -1.53053
0.423199, 1.53442
0.439076, -0.543323
0.401506, -1.48001
0.457735, -1.39548
-1.44146, 0.461869
0.438461, 0.467067
-0.501971, -0.526102
-1.62455, -1.46702
1.62334, 1.56747
-0.45692, -1.47826
-1.46549, 0.610976
0.540985, 1.45839
0.330597, -1.63809
-1.55946, 0.607957
-1.57187, -0.502397
-0.448931, -0.575224
-1.26214, -1.35962
-0.440449, 0.490053
-0.388357, 1.42623
0.517864, 1.43195
-1.61501, -0.511785
1.60299, -0.561634
0.467406, 1.62638
-1.63908, 0.486599
-0.565638, -1.63134
0.409178, 1.54936
-1.62743, -0.328227
-1.48652, -0.644433
-1.6584, -0.457315
1.67255, -0.63444
-0.62376, -0.408962
1.37744, -0.545184
1.36215, -1.56132
-1.43688, 1.53271
1.74538, 1.62488
0.485801, -1.37969
-0.457758, -1.35482
-0.321495, 0.532788
0.238064, 0.531697
-1.42629, -0.529275
0.49319, -0.585754
-0.549543, 0.654219
-1.44527, -0.688074
-0.451312, -0.575912
-1.42272, 1.60717
-0.457636, 1.4893
0.57584, 1.41105
1.32725, 1.47873
-0.412506, -1.6129
0.5025, -1.60171
1.36953, 1.41506
1.54075, 1.54122
0.488025, -1.714
0.438141, 1.59718
0.350748, -1.36172
-0.510385, -0.392373
1.44331, -1.3856
-1.4962, -0.405868
0.606523, -0.573702
0.573991, -1.51674
-0.452131, -0.363413
0.449776, 1.57746
-1.41479, -1.54395
-0.256657, 0.597195
0.41624, 1.45735
0.390418, 1.45878
-1.73434, 0.504286
0.547904, 0.455723
-1.53761, 1.45738
-0.500448, -1.62501
-1.58387, -0.487668
-1.25215, 0.565562
0.442096, 0.567478
1.3339, 0.474152
0.490281, -1.56663
1.35512, 1.47677
-1.43332, 0.453589
-0.368173, 0.534151
0.592341, 0.492938
-0.255396, 1.53704
-0.516259, 1.32421
1.40076, 0.629181
1.47701, 0.681366
-0.538972, -1.36775
1.56857, 0.53688
0.510044, -0.487428
0.473757, -0.458546
1.59199, 1.60348
-0.48617, 1.59766
-1.49082, 0.596009
-0.316598, 1.36315
-0.412615, -1.56433
-0.350718, -0.515697
1.5611, -0.570105
0.622764, 1.46494
1.38906, -0.444877
0.606453, 0.409445
-0.71703, 1.51894
1.48189, 1.62925
1.46733, -0.337847
-0.341268, -1.42207
0.542493, 1.56694
-0.403311, 0.634776
1.39832, -0.483395
-0.569559, 1.55455
-0.382803, -1.39962
1.45091, 0.434087
-1.64197, -1.25943
0.581436, 0.457404
-1.42826, -1.49958
1.43611, 0.384541
-0.385914, 1.45095
-1.55849, -1.32411
0.613519, 1.59619
1.69406, 1.64996
1.49163, -0.395687
1.40182, -1.37821
0.548304, 0.358891
-0.446015, 0.299804
-1.47733, 1.4711
-1.4627, 0.559734
-1.44964, 0.506949
1.34659, -1.50671
-1.42641, 1.54804
1.62335, -0.367082
-0.499137, 0.359345
0.497024, -1.46617
1.49365, 0.425436
-0.524414, 1.34693
1.56861, -0.165424
-0.742673, 0.355127
0.555955, 1.57145
0.438934, -0.499951
0.375088, -1.46467
-0.362824, -1.64737
0.423074, 0.52999
0.578385, 1.40595
0.592375, 1.3682
0.388299, 0.608012
0.311694, 1.57039
0.450595, -0.507222
1.43257, 0.345692
-0.681316, 1.43096
-0.392217, 1.65556
1.73385, 1.4823
0.301192, -0.47151
-1.49396, -0.492513
-1.43227, 0.433923
-0.418344, 1.43197
1.41017, 0.566274
0.361128, 0.528744
0.5326, 1.54566
1.51263, 1.49245
-0.669287, -0.466183
-0.681536, -1.46035
0.540857, -1.45412
-0.526566, -1.46532
1.53882, -1.53149
0.342518, 1.43201
0.257887, -0.458636
1.44888, -1.53942
-1.42495, 0.349023
-0.537582, 1.39565
0.295638, 1.52036
-1.656, 0.38016
1.61235, 0.474557
1.45233, 1.36361
0.684406, 0.39662
0.506129, 1.6142
1.38539, -0.614448
-0.414644, -1.33413
0.331367, 0.517652
0.426664, 1.43893
0.526062, 1.43056
0.468006, 0.580346
0.431593, 0.487646
0.555668, -1.52547
1.38549, 1.32406
-1.52932, 1.67539
-1.46953, -1.5975
0.569111, -1.66226
1.59481, 1.58543
-1.4836, -0.660582
-1.48434, -1.45216
0.744044, -1.65163
0.601604, -0.439561
-0.598565, -0.507188
-0.463154, -0.491465
-0.488844, -1.56662
0.436182, -1.55368
0.577253, 1.50634
1.51886, -0.468093
1.60278, 1.45601
1.57257, -1.50966
-1.5251, -0.53481
0.674821, 1.43901
-0.394209, 1.67479
0.551338, -0.41878
-1.37307, 0.422693
1.64695, -0.490718
0.513512, 1.45098
-0.443916, 0.437097
-0.522377, 0.50905
-1.46352, 0.524834
1.46602, -1.59593
-0.538768, 0.467401
-1.54693, 1.41218
1.52614, -1.36843
-1.44599, 0.349723
-0.358494, -1.52062
-0.497333, 0.646627
-0.393393, 0.495238
0.46868, 1.4489
-0.547496, 1.51424
1.66152, 0.593082
0.287848, -1.51808
1.43282, 1.4735
-1.65969, 1.43354
0.516666, -1.452
-1.50358, 0.352869
-1.46135, 1.66415
-1.34614, 1.45462
1.43784, -0.430439
-0.467224, -0.25562
-1.38722, -0.350127
0.504036, 1.48367
-0.558895, -1.4715
0.735172, 1.39247
1.47943, 1.49313
-0.619035, -1.60979
1.70406, -0.500857
0.396101, 0.525693
-1.43005, -1.60947
-1.55642, 1.46821
0.777955, -1.75019
0.516306, -0.543543
-0.592196, 0.467771
0.59229, -0.576182
-1.49156, -1.56766
0.444277, 0.344289
-1.32069, 1.49671
1.52815, -0.59942
0.373547, -1.39472
1.37791, 0.483694
-0.5622, -1.28778
0.487925, 0.602166
-1.33906, -0.501703
-1.46928, -1.47762
-0.394182, 0.408554
-1.69183, 1.51863
0.628938, -0.554594
-0.570465, 1.44298
-0.431932, -0.50449
1.53351, 0.317287
1.56338, 1.54185
0.408901, 1.60548
0.27172, 0.505111
-0.584204, -1.47741
0.499723, -0.461857
1.47188, 0.640354
0.639012, -1.47148
-0.461204, 1.50861
-0.388429, -0.532409
-1.51894, 1.45447
1.5406, -0.572296
-1.53815, -0.471946
0.311334, -0.638961
1.42534, 0.519607
-1.54135, -1.55105
-1.54059, -1.43456
1.48338, -0.458868
-0.587754, 1.58993
0.512099, -0.584812
0.556065, 1.58457
-0.53075, -0.601884
-1.45609, -1.19113
-0.641317, -0.549906
-1.45608, -1.51022
-0.507229, -1.45395
0.516579, -0.506035
1.43894, -1.37124
-1.42265, -0.467429
-0.438231, 0.522705
-0.430688, 0.448618
-0.57477, -1.53768
1.59908, 0.524
-1.48249, -0.363941
-0.515028, -1.54237
-1.46959, 1.58285
-1.52859, 0.505298
-1.59997, 0.437979
-1.61032, -0.521785
-0.595119, 0.380805
1.50656, -1.56586
-0.447551, -1.5775
1.48309, 1.48384
-0.502867, 1.71256
0.420443, 0.559264
-0.39255, 0.588612
1.50728, -0.463671
1.5264, 1.43974
-0.635238, -0.59689
-0.385556, -1.55162
-1.52416, 1.55774
0.551677, -0.416795
1.40909, 1.32704
1.39487, 0.361953
-1.28518, -0.594585
-1.57733, 0.556337
1.38675, -0.559614
-0.534147, 0.413356
-1.47048, -0.66472
0.482379, -0.431294
1.49891, -0.434887
-1.6716, -0.418114
0.61121, 1.56895
0.52535, -1.73163
-1.56474, 0.49668
-1.6719, -0.484459
-0.603035, 1.47161
-1.46059, 0.452319
0.404132, 1.64375
1.60096, -1.43272
0.655743, 1.56523
0.627258, 1.31458
1.37916, -1.34366
-1.46777, 1.48814
0.54514, -0.576775
-1.52437, 0.416948
1.53121, -0.417261
-1.53799, 1.5588
0.485813, 0.608755
-1.3234, 0.558106
1.33462, -0.404462
0.491237, -0.556558
1.57803, 1.58026
0.482692, -1.53554
0.530571, 1.50532
-1.40638, 0.658425
-0.546567, 1.46081
1.71547, -1.44254
-0.460706, 1.45254
1.31836, 0.804232
0.503651, -0.321262
-1.3252, 1.36268
0.577952, 1.62392
-1.50787, 1.60802
-0.47662, -1.56587
1.4427, 0.498654
-0.493975, -1.34365
0.474528, 1.62504
0.540145, 0.313557
0.417322, -1.4922
1.52167, 1.63187
0.497323, -0.716594
-1.67923, -1.54677
-0.218435, 0.633261
-0.587161, -1.58916
-0.475052, -1.48324
0.358145, 1.50299
-0.305752, -0.601935
1.57669, -1.54757
-0.544908, -1.48996
0.521935, 0.528137
0.506775, 1.47064
-0.588458, -0.577399
-0.512372, -0.467982
-1.48001, 1.61706
0.504233, 1.64767
1.45943, 1.4933
0.282874, 0.546685
1.62075, 1.59157
-1.52313, -0.404135
0.569995, -0.606793
-0.631597, -0.479038
-1.45913, 0.412075
-1.39276, 1.53159
-0.390654, -1.59648
-0.711025, -1.49483
-0.363048, 0.50412
0.467795, 0.534781
-1.57075, 1.50751
-0.446739, 1.5589
1.51062, -1.45695
0.421837, 0.349999
1.42617, 1.5907
0.583439, 1.4696
-0.424302, -0.471489
-1.5572, -1.43408
-0.573428, 0.414512
0.337928, -0.462048
-0.505157, -1.63048
1.3943, 1.46078
-0.403541, 0.672912
-1.50464, 0.399009
-1.49367, 1.35747
0.237096, 1.51623
0.51355, -1.63702
-0.373726, 0.571183
-0.645916, -0.531736
-1.49062, 0.522488
1.49416, 1.4654
-1.63848, -1.66601
-0.602377, 0.382767
0.373268, 1.69556
-0.594008, -0.476552
-0.516372, 1.23664
0.748314, -1.59085
-0.541617, -1.33357
-1.60049, 1.64564
1.39979, 0.549174
0.627894, -0.49738
-1.58878, -0.350758
-0.407234, 1.62639
-1.51392, 1.48131
1.42335, -1.65535
-0.403445, 0.359467
0.511062, 1.53636
-0.38313, 0.539665
1.72316, 1.57996
-1.49707, -0.533555
0.621463, 1.53074
0.324896, -0.572963
1.43161, 0.388036
-1.65196, -0.659591
0.33948, 1.48052
-0.470824, -0.428336
-0.364674, -1.38685
0.36927, 1.45834
0.560935, 1.49909
1.60877, 1.48327
-0.5635, 0.547692
-0.439145, -1.49768
-0.390182, -1.50802
-0.604262, 0.359765
-1.53997, 0.446227
-1.73699, 1.3304
1.73123, -1.5127
-1.46346, -0.673633
-0.38272, 0.532519
-0.400004, -0.496511
1.25712, 0.382671
-1.46323, 0.483473
-1.41758, -0.602342
1.5134, -0.343298
1.52735, 1.53156
0.482972, -0.358346
1.41474, 1.49937
0.571707, -0.4795
1.51333, 0.658482
-0.495343, -0.502873
1.40862, 0.42169
0.514821, 0.514518
1.47338, -0.501761
-0.571435, 0.510414
-1.49916, 0.431881
-0.469736, -1.43371
-0.504684, 1.50453
-0.695614, 1.26153
-0.608475, -0.493405
-0.52688, -0.42156
1.57522, -0.429289
-1.6118, 0.437936
-1.46546, 1.4926
0.471213, 1.47193
-0.544934, 1.51868
-0.492417, -0.482259
-0.525287, 1.45832
-0.366921, -0.578357
-0.414086, -0.55213
0.495102, 1.41422
1.53034, 0.609929
-1.51054, 1.46986
-0.500379, -1.54368
-0.43302, 1.48221
1.51549, -0.544227
-1.51285, 0.497219
0.650381, 0.568018
0.512874, 0.556992
-0.409193, 1.37987
0.648837, -1.33395
-0.416452, -0.550652
0.465864, -0.386016
-1.40771, -0.529444
1.58746, 0.591613
-1.43923, 1.62855
-1.51214, 1.32587
-0.517483, -0.598871
1.43908, -1.59657
-1.48384, -0.660513
1.45184, -0.350254
0.309043, 1.79013
-1.45522, -0.330563
-0.392491, -1.49331
0.454559, -0.611824
-0.372729, 0.4642
-1.44819, 1.40275
1.46033, -1.64487
0.640413, -1.49176
0.442574, 0.49093
1.59049, 1.34205
0.533212, -1.43412
0.639205, -0.372892
0.614038, 0.465104
0.622177, -0.594146
1.57354, 0.327414
-1.51003, -0.371601
-0.573318, 1.36892
-0.556245, -1.43826
1.64209, -1.65722
0.489631, 1.47476
1.51328, -0.513395
1.54225, -1.42344
0.492279, 1.47074
-0.527505, -1.33646
-0.585407, -1.48894
1.30291, 0.427647
1.54679, 1.47078
0.371453, 0.598146
0.507429, 1.43805
-0.296828, -1.48482
-0.467091, 1.37013
-1.48813, 1.43841
-1.40921, 1.4918
-1.5316, -1.38753
-0.549285, -1.68237
1.54768, 1.53511
1.48141, 1.39093
1.53137, -0.350245
-0.395068, 0.450841
0.575089, -0.401298
-1.459, 1.44718
1.54927, 0.402571
-0.61071, 1.45045
0.484788, 0.502374
0.535075, 1.35129
-1.59103, 1.53832
0.578789, 0.425448
1.41468, 1.40846
1.42682, 0.668375
-0.451752, 1.35852
0.593888, -0.492673
-0.383668, -1.56548
1.63823, 0.619853
1.6665, -1.55844
-1.5248, -1.39748
1.5605, 0.552302
1.64813, 1.51502
-1.39332, -0.477839
1.60086, 1.40728
-1.47699, 0.559161
-1.77238, -0.470034
0.617994, 1.65411
-1.53525, -1.34985
-1.44051, 0.468887
1.48887, -1.66096
1.4863, -1.47576
1.41263, -0.588857
1.65095, 0.529162
1.55566, -0.379538
0.52991, 0.52429
0.606048, -0.524283
0.751002, 0.435926
-0.6615, -0.569796
-0.431095, -1.39177
-1.53875, 0.405694
-0.634906, -0.527058
0.690857, -1.56543
-1.55106, 0.495933
0.558319, -0.449803
1.45413, 1.63794
-0.560494, -0.202317
0.490035, 1.45773
-1.37579, 1.52867
-0.549085, 0.553929
0.621709, 0.589372
-0.47289, 0.572558
1.46641, 1.63378
0.456027, 0.231514
0.481447, 1.6091
1.30414, -1.33311
1.55092, -1.47327
-1.47408, -1.44594
-1.47406, 1.49318
1.53292, -0.503588
0.565184, 1.57494
-0.430651, -1.44669
-1.51758, -0.498526
-0.580884, 1.49984
-0.575279, -1.4085
-0.283196, -0.495647
-0.52322, -0.675109
-1.59816, 1.41241
0.628513, 1.66129
1.52613, 1.61315
-0.683795, -0.513748
-1.48279, -0.455881
-1.4148, 1.56719
-1.47525, 0.526962
-1.55193, -0.326407
0.476406, -1.54465
1.53225, 0.732802
0.331756, -0.508496
0.499982, 1.55795
1.67797, -0.380247
1.53406, -1.30584
1.46897, 1.58693
0.558128, 0.532191
1.40197, -0.510747
1.3819, -1.39524
0.592539, -0.443732
0.511531, -1.42269
0.51664, 0.442138
1.3669, -1.38373
1.49476, -0.433957
-0.574908, 1.32947
1.54148, 1.55085
0.416697, -1.64102
-0.611794, 1.59696
-0.535658, -0.472151
-0.242918, 1.55469
-0.508119, 0.593005
-1.60625, 0.378096
0.664284, 0.578826
0.451068, 1.60315
1.45318, 1.58391
-0.565541, 1.59635
-1.52946, -0.516835
1.4758, 0.613671
1.40807, -0.405554
-1.42105, 1.54051
-1.50545, 1.30478
-1.5634, 0.489109
0.57475, 1.52744
-1.64644, -0.455134
0.555328, 0.337026
1.63284, -0.628393
1.57027, -0.478582
0.516604, 1.58676
1.43027, -0.42798
-1.48591, 1.54368
0.369613, 0.315413
1.72755, 1.58398
-1.72629, -1.52889
-0.421336, 0.38518
0.467395, 1.47749
0.559479, -1.57744
-0.563011, 0.443022
1.56292, 1.61996
-0.52436, -1.37055
0.607841, -1.38081
1.57563, -0.443201
1.57133, -0.394797
0.415304, 0.541112
-1.50096, -1.60219
-1.56582, -1.50315
1.46837, -0.428892
-0.707434, 0.462168
-1.41973, 1.5374
-0.559492, -1.40396
1.46307, -0.561816
0.492978, -1.41413
1.27066, -1.59333
0.497813, 1.5801
-0.520611, 0.596333
-0.580598, -0.550881
-1.6486, 1.46462
0.456077, -0.51961
1.37849, -1.43936
1.58685, -0.371301
1.48688, 1.38855
0.537768, -1.49655
1.56377, -1.45198
-0.541631, -1.71882
1.58053, -0.529875
1.51576, 1.44467
-1.39225, -1.37768
-1.41031, 1.50864
1.51538, 0.445723
-0.55967, 1.4323
0.51566, 0.550161
-1.54805, 0.491221
1.53518, -0.342714
-0.69105, 0.448121
-0.425485, 0.559611
1.49013, -1.48947
-0.539781, -1.49466
1.58505, 0.436999
-0.464894, 0.470459
-0.718344, 1.4174
-0.64413, 1.65438
0.50731, -0.614716
-1.45375, -0.409331
1.5467, 0.466634
-1.29588, -0.663614
0.507553, -0.523297
1.53571, -0.419433
-0.649444, -1.53486
-0.552637, -1.52486
1.65229, 1.51521
0.528449, 0.561787
-1.45801, -1.3462
-1.42914, 1.47294
1.51568, 0.542545
1.49122, 0.519329
-1.60751, -1.50569
0.49493, -1.45403
1.32922, -0.541157
-1.56369, 0.261326
0.492217, 1.60043
-0.334358, -0.618051
-0.601368, -1.53747
0.412943, -1.60667
0.265536, -0.516403
-0.531609, -0.586167
-1.40302, 0.415149
1.3832, 0.450618
-1.56787, 0.544348
1.47118, 0.591946
1.5638, 1.51788
1.3308, -1.60268
-1.35699, -1.32058
-0.49823, -0.667921
1.45962, -1.47722
0.614208, 0.510552
1.5352, 1.4117
1.43617, 0.432109
-0.462602, 0.554874
1.56224, 1.50308
-1.56045, -1.38479
1.57578, 1.55304
-0.422068, -1.3685
1.43091, 0.552729
0.451739, 0.337294
1.41646, 0.522105
-1.60337, -1.69846
0.368395, -1.60919
1.38534, 1.41756
0.542435, -0.49854
-0.481077, 0.451886
-0.607181, -0.46998
-0.620018, 1.6335
-0.588658, -1.5866
0.542519, -1.52308
-1.53282, -1.66076
0.53251, 0.659281
1.57218, -1.45886
-1.61207, -0.52441
1.54188, 1.33913
0.383533, -0.605939
-1.37452, -0.466299
-1.45416, -0.495757
1.56351, -0.66826
-1.26575, -1.60336
-0.509331, -0.406839
0.680077, 1.51903
1.51709, 1.49089
1.64209, -0.410126
-0.421094, 1.43109
-1.55568, 1.63193
1.40297, -0.60778
-0.666639, 1.57794
-0.348722, 1.46557
0.463174, 1.62703
1.35412, 0.575888
-0.534626, 0.592704
0.473984, -0.366672
1.46665, -0.555283
0.383617, -1.54881
-0.470132, -0.680359
-1.65998, -0.535678
1.60808, -1.51638
-1.47947, -1.51564
-0.429792, 1.4588
-0.589622, -0.486851
-1.64258, -0.670803
-1.25779, 0.552134
1.469, -0.726504
0.594779, 1.52991
-0.521473, 0.419571
1.48571, -1.36223
-1.27931, 1.51339
-1.60415, 0.48778
-0.244413, 1.52817
-1.47199, -0.412968
-1.54189, 0.510073
1.47102, 0.430921
1.48902, -0.457959
0.483698, -0.475466
-0.567348, -0.461464
-1.39439, 1.51968
-1.66276, 0.516364
-0.436142, 1.36414
0.555705, 1.50318
-1.46746, -1.67145
-0.694519, 1.41952
0.432472, 1.45346
-0.440923, 1.50046
0.631581, 1.55168
0.604762, -1.61207
-1.34084, -0.347236
1.5527, 0.389532
1.48339, 1.42406
1.42192, 1.43666
-0.504385, 1.49097
-1.49852, 0.564001
0.603773, 1.44049
-0.447827, 1.36459
-0.458834, -1.54239
-0.514958, -0.48167
0.578762, 1.45835
0.528303, -0.427346
-1.46643, -1.35892
-0.681622, 1.54218
1.59965, 0.54302
-0.45715, -0.44713
-1.51696, -1.47913
1.41429, 1.53188
0.44146, 1.54447
-0.653786, 1.43439
0.599398, 0.360173
0.412608, -1.56167
0.504373, -0.501031
-0.332176, 1.51276
1.3622, 0.46703
-0.661607, -0.488907
0.555335, 0.531431
1.40828, -0.506659
1.49487, -0.411935
-1.38965, -0.343472
1.5395, -1.57559
0.42924, -0.513243
1.48538, 1.4455
1.49628, 1.574
-1.45474, -1.4426
-0.352027, 1.54207
-0.3839, -0.388526
1.6784, 1.57295
1.44255, -1.61256
1.37636, 0.451158
0.464543, 1.50446
1.4956, -0.623087
0.721899, 1.56061
-0.622989, -1.39321
1.62791, -0.518625
-0.46771, -1.36456
0.375102, -1.62273
-1.49048, 1.57287
-0.460192, -1.67795
0.561448, 1.4118
-1.43868, 0.530373
0.384259, 0.494485
1.3278, -0.641706
0.477148, -0.464681
-0.391937, 0.449717
-1.30701, 1.43362
-1.62169, 0.574189
1.36161, 0.622224
0.430773, -1.46282
-1.54814, -0.565837
0.513097, -1.53254
-0.588704, -1.61976
-0.645408, 1.50112
-1.62586, 0.711354
1.53326, -1.56972
-0.433885, 1.41264
0.364837, 0.44828
-1.48703, 1.48073
-1.56662, 0.571012
1.4945, 1.60119
1.30369, 1.58845
0.465196, 0.374434
1.55283, -1.40821
-0.352674, 1.57412
0.445867, 1.43943
0.647804, 0.569233
-1.51598, 1.42915
0.453576, 1.61816
-0.687252, -0.482788
-1.42684, -0.394736
-0.573442, 1.60595
-0.476897, 0.496033
1.63794, 0.484417
-0.544189, 0.477813
-1.54592, 1.48293
1.61074, -0.450911
-1.47669, 1.4707
0.527135, 1.47925
0.514545, 0.430361
-1.41302, 0.403098
0.52013, 0.620917
-0.320906, -1.39961
0.47228, 0.396449
-1.28944, -0.600129
1.50231, -0.325179
1.46787, 0.495517
-0.594012, -0.479781
0.459486, -1.55261
0.595113, 1.33682
0.495751, 1.63148
0.408501, 0.656978
-1.47935, 1.52668
1.38338, -0.71967
-1.48585, 0.445109
1.57776, 1.48721
0.472271, 0.340467
0.582044, -0.613076
-1.30306, -1.43321
1.52498, 1.36817
-1.528, -0.757652
0.601508, 1.649
1.56015, 1.59956
0.37224, -0.600272
-0.604377, -1.52192
-1.5781, 1.57572
-1.35513, -1.43975
-0.647224, 0.495565
-1.35802, 1.45128
-1.56669, 1.49335
1.53837, 0.467922
-0.500433, 1.65615
1.51687, 0.686236
1.43282, 1.42452
0.568114, 1.44543
-0.458366, -1.27001
-1.3968, 1.43049
-0.342609, 1.51321
1.51191, 1.3878
-0.505411, 1.4949
0.601968, 1.57073
1.47155, 1.4799
-0.458479, -1.69724
1.70228, -1.68486
-0.628455, 0.425365
1.5106, -1.50011
0.558574, -0.543621
0.481298, -1.5397
-0.396632, -1.62679
-1.59863, 1.65375
0.394531, -1.46463
-0.330792, 0.603268
-1.59588, 0.537193
1.42617, -1.32577
-0.624067, 0.552504
0.515203, 0.579128
-1.45489, -0.4979
1.44326, 1.26194
1.48484, -0.580983
-1.55629, 0.455978
1.6124, 1.69623
0.580233, 1.59589
0.554295, -0.57417
0.564133, -1.47852
0.489272, 0.505277
1.5125, -0.584569
0.522153, 0.403031
1.59366, 0.636969
0.473813, -0.614209
-1.40394, -1.29689
-1.43986, 1.52229
1.44497, -0.458855
-1.55011, -1.60396
1.37194, -1.67035
-1.59599, -1.56979
1.40299, 1.43651
0.532961, -1.56685
-0.686823, -0.491767
0.389359, 0.627418
0.478994, -1.53664
-1.55068, -0.682158
1.62347, 1.4682
0.663267, 0.443939
1.56392, 1.41763
1.54473, -0.573714
-1.59877, -1.34621
1.66792, -1.71129
1.5194, -1.43053
0.59551, 1.45288
1.41514, 1.24291
0.393766, -0.709664
-0.405206, 0.61813
0.662129, -0.445552
-1.49001, 0.625854
0.399206, 1.51254
-0.534468, -1.42431
-1.73877, -1.53312
1.41893, -0.456525
0.351798, 1.24054
-0.690806, 1.54499
0.629997, 1.48076
0.426074, 0.431127
-0.317437, -1.59971
0.399079, 1.52362
-0.398399, 1.24539
-0.45271, 1.43581
-1.54009, 1.4047
-1.50338, -0.52331
-1.3378, 0.500966
0.653567, -0.447796
-0.542417, 0.617156
1.3968, 1.5753
0.648098, -1.64655
-1.6906, -1.54329
1.43401, -1.43892
-1.20529, 0.393826
1.47084, -0.405987
-0.567535, -1.38457
-0.482817, 1.42763
-0.486092, -1.30945
-1.54445, -1.47183
-0.612737, 1.3933
-1.61326, -1.42589
-0.527369, 1.38668
-0.470318, -0.491159
0.506394, -1.54293
-1.53451, -1.54615
-0.461531, -1.56315
1.4757, 0.520805
1.76134, -1.52578
1.55592, 1.64855
-0.49981, -0.756312
0.724044, 0.408363
-0.444107, -0.72268
0.538855, 1.49971
1.55629, -0.605055
0.545213, 0.604984
0.384251, 1.48894
-1.55048, -1.38626
-0.550002, -1.62324
1.35208, -0.422413
1.70902, 0.420505
0.517767, -1.5108
-0.636287, 1.47643
0.793125, 1.40979
-0.474512, 0.442733
0.560365, -0.327483
-1.53033, 0.621579
-0.549892, 1.49014
-1.57457, -0.471181
0.722895, 1.67321
-0.609381, -1.5281
-1.46482, -0.496835
1.42908, 1.45901
-1.45532, -0.60614
-1.53346, -0.256741
1.34357, -1.62234
-1.31783, -0.535582
-0.320369, -0.347666
-0.46132, -1.47711
0.53318, -1.38801
1.5423, 0.394532
-1.77178, 0.559531
1.49174, 1.4708
0.370098, 1.52332
-1.40922, 0.527049
-0.345041, 0.727512
-0.556827, -1.35059
-0.563763, 0.417331
-1.54687, -1.48498
-0.328244, -1.3994
0.589635, 0.465363
1.56951, -0.523968
-1.60455, 1.46774
-1.70212, -0.414133
1.532, -0.510346
1.38325, -1.6618
1.5951, -0.496307
0.502738, 0.377301
-1.39332, 1.54116
-0.501229, -0.618247
-1.45056, 0.5302
-1.47687, 0.404562
-1.52242, -1.46559
1.48891, 1.57677
1.59012, -1.3278
0.440909, -0.435244
1.57962, -0.55795
0.545814, -0.497117
-0.596425, 1.44833
-1.502, -1.38337
1.427, -1.35621
-0.493552, 1.51656
-0.433885, -0.435617
-0.50879, 0.521537
0.428764, -0.423951
1.6648, -1.26946
1.4215, -1.42427
0.645998, -0.522378
-0.601053, 0.501064
1.58362, 0.541573
-0.531632, -1.54039
-1.36807, 1.4197
-1.4245, 0.49954
-0.494334, 1.41795
-1.52847, 1.5058
1.43664, -0.602393
0.499589, 1.64429
-0.296374, -1.65113
-1.54537, -1.66477
-0.428601, 0.582145
-0.49038, -0.690012
-0.683332, -1.3981
-1.30463, 1.41652
1.432, -1.46792
-0.699403, 0.401991
-0.624807, -1.54308
1.51118, -0.602187
0.552946, -0.366913
-1.4814, -0.381368
-1.47199, -0.464024
1.59301, -0.576859
-1.512, -0.431973
-0.550173, 1.55839
-1.42118, 1.52906
-0.474252, -1.52258
1.56129, -1.55387
0.716339, 1.51915
-1.40779, 1.46548
0.452312, 1.43838
-1.50198, 1.43715
0.570251, 0.473757
1.53349, 0.369806
-1.66591, -1.47584
0.529843, 0.518422
-1.40248, -0.48049
1.46783, 1.47911
-0.7453, 1.46771
1.59408, -0.346161
-0.47126, -1.4959
1.36804, -1.38962
0.574592, -0.412737
0.454384, 0.411086
-0.483314, -0.575533
-1.54761, -1.59142
1.53678, -1.60207
-1.51793, 1.6377
0.586157, 0.31593
0.493546, -0.227972
-1.44789, -1.3548
0.359633, -1.50877
1.57171, 1.56678
-0.485899, -1.40299
1.37959, -0.561026
-1.63552, -0.539221
-1.64204, -1.28106
-0.502302, 0.506815
-1.50536, -0.529579
-0.38918, 0.504163
0.443949, 1.47662
0.615312, -1.53886
1.60421, 1.69112
1.54619, -1.69222
0.493302, -0.676454
0.34979, -0.419315
-1.39003, -0.401678
0.522993, -0.613389
-0.688256, 1.46069
1.5856, -0.426221
-1.54413, -1.58348
0.532249, -1.49663
1.49601, -1.42383
-0.377307, -0.568811
0.466126, -0.571521
-0.549028, -0.705283
1.49446, 0.543183
1.34286, 1.66484
0.633363, 1.5276
1.52978, 1.41164
0.375132, -1.3699
0.448524, -0.555922
0.505551, -0.687766
1.41518, 0.61873
0.619969, -0.544829
1.51491, -0.527728
1.48801, 0.563333
-0.500173, -1.74552
-1.5592, 1.46987
-1.61159, 0.471682
1.28769, -1.49664
-0.425474, 0.513953
0.393129, 1.45049
1.41638, -1.43197
-1.49404, 0.473478
-1.54365, 0.585031
-1.67432, 0.428594
0.526928, 0.46264
-0.53911, 1.59892
1.46395, 0.390013
-0.604715, -1.48103
-1.57482, -1.48623
0.310112, 0.524437
-0.556167, -0.286262
1.41476, -0.408396
1.47855, 1.46605
-1.45804, -1.52096
0.449023, 1.47174
-1.38598, -1.61886
0.499236, -1.48017
-1.54695, 1.50001
-0.437699, -0.379965
-1.50905, -0.459101
1.5533, 1.5039
-1.27326, -0.607724
0.34617, -0.513577
1.45978, 0.65456
1.28462, 1.39721
1.48644, 0.430086
0.536596, 0.545609
-1.72334, -0.440355
-0.47919, -1.42449
1.65669, -1.47893
0.798676, 0.57052
1.65801, -0.535029
-1.52329, 0.515812
0.565376, -1.59919
0.483229, -1.49594
-0.371961, 1.53153
1.39402, -1.51411
-0.347999, 0.443477
0.640866, 1.71731
1.40729, -1.5314
0.464558, 1.45969
0.441801, 1.66201
1.56157, -0.569574
1.45278, -0.559533
0.398676, -0.424166
0.699721, -1.43952
1.64152, -0.491397
1.48576, 0.439707
1.52761, 0.571737
-0.484294, 0.37681
0.52244, 1.54371
-0.366215, -0.492514
1.82671, 1.45876
0.501138, -1.37173
-1.41178, -1.53646
-1.44762, -1.54131
-1.39456, -0.402841
-0.587831, 0.364002
1.49765, -1.46559
1.42131, -0.343082
-0.615715, 1.52122
-0.343735, 1.44995
-0.674399, -0.544928
-1.5854, 0.541002
-1.51764, -1.60307
-0.421158, -1.43383
-0.365165, -1.44313
-0.58858, 1.48852
1.52898, -0.406296
-0.426698, 1.47807
0.388597, -0.389265
1.48147, -0.456702
1.50327, 0.561436
-0.216607, -1.47138
1.42876, 0.434942
-0.451054, 0.521699
0.355642, -0.631011
-0.346773, -1.49728
-0.551701, 0.515418
1.55242, -1.44424
1.54219, -0.571633
-0.60232, -1.33546
1.37456, 0.404848
-1.39862, -0.478579
0.631037, -0.363893
0.614106, 0.251809
-0.492692, 0.509575
0.533956, -0.416006
-1.47869, -0.446941
-0.619553, 1.51401
0.319103, -0.295621
-0.359894, -0.341385
-1.45031, -0.504553
1.56845, 0.502033
-0.645589, 0.616516
-1.31293, -0.490902
0.398611, -0.460277
0.476749, 0.717868
-0.614235, -0.425397
-1.39042, 0.502291
0.478089, 1.63358
-0.511317, 0.723658
-0.381797, -1.36208
-0.639746, -1.6736
-0.500342, 1.51223
0.585988, -0.548938
1.54029, -0.390139
-0.549449, 0.63648
-1.60275, 1.6928
1.40414, 1.63497
-1.35579, -0.597002
0.424848, 0.286148
-1.34547, 1.50119
-0.492479, -0.32709
-0.544352, 0.463861
-1.63598, -0.433949
-0.574148, 1.53707
1.49606, -0.576844
1.40509, -1.40305
-0.505282, -1.65441
0.414455, 0.700109
1.5375, 0.359799
-1.61303, -1.41764
-1.30234, 0.475815
1.40404, 1.48282
-1.45361, -1.60876
0.576036, 1.51247
-1.41415, 0.449727
-1.30159, 1.59704
-1.35121, 0.715414
-0.481273, -0.469325
1.53077, 0.543855
-1.46957, -1.56888
1.53435, -0.425397
-0.579308, -0.456238
-0.422784, 1.57526
1.3545, 0.593535
1.56883, 0.486251
1.45905, 1.39714
-0.462927, -0.447864
-1.44007, 0.414939
1.3574, 0.500493
0.466707, 1.64492
1.47785, -1.55138
0.537028, -0.459212
1.57395, 0.305269
0.486736, 1.42768
-0.503335, 0.493294
-0.537733, -0.572401
1.50705, 1.47452
1.50237, 0.610795
-1.41673, 0.543695
0.644627, 0.707426
-1.38373, 1.43126
1.57789, -0.526194
0.641694, -1.64605
-1.27818, -0.438332
-1.69231, -1.45036
-1.36125, 1.59594
0.634696, -0.578596
1.35173, -1.51322
1.52593, -0.492062
0.504192, 0.471792
0.623513, -1.52174
0.501497, 1.40242
1.63112, -0.434502
-0.465155, -0.593673
1.65771, 0.257327
-0.458112, 0.525879
-1.62876, 1.50845
-0.546715, -0.331323
1.37223, -0.654552
0.436171, 1.56847
1.51925, -1.53424
0.440535, 0.565277
-1.63627, 1.53024
-1.59361, -1.58588
-1.57156, -0.633904
0.41456, -1.51394
0.618795, -1.55793
-0.377773, -1.60514
-0.353042, -0.583141
1.54512, -1.56853
-1.49902, 1.30333
-0.399294, 1.5176
-1.64405, 0.564883
0.465346, 0.607161
-0.528375, 1.51123
0.575638, -0.643673
-0.450698, 1.34392
0.442065, -1.45446
1.48261, -0.48807
0.525595, -1.67564
-0.354531, -1.49876
1.37896, -0.482853
-0.774017, -0.447997
1.5015, -0.433422
-0.442358, 1.29682
-1.69878, -1.54019
-1.41386, 0.428223
1.52658, -0.537123
0.541557, -1.35323
0.62405, 1.41125
1.52806, 0.433263
-0.516954, 1.41666
-1.5637, 1.38682
-1.63292, -1.43434
0.531675, 1.57245
0.377799, 1.41795
-0.609413, -0.594608
0.572414, -0.336854
-1.5841, 0.485321
-1.50546, -1.51602
-0.382669, 0.460803
-0.536492, 1.44315
0.424906, -0.433178
-1.37974, 0.623806
1.59359, -1.49308
-0.45658, 0.450371
-1.44408, -1.36863
-0.364586, -0.523483
0.518198, -1.50284
0.634093, 0.493069
-1.31593, 0.512197
0.410478, 0.548915
0.538849, -1.58781
0.412492, 1.49759
-1.51132, -0.431452
1.42275, -1.465
-0.415183, 1.59024
-0.428285, 0.555177
1.34029, -0.402441
1.36215, 0.530789
-0.401136, 1.47891
-1.42529, 1.52919
0.488962, -1.36652
-0.475834, -0.434442
0.54253, 0.51965
-0.469944, -1.31054
0.536182, 1.59129
0.402114, -0.560233
0.495609, 0.537325
1.46764, -0.514342
0.390347, -0.643547
-1.59375, -1.49484
-0.46489, 0.414335
-0.473189, 0.476733
-0.519524, 1.35883
0.522587, -0.564148
-0.506675, 1.50567
-1.69894, -0.466473
0.615796, 0.336032
-0.531448, 0.234082
-0.393933, -0.318465
0.569027, 0.541888
-0.509194, 0.386121
0.470354, 1.54596
0.450531, 1.2902
0.555373, -0.346205
1.34666, -0.493149
0.444495, 1.41083
-0.297454, 1.52338
-0.62438, -0.437675
-0.582457, 0.509607
0.436148, 1.46442
-0.483883, -0.484517
-1.52133, 0.490426
1.62014, -0.445797
-0.500968, 1.46329
1.36743, -0.593175
-1.43848, 1.40977
-0.407216, 0.659597
-0.418595, 0.400336
-0.530428, -1.38854
0.398842, 1.57878
1.57168, 0.561916
-1.50855, -0.620373
-1.43071, 1.5894
1.43823, 0.533649
-0.574427, -0.640095
-1.46105, 1.53586
-0.579972, -0.775255
-1.62796, 1.28836
-0.570791, -0.503526
-1.38435, 0.628555
0.453483, -1.38913
-0.605475, 1.55803
0.550973, -0.593621
-1.46582, 0.439348
0.637721, -0.549231
0.522778, 1.51196
-1.51046, -0.517056
0.370601, -0.641666
0.442279, 1.36898
-1.41735, -1.59794
0.636879, -1.36066
-1.43597, -0.56055
-1.5564, 0.51238
-1.52472, -1.5253
0.420121, -0.611997
-1.57445, -1.46653
-0.695882, 0.566341
0.349296, -0.531414
0.659642, -0.595906
-1.6663, 1.60811
-0.46816, -1.50012
-0.539896, -0.31449
1.78012, -1.50016
1.45179, -1.51178
1.39964, 1.68153
0.398874, -1.52319
-0.58874, -0.643894
-0.476192, 0.616495
0.471111, -0.521665
0.580903, 1.65926
-1.43642, 1.45585
-1.61718, -0.261699
-0.523683, -0.6907
0.651132, -0.55139
0.4075, -1.5133
0.499141, 0.356231
1.3954, -1.5387
0.598425, -1.54277
-0.422651, -0.586484
-1.67176, 1.43139
1.6367, -1.31284
-0.588604, 1.52864
-0.585648, -1.41752
0.480166, -1.51834
-1.58411, 1.24182
0.674332, 0.435432
1.45744, 1.52767
0.512568, -1.38058
0.665404, -1.42843
0.551791, -0.29483
-1.63442, 1.69468
0.514189, -0.464536
0.565226, 0.561774
-1.57278, -1.47399
1.59216, 0.324803
-1.65786, 0.669514
0.533676, -1.56013
-0.557571, -1.57446
-1.6002, 0.458282
1.53248, -1.57264
-0.368095, 1.41379
0.512243, 0.478499
1.50952, 1.5974
-1.50982, -0.451677
1.31716, 0.245959
-1.55687, -1.57448
-1.43468, -0.578962
-0.485123, -0.511173
-0.623768, 1.65078
-1.56151, -0.249923
0.530423, -1.46138
-0.328998, 0.580353
0.36498, -1.48519
0.379465, 1.46812
-1.6131, -0.470621
1.36103, 0.432654
-0.441485, 1.42257
-1.41004, 1.42274
1.61555, 0.500618
0.369921, 0.447202
1.42934, 1.42968
-1.50774, 0.437289
1.42505, -1.76381
-0.364899, -0.558849
1.4825, 1.44903
1.58812, -1.41827
-1.44482, 1.55819
-0.486876, 0.618057
-0.570677, -0.411855
0.602024, 0.48437
0.458693, 1.57126
-1.67438, -0.52764
-1.50057, -0.545702
1.61646, -0.568253
-1.46618, 0.388929
1.62451, -0.540861
-1.38086, 0.468698
-0.583825, -1.49554
-1.48904, -1.51708
-0.402208, 1.36145
-1.4814, -1.5347
1.35619, -0.586129
-0.478299, 0.406032
-0.618366, -0.605316
1.54506, 1.51495
-0.341945, -0.486965
-1.46063, -1.56811
-0.357673, -1.34432
0.423464, -1.52244
-0.530445, 0.513671
0.463584, -0.509144
-1.47424, -1.49212
0.545827, -0.343394
0.364309, 1.60571
0.56719, -0.473132
1.42843, -1.40989
0.727795, 0.626099
-0.48902, 0.50658
0.362866, 1.36897
1.64436, -1.66457
1.48831, -1.38452
-1.66941, 0.418546
1.52665, 1.5795
1.48722, 0.561035
1.45403, -1.32664
1.56786, -1.54581
-1.36503, -0.500425
0.59061, -1.29653
-1.43277, 1.3634
1.55693, -1.40491
-0.64588, 1.50535
-1.50952, -0.704491
0.63208, -0.260952
0.430347, 1.59463
0.313925, -0.598353
-0.348576, 1.42155
0.588285, 1.57903
-1.43686, -1.42942
1.40756, 0.510963
1.32396, 0.515771
0.467841, 0.422532
1.46825, 1.51126
-1.58926, 0.466763
1.41055, -0.412733
0.482548, -0.334635
1.56059, -1.50654
0.507126, -1.28528
-0.40512, 0.386934
1.45291, -0.429984
0.410754, 1.41446
-1.72666, 1.56905
1.65269, -1.55411
0.538695, -1.48206
0.358852, 1.65271
-1.25504, 1.6073
-1.35269, 0.392353
-1.53861, -0.605643
-1.61779, 1.46516
0.601689, 1.6148
1.42054, -1.39611
-1.55032, -0.512606
0.493218, -0.470136
-1.54223, 0.674826
1.57222, 1.50932
-1.60628, -1.40482
1.43324, 1.66125
1.53403, 0.449974
0.402076, -1.41766
1.53605, 0.648245
-1.60945, -1.64515
-1.43304, -1.2976
1.67906, 1.38089
1.44405, 0.431562
0.453503, 1.55398
1.46788, -1.43745
-1.3723, 1.38777
0.519185, 0.517559
0.446913, 1.40295
-0.561013, -1.63646
0.600596, -1.38641
1.40207, -0.605577
0.565504, -1.57585
-1.55721, 1.59937
-0.58612, -0.346966
-0.354297, -1.40456
-1.54051, 1.66226
1.43595, 0.444368
-1.60541, 0.400601
-0.523885, -0.503486
0.516226, 0.484345
-0.589947, -1.56321
1.51159, 1.36499
-1.53225, -1.5137
0.451644, -1.49466
0.56212, -1.60646
1.37, -1.63792
0.416392, -0.480845
0.49895, -0.549455
0.322516, 1.49714
1.55776, -1.70648
-1.46915, -0.340205
1.51534, 0.481015
-1.36147, -0.462659
-1.55857, 0.523273
-0.486483, 0.453921
1.55355, -0.550215
-0.604226, -1.44175
-0.506315, 1.50175
0.400536, 0.656067
0.462774, -1.41964
-0.660959, 0.458266
0.446327, 1.51811
-1.40115, -0.508426
-0.62502, 1.45732
-0.421686, 0.320955
-0.546429, -0.427744
1.59237, 1.50735
0.453738, -0.425254
0.487134, -1.4767
0.429923, -1.56821
-0.415946, -0.472504
0.494782, 0.495014
-1.4601, -1.53305
0.571079, -1.29199
-1.50006, 0.445004
0.565218, -0.379162
-0.3374, 1.37818
-1.48234, -1.44747
-1.3842, -1.60196
1.67423, 1.55631
-0.377366, 0.400734
-1.53386, 0.465584
-1.45111, 1.29558
1.38481, -0.337523
-1.48144, 1.40623
0.353328, -0.373689
0.658052, -1.62963
1.47433, -0.491193
1.42459, -0.622035
0.489476, 0.55853
0.632333, 1.45545
-1.39914, 1.65055
1.61207, 0.541954
0.494102, -1.50827
1.43458, 0.563969
0.405331, -0.659328
-1.44068, 1.39487
-0.533463, -1.5521
-1.46813, 1.48361
-1.55513, 1.60276
-1.47916, -1.52011
0.557463, -1.49463
-1.50833, -1.56715
1.52293, -0.556672
1.65083, 0.580228
0.40757, -0.634006
1.4803, -1.6727
1.5151, -1.44231
1.33294, 0.546688
1.53348, -0.555107
1.51185, -0.552854
-1.47716, 1.71167
1.50736, 1.45258
0.525092, -0.53151
0.765032, -0.436942
0.500533, -0.541412
0.552433, 0.407554
1.66687, -0.458827
-1.42583, -0.423043
1.45563, 0.572931
-0.479176, -1.56888
0.511593, 1.3697
0.294629, -0.556021
-0.667447, -1.50556
1.52606, 1.34678
-1.51082, -1.39062
-0.497549, 0.566263
1.44443, -0.397571
0.568787, -0.590901
1.5194, 0.437977
-1.5553, -1.55519
-0.445214, -1.58914
-1.48619, -0.442522
1.5088, -0.495619
0.528733, -1.56827
-0.529518, -1.38594
-1.43151, -1.4602
-1.37961, 0.561165
-0.526606, -1.55675
-0.589294, -1.45309
0.609046, -0.64648
0.368061, 0.425439
-0.511647, -0.500087
-0.53766, 1.4282
-1.37833, -1.56649
1.57471, -1.55717
1.36805, 0.367637
1.5581, 0.387009
-0.430885, -0.454563
0.606911, 1.52446
1.54101, 0.571149
0.655105, -0.544964
-1.21712, 1.5446
0.386896, -0.486241
-1.49947, 0.667979
-0.512484, -0.498337
-0.401556, -0.529038
-1.62087, -1.69939
1.31771, 0.576685
0.349738, -1.52296
0.56589, -0.283329
-1.5335, 1.36004
1.54351, 1.39845
-1.71999, -1.43081
-0.618931, -0.521729
-1.51189, -1.66718
-1.39763, 1.36866
0.553565, 1.52944
1.47054, -1.65313
1.43719, -0.567669
1.57115, 0.313878
0.417324, 1.49457
-0.611465, -0.487145
-1.32624, -1.43943
1.54151, 1.45236
-0.670992, 1.56102
-0.522705, -1.6099
1.49991, 0.468662
-1.46322, -0.591753
0.465727, -1.41378
-1.45785, -1.39196
-0.467862, 1.50647
1.46345, -1.60261
0.592304, -1.44507
-0.389768, 0.508746
-0.580147, -1.47484
-0.446592, -1.48007
-0.466835, 0.565524
-0.456717, -1.36979
0.59061, 0.422167
-0.431364, -1.68504
-1.63268, -1.53147
1.44459, -0.668424
1.46423, -1.49919
1.4688, -1.20589
-0.510414, 0.504375
0.405633, 1.31441
0.596343, 1.44482
0.541835, 1.47682
0.213868, -0.466189
1.42655, -0.445005
0.518968, 0.346244
1.4913, -1.51092
-0.371165, -0.369092
-1.57621, 1.52727
1.4448, 0.414579
1.34504, 0.468474
0.56483, -1.45742
-0.559025, -1.3862
1.38658, -1.38443
1.56513, 1.63717
-1.45436, 0.583306
-0.556385, -1.63453
-0.414689, -1.41613
0.598614, 1.5265
0.350758, -1.43417
1.49449, -1.55631
0.666682, 0.535336
1.39651, 0.314098
0.407591, -0.684483
1.41715, -0.391699
0.52931, -0.439664
0.534564, 0.432554
1.39749, 1.63411
-0.378558, 1.55028
0.482699, 1.60954
0.481849, 1.45239
1.57447, 0.565225
1.30839, -0.309704
-0.351032, 0.615044
-0.430473, -0.522835
1.43868, -0.48145
-1.47903, -0.465989
-1.76316, -1.42249
-1.45009, 1.44966
-0.559717, -1.37036
-1.41063, 0.519984
-1.39649, -0.421021
-0.661993, -1.62197
-1.43336, -0.519831
0.668515, -0.553647
1.53168, -1.49054
-0.563948, -1.36348
-1.44522, -1.48198
-0.537105, -0.503444
-0.488898, 0.571731
-0.544598, -1.65911
1.53412, 1.52338
0.322251, 1.63544
0.545256, 1.56081
-0.448858, 0.380037
0.390391, -1.64545
-1.41302, 0.319647
0.571657, 0.421907
-1.37918, 1.5327
-1.73403, 0.494901
1.49597, -0.466833
-1.35163, -1.53367
-1.63248, 1.46198
-1.51319, -0.534679
1.32352, 0.557421
0.377954, 1.46581
0.446106, 0.52993
0.6625, -1.49823
-0.385386, -1.40297
0.423059, 0.492197
1.45138, 1.29542
-0.541568, 1.42478
1.48604, 1.32232
-1.55563, 0.333531
1.34181, 0.573272
0.510265, 1.49142
0.712534, -1.524
-1.50664, 0.451952
0.563982, -1.43769
1.65461, -0.729644
-1.34424, 0.337747
1.73831, 1.45692
-1.50566, -0.346354
1.50624, 1.45624
-1.44258, 1.55154
-1.55313, -0.559794
-0.530358, 0.384448
-1.57136, -1.36485
-0.55696, -0.364595
-1.4733, -1.43981
1.62068, -1.58512
1.55449, 1.46666
-1.52409, 0.576023
1.51889, -0.410716
1.58189, -0.391423
-0.451625, 0.37812
0.383213, -0.579
-1.46366, -0.458705
-0.476053, 1.42393
0.586367, 1.41088
-0.731573, 0.532214
0.548411, -1.37198
-0.432541, -1.55842
0.577841, -1.41629
1.34115, 0.594136
-1.5842, -0.327779
-1.34569, -1.38104
-1.56555, 0.352896
0.630808, 1.54599
-0.502444, 0.538872
0.618364, -1.42852
-0.579737, -1.55503
-1.59028, -1.48668
0.316922, 1.47151
1.52479, 1.2733
-0.658869, 1.46518
0.583569, 0.447362
-0.560617, 1.50144
1.31321, 0.654676
-0.412881, 0.394762
-0.375085, 0.515529
-1.62506, 1.3702
0.596307, -0.617033
-1.45667, 0.524126
1.45027, 1.41397
0.47047, -1.3561
0.529278, -0.449073
1.64697, 0.571999
-0.525282, -0.292939
0.650475, -1.5278
-0.42557, 0.604905
-1.62421, 1.5589
-1.46419, 0.498072
-0.442175, -1.49422
-0.57693, 0.488366
1.40817, -1.4587
-1.6025, 1.43943
1.45415, -1.55359
0.461303, 0.603516
0.527164, 1.39276
1.52094, -1.5562
1.34764, -1.40881
-1.47271, 1.4486
1.43774, -0.566658
1.49217, 1.55057
0.454389, 0.622654
0.547349, -1.52182
-1.51367, -0.407546
-0.438359, 1.56542
-1.41107, 0.407149
-1.6019, -1.44648
-0.440665, 0.493279
1.51245, -0.566524
1.39387, 1.48967
-0.536595, 0.497541
0.739845, -1.48945
-1.46921, 0.55471
-1.60212, 0.60254
0.555117, -0.631423
0.384968, -1.52526
0.450195, -1.45468
-1.43931, 1.52159
-1.55288, 1.6879
-0.579491, 1.39258
1.3662, 0.457667
0.325535, -0.522775
-0.384323, 1.68828
0.312482, 0.397125
-1.66705, -1.61612
0.758461, -1.54258
1.53655, -0.649283
0.615136, 0.406293
-1.52198, 1.43887
0.592774, 0.368945
0.454355, 1.38939
-0.552207, -0.437234
0.457794, 0.466959
-0.376548, -1.47397
-0.629006, -1.51649
1.48616, -1.40788
-0.544446, 1.5043
1.44368, -0.566158
1.4489, -0.690671
0.363258, 1.61975
0.483448, 0.481559
0.425098, -0.603934
0.827468, -1.34053
1.44714, -1.50895
1.30383, 1.58013
1.46669, 0.477958
-0.538129, 0.452777
1.53034, -0.647823
-0.413772, 1.54783
-1.39973, 0.599512
-0.46757, 1.54325
-1.54957, -1.36598
-0.465969, -1.61342
0.533265, -0.384081
-0.495131, -0.48969
-0.519042, 0.448679
0.587921, -0.538252
-0.584612, -1.53942
-0.372338, -0.373335
-0.475467, -0.544566
-0.339756, 0.450041
-1.44723, -0.474277
-0.476535, -0.43845
-0.616372, -0.453072
1.62166, 0.466084
0.588062, 0.63619
-0.444085, -0.529836
-1.4871, 0.481689
0.352809, -1.4107
0.34627, -1.64528
-1.52061, 0.311649
-0.674802, 1.54774
0.607659, 1.67336
0.397202, 1.31169
0.540216, 0.586002
0.306431, -1.44664
-1.56405, -1.4929
0.38894, 0.4699
0.416125, 1.56497
-0.403225, -0.67206
0.659087, -0.541539
1.38289, -1.43589
1.45413, -0.519207
0.524698, 1.31453
1.54632, -0.499749
1.5993, 1.49844
-1.53429, -1.61412
1.50083, -1.64152
1.51619, 0.30469
-1.62335, 0.52026
-0.677363, 0.427945
0.410462, -0.7235
1.33993, 0.453829
0.400874, -0.523025
-1.47935, 0.497708
1.57801, 0.47589
0.486791, -1.48662
1.51961, -1.58993
-0.453587, -0.712085
0.490518, 0.551337
1.44048, 1.49744
-0.566709, 0.509915
0.599927, 1.36973
-0.510025, 1.42387
1.7824, 0.546075
-0.564909, 1.65358
0.336005, 0.480161
-0.594172, -1.52904
1.44268, -1.56318
-0.446386, -0.512487
0.581727, -0.54382
-1.53185, -1.38704
0.614297, -0.698284
0.389986, -0.522828
0.530011, -0.460674
1.43238, 1.74211
-1.46373, 0.57399
0.40401, -1.44604
1.48396, -0.289016
0.59069, 1.45197
0.607153, -0.646051
-1.40628, 1.35753
-1.59513, 1.4641
1.56789, 0.521144
-1.45563, 1.46779
1.35136, -0.494029
0.660697, 1.46374
-1.64382, -1.54935
0.517951, -0.560899
-1.48654, 0.411748
1.6971, 1.50318
0.490888, 1.61133
1.51764, 0.334352
-0.467158, -1.55659
1.48467, 1.43271
0.629651, 1.64329
1.62261, 1.45482
1.41754, 1.55526
-0.538043, 0.596927
-1.46031, 1.6286
1.41105, -0.56331
0.545902, -0.514144
1.62155, -0.398024
1.33106, -0.536173
-1.59127, 1.61513
1.41854, -0.43286
-1.51187, 0.378338
-0.406328, 0.551848
-1.45351, 0.60939
1.31855, -0.594884
-1.46628, -0.561459
1.51409, -0.732894
1.45803, -1.43631
1.39859, -1.38894
-1.69591, 0.394884
-1.54108, 1.5325
-1.55609, -1.61817
0.388364, 1.50171
1.40904, -0.459007
1.6898, -1.52457
1.54594, 1.49626
-0.617394, -1.57895
1.42255, -0.379587
-0.319806, 1.54547
0.444756, 1.35933
0.491291, 0.551188
1.64001, 0.545008
-1.5417, -0.403095
-1.66184, 1.29992
-1.60204, 0.4897
-0.427777, -0.495832
-1.82986, -1.47138
-0.541349, -1.29284
0.519849, 0.568174
1.48581, -0.331159
-1.48418, 1.51342
1.39736, -0.461706
-1.31676, 0.485111
0.716416, -1.58074
0.386809, 1.47137
0.589302, -1.50219
1.46305, -1.59871
-0.333392, -0.554583
1.53085, -1.58716
0.592579, 1.39097
-0.389924, -0.444468
1.54613, -1.40597
-1.60201, 0.497574
-1.51349, 0.618176
-1.56863, 0.77242
0.435286, -1.56873
1.48977, 0.595359
0.531601, 1.52269
-0.478276, 0.557507
1.39845, -0.39014
-1.43214, -1.46946
-0.600213, -0.49847
1.72194, 0.470899
-1.506, -1.54212
-0.337553, 0.499436
1.5726, -1.65313
1.56028, -0.509757
-1.52311, -0.337373
-0.523149, 1.49063
-1.56718, -0.502688
-0.430503, -0.474393
-1.46883, 0.521791
0.539208, -1.4206
0.337461, -1.46591
-1.49693, 0.423068
-0.458519, 1.30544
1.5783, 0.552831
1.69559, 0.494156
0.307382, 0.565499
0.445197, 0.507648
1.43591, -0.395057
1.60667, 1.44183
0.496576, -1.50609
-0.349917, -1.49816
1.46967, 0.466295
-1.44655, -0.633702
-0.528462, 0.600218
0.453436, 0.515316
-1.43338, -1.49344
-1.42612, -0.418167
0.278794, 0.361046
-0.461741, 1.29422
0.314265, -0.452888
-1.54306, 0.342242
0.527739, -1.61128
-1.62846, -1.46972
1.38069, 1.48347
-0.46408, -1.58134
0.575418, 0.564539
-0.493792, -1.38406
-1.37887, 1.41872
0.436219, -1.34871
0.657293, 1.39398
0.49883, -0.50643
1.31378, -0.515844
1.40393, -0.524728
0.406321, 1.47088
1.56489, -0.501453
-1.4, -0.47708
1.50379, 1.6254
-1.49918, 0.412733
-1.5459, 0.435233
0.467716, -1.49792
1.52959, 1.53521
-1.45994, 0.593179
0.58503, 0.406289
-1.57727, 1.57428
1.35832, 0.520526
0.546124, -1.38594
1.48727, 1.50438
0.601356, 0.621244
-0.474564, 1.47342
0.351526, 1.50008
-1.58315, 1.52882
-0.448498, 0.325947
-1.62522, 0.592273
0.431468, -0.491905
-1.77655, -0.615277
-1.4065, -1.57628
1.64839, -0.539356
-1.53583, 1.49689
-1.5126, 0.533315
1.53869, -1.38565
1.55697, -0.29602
1.31097, 0.458738
-1.5474, 1.606
-0.459486, 1.53845
-0.566733, -1.56454
-0.585196, 0.469155
1.69671, -1.52275
-0.523095, 1.51756
1.31705, 1.40348
-0.608099, 1.63172
1.53016, -0.639615
-0.339629, 0.573606
1.4879, -0.617725
1.69536, -1.44225
0.555083, 1.2686
1.42214, -1.6015
1.57382, 1.55016
-0.40947, 1.4326
-1.53596, -1.57417
0.622231, -0.535263
1.46115, 1.66164
1.60603, -1.36472
-1.43874, 1.48871
1.45492, -1.36539
1.5456, -0.688976
-1.422, 0.805815
0.475277, -0.454607
0.239154, -0.471439
0.444698, 0.42509
-1.68297, 0.809493
1.36494, -1.52515
0.538888, 1.64456
1.48002, 0.404262
-0.638473, 1.49286
1.45603, 0.463123
-0.54475, 1.52488
-0.536094, 1.25567
-0.514477, 1.24378
-0.572729, -0.596629
-0.520452, -0.387592
1.38826, -0.397249
1.48251, 1.50882
-0.525563, -1.50601
0.476657, 0.540122
-0.63827, 1.41986
1.47457, -1.61796
-0.491746, -1.6648
-0.699211, -1.4206
-1.41155, 0.648023
1.56177, -0.521624
0.488229, -1.53614
-0.450405, -0.580681
-0.567677, -0.431414
-1.50952, 0.540702
0.596243, 1.61542
0.534075, -0.563152
1.38496, 1.54476
0.720085, -0.562002
-0.59792, -1.45924
0.609677, -0.602666
1.67995, -1.7037
-1.49791, 0.526392
-0.448536, 0.556337
1.41282, -1.50276
0.433748, -0.384142
-1.63089, 1.44811
-0.243345, 1.47324
-1.37079, -0.428117
-1.40118, 1.61675
0.66353, -0.613297
0.416245, -0.567882
0.456942, -0.559892
-0.497875, -0.49155
-0.435416, -0.420944
-1.43806, 0.565881
-1.49504, -1.6022
-1.40665, 1.47524
-0.419721, -1.69606
1.44585, -1.4352
-1.48687, 0.553774
-1.45541, -0.472827
-0.593203, -1.49531
0.446676, 0.40336
1.56341, 0.394804
1.48777, 0.558328
-1.33035, -1.46941
0.515925, 0.622533
0.441863, -1.3709
1.45682, 1.46145
0.566684, 0.33258
0.498189, 0.51692
-1.44413, 0.470108
-0.475662, 0.421468
-1.57651, -0.401185
-1.31043, 1.47728
1.4363, -1.52103
-0.407864, 1.30357
0.432389, -1.63625
0.383883, 0.662314
0.606324, -1.62928
-1.33204, 1.50247
1.55467, -1.49065
0.459625, 1.6444
-0.545151, -1.53339
1.61264, -1.53789
-1.42597, 0.681299
0.584438, -0.388801
-1.47346, -0.426358
1.4554, -0.406711
-0.538158, -0.530563
0.385454, -0.362452
-0.576886, -1.5293
0.557404, -1.66375
-0.435612, 1.49769
-0.561103, -0.509972
0.219321, 1.40618
0.558136, -1.46401
-1.53906, -1.50976
0.439691, -0.500709
-0.572083, -1.47833
-0.460708, -1.21189
-0.465872, -1.57977
-1.66798, -0.38557
-0.486242, 1.52921
-0.414648, 1.65397
-1.54444, 1.49417
-1.46193, 0.340517
1.69289, 0.666033
-1.44045, 1.5494
0.431139, -0.537631
1.51712, -1.54038
1.58308, 1.33043
-0.550363, 0.638624
1.48456, 1.65103
-1.36773, 0.476193
1.58714, -0.375389
1.65177, 1.38241
-0.406471, -0.456589
0.666415, -1.37955
-1.44269, 1.4749
1.38941, 1.5686
0.354614, -1.60856
-0.609874, -1.59754
1.5017, -0.477034
-1.5313, -1.52593
1.19336, 1.58327
1.54176, 1.67932
0.422245, -0.509338
1.61912, -0.589299
1.37476, -1.67257
0.53036, -1.3828
0.466725, 1.51745
0.381058, -0.398633
1.51189, 1.45909
1.45132, 0.586683
-0.597767, 0.352302
1.28171, -1.48221
-0.499911, -1.41147
-0.55273, -0.674887
0.252915, -0.406429
-1.40322, -1.45399
1.70233, 1.48737
-0.50624, 1.53226
1.53794, -1.62035
-1.54467, 0.346117
-0.643251, 0.596088
-1.36752, -1.5256
-1.51231, -1.42902
-1.53364, -0.575183
1.43891, -0.497898
1.30877, 1.64545
-1.4281, 1.36462
-1.38588, 0.543998
-1.63308, -0.519143
-1.47424, -1.43134
-0.616068, 0.606838
0.603588, -1.68207
0.314966, -1.30826
1.37649, -1.25871
-1.53081, 1.50172
-1.48099, 0.407224
-1.57081, 0.488503
-0.534121, -1.41343
1.54444, 0.644744
-1.56035, 0.573149
1.50691, 1.36134
-0.447018, -0.690743
0.515445, 0.353684
1.46529, 1.58168
-0.635977, 1.63096
0.471983, -0.498886
1.50676, 1.50577
-0.493501, 0.423747
-1.53277, 1.59074
1.6395, 1.42865
-0.588438, 1.47293
1.43853, 0.591441
-0.411175, 0.536039
1.53391, -1.44733
0.390645, 0.382801
0.344808, 0.481788
1.47225, 1.35547
0.732193, 0.555217
-1.54409, -1.51031
0.471796, 1.46856
0.643106, 0.488796
-1.46423, 0.30613
-0.618712, 0.466994
-1.62939, 1.34085
1.33315, -1.4042
1.54334, 1.45367
-1.49527, -1.40504
0.645588, -0.561779
0.387209, 1.51699
0.307757, -1.44435
1.38617, -1.61838
1.45185, -1.56323
0.473504, -0.576182
0.516331, -0.477609
-0.428403, -0.654447
-1.63801, -0.386656
0.400311, 0.284575
-0.41654, -0.635149
1.36066, -0.414719
-1.83367, 1.49679
-1.63119, 1.55758
-0.401511, -1.6564
-0.425702, 1.44834
-0.622485, -0.57242
0.524612, -1.39469
-1.54791, -1.63962
1.56365, -1.58339
1.5204, 0.454869
-0.563263, 1.63505
0.467599, 1.53794
-1.5405, 0.710175
-1.83739, 1.29318
-1.47591, 1.42073
0.312884, 1.40038
0.482702, 0.411623
1.41881, 1.53619
-1.58524, -0.358177
-0.247683, 0.215911
0.390966, -1.37495
-1.56541, 0.640806
0.536145, 1.49962
-1.57728, 1.46607
0.276209, -1.59757
1.59467, -1.48651
-1.60108, -0.461473
-0.35997, 0.528844
-0.639959, 1.46399
0.572308, 0.480369
-1.52884, 1.26576
0.474429, 1.29438
-0.487769, -0.407025
0.611298, -1.46358
-1.51737, 0.557849
-1.51043, 0.514046
0.225641, -1.53685
-1.50682, 1.37196
1.62909, -1.55431
1.47484, -1.57077
0.450527, 1.47035
-0.545999, 0.436593
1.60159, -1.50699
-0.606787, -1.36709
0.554654, 0.63628
-0.502326, -1.48481
-0.531537, 0.43081
-1.49065, -0.544911
-1.50359, 1.47442
-0.551863, 0.68738
1.47668, -1.53331
-1.5987, -0.648779
1.59495, -0.452271
0.542241, -1.48161
0.519713, 1.4624
-0.494402, 1.48485
-1.47865, -0.383591
-0.582389, 0.515237
1.46265, 0.523713
1.71545, 1.51389
-0.456578, 0.555845
-1.41669, 1.42146
-0.47111, 1.44762
1.4222, -1.46655
-1.29979, -0.527806
-1.52936, 0.571879
-1.32717, 1.453
0.519432, 1.4904
0.527758, -0.545264
-1.4659, 0.645129
-1.44543, 0.32721
0.547562, -0.307735
1.52978, -1.616
-0.505818, -0.321192
-0.453489, -0.534687
0.473812, 0.395315
0.523804, 1.56419
0.469614, 1.40349
0.592532, -0.579097
0.459262, 0.543381
0.53612, 0.510118
0.571419, -0.521354
1.52253, 0.443994
-1.41388, 0.600268
-0.733632, -1.58491
-1.58832, 0.528549
1.55566, -0.558581
-0.563596, -0.364894
-1.46708, 1.63182
0.591431, 1.48761
1.62858, 0.609224
-1.58322, -1.52066
-0.33931, -0.390112
-0.66085, 1.47121
1.31155, -0.662013
-1.62279, 0.516237
-1.55931, -1.52293
-0.443096, 1.58115
-0.477106, -1.53341
-1.41204, -1.32332
-0.479198, 1.46894
-1.37083, 0.428257
1.47224, 0.56813
-0.367532, -0.633353
-1.45073, -0.340149
-0.572464, 1.58605
-0.495187, -0.612747
-1.31579, -0.588854
0.36785, 0.482403
-0.445113, 0.731718
-0.466409, 1.50072
1.43127, -1.58078
-0.535125, -0.689823
-0.439668, -1.62128
-0.50695, -1.42401
1.54899, -0.47649
1.5484, -1.53742
1.44558, 1.64451
0.499005, 1.53462
1.6375, -0.552027
-1.38452, 0.493322
-0.470969, 1.35507
-1.50804, 1.62282
0.554968, -1.38262
0.474368, 0.340203
-1.52177, -1.39912
-0.692683, -1.39846
0.597586, 1.16453
1.54689, 0.513829
-1.45181, 1.51304
-1.45349, 0.535206
-1.4393, -1.25964
-1.58072, 0.298998
-1.5519, 0.688557
-1.50397, -0.43702
-0.518602, -1.42173
0.429873, 1.48774
0.478909, 1.46126
1.57939, -1.3343
-1.42124, 1.42892
0.39301, 0.579944
-1.58655, -0.578183
-1.40816, -0.469144
1.52569, -1.43687
-1.53157, -1.60634
-1.63654, -0.412349
-1.39386, -0.501705
1.54147, -0.403765
-1.33309, -0.421354
1.39591, -0.493151
-0.459646, -1.68821
0.263079, -0.3466
-1.62131, -0.42498
-0.340248, 1.65358
1.6154, -0.626389
1.59688, 0.52119
-1.67822, -1.57838
1.40187, 1.61798
-1.6097, 0.545435
-0.534408, 1.56151
0.306009, 1.50837
-0.547805, -1.7336
1.53088, 0.596015
-1.37509, -1.58962
-0.667121, 0.518782
1.49516, 0.404324
-1.47055, -1.38328
1.63238, -0.35609
1.39658, 0.537948
1.5866, 1.49288
0.456317, -0.381271
-0.573991, -0.487395
0.353311, 0.601474
0.428265, 1.58303
-0.250337, 1.4941
-0.464217, -0.552171
1.53255, 0.528778
0.335691, 0.550894
0.571106, 1.52325
0.360027, 1.41006
0.597067, -0.401346
-1.36846, -1.60814
0.506502, -1.4765
-1.40262, 1.52097
-1.47985, -0.457406
1.64307, 0.280329
-1.40504, 0.434642
-1.63075, 1.64756
1.63281, -0.4825
1.41418, 0.565211
-0.418273, -0.561555
1.60789, -0.579198
-1.51719, 0.618203
1.55497, -0.61104
-0.412294, 0.575941
1.4931, -1.40949
-1.59504, 0.516529
0.547854, 1.4064
0.449805, 0.313928
-0.612315, 0.478705
-0.492122, -1.52679
0.408307, -0.426038
1.67795, -1.4051
0.512475, 0.496052
-1.53308, 0.512033
0.576103, 0.58553
1.43981, -0.428979
1.47561, -0.52205
-0.626796, -0.58029
-0.60966, -1.57723
-0.601307, 0.365046
-0.514128, -0.395394
0.59222, 1.36899
1.46077, -1.33342
1.51106, -1.68712
1.4821, -0.634807
0.344719, -0.427693
-0.661688, 1.45766
0.479003, -1.39769
0.426665, -0.494988
1.31822, -1.48993
-0.523155, -0.512168
1.58901, 1.47589
-0.481879, 1.52625
-0.594486, -0.554504
0.677253, -0.572752
-1.49375, -0.436133
0.447857, 1.50001
1.56139, 1.52992
-0.389681, -1.55916
0.614667, 1.50203
1.4326, -0.578729
0.339257, -0.363555
1.43787, 0.707643
-1.60124, -1.50887
-0.62632, -0.455812
-1.34907, 0.44978
-0.419063, 1.63541
0.635841, -1.51401
1.53253, -1.78024
1.52123, 0.361454
-1.47701, 1.49277
0.65756, 0.513382
0.578731, 0.418908
0.469366, -1.46769
1.56117, 1.53531
-1.36179, -0.492089
-0.46191, 1.48924
-0.502323, -1.33523
-0.45753, -0.428996
0.581766, 1.48751
0.57845, 0.616372
1.40826, 0.621101
-1.43243, -1.51049
-1.54949, 1.39294
1.63184, 1.54887
1.13202, 1.36446
-1.65758, -1.57466
-0.504194, 0.397748
0.496416, -0.622364
-1.60052, -0.428259
-1.59063, -1.47646
0.504771, -1.53824
1.54796, 1.49978
0.509163, 1.55182
0.580253, 0.60652
-1.57529, -1.50054
0.360025, 0.537212
-0.584469, -1.47523
-0.502501, -1.54186
-0.459046, -1.53465
-0.449794, -0.457139
-1.50004, 1.61598
-0.338656, -0.53716
0.527541, -0.474015
-1.69495, 1.42159
-0.51923, 1.58213
0.561885, -1.52409
-1.60393, -0.660284
1.5624, -1.56247
-1.50889, -1.37566
1.50652, 1.54033
0.457722, 0.524568
0.455307, -1.41374
0.531189, -1.24303
1.43458, 0.616446
0.328337, 1.34687
1.39574, 0.490409
1.52532, 1.60029
0.352182, -0.482532
0.619075, 1.52959
0.547324, -0.565236
0.373351, -1.44593
0.520034, 0.505894
1.61192, 0.52555
-1.67845, 1.43212
-0.486969, 0.619455
1.58156, -1.44025
-0.446889, -0.49476
0.564947, -0.654697
1.51971, -1.55716
-1.48853, 0.485536
0.435982, -0.498076
1.56283, 0.464308
-0.61951, -0.530215
-0.32714, -1.51548
0.52874, -0.542217
1.71522, 1.41233
1.42357, 1.42221
-1.43373, -1.34442
-1.51978, 1.57023
1.45194, -0.491288
-1.55351, -1.61781
0.377475, -0.689791
-0.435621, -1.44926
1.43752, -1.55011
0.47218, -0.616242
-1.46388, -1.4095
-0.415496, 0.474663
0.326484, 0.445373
-1.49903, 0.522413
0.485186, -1.6463
1.4571, 0.369417
-0.366704, -0.513067
-0.508931, -1.56021
1.59213, -1.36327
0.479721, -0.453832
1.47118, 1.46307
1.41923, -0.549311
0.405443, 0.366461
-0.607461, 1.51621
1.59274, 0.430157
1.55394, -0.354468
0.389393, -0.564718
-0.656921, 0.550867
0.502905, 0.471278
1.72852, 1.66963
-0.454927, -1.33283
0.562288, 0.734875
0.442184, 0.500847
-0.572093, -1.31467
1.38478, -0.512161
-0.386921, -0.501204
1.43376, -0.569826
-1.60455, -0.725646
-0.387199, -0.395254
0.568704, -0.454031
-0.314551, 0.562058
-0.427227, 0.443435
1.41184, 1.35001
-1.38127, -1.51532
0.505392, -0.570357
-0.519549, 0.504777
-1.46709, 1.53015
-1.47031, -0.517217
-1.47724, 0.467989
0.548208, -1.65153
-1.5813, -0.377866
1.44929, -1.4104
-1.42693, 1.40356
1.26251, -0.452778
-0.429827, -0.382264
-1.54495, 0.534514
1.43723, 1.54253
-0.419392, -0.394264
1.58774, -1.55367
-0.740828, -0.471733
-0.668463, 0.368801
0.469801, 0.577347
-1.35011, -1.73083
-0.527065, 1.55422
-1.37554, 1.5251
-0.415093, -0.413373
-0.467706, 1.59511
0.490877, 1.68182
-1.55851, -0.535295
-0.554431, -0.446253
-0.60293, 0.515017
0.519078, -0.445989
0.542253, 1.40466
1.39868, 1.50639
0.622788, -0.419855
0.455982, 1.43509
-1.52421, -0.360135
1.46311, -0.44877
1.51162, 0.488221
0.583647, 1.60759
-0.406945, -0.554273
-1.54418, -1.5023
0.574654, -1.54388
-0.504222, 1.57256
1.32798, 0.501883
1.49724, 1.49816
1.42047, -0.444941
0.551987, -0.543832
-1.57896, -1.36809
-1.31822, -1.53861
0.443291, 1.31403
0.360753, 0.588308
0.40302, 0.434814
1.23369, -1.45168
0.616063, 0.449913
1.46674, 0.470389
1.48866, 1.44156
-0.797878, 1.3244
-0.462871, -1.59604
0.367137, -1.46165
-1.51949, -1.37071
-1.36702, -1.57495
-1.5869, 0.489104
0.413859, 0.476579
-0.559943, -0.463577
-1.38684, -0.514223
-1.36892, 0.582947
1.47674, 0.507802
-0.294461, -1.41819
-0.378879, 0.48376
-0.598039, -0.346711
1.61482, 1.61578
-1.54172, 1.52305
-1.57677, 1.3817
0.43371, -1.35514
1.72829, 1.64723
1.5528, -0.648027
0.637607, -1.44347
-0.568011, 0.449685
1.53616, -0.493372
0.577684, 1.42801
0.342365, 0.437704
-1.46421, 1.4826
-1.61391, 0.395804
-1.5349, -0.403091
-1.487, -0.674541
-1.61923, 1.39105
0.399558, -0.449661
-0.620789, 0.397117
-0.444993, 0.358678
1.47656, -0.572545
0.576386, -0.540162
-0.452793, -0.331865
1.42751, -0.437475
-0.54659, 1.55606
0.429799, 1.55668
-0.54418, -0.40619
-1.54333, -1.27608
-1.49952, -1.45882
-0.460429, -0.42872
-0.572535, -1.55879
-1.38973, -1.42061
0.497474, 0.28727
1.41506, -1.469
-1.53959, 1.60952
1.48509, 1.5129
1.46805, 1.35888
-1.7018, 1.43288
1.59732, 1.42183
0.343514, 0.458985
-1.48088, 0.493888
-0.456509, 1.33828
1.52575, 0.546212
0.551295, -1.44738
1.6805, 0.3367
0.420748, -1.44149
-1.49169, -1.71648
-0.416456, -0.639959
-0.520825, 1.54466
0.441343, 0.480742
-0.342343, 0.508865
-1.32028, -1.52107
0.628337, 0.470287
-0.378301, -1.39837
-1.41973, -0.549519
1.47273, -1.50359
-0.485529, -1.45533
0.608155, 1.30852
1.48965, 1.47487
1.53002, 1.51468
-0.40662, 0.442442
0.460131, -0.448069
-0.601793, -0.370374
0.546205, -0.43053
0.391025, 1.65944
-0.354355, -1.43161
-0.534259, -1.56294
-0.485114, 1.42428
1.5813, -0.632343
-1.56868, 0.530626
-1.6866, -1.46711
1.51039, -1.43671
0.449898, -0.579188
0.510163, -1.51857
1.49816, 1.60394
1.3091, -1.2908
0.538946, 1.56911
1.66287, -0.581217
1.42368, -1.32438
-0.604675, -1.53624
-0.507344, -0.575918
1.49995, 0.520651
-0.460412, 1.39417
0.546246, 0.538746
-0.35909, -0.277538
-1.30673, -0.280731
1.56407, 0.37884
-1.27085, -0.495663
-0.524733, 1.46603
-0.563619, 0.529006
0.45134, 0.425247
0.514316, -1.21266
0.360309, -1.47685
0.470872, -1.66201
-0.540026, 0.49245
0.504553, -1.3139
-0.571157, -0.478543
0.622085, 1.42178
-0.603747, -0.508782
1.39305, -0.384955
-0.503838, 0.479143
0.459869, -0.591802
1.45675, 0.578981
1.52469, -1.51102
1.36909, 0.555546
1.34944, 1.5563
0.519454, 1.54222
0.557181, -1.65058
1.53608, 0.334073
0.597153, 1.5527
0.439122, 0.440322
-1.48332, 0.591751
-0.288291, 1.40361
1.35336, 0.422101
-1.46765, -1.49208
-1.58293, 0.308854
0.576891, 0.569227
1.39555, -1.42353
-0.385477, -0.573949
1.51284, 1.57263
-1.51002, -0.484163
-1.43951, -0.735037
-0.416258, 1.25739
-1.55861, 1.49778
1.32241, 1.48469
0.530517, -1.50654
1.5283, 1.49703
0.383234, 0.563174
1.49548, -0.512495
0.595485, 0.554809
1.40115, -1.57843
0.500113, -1.43656
1.31412, 0.746277
0.324683, 1.58088
-0.485501, 0.31564
1.52061, 0.497801
-0.479779, 1.51448
1.41294, 1.56239
0.429274, -0.684909
-0.479652, -0.606671
1.27448, 1.43967
-1.50118, 1.48265
-0.716418, 1.60573
-0.542444, -1.49889
0.598351, -1.56417
0.431909, 0.367708
-1.55025, 1.62019
-0.607396, -0.618791
1.53385, 1.31355
-0.637046, -1.55201
0.481254, 0.564099
-1.50212, -1.41369
1.54346, -1.41012
1.48496, -1.5049
-0.396357, -0.602184
1.56802, 0.411142
-1.44683, -1.7135
0.674126, -0.567174
-1.52652, 0.631669
-1.39814, 1.36983
1.53386, 1.50876
1.40884, -1.45227
-0.446081, -0.521752
-1.42142, 0.607027
0.71727, -0.523003
0.512461, -1.57757
1.43972, -1.73657
1.60984, -1.58113
-1.59789, -0.719327
-1.53981, -1.50756
1.53884, -0.510865
1.60027, -1.47775
-0.444129, -0.630578
-1.41152, 1.46498
0.443032, -0.48489
-0.395106, 1.5847
-0.46168, -1.51332
-1.3133, 0.599171
-1.45406, -0.337282
0.654862, 0.545146
-0.393151, -0.497431
-1.47258, -1.41318
0.508769, -1.51215
1.63827, 1.33192
-0.355809, 1.46454
-0.455804, -0.583286
-0.452112, 0.483978
0.620804, -1.55118
-1.61657, -1.51427
-0.533999, -0.570432
-0.641722, 1.49558
-0.593589, -1.38792
0.44623, -1.43364
-0.592365, 1.40296
1.5845, 0.481114
0.590536, 1.55313
1.54813, 1.49979
0.36793, -1.47503
-0.445777, -1.44836
-1.59355, 1.50907
0.479427, -1.38707
-1.51271, 1.6064
-0.562086, -0.536179
1.54484, 1.5812
-0.611466, 0.496899
-1.49162, 1.49357
-0.483466, -0.531835
-1.41799, -1.47673
-1.49015, 1.46888
-1.47227, 0.605095
-1.53757, -1.40322
0.473982, -0.505862
0.48291, 1.40642
-1.61107, 1.27306
0.488765, -0.602401
1.45815, -1.48754
-0.518808, -0.503791
1.35519, -1.50684
1.3825, -1.69006
-1.53776, -1.57494
1.51035, 1.38938
-1.62347, -1.5547
0.390305, 1.65984
0.505232, -1.55205
1.54887, -1.51555
1.3932, -0.42155
1.49944, -1.46782
1.26853, -0.405866
-1.4449, 1.44039
-0.597927, -1.5136
0.510564, -1.40148
-1.69402, 0.663506
1.29687, -1.62251
0.671565, 0.442599
-1.55509, 1.39284
-0.568331, 0.481949
-0.654537, -1.518
-0.781697, 1.50646
1.49722, 0.584569
-1.43849, 0.574726
-0.512389, -0.586894
1.45985, -1.44946
0.610636, 1.44883
0.395582, 1.44874
-1.405, -0.529776
1.46073, -1.61898
1.48053, 1.44904
-0.408702, 1.64564
-0.457785, -0.5557
-1.36744, 1.48902
-1.54386, 1.70506
0.631223, 0.570628
-0.509647, -0.373288
1.4341, 1.45215
1.53202, -1.50119
-0.381525, 1.5157
-1.30927, -0.501056
-0.601437, -0.564195
-0.622704, 1.54772
1.62825, -1.52816
1.495, -0.530136
-0.402518, 0.47973
1.36108, 0.473682
0.543989, 0.445816
1.59635, 1.46834
-1.6734, -0.471808
1.52115, -1.34083
0.50371, 1.51391
1.69904, -1.39389
-0.525046, -0.539055
-1.54442, 1.6114
1.47928, 1.44287
-0.448648, -0.502622
0.472139, 0.541472
1.51653, 0.483394
1.33911, -1.57024
1.37416, -1.42181
-1.52852, -0.489606
-1.56256, 1.47513
-0.480901, 1.39601
-1.5375, 0.577326
1.45833, 0.278912
-0.32613, -1.53177
-1.52478, 1.37804
1.55467, 1.56936
-0.468257, -0.429298
-1.68933, -0.532915
-1.59535, 1.38343
-1.50545, -1.40505
-0.608126, -0.528843
0.554719, -1.49789
1.4612, -0.525568
-1.45022, 0.614343
-0.531252, 1.61667
-1.44175, 0.374703
0.30536, -1.36876
-0.306004, 0.538096
1.51418, -1.60822
-1.57626, 0.576261
-0.459099, -1.40772
-1.52094, -1.5348
1.53342, 1.52432
-1.34815, -0.474195
1.48719, 1.34316
-1.68199, -0.580546
-1.57636, -0.433335
1.53532, 1.58438
0.48599, -0.425333
-1.61588, -0.441058
1.427, -1.41901
-1.46418, 0.512997
0.523283, 1.56133
0.480523, -0.482147
-0.5959, -0.586735
1.21946, -0.406803
-0.291118, -1.32586
1.43608, -0.495207
-1.45467, 1.53784
-0.466653, 1.49486
1.57847, 1.37577
-1.63611, 1.48252
1.4249, -1.50035
1.43535, -0.526869
0.638384, 0.641206
-1.35766, -0.45635
-0.674036, -1.6746
-0.731397, -1.51353
0.392238, 0.60975
-1.41643, -1.30369
0.445308, 1.50321
-0.471318, -1.49465
-1.44503, 1.59311
0.665028, -1.65528
0.615684, 0.48172
-1.48651, -1.50234
-0.638857, -1.53123
-1.36445, 0.482062
-1.55021, -0.355756
1.31211, 0.483187
-0.501222, 1.52547
-0.370759, -1.68376
1.43684, -1.48368
-1.55799, 1.48651
0.469553, -1.49464
-1.62391, -0.524841
1.65147, 0.570892
-1.55886, 1.43886
-0.472491, 0.397241
0.50767, -1.52287
1.54583, -0.684809
-0.69523, 0.572095
-0.485898, 0.512559
-0.528873, -1.66089
-0.329237, 1.41331
1.50483, 1.53077
1.63538, -0.443474
1.50693, -1.51453
-1.42881, -0.305576
-0.474401, 1.56411
0.626541, -1.68845
1.49551, 1.50794
-1.53607, 1.44037
0.546986, -1.53098
1.36314, -0.477187
-1.65775, 0.738171
-0.649116, -1.50516
-0.431595, -1.56774
-1.57842, 1.39647
-1.55267, 0.401129
0.454928, 0.429798
-1.49992, 0.488684
-1.45986, -0.410495
1.5588, 1.64591
0.555505, -0.64909
-0.366715, 1.58449
0.575503, -1.57046
1.33311, 0.439695
0.509227, -1.40054
0.626892, 1.51455
-1.48183, -1.50224
0.470578, -0.425345
-0.498671, -1.37217
0.287247, -1.48208
-1.49132, -0.530118
0.618044, 0.383456
-0.329303, -1.55865
0.448523, -0.444846
1.54275, -0.519631
1.60491, 0.492533
1.64349, 0.499039
1.37837, -1.53362
0.503634, -1.64177
-0.522856, -1.45703
-1.48698, -1.3211
-1.33229, -0.71756
-1.49377, 1.60983
0.510452, 1.37285
-1.5876, 1.41157
1.5848, -0.542411
-1.55249, -0.534017
0.445675, -0.448699
1.46642, -0.442294
-0.45854, 0.459615
0.717367, 1.4065
1.49866, 0.442632
-0.477466, -1.46439
-1.42684, 0.527108
-1.72846, 1.52143
-1.48053, -0.599123
0.578799, 1.56236
-1.52455, -1.62208
0.572254, 0.550139
-0.408674, 0.501203
1.50524, -0.436405
-0.654139, -0.411223
1.36888, 1.48172
1.44226, 0.52698
0.638695, 0.552158
1.36619, -1.50094
-1.56403, -1.57989
1.47016, -0.589022
-1.35757, 0.576817
0.389148, -0.477057
1.58807, 0.390794
1.55927, 0.338986
0.590058, 1.46544
-0.545147, 1.47415
-1.5205, 0.522464
-1.55148, -0.577888
-1.41882, 1.55881
-0.663073, 1.45537
-1.40973, 1.47271
1.50418, -0.366772
1.47755, 0.57849
1.52903, 0.53614
-1.48377, -0.452409
1.64042, -1.51945
1.4129, 1.63111
1.25971, -0.513263
1.43922, -1.64147
1.3933, -0.526229
0.443942, 1.41191
0.728963, 0.619132
-1.57329, -0.430405
-1.58152, -0.52972
-1.49229, -1.38053
-0.484052, -1.31341
-1.55391, -1.40241
1.59907, 0.348383
0.373561, -0.699541
-0.460806, -1.60552
1.47632, -0.49232
-0.654811, 0.367672
0.565536, 1.48796
-0.676018, 1.59229
-0.578328, 1.55753
0.519086, 1.61825
-1.63466, -1.60497
-1.43783, -1.60825
1.55698, -0.392053
0.556288, -0.385609
-1.58212, -0.425303
0.707681, -0.508505
-1.48453, 1.5815
1.58406, -0.340455
0.593664, 0.553466
-0.29531, -0.656672
0.635098, -0.378778
0.32567, -1.38871
-0.525874, 0.300706
-1.3933, 1.50552
0.571662, -0.671297
-1.63589, -0.41276
-0.370259, -1.55792
-1.5094, -1.65073
-1.51383, 0.249813
-0.503833, 0.582091
-1.25519, 0.351388
0.457731, 1.39533
-1.55384, -0.464377
1.49074, -0.353905
-0.612736, 0.403179
-0.377819, 0.600342
0.592239, 1.50427
0.478527, 1.50567
0.759706, -0.537327
0.639292, -0.554524
-1.49216, -0.506264
0.600422, 0.564796
0.409642, -1.63548
-1.52012, -0.50135
-1.26244, -0.2829
1.54973, -1.35816
1.53278, 1.34708
-0.533955, -1.38182
-0.62519, -0.47771
-1.48466, 1.48208
0.625358, -0.424929
0.450604, -1.47387
-0.449098, 1.58348
1.60173, -1.68141
-1.49717, -0.512305
1.56055, -1.61693
-1.40987, -0.593034
1.44297, -0.588199
-0.344966, 0.51672
0.542933, -0.584618
1.56154, -0.577722
0.505662, 0.449692
-0.489073, 1.40792
-1.59633, -0.34813
-0.541537, 0.548802
-0.458898, 0.547911
0.557452, 1.50187
0.430973, 1.49043
-0.431192, 0.604875
-0.28549, 0.568723
1.53013, 1.51469
-1.50193, 0.33903
-1.43055, 1.57043
-0.514286, -0.492265
0.493887, -0.357761
-1.47806, 0.354183
-1.57676, -0.510192
-1.56616, 1.55729
0.493975, 1.50569
1.43632, -0.550156
-0.539894, 0.475947
-1.62256, 0.367606
1.65455, -0.448427
0.525458, -1.63024
-0.442056, 1.53568
-1.33939, 1.65403
0.551419, -1.5458
0.308434, -0.60045
1.58705, 1.34575
1.50102, 1.46812
-0.536089, 0.61627
-0.502527, -0.236673
0.709835, -1.5171
-0.312246, -0.519782
0.54501, -0.536588
-1.41777, -1.43766
1.64132, -0.452504
-0.528617, -0.476393
-1.42294, -0.482095
-1.45107, -0.465022
0.664355, -0.416405
-1.36993, -1.68381
1.32603, 0.579424
-0.521404, 0.41048
0.548313, 1.60677
-0.35779, -1.54538
0.443954, 0.525497
0.536287, -0.472512
-1.34617, -0.546507
1.68371, 0.384248
-0.379948, 0.464304
-1.51491, 0.56928
0.585246, 1.5969
-0.43304, 0.713206
-1.50823, 1.46174
-1.58336, -1.30975
-1.58103, 0.428392
0.610347, -0.378388
1.57564, -1.74895
0.573443, -1.67074
-0.547346, -1.49085
-0.448141, 0.480018
1.38989, -0.523615
1.63403, 1.44691
1.58618, -1.31329
1.55559, -0.5509
-0.492378, -1.50951
-1.3979, 1.46206
-1.54278, 1.48629
-0.692633, 1.46601
-0.462463, -1.52167
1.68419, 0.603909
0.635804, 0.502411
0.508084, 1.52968
0.511055, 0.357115
0.460894, -0.628621
-0.485231, 1.42905
-0.444971, 0.510797
-0.420428, -0.590126
0.586459, 1.51944
-1.49353, 1.61687
1.54667, -0.294121
1.41023, -1.43933
0.68648, -0.486253
-0.386819, -0.575589
-0.606727, -0.579123
-0.424684, 1.51255
-1.32877, -0.495434
0.496654, 1.4997
-1.50973, 1.69799
-0.465288, -1.52236
-1.30752, 1.31148
0.480636, 0.582126
0.414977, -1.61473
-1.44709, 0.651465
1.64001, -1.46058
0.58446, 0.330908
-0.455407, -1.42203
1.57006, 0.609811
-0.47401, -1.74062
0.534826, 1.48877
-0.584912, -1.55572
-1.57475, 1.56967
-0.341947, -0.53817
1.57426, -1.41568
1.61316, -0.373822
-1.5665, -1.33953
-1.60231, 1.42637
-0.491406, -0.632003
-1.59449, -1.71242
-0.620069, 1.60184
-0.701904, -1.51675
0.568147, -1.60471
-0.554647, 0.522051
-0.541682, -1.5582
-1.62492, -1.67264
0.614674, -1.5036
-0.450869, -0.621077
-0.561526, 1.42726
-0.446869, -1.64659
0.347962, -1.3906
1.53556, 0.498598
-0.263021, -1.51954
0.5185, -1.36754
-1.5354, -0.445166
-1.4813, -1.39898
1.40736, 0.547474
1.41623, 0.456039
-0.688413, 0.406538
1.50498, -1.54227
-0.439821, 0.597145
-0.605001, 0.463488
1.46952, -0.51675
-0.363854, 0.481649
-0.56503, -1.55619
-1.52002, 1.69952
0.530652, -0.385338
0.607358, 0.460142
-0.573303, 0.523242
0.523093, 0.610482
0.422916, -1.55566
-1.36937, 1.50874
0.52868, 0.44521
1.43842, -1.58528
-1.43891, 0.497493
0.659725, -1.40123
-0.62318, 0.512757
-1.61963, 0.414111
0.444182, 1.53995
-1.44619, -0.481236
1.51279, 1.62931
-0.562414, -1.5879
0.455747, -0.467656
1.57989, 1.55922
0.516266, -0.539655
1.5032, 1.30811
-0.423477, 1.4026
0.411777, -1.46379
0.475114, 0.508862
1.42015, -0.610052
-0.454853, 1.35072
-0.439132, -0.472619
1.40325, 0.455105
-0.500236, 1.38946
-1.59099, 1.64524
0.481, -1.57439
-0.434727, -1.70507
-1.3921, -0.4344
1.44295, 0.498439
-0.528895, 0.544658
-0.573292, -1.638
1.45734, 1.54982
0.538176, 1.57397
0.607756, 0.534918
1.60483, -1.52825
1.43284, 0.562498
0.433388, 0.440901
0.652818, -0.474144
-1.5721, -0.595201
-0.550894, -0.486975
0.481424, -0.477867
-1.60222, -1.67813
-0.464078, -0.352025
0.401426, -1.51909
1.39455, 0.563834
1.56028, -1.62295
0.635636, 0.504288
0.455357, -1.42447
0.587216, 1.548
1.45958, -0.418056
0.644188, 0.467746
-0.684229, -1.49745
-1.60752, 1.47439
-1.49681, -0.458137
1.66413, -0.498234
-1.41404, 0.543248
1.55708, 1.71223
1.50736, -1.59049
-1.49289, -1.34674
-0.558516, -0.44421
-1.42647, 0.568372
0.675428, 0.500582
0.502336, -1.70669
0.412552, -1.43064
-0.465906, 1.53327
-1.43944, 0.50284
1.4505, -0.634301
-1.46512, 1.48382
0.468341, 0.576812
0.460725, -0.446726
-0.386643, -0.54145
-1.46161, 0.444597
1.39459, -1.5613
-0.287374, -1.51178
-1.59835, 1.43972
0.447303, -1.56118
0.493022, -1.39856
-0.421515, 0.538915
-0.366039, -1.43962
0.498916, -1.51694
-1.6905, 1.39362
1.47019, -1.47591
0.60041, 1.53197
-1.54885, -1.37096
0.412727, -1.70702
-1.70133, 1.5867
-0.583411, 0.408923
0.279224, 0.525954
1.53826, -1.42437
0.593244, -1.55639
1.54399, 1.54114
0.429486, -0.501834
-0.657437, 1.33015
1.38015, -0.545472
-0.644421, 1.61875
1.5145, -0.419988
0.637075, -1.57395
-1.43057, -1.34332
0.490355, -0.584602
-1.54397, 1.58301
-1.41155, -1.45289
-0.457822, 1.50544
-0.406014, 1.55366
1.40155, -0.515318
-1.44368, -0.687977
0.526501, -0.447675
-0.522092, 1.69933
1.55865, 0.585156
-0.450537, -0.572745
0.600263, -1.46402
0.402713, 0.360588
-1.53184, 1.54702
-1.43696, 0.569908
-0.368084, 1.52784
-1.62054, 0.447667
-0.428139, 1.41718
-1.44573, 1.27221
1.5328, 0.346011
1.44013, -1.32361
1.63278, 1.55136
0.450518, 1.57878
1.5604, -1.602
0.544146, 0.426193
-0.557772, -0.562497
-1.63995, 1.51042
0.623618, -1.53037
-1.43907, 0.627802
-1.53622, 1.4198
0.467145, -1.45024
-1.45244, -0.616052
0.610052, 0.482196
-1.40321, 0.42425
-0.738079, -1.48472
-0.582083, -1.59939
1.59156, -1.41099
-1.51746, 1.42591
-1.44547, -0.455404
-0.503764, -1.49184
-1.4868, 0.55296
1.4814, -0.470333
-0.34496, -1.45884
0.428426, 0.524467
0.503702, 0.587693
-0.463948, -1.5339
-0.387771, 0.619183
1.70453, -1.54492
1.28768, 1.37038
1.57671, -1.42138
-1.58171, 1.43838
-0.474449, 0.539951
0.735094, 0.473265
-0.460713, 0.546786
1.61263, -1.59971
-1.43041, 0.487448
0.515336, 1.59693
-1.55312, -1.38542
0.489227, 1.56722
0.422767, -0.43777
1.49943, 0.214286
1.40509, -1.43078
-1.5901, 1.61134
1.49615, -1.52812
1.57031, -1.4079
-1.57619, 0.420591
0.501608, 1.45157
-0.27943, -1.58041
-0.503658, 0.507453
-1.55456, 0.514745
0.480227, -0.405448
-1.53977, -0.368436
-0.52014, 1.5199
-0.59039, 1.52524
0.500144, 0.398048
0.469806, -1.46439
1.4216, -0.53335
1.36331, -1.50337
1.49061, -0.421806
-1.51518, -0.559616
-1.526, 0.519589
0.671765, -0.344236
0.605155, 1.66978
-1.4146, 1.53188
0.682693, -1.44462
1.31949, 1.70013
0.443836, 1.2848
1.66228, -0.499794
1.30155, -0.508611
-0.458561, -0.26809
-0.539938, -1.37034
0.566082, -1.55871
0.529661, -1.5729
-1.46232, 1.54005
0.466119, 0.783075
-1.66587, 1.51006
0.576546, 0.565336
0.513731, 1.68316
0.658189, -1.51935
0.556666, 1.38147
-1.49523, -0.675664
0.461257, 0.562872
0.329554, -0.501157
-0.739899, -1.47279
1.58303, -0.602187
-0.502, -0.512584
-1.54011, -0.575675
0.620519, 1.41065
0.444907, -0.542755
-1.54493, -0.639658
-1.55006, -1.39646
-1.58023, -0.44952
-0.469571, 0.600442
-0.473983, 1.43918
-1.49332, 0.474023
1.39506, 1.59856
1.35992, -1.34664
-1.3833, -1.53911
-0.49086, 0.403273
0.471016, -1.56927
0.534659, 1.40513
1.5716, -0.495314
1.31257, 1.50693
1.44013, 0.487937
-0.649431, -1.52983
0.632431, -1.43519
1.45576, -1.3816
-1.4896, -1.60438
-0.474544, 1.58724
-1.39702, 1.36801
-1.47426, -0.474069
-1.53206, -1.53485
0.46749, 1.58095
0.508284, 1.66086
-1.56623, 1.30168
-1.37228, 1.4458
-0.484101, -1.42013
-0.687888, 1.57956
1.47873, -1.71159
-0.366533, 1.6376
-0.649458, -1.46263
1.42946, -0.611483
-0.425467, -1.53527
-1.41542, -0.468127
-0.448397, 1.66577
1.50732, 0.339939
-1.44172, 1.62829
-0.457477, -1.58423
-1.5402, -1.35232
-1.43654, 1.62231
0.440062, 0.506051
0.607666, 0.398094
1.48874, -0.595377
1.62829, -0.52282
1.35623, -1.50859
-0.565731, -0.5178
1.67246, 1.68163
-0.577042, -1.61929
-0.432907, -1.61468
-0.585879, 0.456061
1.5536, -0.15639
-1.52748, -1.38445
1.72421, -0.590191
-1.63516, -0.218976
-1.6221, -0.635595
-0.54505, -0.294695
0.34047, 1.56259
-0.594402, 1.54055
-1.40964, -1.48181
1.42182, -1.64403
-1.30192, 1.40598
0.554611, 0.482124
-0.663611, -0.511821
1.46196, -1.27592
0.510932, -0.434147
0.700181, 1.46437
0.402574, 1.65535
1.39576, 0.34772
-1.65542, 1.37983
0.407728, -1.42475
-0.511213, 0.433124
0.438237, -0.513072
1.68887, 1.49809
-0.42808, 1.65246
0.426516, 1.52111
-1.54784, -1.36409
1.43188, -1.44225
-0.598291, -0.646959
-1.52184, 0.513778
1.33408, 1.5984
1.55232, -1.47376
0.397202, -1.53856
-0.609319, 1.55888
-1.60899, -0.445176
1.41898, -1.53956
-1.46083, -1.43165
1.5081, 1.43988
0.631763, 0.656601
1.53802, 0.408853
0.57531, -1.44485
-1.38053, 0.6107
1.50215, -1.51997
1.17734, -1.85416
-0.572401, -0.461634
1.42586, -1.67406
-0.60388, 0.504741
-0.401124, 0.43233
0.280371, -1.6884
1.53782, -0.60839
1.56263, 1.45821
-0.549918, -1.53932
-1.45829, 0.497568
-1.50263, -1.56941
-1.48583, 1.53097
1.4222, -1.6276
1.4912, 0.683674
1.50805, 1.49886
-0.434865, -1.37826
1.44411, -1.40843
-0.697494, 1.53327
-0.688283, -1.48908
-1.44516, 1.63076
-0.391257, -1.45788
-0.46832, -0.488832
-1.54602, 0.55069
-1.64129, -0.549635
-0.488668, -1.41428
1.61329, -1.52041
-0.467752, 1.58577
-1.78497, -0.589061
-1.48956, -1.45693
-1.7116, 0.5459
0.3326, -1.48998
1.40892, -1.42361
-0.606253, -1.57834
-1.42159, -0.49803
-1.52599, 0.639107
-0.473017, 1.54619
-0.571042, -1.58667
1.39268, -1.45573
-0.481732, 1.42283
-0.33316, 0.433902
-0.383283, -0.621503
-1.47977, -0.533227
0.434538, 1.33446
-1.5263, -1.63663
-1.37893, -0.558227
0.564304, -0.461111
0.454483, 1.64567
-1.4787, -0.399517
-1.59301, -0.445152
-0.604683, -0.401342
0.5559, 1.64984
0.580241, -0.570096
0.401221, -0.550177
1.46776, 1.43224
-0.538917, 0.295237
-1.57943, -1.65089
-1.52029, 1.45086
0.59252, -0.503926
-0.390244, -0.622661
-1.39896, -1.51007
-1.36304, 0.535195
-0.46195, -1.37704
1.45933, 1.67697
0.317201, 1.43135
-0.378714, -1.26582
1.46897, -0.472279
1.28764, -1.33134
0.582822, -1.51844
-0.655084, 0.39312
1.56206, -0.573201
-1.32124, -0.405894
1.64903, -1.4319
1.5323, -1.45523
1.54252, 0.491533
0.608117, 1.51964
1.61814, 0.298241
-1.4846, -0.651187
-1.56527, -0.562152
-1.52761, 0.453762
-0.432326, 0.498825
-1.50124, 1.58565
0.49851, -1.42224
-1.56562, -1.66138
0.417722, 0.279129
1.39694, -0.52843
1.55424, -0.499562
1.40226, -0.520788
1.61357, 0.546204
0.526123, 0.511925
-0.582363, 0.489832
-1.5935, -1.55939
-0.431264, -1.35263
0.519041, 1.53008
1.45093, 1.48911
1.42711, 1.29224
1.47656, -1.42334
-0.541151, 0.632032
0.54622, -0.695681
0.529998, 1.31486
0.545498, -1.53187
1.57531, 1.51377
-0.507557, -0.550079
1.4479, 1.68373
0.520693, -1.77342
-0.560994, 1.32691
-1.49, -1.61099
1.54719, -1.42838
0.510518, 1.32881
-1.48263, 0.468107
0.581034, 0.604013
0.504371, -0.481187
-1.55884, 0.582425
1.44924, 1.55925
-1.5917, -0.446424
-1.48732, 0.531354
0.488636, -0.444075
-0.462295, 0.546528
0.605543, 0.622297
-0.556061, 1.56801
1.55621, 0.505586
1.61204, -1.61971
-1.40169, -1.64069
1.55558, 0.444706
-0.367894, 0.581749
0.419689, -1.33491
1.37572, -0.68326
0.694638, -0.454262
-1.53527, -0.501839
-0.533087, 0.422813
1.52632, 1.48467
0.574881, 0.484124
1.37151, -1.37613
-0.391515, -1.45309
-1.49925, 1.49627
-1.66186, 1.50903
-1.44272, -0.473917
0.44144, -0.481375
1.35448, 1.61794
-1.44296, -0.456594
-0.252991, -1.50811
1.5137, 1.492
0.593248, 0.613826
-1.37827, 1.5439
1.53886, -0.440936
-1.50292, -1.46775
1.41046, 1.32048
-1.48222, 0.51505
1.42641, -0.586783
-1.51819, 0.507387
0.643625, 1.55463
0.507983, -0.581278
-0.543534, -1.50768
-1.31045, 0.696726
-1.59376, 0.407585
0.658914, 0.431479
1.39796, -1.482
1.48155, -1.43456
-1.35508, -1.37443
-0.572109, -1.55272
0.536259, 1.51176
0.526893, 1.63666
-0.55696, -1.50667
0.584257, -1.37443
1.706, 1.54352
0.486328, -1.44524
1.37703, -0.723651
-1.54146, -0.414733
-0.629493, 1.62003
-1.58227, 1.53463
1.50073, 0.467994
0.472657, 1.49068
-1.50148, -0.565526
-0.390006, 1.43495
1.59844, -0.488914
1.4649, -0.396349
0.504491, -0.510362
0.602765, -0.418939
-1.42228, 1.45559
-0.449169, 1.49186
-1.41736, -1.53391
-0.447747, 1.45652
0.541961, -0.627027
1.43463, 0.511612
-1.50797, -0.324463
1.43442, 0.555934
1.61789, 0.421478
1.40441, 1.36252
0.457967, 1.55528
0.43927, -0.709321
-1.45735, -1.56133
1.65161, 0.571867
-0.44781, 0.287862
1.54892, 0.483992
-0.446951, -0.42356
-0.490065, 0.782087
-1.443, 1.53242
-1.51171, 1.40062
-1.33868, 0.48132
-1.55553, 0.591415
-1.48421, 1.4404
1.38277, 1.55117
-0.557173, -0.41058
1.57074, -1.36904
1.4966, 1.63271
0.599513, -1.44166
-1.475, -1.43985
-0.44423, -1.36392
0.563911, 0.659536
-0.51048, -0.302922
1.30724, -1.38516
-0.3532, -1.57104
-1.5765, -1.45459
-0.465448, 0.52867
1.42147, 1.34433
-0.441405, 1.48744
-0.380923, -0.528665
-0.503742, -1.47661
1.34319, 1.44451
-0.442369, 1.60307
1.49288, 1.26636
0.619509, 1.49586
1.62406, -1.51823
0.576171, 1.66294
1.33755, 1.59947
-0.505714, -0.668136
0.289816, 1.34393
-0.509191, -1.40091
0.530696, -1.50944
1.47647, -0.409896
-1.52922, -1.64287
1.46189, 0.479502
-1.46571, 1.63633
1.69071, 1.55849
-0.515689, 0.6122
1.3743, 1.61023
-1.41521, 0.272339
0.511769, 1.44852
-1.62683, -1.50209
0.61527, 0.600643
-0.593124, -0.658653
1.50274, -1.58999
-0.437149, -1.53634
-1.47812, -0.531138
0.398398, -1.40947
1.48301, 0.526528
1.73005, -0.479333
-0.561539, -0.611338
-0.355579, -1.52763
1.55159, 0.599328
-1.47188, 0.544777
-0.387408, -1.45528
0.548404, 0.390448
0.531302, 0.471818
1.63885, 0.504776
0.465326, -0.580322
1.56221, 0.504889
-1.53219, -0.527991
1.48948, -1.50105
-1.7143, 0.653263
-1.45123, 0.47162
-1.54605, -1.37805
1.57018, 1.42654
-0.303878, -0.515561
0.477015, -0.384161
-0.593278, 1.53841
0.623429, 1.67334
-1.34416, 1.58051
1.61287, -0.421711
-0.496353, -1.50099
0.320577, -1.41431
0.449521, 0.500357
1.42446, -1.55125
-0.537061, -0.58685
-1.28153, 0.476683
-0.52434, -1.39481
1.52769, 1.51097
1.68289, 0.458905
-1.47759, -0.564653
-0.426587, 0.481854
-0.65547, -1.65872
-0.57434, -1.50818
-0.41879, 1.46766
0.606743, 1.53759
1.50072, 1.53903
1.45498, -0.354369
-0.516904, 0.140268
-0.433685, 0.526456
0.472192, 1.44559
1.43626, 0.557965
1.77839, 0.489643
-1.42995, 0.626756
1.476, -0.589968
0.472329, 0.555157
-0.509633, 0.488444
1.37021, -1.40267
0.445712, -1.554
-1.54111, -1.37019
-0.366899, -1.36809
0.538085, -0.601093
-0.422597, -0.494696
0.4405, 1.53682
-1.50873, 1.63414
1.46707, -1.65912
-1.55668, 0.427658
-0.643871, -0.472497
-1.50452, -0.273172
-0.595184, -0.526414
0.345793, -0.590097
-1.49959, 1.38429
-0.462518, 0.584872
0.337204, 1.41736
1.58475, -0.29967
1.55194, 0.512605
0.594162, 1.40345
-0.291675, 0.470723
1.6299, 0.393242
0.621101, 1.51528
-0.497149, -1.47162
0.524338, -0.573312
1.49563, 0.339494
1.46066, 0.332834
-0.579704, -0.445685
1.76127, 0.490313
1.41756, -0.517439
0.436845, -1.49575
1.59217, -0.484347
0.429956, -0.42882
0.416031, 1.43689
-1.47752, 0.529813
0.321451, -1.5693
-1.42494, -1.54886
1.48931, 0.426215
1.55472, -0.563428
1.50045, -1.53486
-0.529206, 0.549815
0.61838, 0.459442
0.540718, 0.477304
0.43153, 1.47012
-1.48005, 1.45006
-1.31447, -1.4881
-1.57214, 0.485014
0.423131, 1.48723
-0.476254, 0.551622
-0.562828, 0.716514
-1.59361, -1.48083
-1.64424, -0.455761
-0.390838, 1.4422
-0.562335, -1.64926
0.340685, -1.3693
0.469373, -1.41246
1.53238, -0.51107
0.612186, 1.53188
0.444713, -1.58471
-1.37205, -1.58057
0.458892, 1.32248
-1.33009, 0.400395
-1.54908, -0.585069
1.77871, 0.53361
0.460134, 0.478791
-1.45052, -0.513071
1.46207, 1.42096
-1.4541, -1.34645
-1.57651, 1.56222
-0.397905, 0.32757
-0.440409, -1.43241
0.489637, -0.439988
0.574047, 0.245787
0.514953, 1.60912
0.642253, -0.505141
-1.43876, 0.678413
-1.52439, -0.443709
1.50836, 0.616613
0.590717, -0.517762
-0.327143, 1.45064
0.477878, 1.56995
-0.500073, 1.56267
0.306516, -1.52924
-1.44077, -1.57297
-1.6077, 1.40476
1.41306, 0.607878
-1.42693, 1.59132
-0.521297, 0.436388
-0.561856, 0.516457
-1.60694, -1.40878
-1.2964, 1.58164
1.5971, -1.48416
-0.458299, -1.5847
1.48066, -1.69952
0.483189, -1.52421
-1.63289, 0.546214
1.36197, 0.618214
0.428674, -0.444883
1.42216, 0.317083
1.55326, -0.461956
1.54949, 1.6632
0.438826, -0.399843
0.397497, 1.33291
1.59723, 0.659762
1.54732, -1.45418
1.36421, -0.612809
1.48178, -0.421532
-0.558429, 1.38366
-0.382537, 1.49572
0.774525, -1.52769
-0.611429, 1.4964
1.47618, -1.54813
0.52981, 0.353588
0.552108, 1.56814
0.556417, 1.48677
-0.576257, -1.41279
-1.64022, -1.67388
1.46533, -0.536845
-1.61615, 0.32184
0.541447, -1.53517
0.345302, 0.474121
0.499305, 1.67413
0.350113, -0.584829
0.546249, -1.2402
1.49215, -1.43909
1.40971, 0.337524
0.61964, -0.414405
0.535058, -1.60963
0.481557, -0.395173
0.496647, -1.58927
1.61486, 1.47034
-1.33497, -1.56336
1.5257, 1.44479
-0.658108, -1.49177
-0.546026, 0.49409
1.48489, -1.51446
0.559443, -1.48415
1.35654, -1.55837
0.615935, -0.498895
0.523629, 0.487567
-0.500215, -1.59613
-0.5051, 0.515163
-1.44593, 0.534085
1.43832, -0.553521
-1.46132, 1.39102
-0.543916, -0.52931
1.4499, 0.584144
-1.23798, 1.54589
1.49402, -0.459701
-1.50325, 1.35692
-1.45521, 0.528875
-1.5008, -0.518814
1.7118, -1.44645
1.46446, 1.42757
-1.55065, 0.657697
0.300555, -1.5185
1.33277, -0.629014
-1.46179, -1.5152
0.56224, -1.62709
-1.44584, 1.46911
0.412953, 0.482183
0.402942, -1.42524
-0.474571, -0.450472
0.526544, -1.79511
-1.3181, 1.45603
1.56918, 0.508317
-0.59737, -1.62507
-0.511593, -0.289297
0.373407, -0.625014
1.61504, -0.423203
-1.45544, -1.46984
0.40088, -1.51889
0.627593, 0.476501
1.33435, 0.571839
-1.49057, 0.691091
0.529184, 1.54478
-1.29812, -1.6893
-1.57687, -0.435865
1.47658, 0.483024
0.378881, -0.3186
-0.554088, -1.353
0.455168, 1.43329
1.45598, 0.436582
-1.56139, 1.48016
0.368674, 0.44452
-0.54592, -0.523994
0.605822, -1.5741
-1.63816, 0.649434
0.580691, -1.44551
0.667151, 1.47809
1.56378, -1.45076
0.413661, 1.46606
0.493408, -1.31851
0.612881, -0.541522
0.523912, -0.687415
1.44642, 0.516988
-1.60822, -1.45198
-1.31563, 0.513812
1.33507, -0.459932
0.418158, -0.401847
-1.53564, 0.57241
-0.465461, 0.664523
-1.48805, -0.400236
-1.32806, -0.557182
0.573725, -0.355913
-0.598196, 0.566629
-1.60706, 0.560202
-1.33842, -1.37093
1.53481, -1.43924
-0.408877, 0.448624
1.5367, 1.47688
-1.54095, 1.60905
-0.436003, -0.550993
-0.481903, -0.617602
0.433232, -1.50945
-1.43824, 1.50976
0.404115, 1.40501
1.6375, -1.44256
-0.487545, -0.500834
0.266638, 0.510979
0.507609, -0.477375
-1.52835, -0.540565
0.281616, 0.435092
1.54743, 0.512457
-0.596672, 0.6025
0.707921, -1.57458
1.40002, -1.39644
1.56065, 0.492905
-1.349, 0.52166
-1.57622, 0.647416
-0.625302, -0.430618
0.574543, -1.56399
-0.485858, 1.43802
0.422112, 1.60616
-0.426363, -0.521345
1.28359, -0.625751
1.5349, 0.451068
-1.36482, -0.561985
1.43037, 1.39868
1.56031, -1.51288
0.55799, 0.608282
-1.51686, -0.479925
0.532426, 1.49162
-1.70387, -1.59125
0.506747, -0.317737
-0.394217, 1.45754
-0.253705, 1.70747
-0.557894, 0.535824
-0.395719, -0.538007
-0.531508, 0.537747
1.23145, -1.41666
1.64171, -0.584679
-1.68604, -0.602411
-0.398321, -0.424847
1.40359, 0.296602
1.41155, 0.439614
-1.58463, -0.518292
0.554599, 1.73725
0.509596, -1.45709
0.303606, 0.437862
1.67653, 1.53854
-0.553315, -1.40992
0.47129, -1.37764
1.48714, 1.45189
-1.62695, 0.448366
0.572163, 0.336699
0.663307, -1.48994
0.497145, 1.47831
0.450382, -0.452413
-1.5789, 1.42153
-1.59185, -0.674723
-1.3327, 0.333291
1.40393, -1.60615
-0.624403, -0.51106
0.423981, -0.580342
-1.57551, -0.51596
-0.510003, 1.39247
1.43993, 0.431806
-0.401509, 0.466272
-0.356183, -1.53804
-1.47702, 1.28206
1.47676, 1.52685
1.39538, 1.7033
-0.462771, 1.50824
-1.59033, 1.47645
1.49821, 1.60306
1.50034, -1.37041
-1.30271, -0.399245
1.49466, 0.644526
0.587383, -1.50665
1.58983, -1.45803
1.64488, 1.41288
-1.48075, -1.37781
1.63902, -0.529497
1.70378, -0.332123
-0.422866, -1.70664
-1.44045, 0.441079
-0.720139, -0.529568
-1.42359, 1.40055
-0.462705, -1.53529
-0.448431, -0.511583
-0.51062, -0.455344
0.566094, 1.46634
-1.39838, -0.445318
1.51158, 0.684827
-1.53412, 0.547671
0.448792, -0.461588
-1.55625, 1.27382
-1.41219, -0.361777
1.28082, -0.544112
1.55837, -0.429781
-1.3982, -0.457406
-0.421523, 0.492911
0.502255, 1.50899
1.35095, -1.67426
1.6328, -0.602844
0.51213, -1.55243
-1.56814, 1.48473
-1.60167, -1.46765
1.52803, 0.506514
1.63489, -0.62576
1.50876, -1.56455
-1.42755, 0.641059
-0.52483, 1.55758
1.55406, 1.54156
1.31756, -0.535622
-0.389697, -0.584742
0.501674, 1.4006
-1.64131, 0.528411
-0.574746, -0.167147
-0.401741, -1.37616
1.75971, 0.40981
1.38882, -0.608969
0.546272, -1.51722
-1.42737, -0.464212
-0.544622, 1.46237
-0.405386, 0.601845
-0.499142, 0.402213
0.389759, 1.33519
-1.43929, -0.506257
-1.55155, 0.487053
-0.486286, -0.464549
1.57367, -0.523198
0.585634, 0.59754
1.4752, -1.38412
-1.45184, 1.48737
-1.59007, -0.544144
-0.492789, 0.393727
-0.572463, 1.59971
-1.43824, 1.48338
-1.63237, 0.342345
-0.544092, -0.590981
-1.67235, 0.531862
-0.470975, 1.32006
-0.538514, -0.690845
0.42596, 0.698429
-1.39608, -1.60473
-1.57434, 0.454962
0.476727, 0.509449
-0.476242, 0.574432
1.64919, -0.44188
0.516939, 0.490538
0.420859, -0.66098
-1.42424, -0.57886
0.544251, 1.43164
-0.356295, 0.62731
-0.436924, -1.58622
1.52396, -0.461005
-0.477328, -1.58562
-1.48828, -0.749416
-0.429404, 0.508456
-0.390004, -0.394201
0.63166, 0.549153
-0.500019, -1.46232
1.42555, 0.679606
0.381682, -1.56781
1.52893, -0.62194
-1.28458, -1.497
0.487884, 0.397413
-0.470643, -0.340009
-1.61907, -1.38287
-1.52665, 1.45925
0.415022, -1.62263
-1.63162, -0.500649
0.400015, 0.586619
1.54229, 1.45097
1.50251, -0.531912
-1.6502, 1.67284
-0.558615, -0.578955
-1.63025, -1.2597
1.4571, 1.50653
1.42374, -1.36909
-1.54335, -0.454835
-0.532055, -1.35488
0.713721, 1.47029
1.37969, -0.559298
1.27956, 1.53459
0.41778, -1.39763
0.41099, -0.407967
0.426916, 1.39589
0.450859, 0.55746
-1.46058, 0.379503
1.51225, -0.513199
0.332556, 1.4512
0.647109, -0.395668
0.35618, -0.440786
-0.619223, 0.24671
-0.401947, 1.58713
0.396808, 0.492164
1.50613, -0.574982
1.5692, 1.49064
-1.62173, 0.540301
0.398509, 1.56215
-1.5763, -0.646858
-0.658239, -0.44671
-0.464455, 0.601289
-1.37768, 1.56402
1.50185, 0.541069
1.59844, 0.571518
-1.75616, -0.50036
-1.51814, -1.42567
0.36967, -0.522955
-0.554149, 1.63611
-0.428721, 1.35638
-0.40937, 1.42734
1.47374, -0.500652
0.680894, 0.653222
-1.33192, 1.41148
1.2867, 1.49759
1.38741, -1.55642
-0.280299, -0.440889
-1.60012, -1.39724
0.520378, 0.516027
-1.46227, -1.40435
0.493818, 0.49164
-1.59205, 0.552924
-1.52869, -0.524133
1.36258, 1.53645
-0.542016, 0.500928
0.476873, 0.569588
1.46288, 1.41509
1.46939, 1.621
0.319678, -1.52734
0.453256, 1.59901
-1.57928, -0.532018
-1.51235, 0.844394
1.44797, 0.513684
-0.404251, 1.55534
-0.322555, 0.642459
1.51804, -0.558246
-1.61175, -0.320077
-0.394018, 1.62463
0.565878, -0.469771
-0.427846, -1.45514
-1.3951, 0.588286
0.411115, 1.6161
-1.74972, 1.47665
0.430646, -0.766329
-0.482106, -1.48894
1.67446, 0.570471
-1.49798, 0.386131
0.529388, 0.535272
-1.55935, -0.404865
-1.4251, -0.367706
-0.731368, -1.55069
-0.379378, 1.40515
0.458128, 0.483051
-1.52353, -1.48841
1.43281, -1.39794
0.653144, 0.604787
-1.61754, -1.42179
1.41752, 0.60515
-1.71932, -0.406409
-1.31487, 1.36428
-0.582481, -0.494839
0.48308, 0.393012
0.516176, -1.5619
1.51559, -0.42412
-0.447639, 0.449125
0.547561, 1.64115
1.43328, 1.35957
0.55486, 1.57379
1.27825, -1.4971
1.46418, 1.55175
0.55764, 0.452022
0.449557, -1.44548
-1.29129, -0.409462
0.452622, 1.46456
-0.351912, -1.4059
1.54843, -1.63637
1.30225, 1.48837
-0.419574, 0.638473
-0.492734, 1.56896
-0.566589, 1.4819
-1.48408, -0.636556
-0.25887, -1.65271
1.43949, -0.520774
1.56726, -0.463908
1.52215, 1.40651
-0.480648, -0.639022
0.41205, 0.509798
1.34122, 1.53309
-0.576929, -1.58101
-1.45563, 0.309231
-1.47841, -1.3614
1.45412, -1.47678
0.637042, 1.5924
-0.399657, 1.4623
-0.597751, -0.44078
1.4366, -1.4373
1.54229, -0.40077
-1.34049, -0.57415
0.351206, 0.658102
1.5231, 0.410748
1.65578, -1.28646
0.615778, -0.46794
0.454, 1.58098
1.61616, -1.41321
-0.531076, -0.49238
-1.45757, -0.548249
-0.602542, 1.66735
1.36811, -1.39368
1.41096, -1.48632
0.599751, -1.30279
-1.52192, 1.5619
-1.55175, 0.515757
-0.526179, 0.597471
1.45065, 0.498777
0.353158, -1.58309
-0.324576, 0.508804
-0.445399, 0.522294
-1.51649, -1.42608
-1.48728, -0.571034
-1.46776, -1.60747
-1.55917, -0.620755
-0.575501, 1.58988
-1.38506, -1.38537
-0.464766, -1.47148
0.501647, 1.56339
0.491392, -1.45025
-0.441263, 0.640831
1.54981, 1.54785
-1.51817, 0.277024
-0.484887, -1.49051
-0.361562, -1.47439
0.610382, 1.51223
1.47742, 1.53386
-0.533316, -0.49702
-1.59821, -0.494001
-1.58078, 1.56487
-0.440532, 1.56845
-1.3632, 0.479882
-1.54161, -1.34413
0.592898, -0.435952
-1.59946, -0.417384
-0.544516, -1.57285
0.46281, -1.34355
-0.330956, -1.57253
-0.557863, 1.53926
1.28393, 0.457473
0.431526, 1.46309
-0.541584, 0.35943
1.32349, 1.35476
0.485401, 0.427715
-1.23798, 0.39332
-1.57048, 1.53343
-0.779763, 0.496106
-1.64994, -0.357608
-1.36027, 1.43937
0.805093, 0.608387
0.557298, 0.652176
0.578248, 1.41038
-1.50918, 0.531442
1.50709, 1.56293
1.43393, -0.532991
0.570537, -0.409786
0.570199, -1.5658
0.584917, -0.274101
1.47787, 0.520343
-1.64111, 0.645485
-0.705491, 1.67179
-0.559856, -0.531947
-1.35891, -1.49027
1.56474, 1.4268
0.392573, -0.489467
0.496265, 0.496076
1.46445, -1.52912
-0.443802, -1.65535
0.352866, -1.5
0.370785, 1.52182
1.55984, 0.460298
-0.546264, -0.629129
-0.552613, 1.56285
1.70136, 0.5419
0.734873, 0.244191
1.34281, 0.483665
1.68009, -1.28291
-1.41252, 0.515202
0.473022, -1.62967
-1.49986, -1.60367
-0.632313, -1.62125
-0.476676, -0.443542
1.59799, 0.423374
-0.472315, 1.58806
-1.47025, 1.6784
-1.55729, -0.490847
1.52155, 0.411787
0.551739, -1.55329
-0.478196, 0.430938
-1.48922, 1.63007
1.42336, -1.38287
-0.512443, 0.62504
0.451992, -0.488642
0.446483, 0.356629
-1.5225, -1.51714
-1.53412, -0.596355
1.50675, -1.61667
1.43851, -1.50924
-1.41541, -1.46706
0.40694, -0.378403
-0.392745, 1.52359
1.42134, 1.36306
-0.460093, 0.436032
-0.601777, 0.551191
-1.54937, 1.37781
-1.41416, 1.54465
0.39927, -1.53052
-1.5065, 0.538135
0.605484, -1.67687
1.44583, -0.481486
-1.70821, 1.43292
-0.550246, 1.4291
1.62256, 0.311838
-0.567279, -1.3903
-0.467364, 1.40309
-1.60597, -0.588366
1.65309, 0.371715
1.57323, 0.461676
0.455749, 1.62914
-0.523449, -1.33269
-0.578252, 1.31073
1.4968, 0.438761
-1.5631, 1.52503
0.463008, 1.40419
-0.325865, 0.538792
-0.653763, 1.63052
1.40853, -0.556722
-1.57305, -1.37048
1.41067, -0.510123
0.620025, 1.3785
1.67819, -0.487932
-0.538711, 0.324047
-0.492594, 1.5389
0.465088, 1.53579
0.457519, -1.38063
-1.43177, 1.40864
1.62857, 1.24519
-0.452076, 0.390606
1.51385, -1.50932
-0.577397, 0.413374
1.58952, 1.72643
1.39707, 1.604
-0.630284, 0.573587
0.487779, -0.673012
-1.45208, -1.51969
-1.43583, -0.51079
-1.42918, 0.519393
1.48561, 0.447177
-1.64188, 1.5829
-0.457626, 0.638311
-1.43636, 1.47915
0.412857, 1.64068
1.5466, -0.503413
0.431412, 0.51708
1.52807, -0.590077
0.510367, -1.40461
-0.521457, 0.583655
1.43072, -1.59236
0.478485, 1.59994
-1.5646, -1.6024
-0.635023, -0.487098
1.40594, -0.60982
-0.543893, 0.466614
-1.53496, 1.3849
-1.52875, 0.400835
-0.457879, 1.57443
0.48816, 1.4912
-0.349029, -1.48532
1.3849, -0.442906
0.346721, -0.562529
-0.446288, 0.487963
0.476254, -0.499139
1.48529, -0.633752
1.62131, 1.76994
0.486432, 0.530229
-0.594531, 0.409019
0.432659, 1.34219
-0.436526, 1.51751
0.550424, 0.696671
-1.40261, -0.63649
0.588152, 1.41985
0.46489, 1.61977
1.42291, 0.346989
0.465735, 0.60398
-1.36381, -0.444069
1.49598, -1.40038
-0.42511, -1.48009
1.41403, -0.533976
0.51487, -1.54268
1.55282, 0.564848
1.5075, -0.468875
0.361241, 1.38773
1.47336, -1.42505
-0.421299, 1.57585
-0.707593, -0.364579
-1.55524, 0.436474
1.35941, -0.478944
1.43893, -1.63246
-1.52804, -1.52761
0.593069, -1.34242
1.37831, 0.494756
0.565723, 1.52112
0.480324, 0.44001
-1.37035, -0.571447
-1.54958, -0.434274
-1.60939, 1.41211
1.43494, 1.49527
0.54381, -1.60384
1.2412, 0.713751
0.555943, -1.41578
-1.49231, 0.692392
1.46778, -0.443028
0.479237, 1.60405
0.457608, -0.523312
1.48788, 1.48535
0.523669, -1.62119
-1.44696, 1.51885
-1.50842, -1.64053
1.60273, 1.44379
0.579748, 1.57668
-1.50176, 0.422673
0.504567, -1.46125
1.62647, 1.52357
-1.51309, -0.518257
0.690835, 1.53358
1.3923, -0.532849
-1.491, -0.394333
-0.475343, -1.38615
-1.42844, -1.52822
1.50349, -1.34578
-1.52348, 0.394501
-1.50642, 1.53342
1.45877, 1.39364
0.456377, 0.42019
1.48456, 1.47456
-0.502358, 0.680217
-0.377196, -0.490304
1.29871, 0.268799
-1.67959, -0.485951
-0.423864, -0.270906
-0.584207, 1.3665
-0.546798, 1.43239
0.658879, -1.29945
1.60633, 1.4821
1.50585, 1.64495
0.38992, -0.453799
0.328249, 1.32741
-0.615929, 1.49446
0.563637, -0.680219
1.35727, 0.428799
1.44273, -1.54674
-0.411035, 0.508922
1.54198, 0.352596
-0.421927, 1.60051
-1.36404, -0.545841
1.58271, -1.56895
-1.48344, 1.59798
0.434339, 0.384617
-0.574687, 1.67807
-0.360882, -0.413107
-0.539407, -0.465689
0.500133, 0.37984
-1.59799, -1.49804
-1.49363, 1.42049
-1.56938, 0.404435
-0.605218, 0.587625
-0.313234, 1.41511
1.39743, 1.64103
1.42591, 1.65701
-0.547043, -0.30721
1.42161, 1.29808
1.48193, -0.623263
1.58987, -0.642896
-0.422564, 1.58568
-0.497824, -1.60334
1.66595, 0.400383
-1.43613, -1.55606
-0.581116, -0.507807
0.41537, -1.68485
-0.556938, 0.429199
-0.58259, 1.57431
-0.486314, 0.858153
1.6929, 0.549003
1.39792, -1.5518
1.49986, 1.44833
-1.71486, 1.60056
-1.48916, 0.450284
1.69248, -0.615495
0.626047, 0.560786
-1.50365, 0.50344
-1.47283, -0.404892
0.474604, -1.48732
1.66479, -1.45812
-1.3339, 1.5053
-0.492148, -1.6052
1.64376, -1.25747
-1.36534, -0.417383
1.6172, -1.67089
1.5439, -1.43331
1.2981, -0.450078
1.58538, 1.44978
0.347589, 1.45313
-1.57572, 0.469997
-0.490761, -1.38543
1.5608, -1.56512
1.67632, 0.58674
-1.58811, 1.55611
-1.50143, 1.44568
-1.54673, 1.42835
-0.390657, 0.502319
0.371564, -0.349274
-0.567365, -0.569081
1.56077, -0.354894
-1.45733, -1.39837
1.38492, 0.323784
0.458044, -0.590009
-0.426677, 0.70665
1.57978, -0.479668
0.425816, -1.44013
1.34981, -0.466066
-0.629863, 1.38293
1.40619, -1.38933
0.393579, 0.383421
0.454414, -0.389054
-1.48217, -0.635401
0.510525, -1.29513
0.624272, 1.45499
0.363104, -0.631376
1.47366, 0.486498
-0.595198, -1.408
1.41735, 0.434615
-1.60546, 1.53968
-1.48875, 0.433789
1.25719, 0.595596
-1.52135, 1.65057
0.400293, -0.364047
1.72412, 1.46074
-1.41224, 0.643849
0.490316, 1.27645
-1.46827, -1.38324
1.6322, 0.322564
-0.442524, -0.394068
-1.39345, -0.548659
-1.53142, 1.7272
-0.463723, 1.57183
-1.66246, 1.54698
-1.4213, 0.609315
-1.41432, 1.61121
-0.609701, 1.40931
1.69055, -0.398265
1.42738, -1.3966
0.610642, -1.43078
0.5511, -1.39885
1.53514, -1.37941
1.52694, 1.4627
1.44343, 0.589714
1.57568, -1.63278
-0.414365, 0.504439
-1.5634, -1.44404
1.50515, -1.43979
-0.449229, -0.481529
-0.42983, -1.44267
0.608283, -1.39221
-0.424256, -0.711132
1.49525, -1.34929
-0.611828, 1.46664
-1.35713, 0.449544
-0.540973, -1.47316
-0.357964, 0.368139
1.41005, 0.340233
1.61747, 0.457293
1.40235, -0.438622
-1.53097, 0.484156
-1.35202, 1.54156
-0.548582, 1.40794
-0.592964, 0.555361
1.33941, 1.36596
0.428098, 0.550606
1.48077, -0.673979
1.44355, 0.360152
1.48696, 1.61244
-0.681023, 0.633842
1.46275, -0.606635
-1.3685, 0.465671
0.533162, -0.430812
-0.547986, 0.43203
-0.449776, 1.65889
1.49578, -1.3504
1.54949, -1.56335
0.387678, -1.45281
0.627342, -1.55751
-0.612535, 1.32206
-1.60904, -0.595344
0.620976, 0.470225
-1.55619, -1.7102
0.402537, 0.641835
-1.35618, -0.40729
-0.564886, 0.550858
-1.41014, -1.50114
0.418402, 0.4863
-1.50628, -0.573435
0.499465, -0.504308
-1.48796, -0.575679
0.432299, -1.6186
0.569574, -1.61387
-1.39755, -0.333745
-1.50797, 0.55901
-0.382017, 1.54995
-1.35957, 0.475968
-0.312165, 0.522854
-1.55789, -0.450109
-1.50363, -0.504566
-1.62464, 0.394838
1.47225, -0.582363
1.52684, -0.605601
1.67986, -1.49698
-1.60391, 1.36962
-0.339215, 0.568679
-0.416188, 1.40827
-0.483915, 1.46627
1.43797, 1.41978
-0.534257, -0.559717
0.488776, 1.5078
-1.5422, -0.672184
0.506889, -0.352523
-1.61423, 0.46317
-0.588868, 0.563805
-0.541085, -0.508437
1.52049, -0.544363
1.56366, -0.571328
-0.296593, 0.482852
-1.44981, 1.36378
0.458115, -0.60562
-1.42279, 1.70435
1.31776, 1.43188
-0.425134, -0.676392
-1.37362, 1.32968
-1.65068, 1.62576
0.632985, 1.58875
-1.51791, 0.512037
0.567192, 0.547621
0.575606, -0.615176
1.39511, 1.496
-1.48864, 0.335271
1.48332, 0.531421
1.48096, 0.469055
0.412215, 1.57524
-1.39937, 0.614424
-0.429605, -1.2861
1.50886, 1.58517
0.367961, -1.43821
-1.33785, -0.528156
-1.591, -0.472236
1.48327, 1.41656
-0.511189, 0.394173
0.495704, 1.57089
0.536242, -0.596721
-0.550269, 0.479632
-0.523512, -1.57603
0.50097, -1.61097
1.46439, -1.53285
1.59409, 1.62908
-0.478309, -0.586723
-0.435838, -1.59526
1.44602, 1.36745
-0.531187, 0.454828
-0.515224, -1.62663
1.37398, -1.48471
1.67302, -0.390585
-0.647325, -1.48674
1.63115, -1.56901
-1.43567, -1.46979
0.561929, -0.571111
-1.5629, 0.572605
-1.47064, -1.54149
-1.6702, -0.288344
1.35161, 0.482279
1.42311, 1.49309
0.481042, -1.54732
-1.57984, -1.67274
-1.49803, 0.561464
1.6261, -1.38517
-1.47012, 1.60418
-0.425889, -1.55622
0.420135, -0.491274
-1.58995, -0.594861
1.58022, 1.44532
0.713482, 1.46968
-0.592185, -1.59428
-0.598465, -0.419018
1.22895, -0.505341
-1.56683, 1.55096
-0.443533, -1.53579
-0.553974, -0.557584
-1.63337, 0.405099
-1.48641, 1.57708
-1.44545, -1.33456
1.50461, -1.56278
-1.62131, 0.497967
1.52667, 1.35502
0.350941, 1.73099
0.498938, -0.644827
1.50955, 1.55082
1.5547, 0.437089
0.449571, -0.481948
-0.470031, -0.589501
-0.632342, 0.510052
-1.73079, 0.657211
-1.67299, 0.29261
1.5857, 1.5044
-0.442407, 0.4902
-0.634387, 0.522438
1.48737, 0.447081
-1.65324, 0.431315
0.502156, 1.55602
-0.63671, 0.469708
-1.46569, 0.468724
1.36165, -1.51367
0.546049, 1.49284
-0.294308, 1.59847
1.37968, -0.54096
-1.29635, 0.474055
-0.486394, -1.3682
1.5454, -1.63783
-1.39875, 1.49239
1.63492, 1.44493
1.56267, 0.540121
0.657654, -0.392347
1.68814, 0.503999
1.50489, 1.47272
1.48035, 0.559029
-0.555085, -1.44994
0.520044, -0.525851
0.640166, 0.31467
-0.458938, -0.47103
1.58897, -1.61734
1.47055, -1.71873
-0.590283, 0.346885
-0.709533, 1.59116
0.388257, 0.594558
1.46282, 0.634756
-1.43967, 1.61758
1.33953, -1.62176
-1.45822, -1.51238
-1.55162, -0.351014
0.37284, -1.56177
0.511931, -1.60668
-0.420848, -0.623658
-0.65577, -1.62544
0.609967, -0.303692
1.40034, -1.70721
0.60887, -1.51521
0.424028, -1.39965
-1.42057, 1.46941
-0.485901, -0.6284
0.55286, 1.60718
-1.67433, 0.556641
1.53484, -0.548392
0.5235, 1.29989
0.574514, 0.402268
-1.62172, -0.652086
0.340205, -1.5336
0.4999, -0.564887
1.4936, 1.39232
-1.59928, -0.341356
-0.657549, 0.363695
1.43866, -0.586483
0.488037, -1.5209
-1.64748, 1.51146
-0.42689, -0.669821
1.59497, 1.62037
-1.49843, 0.496827
-1.73051, -0.536116
0.497256, 0.657724
-1.52495, 0.527831
1.47445, 0.555327
-1.42008, 1.52857
-0.496075, 0.548529
0.390124, -0.503528
-1.70439, 0.569415
-0.350835, 1.70749
-1.3442, -0.397924
-1.5931, 1.44455
-1.40496, -1.36413
1.53188, 1.54162
-0.48596, -1.42532
1.57154, -1.62752
-0.550194, -1.47103
-1.47032, -1.39072
-1.37128, 0.575243
0.591487, 1.48477
-1.58134, -1.34837
-1.43624, 1.43192
-1.56774, -1.43403
1.60463, -0.588919
-0.532562, 0.479135
1.40081, 1.61077
-1.58342, 0.421725
1.5388, 0.509055
-1.55935, 0.521038
-0.343164, -0.638664
0.768146, -1.40144
1.40147, -0.358275
1.552, -1.44894
-0.603694, -1.59904
-1.50204, -0.597133
0.494684, 1.44447
0.412333, -0.69555
1.4058, -0.800329
0.485459, -0.427241
-0.584074, -0.543315
-1.58648, 1.59798
1.40005, -1.45826
-1.54431, 0.548115
-0.398557, -1.34821
-0.611873, -0.421075
-0.41958, -0.251007
1.39166, 0.462197
0.385674, -1.66918
-1.44389, 1.44555
-0.388879, 1.6067
0.480084, -0.316634
0.654789, 1.56883
-1.36488, -1.5659
1.65571, 1.45793
-0.60308, -1.59039
-0.496629, 0.663394
1.51998, -0.48319
-0.599221, -0.354818
-1.57003, -0.298295
1.38631, -0.463387
-0.478833, 1.50407
-1.38589, 1.42898
1.3278, 1.5162
1.36428, -0.532989
-1.56457, 0.619398
0.418579, 1.42242
0.559506, -1.44332
0.550202, 0.395182
0.456639, -0.421918
-0.661014, -1.34513
-0.600236, 1.37151
0.485476, 1.58553
-0.28458, 1.45781
-1.44891, 0.638732
0.602556, 0.399353
1.66514, -0.469869
0.600777, 1.48716
-0.584535, 1.30623
0.446759, 1.5351
0.370597, -1.59522
-0.153329, 0.512774
-1.46897, 0.328512
0.511356, 0.466816
0.336385, 1.42499
-0.541584, 1.47229
-0.528253, 0.413141
1.43526, 0.404527
-0.490367, 0.427862
1.58232, 1.48502
-1.40369, 1.3585
-1.31724, 0.532632
1.36585, 0.477808
1.68727, 0.640234
-1.4054, -1.53364
0.384882, -1.64143
-1.365, -1.58542
-0.440198, -0.581702
-1.48981, -0.448894
0.499348, -1.58504
0.508866, -1.72297
-1.31855, -0.388689
1.53048, -1.28794
1.55459, -1.51043
0.435806, 1.62932
1.51164, -0.409868
-0.558946, 1.45547
-0.568482, -1.52517
0.269796, -0.445819
1.46019, -0.45633
1.59249, -0.446442
-0.446575, 1.48161
1.62731, 0.604539
0.396126, -1.43777
-0.404571, -0.422047
-0.369521, -1.58132
-0.378061, -1.42852
-0.456842, 1.46422
-0.452841, 0.429854
1.63182, -0.40844
1.38326, -0.511299
0.486852, -0.550447
-1.47466, 1.38321
1.5835, 0.556527
0.545351, 1.47432
1.54764, -1.60433
-0.566727, 1.48063
-0.33516, -1.38922
1.73614, 0.495057
-0.496646, 1.47382
1.39305, 0.4995
1.53139, 0.546475
-1.47181, -1.50673
0.651702, 1.45373
-0.667986, 0.566692
1.50354, 0.525507
-0.514351, 1.50315
0.57853, 1.33711
0.490721, -0.45827
-0.356114, 1.4565
1.37581, -1.53428
1.53846, -0.453063
1.59033, 0.525701
-0.332692, -1.43873
-0.405649, -0.394984
-1.42564, -1.52207
-1.57547, 1.48527
-0.566886, 0.658845
-1.4631, -0.33859
1.5615, -1.4906
-1.45662, -0.495973
-1.52669, -1.49617
-1.58286, -0.390403
0.523353, -1.48524
-0.510361, 0.58115
-1.67253, -0.446277
-0.458549, 1.45945
0.60771, 0.387163
-1.60252, -1.45367
-1.60477, -1.47208
0.469206, 0.30699
0.377452, -1.3622
0.572871, 0.589449
0.389202, 1.35507
-0.555923, -1.46214
1.56927, 0.416521
-1.5421, 0.484951
-1.24894, -0.433904
1.38589, -1.4649
0.541621, 1.41484
1.5111, 0.545849
-1.39908, -1.67839
-0.540393, -0.397384
1.56588, 0.584126
-0.542452, 0.568365
1.49654, -1.69137
1.47324, 1.50039
1.56475, 1.53908
0.483071, 1.6132
1.61829, -0.483729
-1.58532, -1.36747
1.46972, -0.601339
0.493762, 1.50557
-0.560766, 0.497274
0.538789, 0.582131
0.578773, 0.556963
-1.48837, -0.428833
-0.534794, -1.41696
0.4725, 0.53598
0.556662, 0.548026
1.44999, -0.391402
-0.558498, -1.45933
-0.610668, -1.55004
-1.69993, 1.40593
0.446466, 0.496519
-0.412419, -1.41597
0.557522, 1.4639
1.48361, -1.41004
-1.35093, -0.39108
0.541786, 1.56975
1.26718, -1.45956
-1.48836, 1.63647
0.491821, 0.345704
-0.589078, 1.33352
1.52757, 1.60932
0.514025, -1.61796
-0.637227, 0.529961
1.62669, 0.498474
1.55689, 0.506957
0.64007, 0.528295
1.5738, 0.401179
-1.47538, -1.38873
-0.492233, 0.585555
-0.505266, 0.442305
1.60653, 1.69373
0.572959, -1.46282
1.57145, 0.643697
0.584248, 1.42082
0.42751, -1.54533
1.56624, -0.418542
-0.515847, 0.37364
-0.51873, -1.62583
1.45488, 0.500985
-0.558278, 1.53942
0.630302, 0.55966
0.583983, 0.333997
-1.50772, 1.45168
1.55921, -0.432391
-1.54124, -0.286698
-1.2438, 1.47108
1.45051, 1.524
0.602691, -1.39615
1.53777, 1.62271
0.389873, 0.562938
-0.670778, 1.31557
-1.34362, -0.504941
-0.562834, 1.60275
-1.476, 1.4635
-0.41612, -1.40943
0.378635, 0.535795
1.41201, 0.639023
-1.51219, -1.51555
1.58002, 0.319105
-0.515994, -0.617164
-1.50909, -0.451933
-0.578517, 0.635359
1.4712, -1.39399
-1.68407, 1.56823
0.389357, -0.431396
-0.496405, -1.59263
-1.4116, 0.584928
0.290788, -1.46474
1.57786, 1.57884
1.46424, -1.40542
-1.4733, 1.3605
0.587515, -1.53748
-0.536099, -0.3903
0.438521, 1.55803
0.558065, -1.54059
-1.36669, 0.521868
1.37256, -0.647687
1.52312, -1.53317
1.41149, -1.47753
-1.63027, -0.742409
1.53989, -1.46455
-0.466887, -1.42927
-0.42891, 1.32
-0.394065, 0.42182
0.468728, 0.317205
0.662057, -0.372683
0.648613, 1.46442
-1.44795, -1.5589
1.5857, -0.535095
-1.50978, -1.67312
0.473983, 1.53966
0.593612, 0.478746
1.5598, -0.564201
-0.467814, 1.5696
-1.42218, -0.594093
-0.389262, -0.353372
-0.605181, 1.46222
1.13347, -0.5432
-0.570106, -0.445483
-1.45438, 1.56171
0.518691, -1.30001
0.556946, -0.697221
-1.3728, -1.31564
1.66973, -1.51609
0.556998, 0.542699
0.375685, 1.45753
-1.50037, 1.59442
1.56639, -0.548318
0.602127, -0.493763
0.568353, -1.55176
-1.55101, -1.42409
-1.39397, 1.37611
-0.533386, -0.536779
-0.634039, 1.3307
-0.583716, 1.44269
-1.3848, 0.506902
0.545192, -0.440659
1.69266, -1.55017
-1.44272, 0.437321
1.39245, -0.416391
1.50881, 0.527807
0.441462, 0.500729
0.471359, -0.476466
0.521065, 1.48389
1.5004, 0.552652
-0.580945, 0.474815
-0.47468, 0.434878
0.699182, 1.47323
0.387078, -0.47176
-1.31631, 0.384612
-0.520794, 1.47685
-1.56108, 0.635076
-0.486696, -1.41552
1.4723, 0.541055
0.262036, -1.59414
1.64968, 0.558754
1.55768, 0.532987
-0.495089, 1.5423
-0.359012, 1.60416
-0.221896, 1.67149
0.56591, 1.57732
1.32967, 0.548136
-1.40185, -1.36352
-1.58794, 0.649238
-1.60981, -1.41053
-1.6954, -0.66689
-0.477636, -1.66465
-1.5381, -1.50151
-0.580201, 0.603385
-1.44923, 0.516983
-1.39233, 1.57518
-0.422812, 0.433563
1.48773, 1.58688
-1.48691, -1.48313
0.484699, -0.381204
0.478784, -0.423367
1.56405, -0.49522
0.446577, -0.695215
0.316855, -0.522372
1.47725, -1.5103
0.459498, 1.4845
-1.6666, -0.634707
0.297798, -0.468206
-0.479922, -1.62585
-1.46936, -1.44501
0.523773, -0.590132
1.56968, -1.61611
-0.610905, 1.6661
1.56701, 0.555856
0.415508, 0.467731
-1.62115, -1.53992
0.336669, 1.74177
-1.5709, -0.709064
-1.47456, 1.51624
1.68203, 1.32653
-0.404792, -0.65336
-1.59733, -1.54623
-0.437964, 1.64941
-1.50335, -0.46794
-0.567135, -1.63819
-0.268394, -0.440574
1.47904, -1.55543
-0.533151, 0.565932
1.51872, -1.48289
-0.275356, 0.412623
-0.468236, 0.442881
-0.512562, 1.56256
1.5676, -1.44521
1.50068, 0.501764
0.31792, 1.51786
-1.47119, 1.53941
-0.715703, 1.44338
-0.481069, -1.6388
-0.554352, 1.65265
-1.54907, -1.49288
-1.46798, 1.45646
-0.558098, 0.498542
-1.51617, 1.52337
1.42407, -0.590885
-1.42784, 0.331111
1.52523, -0.60901
-1.34093, 1.43892
-0.617399, -0.393097
0.421191, 1.46507
1.51316, -1.46049
-1.47891, -0.537318
-0.539431, 1.4084
-0.609871, 1.53843
-0.502456, -0.417728
1.51005, 1.48883
-0.515184, -1.51641
-0.365501, 1.59908
-1.52808, 1.45299
1.45261, -1.53143
1.53118, 1.49247
0.337365, -1.39671
-1.5569, 0.4149
-1.54813, -1.35596
1.31427, -1.4794
-0.418569, 1.37661
-0.513034, -1.54118
1.25755, -0.582876
-0.404002, 0.620189
0.515549, -1.54511
-1.32744, 1.41201
1.50332, -0.481249
1.70808, -0.495546
0.403287, -1.49915
-0.4735, 1.46994
-1.53542, -1.49855
-1.55752, 1.58045
-0.59283, -0.530054
-0.563643, 0.439859
0.423328, 1.41002
1.49851, -1.34927
-0.444676, -1.48545
0.44766, 0.405759
-1.38878, -0.497119
0.368283, 0.48699
-1.5433, 1.52114
-0.481492, 0.377565
-1.36603, -1.38053
-1.55008, -1.45944
-1.36473, -0.48783
-0.531206, 0.422651
1.51424, -0.599106
-1.53712, 1.52673
-1.63298, 0.515521
0.508996, 0.531597
1.47768, -0.483829
-0.642964, -1.49415
0.466844, -0.720003
-1.45793, -1.64557
-1.46901, -0.577857
-0.470277, -1.48118
0.523073, -1.51057
-1.42474, 0.539122
-0.372311, 1.66909
1.67992, -0.56055
1.47594, 0.536736
-0.39307, 1.40567
1.51467, 1.41634
-1.41072, 1.5272
1.32752, 1.57683
1.54247, 1.43605
0.52392, 0.440398
-0.531932, 1.52922
0.516539, 1.54743
0.68645, -0.380286
-1.52968, -0.522935
1.5794, -1.535
0.440139, -0.481466
-0.383495, 0.523594
-0.343861, 1.39836
-1.53859, -0.527932
-0.52566, -0.426908
1.53066, -0.512617
0.524634, -1.52636
0.56621, 0.500411
-1.54621, 1.38484
-1.57355, -1.5743
1.40161, 1.48737
-1.43257, -0.51821
-0.433067, 0.41202
-0.705257, 1.49056
1.46439, 0.760383
-1.52874, 0.489062
0.346695, 0.641065
0.48927, 0.471739
-0.611187, -1.70177
1.59425, -0.414243
-1.37471, 0.577595
0.545235, 1.39889
0.568101, -0.607267
0.516563, 0.425158
0.413728, -0.478012
1.51648, 0.656934
0.425675, -0.46354
-0.430776, -1.48964
0.406978, 1.526
-1.50035, -0.403134
-1.443, -0.576658
1.56468, -0.620784
0.458057, -0.412053
1.50097, -0.485898
1.56861, -1.54056
1.38477, 1.49406
0.582726, -1.46491
0.720875, 1.58914
-1.49771, 1.56164
-1.42792, -0.339044
1.52519, -1.56283
1.43038, -0.216356
1.59109, -0.385621
-0.530441, 1.56845
1.63021, 1.54122
1.5669, 0.418273
1.3151, 0.698829
-0.379714, -0.633126
-0.418546, 0.567739
1.32894, -0.373932
-0.459791, -0.459737
0.728801, -1.55231
-1.60028, -1.40745
-1.51553, 1.43318
1.43637, -1.38458
0.494488, 1.4747
0.579015, 1.43456
-0.596409, -1.59671
0.39884, 1.48275
0.524442, -0.497145
-0.501675, -1.45627
-1.2885, -1.4232
-1.37191, -1.28963
0.370786, -0.59098
-0.615894, -0.528901
-1.59672, 0.522786
1.56454, -0.494853
1.37371, 1.48114
1.63348, -1.53061
-0.609547, -1.33725
-0.456741, -0.447667
-1.35166, 1.61377
-0.477764, -1.6001
-0.506404, 1.49813
-1.68717, -1.46613
-0.442681, 0.49394
-0.556153, -1.34529
-0.47446, -1.41232
0.456847, 0.325735
-0.522876, 1.69412
1.45452, -1.61485
0.579551, -0.585221
1.51164, -1.40061
-1.28789, 0.555205
-0.433288, -0.550662
-0.468628, 0.544882
-0.528163, 0.523108
-1.32341, -0.441421
0.44566, -0.352354
0.483882, -0.516251
1.47769, 0.519229
1.35421, 1.48051
1.42938, -1.56453
-0.516505, -0.445982
-0.459665, -1.44771
0.518291, 0.476407
-0.531953, 0.604964
-1.45787, 1.61208
-1.55896, -1.41027
0.349265, 1.53812
-1.48084, 0.43492
1.62769, -0.504052
0.547294, -1.73207
0.464953, -0.484195
-0.483833, -1.65696
-1.33637, 1.48369
-0.417995, 0.33688
-1.53182, -1.52763
1.58739, -0.496745
1.54395, 0.386984
-0.527048, 0.571132
-1.50358, 0.614094
1.66845, 0.454568
-1.4125, -0.512497
-0.319956, 1.37674
0.407181, -1.36343
-0.527449, 0.422184
-1.42567, -1.50934
1.52692, -1.55737
-1.54079, -1.61536
-1.55893, 0.626694
-1.40457, -0.584417
-1.44865, 1.45219
-0.511965, -0.642152
-1.53075, 0.436853
-1.39414, 0.41014
0.26153, -1.49571
-0.523848, -0.490036
1.29318, 1.52419
0.256576, -1.5817
1.62854, -0.389256
1.55971, 1.47016
-0.57341, -1.34782
0.458681, -1.48023
1.64347, 0.540669
1.43274, 0.577017
-1.55288, 1.34935
-1.5012, -0.468313
0.556628, 0.528279
-0.47475, -1.63396
1.48474, 0.642807
1.45151, -1.40568
1.46685, 0.625401
-1.439, 0.505473
-1.44233, -1.62973
1.41264, 1.41043
0.279884, 1.57895
1.39119, -0.519301
0.516422, -1.49237
1.40776, -0.523232
-1.49582, -0.395562
1.59571, 1.54195
-0.479345, 0.523442
-0.520031, -0.500551
1.69314, 0.779415
0.464002, -0.48018
-0.547725, -1.49261
-0.665304, -0.379491
-1.48158, -0.659181
0.449114, 0.427805
-1.47951, 0.430645
-1.41876, -0.484415
-0.537596, -1.54951
1.44751, -0.703055
0.632451, -0.553203
0.453734, -0.471657
1.48309, 0.405227
1.58874, -0.390135
1.39816, -0.471741
-1.37178, -1.53873
-0.506314, -1.67883
-1.5036, 1.58053
1.56945, -1.42944
0.433475, 1.5951
-0.381279, -0.423251
1.32276, 0.501344
1.52499, 1.52361
-0.469086, -0.406709
0.63245, -0.460873
-0.407105, 0.442801
-0.369721, -0.552503
1.34032, -0.70655
0.41574, 0.425408
-0.403162, 1.23408
-1.35108, -0.415978
0.404981, -0.463285
-1.40074, 0.519063
1.59303, -1.4347
-1.28732, 1.62888
0.377479, -1.5826
1.50793, 0.454377
1.52798, -0.641423
1.27834, 0.422495
1.53245, -0.657311
-0.587231, -1.44403
0.4179, -0.468091
1.65228, -0.513145
1.2779, -1.48113
-0.492966, 0.530603
1.49159, -1.34984
-1.64206, 0.688837
0.266257, 1.53075
1.48894, 1.46482
1.58991, 0.482693
0.509739, -1.47085
-0.435586, 0.439851
1.49642, 0.438026
-0.53341, 1.48173
-0.347434, 0.44099
1.38399, -0.635021
0.553313, 1.29931
-1.41838, 1.47334
-0.362244, -0.613296
0.470769, 1.48134
-0.428871, -1.58328
-0.490743, 1.57476
1.62758, -1.50551
0.428075, 0.448052
1.39421, -0.513578
-0.562472, 1.52693
-0.394838, 0.344846
1.41704, 0.56165
0.655594, 1.40619
1.35624, 1.64003
0.627785, 0.486068
-1.60997, -0.445135
1.67321, 1.56645
-1.50572, 1.59918
-0.595546, 0.31674
0.535906, -0.364604
-1.4355, -0.477905
1.56034, -1.56347
0.550995, 1.4638
1.40649, 1.42809
-1.52119, 0.396618
0.472075, 1.58127
0.563428, -1.39964
0.602432, 1.52425
1.40078, 1.3171
1.57962, 1.2935
-0.462716, 0.459439
-1.35133, -0.515487
1.63052, 1.59912
-0.430231, -0.513937
0.359665, 0.691011
0.268685, 0.653821
-0.448771, -1.6687
-1.66106, -1.42128
-1.36, -1.42237
-0.336593, -1.6679
-1.68309, 1.47433
1.43928, -1.44749
0.303853, 0.500426
1.37664, -0.643493
-0.589279, -1.4263
-0.342707, -1.52506
1.51099, 1.51776
-0.440587, 0.31566
1.40233, -0.479863
-0.48, -0.531823
1.49709, -1.48939
-0.576553, 1.48626
0.302385, 0.395737
-0.41711, -1.5517
0.398024, -1.47241
-0.448803, -1.51827
-0.698473, 0.284803
0.354091, 1.4074
-1.59306, -1.53279
1.49, 0.686281
-1.61147, -0.515691
-0.483772, 1.53151
-0.496274, 0.653091
1.45765, -1.52794
-0.476002, -0.603049
0.344199, 0.560437
-0.463311, -1.42812
1.41255, -0.37814
0.6724, -1.48063
-0.586731, 0.62183
0.446536, 1.71302
1.4402, 0.594853
0.607383, 1.44024
1.46223, -0.454631
-0.53532, 0.512194
-1.60086, -1.43765
1.63652, 1.40837
1.50675, 1.35261
-1.55257, 1.57043
0.507133, 1.31643
-0.442055, 0.405122
-1.50531, -0.47566
0.376343, 0.589012
1.49395, -0.433388
-0.393185, -0.433043
1.47882, 0.599644
-0.443215, 1.40191
-0.469351, 0.437917
0.508277, -1.48061
0.53561, -0.722549
0.483357, -0.529436
-0.511337, -0.260888
-1.59115, -1.61627
-1.43538, -1.60445
1.36321, -0.548513
-0.595719, -1.50521
-0.606759, -1.38497
0.700769, -1.45465
-1.37292, 1.58343
-0.599347, -0.430812
-0.562685, 0.420339
-1.54828, 0.362399
0.5586, -0.561414
-1.3691, -1.37936
1.51795, 0.532909
-1.43935, -1.55774
1.5128, 0.520214
0.562412, 0.480007
-0.183773, 1.47816
0.513439, 0.399445
1.52227, 0.513903
-1.62321, 0.416446
-1.50473, -0.365368
0.653068, -0.517339
1.39499, 0.478291
1.29185, -0.577168
1.57594, -0.40563
-1.32977, 1.49034
-0.443296, -1.27603
1.37058, -1.45444
1.50992, -0.520027
1.49691, 1.49505
0.580965, 0.68432
1.35229, 0.475614
-0.51605, 0.545211
0.527278, -1.35107
1.45228, -0.593633
-1.45198, -1.4825
1.39143, 1.4133
-1.41062, -0.589086
-0.427096, -1.49634
1.63835, -1.41373
0.660669, -1.51981
1.65445, -0.478819
1.69842, 0.368382
1.53151, 0.626883
1.39072, 0.54743
0.657671, 1.56254
1.54887, 1.52157
1.5621, -0.448339
0.497939, -1.52873
-1.50847, 1.55879
0.513528, 1.44518
-0.683864, 1.5213
-0.596593, 1.38958
-1.63671, 0.473968
-1.47341, 1.37875
-1.44671, 0.602182
1.56697, 1.52118
1.5595, -0.529628
-0.453388, 0.346883
0.62656, 1.45668
-1.61926, -0.608458
-0.425827, -1.49269
1.32146, -0.400522
-1.36787, -0.452779
-0.445372, 0.432705
1.74494, 0.570548
0.598718, -0.744076
1.43519, 1.46002
0.557971, 1.66475
-0.332221, -1.40374
-1.62151, 1.49856
0.434141, 0.582109
-1.64912, 1.68
0.538393, -0.614593
-1.51744, 1.52898
-1.55206, -0.261578
0.389404, 0.280986
-1.56889, 1.65683
-1.3299, -1.43636
-1.4162, 0.71102
-0.514254, 1.49111
1.64968, 1.33107
0.481522, 1.58331
1.41472, -1.55208
0.536654, -0.66309
1.65202, -1.35354
1.65045, -0.438825
1.43528, -1.60568
-0.366003, 1.45335
-1.44938, -0.526266
-1.37003, -0.424033
-0.504793, 1.56744
-0.452435, 0.599673
0.625032, -1.51371
-0.563206, 1.46943
1.6001, 1.36135
1.47133, 0.352814
-0.343087, 0.307606
-0.600104, 0.610312
1.54066, 1.27446
-0.357435, -1.40085
-1.44186, 0.467886
-1.36448, -0.670865
0.567553, -0.544707
-0.571591, -1.52822
0.503834, -0.560781
0.574046, -1.54529
1.54949, 0.594577
0.714324, -1.36481
0.397895, 1.64245
0.517946, 1.49843
-1.26282, 1.54928
0.52955, 0.546887
-1.39792, -0.600436
-1.58398, -0.717899
-0.453169, -0.332804
-1.54585, 0.597233
-1.50844, 1.51477
-0.57405, -1.37833
-0.478284, 1.59144
1.61677, -1.51503
0.443919, 0.534984
0.583535, 1.47985
-1.57281, -0.33172
-0.585535, -0.637547
0.561925, -1.5865
-0.50321, -1.50444
0.447671, -1.55507
0.507804, 1.40917
0.359887, 0.565934
0.335876, -0.501251
-0.457373, 0.297784
-1.53695, 1.46255
1.49872, 0.332425
1.54652, -0.403527
0.529931, -0.48482
-1.53404, -0.688009
0.415976, 0.493897
-0.529636, 0.70432
-0.47247, -0.535092
0.485935, -1.62571
-1.42639, 1.46247
1.48567, 1.66167
-0.578929, 1.49734
-0.651233, 0.569664
1.4254, -0.576525
-0.502932, 0.664599
-1.43365, 0.397892
-0.43655, 0.55077
-0.519675, 1.47368
-0.42672, 1.59522
1.61918, -1.55748
1.61473, -1.5061
0.406768, 1.53197
1.53958, 0.490659
-1.60426, 1.56501
-0.274743, 1.58843
1.5014, -0.509983
-1.59398, 1.54839
-0.379266, 1.39269
-1.5999, 0.398251
0.46713, -0.698592
1.50086, 1.49634
0.490879, 0.444671
0.382256, -0.436296
1.47576, 0.49565
1.4016, 1.54311
-0.46426, -0.457479
-0.494358, -1.59792
-0.508666, 1.39546
-0.412772, 0.349714
0.415848, -0.696808
-1.51955, 0.581558
0.70537, -0.454324
-0.486057, -0.342738
-1.47132, -1.58319
-0.586737, 1.39553
-1.54227, 1.49939
-0.453675, 0.610546
0.485308, -1.51818
-0.487624, 0.615943
0.575508, 0.398662
0.700061, 1.49328
1.38761, -0.657591
-1.64337, -0.606846
1.51973, -1.37749
-0.484915, -0.385204
-0.406335, 1.5087
1.55282, -0.549435
0.568644, 1.59118
-1.46389, -0.53516
1.41091, -0.551248
-0.521213, 0.509692
0.581296, -0.60084
-1.37155, -1.48039
1.43584, 1.50313
-1.67923, 1.56559
0.416531, -1.44362
-1.41855, 0.629414
-1.47626, -0.425008
-0.543934, 0.439969
-1.49039, -0.330399
1.55312, 1.42515
-1.35754, 1.73901
1.54835, 1.48138
0.789157, 0.659447
0.492775, -1.57769
1.36642, 0.541214
0.430723, -1.59481
0.279088, -0.439105
-0.639561, -1.5231
-1.44541, 0.455509
-1.53844, 0.494008
1.35009, -1.39752
-0.410034, -1.55972
0.427421, -0.493176
-0.368804, 0.51817
-0.44036, 1.46713
0.532479, 0.351542
1.56582, -1.30564
-0.455842, -0.414725
-0.435488, -0.435719
0.49343, 0.589995
1.39237, 1.38065
-0.446009, 1.38391
0.515718, 0.510577
0.703477, 1.41147
-0.40956, -1.5688
1.46866, 1.6399
0.428198, 1.51184
1.47615, -1.53388
-1.31776, 1.49215
0.619436, -0.407602
-0.415963, 1.51145
-1.25091, -1.45779
0.487678, -0.434932
1.55972, 1.44682
-1.71931, 0.719453
1.59015, -1.43593
0.315086, 1.50404
-1.40542, 0.526078
-1.6091, -1.26945
-0.529423, -0.595148
-0.555977, 0.444449
-1.52165, 0.463916
0.548991, 0.398395
-1.19688, -0.358528
-1.42614, -1.48403
0.409612, 1.64225
-0.465103, -1.37848
0.37539, 1.47447
-1.55903, -0.50297
1.44302, -0.463345
0.621563, -1.55348
-1.32376, 1.60145
0.607014, -0.500293
-1.51743, 0.428875
-0.558969, 1.62739
1.44193, 1.5561
1.59981, -0.484865
0.571246, 1.51983
-0.615049, -0.444024
-1.41232, -0.428493
1.46377, -0.570382
-1.39947, 0.623467
-1.4189, 1.42031
-1.53901, -1.4435
-1.50606, 0.375748
-0.520921, -0.398435
-1.65786, -1.49893
1.46916, -1.53229
0.411797, 0.625824
1.49348, 0.55811
1.54783, 1.43907
-0.55936, 0.459684
-0.465592, 0.616965
-0.57094, 0.452698
0.343396, 1.48297
1.4674, 1.59685
-1.49471, -1.60175
-1.56062, 0.566973
1.50454, -1.42171
-1.30452, 1.63474
0.511365, -0.54008
-1.57595, 1.40201
-0.701288, 1.64983
-0.425736, 0.554768
-1.67211, -1.52723
0.310173, 1.46084
1.61455, -0.523468
-1.64413, 0.413406
0.480694, 1.48539
-0.299554, -0.243987
1.46152, 1.53757
1.4781, 1.37348
1.36583, 0.568249
1.73459, 1.29126
-0.699108, -0.463036
0.542334, -0.632925
1.47398, -1.34006
0.392623, 0.417833
-1.51354, -1.2938
0.412447, -0.572086
-0.670802, -0.640336
-0.598503, -1.49466
1.58863, -0.36473
0.412859, 0.525694
-0.457997, -0.422182
-1.4207, 0.509477
-0.534023, 1.57236
1.46374, 0.5076
1.50349, 0.529244
-0.364393, 1.54996
0.596153, 1.52588
0.479863, -1.47594
-1.51126, 0.344132
0.684356, 0.507875
-0.481361, 1.50496
1.31993, -0.517502
-1.59281, 1.49069
-0.360679, -1.54788
0.322107, 1.61337
-1.56485, 0.577478
-1.24045, -0.520173
0.67436, -0.488509
-1.30463, 0.480831
-0.590412, -1.41022
1.60704, 1.58981
1.52073, -0.443141
-0.667107, -0.508976
-0.355829, 1.60839
-1.57896, 1.35897
-1.61667, 1.42301
-1.43505, -0.745591
-0.697074, 0.550724
1.5757, -1.52276
1.59525, 0.504757
-1.36884, 1.43067
-0.400023, -1.52932
0.497127, 1.64501
1.50739, -1.46336
-1.282, 0.594952
-0.490167, 1.47877
-1.52881, -1.41892
-0.333557, -1.56032
1.60519, -0.577716
1.53831, -1.4573
0.447776, -1.54981
-0.620076, 0.530727
-0.565011, 0.470402
1.51961, -0.537388
1.39108, -0.622509
-1.42934, 0.3145
-1.46505, -0.500095
0.506336, 1.50989
-1.53151, 1.52186
-0.5679, 0.7202
-1.55109, 1.33094
1.57858, -0.615676
1.53051, 1.606
-1.5877, -0.685749
-1.50645, 0.461634
1.45233, 1.53341
-0.500985, -0.511883
-1.4027, 0.587736
1.40953, -0.44002
1.67741, 0.400199
-1.37759, -1.56349
0.538762, -0.483032
-0.665406, -0.537674
-1.24511, 0.353667
0.453972, -0.589099
1.53984, -1.43923
-1.57655, -0.440674
-1.70164, -1.42298
0.497576, 1.33075
1.7328, 1.50983
-1.47166, -0.543949
1.61878, -1.5079
-0.592419, -0.560072
0.404501, 0.385714
-1.40279, 1.5218
1.44939, -1.48174
-0.652002, 1.59491
0.657292, 1.4403
-1.55776, -0.636575
-0.623774, 1.45651
-0.456083, 1.52682
1.39558, 0.525674
-0.459164, -0.405367
0.459296, 1.43129
1.52967, -1.58895
0.653237, 0.48921
1.64218, 1.53612
1.5503, 1.54677
-0.475962, 0.583523
1.5949, -0.497672
0.32208, 0.521568
-0.591596, -0.411723
-1.32493, -1.48743
-0.308758, 1.4716
0.505807, 0.385313
0.385441, -1.60911
1.56015, 0.516472
-1.57984, 0.65352
-0.389475, 1.5425
1.47749, 0.378977
0.594438, 0.57267
-0.49663, -0.533167
1.58907, 0.688756
0.618405, 0.493061
0.569086, 0.597645
1.43971, 1.43355
0.587286, 1.59144
-0.308138, 0.564694
0.447142, -0.350961
1.55687, -0.64011
-1.5737, -0.455854
-1.46597, -0.652621
-1.63341, 1.49737
0.433239, -0.54677
1.59164, 0.581965
-0.436318, -1.61947
0.364717, -0.585658
-0.512362, -1.26175
1.47831, -1.37985
0.630514, 0.435582
1.64255, -0.506176
0.532316, -0.717741
1.31952, 1.47762
-1.52602, 1.47464
0.554929, 1.56841
-1.54742, -0.660163
-0.543851, 0.675999
1.58389, -1.6372
-1.52692, -1.57691
-1.58917, -0.645116
-0.407336, -1.36111
1.54799, -0.497643
0.43622, -0.478588
-1.36138, -0.415298
1.55526, 0.500165
-1.46092, -0.680381
1.50912, 0.577341
1.56798, -0.382326
-0.560676, -0.386123
-0.527613, -0.53712
-1.4898, 1.53484
-1.46623, 0.566831
0.530875, -1.56188
-1.32578, 0.607286
0.512542, 1.39256
0.538116, -1.36632
-0.580357, -1.605
0.619684, -1.69596
0.384589, -1.46439
1.29791, -1.4724
-0.496453, -0.387329
0.30906, -0.542059
1.48539, -1.46104
0.447483, -0.489613
1.65485, 1.53853
0.401897, -0.405787
-1.46604, -0.592872
-0.580063, -1.49927
-0.547231, -1.49998
0.514879, -1.62874
0.542556, -1.52328
-0.489889, 1.42346
-0.473119, 1.30552
-1.39867, -0.564975
1.49046, 1.50587
0.387895, 0.43076
-1.49071, -1.53606
1.59003, 0.571861
-1.53463, -1.38896
0.513441, 0.511372
-0.37932, 0.467378
-1.48206, -1.605
0.458058, -1.48874
0.301073, 1.42691
-1.39608, -0.376591
-0.527138, 1.60228
0.535051, -1.44243
0.651015, -0.406224
-1.5329, 1.49738
0.564541, -0.604354
1.66514, 0.309231
0.468685, 1.42521
1.46997, 1.39789
-1.52788, -1.3965
0.613737, -1.35602
0.699779, -0.556709
-1.62044, -0.349059
1.28372, 1.47136
1.51743, -0.41055
0.645917, -0.465686
1.52234, 1.52287
0.604774, -0.280217
0.422375, -0.582316
0.471648, -0.519313
-1.61494, -0.530704
-1.45951, 1.64328
0.461419, 0.529206
-0.742323, -1.40898
-1.34153, -0.468314
-1.47424, -0.425648
0.336686, 1.57586
-0.554104, 0.523604
0.430301, 0.551519
-0.36555, -0.284063
-1.59619, 0.675997
-0.434067, -0.381076
1.31769, -0.353228
-0.477692, 1.63405
-1.48866, 1.52119
1.44618, -0.360204
1.52258, -1.42025
-0.561007, 0.464733
-1.57858, -1.67632
0.564036, -1.39122
-1.55215, 1.35823
-0.631802, -1.39792
1.42891, -1.54403
-1.22654, -1.47116
-1.54624, 0.376844
-1.55634, 1.52658
-0.444422, -1.48018
0.353873, -1.5146
-0.610108, -1.38647
-1.52604, 0.631131
-1.45014, -1.44665
0.658475, 0.564823
0.37848, -0.627297
1.34414, -0.392658
0.577104, 0.488698
-1.4391, -1.5208
-0.579901, -1.67122
-1.49084, 1.54412
1.75964, 0.502084
-0.357884, 1.52319
1.60925, 1.54572
-0.518007, 0.520329
1.34268, 1.31001
0.253752, 0.483754
-0.505416, 1.59214
-0.332246, -1.55432
0.430173, 1.47152
-1.38127, 0.520261
-1.62112, -1.52614
1.61797, 0.328675
-0.187311, 0.333967
-1.58776, -0.480091
-1.48376, -1.6905
1.58356, -0.450914
-1.53778, -1.42473
-0.469114, -0.533347
0.474999, -1.43772
-0.523206, -1.46994
-1.61467, 0.373275
-1.3913, 1.51771
0.464086, 1.56492
-1.49578, -0.546505
-1.46059, 1.45118
1.44141, -0.533819
0.462107, 0.33917
0.328529, -0.43317
-1.58307, 1.47358
0.718067, 0.704513
-0.490973, 1.48618
-0.688784, -0.493406
0.443347, -1.58255
-0.512605, 0.529493
-1.48603, -1.53263
1.62367, 1.57449
1.57331, 1.58594
-1.33673, -0.411446
1.47853, -1.6754
-0.537795, -1.44327
-0.46658, 1.52776
0.506967, 0.626929
-1.56436, -0.349559
-1.67117, -1.60164
-0.619537, -0.609919
1.36043, 1.49363
0.509398, -1.56357
-0.438597, 1.66518
0.439488, 0.651387
0.581351, -0.566728
-0.476448, 1.60601
-1.43155, -1.34378
0.55582, 1.34804
1.44769, -0.627868
-1.54997, 1.50355
0.532829, -1.61805
-1.40568, 1.33574
-1.63827, -1.52005
0.454702, -0.6203
-0.59175, -1.69661
0.532481, 0.697879
0.672375, 0.461547
1.689, 0.616763
0.494371, -1.4506
1.44344, -0.636145
0.484158, -1.50815
1.60154, -0.349955
1.61158, -0.527141
-1.4955, 1.38694
1.37206, 1.54517
-1.28382, -0.562831
1.36399, -1.5461
1.49624, -0.6172
1.54257, 1.44457
1.36692, -1.52928
-1.50655, 0.459565
1.61515, -1.29501
-1.39239, -0.535211
1.61495, -1.50222
-1.50171, -1.44788
-1.56823, -1.4261
-0.657035, 1.49901
1.42185, -0.586248
-0.510744, -1.41065
-0.297164, 1.52636
1.43255, -1.47361
-0.286098, -0.508624
-0.443774, -1.46681
0.282708, -1.66302
-1.43502, -1.61446
-0.579768, 1.66443
-1.32564, -1.55391
0.575207, 1.50365
-1.30621, 1.55339
-1.33742, -0.448379
-1.56941, 1.36821
1.38667, -1.69206
0.5895, -1.47746
0.525513, 0.372583
-1.53557, 1.52388
0.427595, -0.424851
0.389692, -0.650814
-1.31448, -1.49581
0.603442, 1.40587
0.625801, -0.590607
-0.638373, 0.671382
1.45482, -0.461962
1.63874, -1.4237
1.34233, 1.32423
0.517895, 0.468838
0.561001, -0.55509
0.55345, -0.545119
0.615233, 1.62825
-1.40278, -1.42501
-0.427387, -0.460327
-0.44021, -0.46974
-1.50326, 0.578769
-1.58232, -1.77371
1.49242, 0.390713
0.413818, 1.37302
1.4541, -1.38163
0.477579, 0.599475
-0.598036, -1.64091
-1.59422, -1.55484
-0.528615, -1.52169
-1.53596, -0.657671
-0.521491, 0.274197
0.476723, 0.489616
1.49703, -1.40569
0.542915, -1.39721
1.50647, 1.43396
-0.367254, -1.41404
0.615578, 0.47185
0.686157, 0.461089
0.446776, 0.626048
0.454686, 1.53789
0.453879, -0.418252
-1.2589, -1.63531
-1.61104, 0.553885
0.469996, 0.510972
-1.51323, 1.61596
-0.636546, -1.68062
1.52573, 1.47697
1.49586, -0.435121
0.631455, -1.41817
-0.373423, -1.54228
-0.520986, -1.58409
1.53713, -0.511777
-1.33028, 1.4637
-1.20837, 1.39642
-0.568802, 0.520078
-1.60437, -0.619543
-1.58902, 1.45794
1.48688, -1.38331
1.52984, 0.447925
-1.56831, -0.435903
-1.48231, 0.386002
0.538017, -0.32085
-0.785008, 0.411729
0.677644, -0.399991
1.65078, 0.419417
0.417776, 0.633379
-1.42338, 1.51435
1.65987, -1.4509
-0.691646, 1.49713
0.381896, 1.64163
-1.58914, -1.47111
0.403139, -0.383193
1.49983, 1.58021
-0.509208, -1.53781
-1.42067, 1.47071
0.570154, 0.507652
-0.454749, 0.593477
1.38882, -1.60952
-0.51931, 1.66303
-0.249661, -0.459407
-0.497909, 1.56572
-0.389722, -1.50828
-1.48595, 1.49448
1.633, -0.308257
-1.63095, -1.29255
-0.503348, -1.5078
-1.51221, 0.383557
-1.53674, -0.530144
0.439879, 1.55081
0.586161, -1.45795
1.55826, -1.58406
-1.41975, 1.55614
0.563508, 0.558049
-1.51609, -0.47604
1.51313, 0.32907
1.67971, 1.44834
0.377201, -0.709266
-1.32764, -1.19759
1.42351, -1.52025
1.49117, 0.561937
-1.48323, -0.561369
0.588326, 0.569905
1.42665, 1.52594
0.587267, 0.624886
1.49404, -1.39633
-1.52553, -0.563694
-0.527209, 0.581291
-1.60044, -1.52915
-0.475935, 1.47582
-1.58865, 0.652671
1.64209, 0.415557
-1.44495, -1.44316
0.61607, -1.35817
-1.44634, 0.584342
-1.59477, -1.57507
1.70836, -0.486371
-1.38186, -0.412777
-0.428411, 0.697804
0.643971, -0.440563
1.58772, -0.481555
1.63264, 0.331874
-0.643094, -0.476659
0.534456, 1.63716
-1.52433, 1.56936
-1.55648, -0.572474
-0.579065, -1.63504
-0.574423, -0.38511
-1.59649, -1.51909
-0.481197, 1.50494
-1.72874, -1.52626
-1.65762, 0.637378
1.35615, 1.62488
-1.56311, 0.525433
1.35056, -1.45827
-1.3428, 0.40813
0.505351, -1.4298
1.52516, 1.31122
1.57002, -1.65942
1.55748, 1.61379
-0.387774, 0.791998
1.72745, 0.318155
-0.600174, 0.491358
1.55938, -1.5494
0.411439, 1.61994
0.434853, 1.24039
1.55523, 1.63799
0.461867, 1.53745
0.630441, -0.39542
-1.59443, 0.556235
1.3902, -0.66308
-0.57106, 0.438152
-0.432384, 0.414117
1.45901, 0.660357
-1.36693, -0.296397
0.314985, 0.511499
1.50861, -0.413217
-1.40335, 0.512245
-0.583034, 0.554373
-0.654079, -1.61934
1.67607, 0.391555
1.49201, -0.385515
-0.401772, -1.51165
-0.390362, -1.19916
1.3268, 0.349875
0.6168, 1.46693
1.44041, 1.45404
1.61259, -0.297442
-0.385214, -1.48415
-1.53887, -1.30024
-1.66072, -0.416005
1.41014, -0.572817
-0.555959, 0.477037
-0.632022, -1.61434
-0.47402, -0.529122
1.49236, 1.46751
0.584549, 1.40242
-0.463091, -1.31115
-0.452731, -1.51889
-1.56578, -1.53571
-0.439399, -0.649543
0.461368, -0.529162
-0.268175, 0.407195
-1.6085, -1.50981
1.44395, -0.543122
-0.554311, 0.416018
-1.44154, -0.547429
-0.268011, 1.68009
-0.379158, -1.42671
-1.59836, 1.52592
-1.45017, -1.45386
1.41847, 1.46866
0.428122, -1.63586
-0.5015, 0.559115
0.618321, -1.53243
-0.326284, -1.60958
0.424848, -1.43404
0.745449, -1.44115
1.41561, 0.42648
-0.701219, 0.492237
1.62258, 0.441338
1.29939, -1.46136
0.546567, -1.49197
-1.39596, 0.627585
0.487999, 0.455425
-0.507364, -0.477744
-1.41263, -0.471739
-1.52843, 0.315509
-1.45092, -1.4198
-1.55527, -1.56763
-0.488115, -0.528399
-1.36108, -0.437271
0.536787, 1.5667
1.50023, -1.46861
0.260646, -1.36875
-1.68001, -0.601932
-1.47479, -0.473709
-1.47965, -0.410451
0.44169, -0.477404
0.577062, 1.57398
-0.463058, 0.590196
-1.54231, 0.579283
1.51259, -1.37891
0.676744, -1.72214
-0.68157, 0.516719
1.4589, 1.41458
0.491922, 1.49969
1.4876, -1.4092
0.284152, -1.41314
0.430185, 0.434338
-1.41714, -0.487863
-1.57122, -1.56694
1.42606, 1.42415
1.54996, 0.314227
0.405898, 1.56694
-0.501754, -0.602326
-1.3966, 1.43391
-0.372573, 1.45731
-1.63227, 0.568084
-0.527557, -1.46689
0.459182, -0.642936
-0.431778, -1.46784
1.66157, 0.539598
-1.37192, -1.5889
0.469021, 0.394747
1.5076, 0.272814
-1.40814, -1.55998
-0.471468, 0.392118
0.671581, -1.65312
-1.45334, -1.57654
0.446849, -0.633144
-0.463604, -1.48846
1.61286, -1.34104
-0.343455, -1.55556
-0.49897, -1.5308
0.528519, -0.599319
-1.5143, 1.3517
0.495443, 1.45417
-0.712798, -1.5899
1.76519, -0.430237
1.53273, -0.488144
0.707129, 0.309082
0.366281, -0.425598
-1.53256, -0.522399
1.43479, -0.368961
1.51932, 0.409255
-0.436821, 1.47953
1.38946, 0.616436
1.22547, -0.479479
1.46654, 0.361728
1.69275, -0.390151
1.45324, 0.401932
1.41258, -1.40981
-0.420888, -0.524957
0.411459, 1.6724
-1.48316, -1.51726
-1.49458, 1.46062
0.554505, -1.6322
1.4604, -1.47814
0.407671, -0.585064
-1.60801, -1.47894
1.56214, -0.547996
-0.535782, 0.520656
-1.42536, 1.5252
1.4873, -1.55335
-1.4619, -1.38336
-0.732034, -1.39074
0.570917, 1.43377
-1.34088, -0.54245
-0.436263, -1.43745
-1.58656, -0.459614
0.397388, 1.60159
1.55199, 1.42964
1.48442, -0.508572
0.432496, -1.37494
1.49275, 1.28565
0.516361, 1.45481
1.46591, 1.43738
-1.51402, -1.59764
-0.505285, -1.46677
0.545673, 1.65029
0.527005, 1.41271
-1.51056, -1.42812
0.635988, 0.489834
1.6009, -1.42205
-1.50116, 0.597264
1.58545, 0.370991
0.604694, -1.4909
1.5245, 1.48132
-0.373115, 0.402369
1.45157, -1.51438
1.51643, -1.46081
1.39873, -0.817129
-0.510518, 1.46004
0.518577, -0.438723
1.53717, -0.442728
-0.546739, 0.598665
1.51487, 0.322268
0.713666, 0.505724
1.46953, 1.57545
1.55878, -1.58046
1.42511, 1.59807
-1.61442, -1.45434
1.42515, 1.4596
0.464237, 1.3959
0.586821, -1.48332
-0.495061, -0.550225
0.508378, 1.70943
-0.474034, 1.62212
-1.70477, -0.554725
1.62647, 1.48949
1.49559, 1.57089
1.59602, -0.339555
1.54101, 0.672689
-1.34701, -1.42876
1.33602, 1.43156
1.50152, -0.50056
-1.50556, 0.549962
0.46347, 1.50257
-1.44691, 1.53337
1.29977, -1.40846
-1.48407, 0.555649
0.362287, -0.450901
-0.609668, -0.433003
0.547488, -0.532325
-0.669583, 0.645707
0.424679, -0.445232
1.45384, -1.54088
-0.658473, -1.49727
-1.41465, 0.583578
0.367623, 1.52592
-0.657519, 1.45568
-0.421512, -1.55429
-0.434455, -0.417333
-1.51132, 1.4895
1.49338, -1.43854
1.60273, 1.30076
1.38651, -0.294367
1.49005, 1.4329
-0.278609, 1.38934
0.559874, 1.40247
0.363477, 0.708318
-1.59027, -0.407627
0.456067, 0.362993
-0.552411, 0.515813
1.50063, 0.726496
-1.46985, 0.544135
1.53267, -0.304991
1.49914, -0.421517
0.536568, 0.464266
0.475731, -1.54545
1.45152, -0.568314
-1.61012, 1.61254
-0.444413, -1.59503
0.504017, -0.547207
-0.334923, -0.628448
-1.47479, -0.525719
0.531674, -0.566089
1.38323, -1.45361
1.52634, 0.264967
1.4765, 1.28918
-1.58845, 0.483495
-0.635542, -1.44796
0.565521, -0.681686
0.464177, -1.38638
-0.582679, -0.554104
1.36707, -0.66148
-1.59881, -0.722772
-0.456173, 0.568639
-0.400772, -0.812091
-0.433438, 1.55711
0.312511, -0.399579
1.3231, 0.409322
1.53412, -1.4382
1.41185, 1.60166
0.400273, 0.55304
1.66028, -0.523946
-1.56052, -0.490663
0.567312, -0.400623
1.38896, 0.419977
-0.529375, 1.38638
-1.4372, 0.269456
0.53969, 1.47458
-1.71109, 1.4881
1.62963, -0.592861
1.55042, -0.458984
-0.378247, 1.38504
0.641169, -1.35249
-1.48218, -0.518823
1.50446, -1.63654
-1.37448, -0.366016
0.549338, -0.648739
-1.37926, 0.605955
-0.431504, 1.47758
0.52755, 0.394382
-1.38119, 1.34945
0.6631, -1.57908
1.5081, -0.355077
-1.46257, 0.595421
0.432907, 1.38611
-0.655181, 1.50567
1.60698, -0.519253
-0.380745, 0.531094
-1.4856, -1.59036
1.36198, 0.452047
0.387975, 0.414829
0.364095, 1.4628
1.51468, -0.534965
-1.41899, -0.300916
-0.576512, 1.46068
1.64986, 0.673687
-1.38587, 1.47333
0.521557, -1.51729
-1.48373, -1.61498
1.43396, -0.4172
-1.51428, 1.42278
-1.56556, 0.558475
1.51428, 0.512238
-1.59522, 1.47608
1.42875, -1.40312
-1.63667, -1.42323
0.496163, -1.55342
-1.51972, -1.53529
-0.749103, -1.49567
1.42816, -0.652682
0.603451, 0.412748
0.520087, -1.44521
1.40172, -0.486361
-0.484737, 1.37235
0.594883, -0.52054
-1.46569, -1.37874
1.48812, 1.61174
0.487419, -1.57056
0.686731, -0.612645
1.44874, -0.638407
-0.386657, 0.481854
-1.42524, -0.379356
-1.68262, -1.48652
0.616202, 0.370948
-0.567596, -1.68153
-0.611491, 0.357135
-1.65813, -1.4679
-0.417729, 1.53592
1.48918, 1.62107
-0.454555, -1.51043
-0.595317, 1.71923
-1.57795, 1.44378
-1.51908, -0.448546
-1.55434, 0.357992
-0.58239, 0.525319
-1.51787, -1.76338
1.50334, -0.537671
-1.60567, 0.457482
0.542163, 1.43508
1.38477, -1.50846
0.470558, -1.5632
0.318496, 0.602292
0.465229, 1.42555
-1.53032, -1.42327
0.629888, 1.59718
-0.390342, -0.412169
0.443436, 1.5017
-0.405541, 1.62031
-0.326061, -1.48509
-1.62888, 1.53517
-0.482038, -0.554209
-1.38193, -1.59381
0.60853, 0.588391
-0.52869, 0.570179
-1.45364, -1.66335
-0.411974, -1.529
-0.526267, 0.439765
-1.46832, -1.47504
1.4574, 1.48096
-1.7448, -1.35155
-1.63406, -1.49716
0.469964, -1.50983
-1.53714, -1.64548
0.590826, -0.534037
-1.56831, 0.57544
0.451808, 1.71431
-0.45745, -0.528034
0.453211, 1.31963
-1.59663, -0.583092
0.612899, 0.46414
-1.32307, 1.65116
-1.47638, 1.45963
-1.4268, -1.51363
-1.58104, 1.34445
-1.52332, 0.523916
0.574625, 1.53107
0.396564, 1.5389
0.646805, 1.51931
1.53448, 1.46562
-1.59716, -0.620364
-0.758005, 0.520606
0.570557, -0.447457
-0.443861, -1.41025
-1.45835, -0.442348
-1.49133, 1.55783
-0.492462, -0.448321
-1.64163, -0.551389
0.497757, -1.69995
-0.258998, -1.46227
0.558929, 0.457965
-0.520389, 1.49424
1.4504, -1.62918
1.48536, 1.51724
-0.414842, -1.36432
-0.682019, -1.46055
1.54746, -0.487491
-1.52507, -0.406199
-1.34407, -0.484304
-1.61988, -0.523118
0.486286, 0.441522
-1.37444, 0.389453
1.36107, -1.54279
-1.65147, -1.44773
0.553769, 1.40893
-1.4719, -0.347989
1.56209, -1.47377
1.46638, -0.396256
-1.29579, -0.481265
-1.40736, -0.546064
-0.705311, -0.663421
0.518507, -0.285212
-0.562711, -0.486071
-1.56703, 1.40566
-0.42736, 0.56478
0.326891, -1.4872
-0.730596, 0.594135
0.725861, -0.49032
-0.517872, -0.513544
1.52091, 1.52034
1.604, 1.53254
-1.58152, -1.7018
0.464055, 1.66404
0.477439, -0.586154
-1.46309, 1.38083
-1.53304, 0.54771
1.57751, -0.458702
1.5398, 0.371386
-0.507743, 0.527116
0.510744, 0.374175
-1.46889, 0.546963
1.60854, 1.43758
0.312975, -0.394631
0.466693, 1.50758
-1.64172, -1.41607
-0.433904, -1.57832
-0.726749, -0.52433
1.41975, 0.47174
1.57313, -0.393737
1.36134, 1.65883
-1.49723, 1.66373
-1.42169, -1.53202
0.529027, 1.54147
-0.40389, 0.421754
-0.566297, 0.426096
-0.602705, -1.54044
1.54898, 1.44278
0.465923, 0.647011
0.342498, -1.56427
1.58334, 1.55505
-1.46457, 0.519035
0.425009, -1.63006
0.55846, -1.64045
-0.587409, 0.643366
-1.36909, -0.562868
0.758554, -1.61188
0.584969, -1.43436
1.37455, 1.40744
0.449629, -0.597905
-1.30054, -0.634678
1.30114, 1.45011
0.440343, -1.26761
1.66884, -0.641498
-1.41396, -0.549576
-0.513304, 1.36485
1.43977, 0.702983
-1.56457, -1.43635
-1.47249, 1.65365
0.659153, -1.39368
1.41879, 1.67013
-0.440007, 0.619887
-1.68018, 1.55307
0.521758, -0.540192
1.61377, 0.529378
-1.68517, -1.41885
-0.461332, -1.54622
1.58568, -1.55249
1.52088, 1.4792
1.45787, 1.44875
-0.529729, 0.404648
1.28791, 1.44249
0.327367, -0.519764
-1.33743, -0.489306
-1.47229, 1.28699
-1.48767, -0.546912
-1.5287, -1.42983
1.71394, 0.558295
1.30781, -1.55201
-1.54833, 0.736952
0.647053, -0.653805
1.37566, -1.50207
0.248615, -0.478655
1.62722, 0.440926
0.502198, 0.547708
-1.56415, 0.62244
0.476581, -0.637893
1.38058, 0.396786
-1.50508, -1.53859
-1.4821, 0.482051
-1.54624, -1.50251
-0.502715, 1.50246
-1.64951, -1.25625
1.36664, -1.57011
-1.51346, 0.551569
0.461124, -1.43792
-0.425012, -0.756214
-0.395992, 1.58701
-1.57867, 1.65775
1.42954, -0.738477
-0.42852, 0.365801
0.650686, 0.566614
1.53814, -1.29773
0.563467, 0.432238
0.615808, 0.53825
-1.47747, -1.43902
-0.591214, 1.36959
0.656149, -1.5677
-0.434671, 1.31499
-0.459063, -0.41792
1.63545, -1.46639
-1.54043, 1.42053
-1.45093, -0.532956
0.497798, 1.52254
0.521938, -0.503652
0.631719, -0.453626
1.51448, 0.41878
-1.42782, -0.508644
-1.52166, 1.38951
-0.499752, 1.57518
-0.35841, -1.39508
-0.489569, -0.434705
1.59657, -1.44615
1.56151, -1.5295
0.559048, 0.312241
-0.562172, -0.440557
-1.64224, -1.71252
-0.616704, -0.595875
1.58472, -1.5434
-1.55064, -0.399136
0.462963, 0.546691
-1.43015, -0.473707
1.57001, -1.50585
-0.451746, 0.487572
-1.56837, 0.619314
-0.554423, -0.441591
-0.512392, 1.51728
1.40026, 1.2786
-1.5344, 1.50419
-0.482795, 1.34269
0.504679, 0.45013
-0.463968, -1.53402
1.5926, -1.54872
-0.526544, 1.5372
1.48854, -1.54696
0.486561, 1.50901
-1.60803, -1.41401
-0.413393, 0.435417
-0.518734, 0.406234
-0.525624, -0.551786
1.53107, -0.517569
-0.502916, -0.407467
-1.60488, 1.3984
0.461668, -0.426947
1.58403, 0.593399
1.41138, -1.58454
1.5231, -1.41383
1.49281, 0.598468
-1.42221, -1.70597
0.50226, -0.503854
-1.62839, -0.550616
-0.479856, -0.303721
1.49802, 0.584817
1.58383, 0.405548
-0.446081, 1.65788
0.616022, -1.52809
-1.45503, -0.501509
1.38934, 1.4826
-1.35561, -0.686198
1.50503, 1.4725
-0.478142, 1.49492
0.475515, -1.44506
-1.38351, 0.55458
-0.574863, -0.46905
0.434716, 1.50458
1.5841, 0.511689
-1.44508, 1.4581
1.71588, 0.539183
0.23141, -0.400511
-1.567, 0.614467
-1.35108, 0.534524
1.58497, 1.65106
0.347682, 0.337009
-0.575067, 0.502135
-1.45322, -1.43936
0.633417, 0.409235
0.445102, -1.41907
-0.42772, -0.59275
1.57475, -0.511327
-0.59553, 0.568295
-1.39611, 1.35236
0.267488, 1.53492
-1.41172, 1.41944
-0.546661, -1.6511
1.47594, -0.64603
-1.40482, -0.448602
-0.515577, -1.26879
0.474987, 1.51578
-0.433233, -1.62602
1.55254, -0.589686
1.42982, -0.527931
0.606422, 1.3335
0.691867, -0.637908
-1.43767, 1.62603
1.67322, 0.345177
-0.288373, 0.527821
0.477587, -1.36336
1.43869, -0.402149
0.454415, -0.605894
0.329996, -1.43381
-0.515416, 1.43013
1.35785, 1.59324
0.680427, -0.493482
0.500321, -1.51766
-0.422015, 1.45033
-1.63429, -1.68636
-1.41346, -1.61794
-0.523218, 0.547981
1.51494, 0.370069
1.24819, 0.478486
-0.574932, -0.339658
-0.511152, 1.40658
-1.63634, -0.50256
-1.53115, -1.55285
-0.538979, 0.525871
-0.52118, -1.44125
1.33736, -1.51404
0.465016, 1.65216
0.31886, -0.456591
-1.5015, 1.4705
1.43118, 1.58083
-0.643336, 1.45001
1.74055, 1.57217
0.382937, -1.48308
1.46065, 0.602718
-0.437318, -1.46523
-1.49139, 1.58596
0.318188, 1.46782
1.58295, 0.524191
-0.504577, 1.65304
-1.46944, 0.532173
1.5298, 1.44538
-1.5983, 1.38235
-0.44069, -1.59262
0.497517, 0.358292
0.432017, 1.47057
1.66006, 1.50721
-0.595045, 1.37211
0.477388, 0.444365
-1.48879, 1.59895
1.58312, -0.527974
0.519424, 0.65927
1.33444, -0.38062
-1.49679, -0.535398
-1.3785, 0.535546
-1.59635, 0.591786
1.44363, -0.4525
0.481205, -1.61636
-0.31793, -1.59076
-0.604048, 0.491524
-0.511988, -0.431275
1.51768, -1.56701
-1.47175, -1.61597
-1.5266, -1.53965
1.48256, -1.44343
-0.357523, -0.352412
-0.526528, -1.34204
-1.41533, -1.63197
1.60068, 1.49637
-1.39505, 1.5558
0.492238, -0.513081
1.68701, 1.53609
-1.42327, -0.458601
0.541449, -0.640766
1.5274, 1.5663
-1.36595, -1.54164
0.63893, 1.40181
-0.466004, 1.51683
-1.59983, -0.677382
1.49411, -0.502151
0.462309, 1.40598
-0.478228, -0.513696
1.48498, -1.5275
0.489082, 1.6222
-0.467374, -1.42827
-1.5317, -1.53689
-1.58096, 0.521724
1.56827, 0.402084
1.48742, 1.44835
0.527604, 0.536216
1.43013, 0.420614
0.62589, -0.352211
-1.54272, 1.48005
-0.417454, -1.34992
1.64861, 1.48021
0.516839, -1.5766
-0.539343, 1.55677
1.46872, -1.48783
-1.53905, -0.415973
0.273846, -0.455296
0.447751, -0.612604
0.614232, -1.55578
0.631183, -1.42357
0.499038, 1.60626
0.492775, 1.5152
-1.54343, -0.49439
1.49778, -0.331976
1.45666, 0.450857
-1.62914, 1.54432
1.63972, -0.51857
0.632613, -0.402084
1.59661, 1.46639
1.47236, 1.44111
0.537239, -1.61539
1.41592, 0.476155
-0.597375, -0.456996
-0.334041, -0.433318
1.3927, -1.52199
0.534848, -1.57211
1.45996, 1.56087
-1.43138, -1.47716
-1.48176, 0.594183
1.52379, 1.56939
-0.582741, -0.443627
0.543641, 1.52941
0.375846, 0.550934
-1.62035, 0.515607
1.60418, 0.551419
-1.45963, -1.5206
-1.61054, 0.542982
0.488761, -1.46328
0.440994, 1.46446
0.299173, -0.288826
0.473538, -0.654809
-1.3646, 0.471749
-1.63936, -1.38656
0.330023, 1.40247
-0.479519, -1.57835
0.472594, -1.4972
1.52708, 0.545789
1.34063, 0.392003
-0.399531, -1.5392
1.5913, -1.32779
0.732725, -1.27792
1.60733, 0.46596
0.518684, 0.505547
-0.614577, -0.580339
-1.55117, 1.61541
0.330399, -0.400405
-1.51436, 1.37647
-0.703184, 0.575163
-0.555052, 0.587417
-1.42402, 0.437867
1.47574, 1.50346
1.31398, -1.44657
-0.547042, -0.58793
-0.441547, 1.72553
1.25154, 1.48302
-0.482847, -1.53485
0.347447, 1.3278
0.375349, -1.3153
1.51242, -0.652425
-1.33681, -1.58814
1.38392, -1.63873
-1.57096, -0.567744
-1.39049, -1.30157
0.326428, 0.430059
-1.43237, 1.58223
-0.52688, 1.34403
-0.592023, 1.47148
1.48148, -1.49645
1.70138, -1.49403
-1.4163, -1.55896
1.55832, 1.59433
-1.41343, 0.412209
-1.29491, 0.480932
0.41608, -1.34149
-0.51719, -0.641541
1.62121, 1.62593
1.42341, -1.48571
-1.52554, -1.46156
0.510144, -1.53621
1.46037, 0.417074
0.523176, -1.52946
-1.51488, -1.44487
-0.39657, 1.40857
-0.482708, 1.54146
0.688477, -0.517689
1.39289, 1.55362
0.623219, 0.559197
1.6729, 0.55649
-1.52164, -0.440308
0.530077, -0.531555
1.28548, -1.48415
-1.5425, 0.467956
-1.63038, 0.620846
1.44013, 1.61747
1.41682, 0.681119
1.56518, -0.390782
1.60568, 1.45821
-1.51658, 1.41235
0.713327, 1.48115
-1.44418, -1.35968
1.55869, 0.600415
0.569782, 0.522342
0.590823, 1.4485
1.38755, 1.42999
-1.51799, -1.46759
1.64743, -1.49726
-1.44291, 1.52531
-1.58118, -0.728149
-0.494813, -0.387049
-0.514222, 1.65573
-0.509101, -1.50404
-0.486025, 1.52513
-1.5075, 1.48835
-0.374133, 1.67134
0.63249, 0.419102
-1.52551, -1.72194
-1.67286, -1.48669
1.49647, 1.49437
-1.53137, 1.58208
-0.41715, -1.62563
-1.48438, 0.508268
-1.42582, -0.484388
0.470279, -0.434381
-1.35486, 0.639789
0.475796, -1.49277
1.54604, -0.508698
0.625796, 1.70044
-0.576691, 1.45783
-0.370908, 1.54794
0.557772, 0.423927
-0.620188, -1.52542
-0.382626, -0.389464
0.381519, 1.39859
1.46995, -1.46448
-1.64153, -0.433904
0.554519, -1.4486
-0.355716, 1.42659
1.46441, -0.358306
-0.596478, 1.58101
0.401242, 0.619298
0.562205, -1.4671
-0.323577, 0.564299
1.51087, -0.511938
0.466865, 0.510222
-0.484236, 1.69045
1.58013, -1.44337
1.43078, -1.47026
-1.58862, 0.568885
-1.3538, -0.719115
-0.600545, 1.64596
-1.40115, 1.44589
-1.36873, 0.582764
1.39758, -1.37445
-0.533061, 1.45552
0.661321, 1.64573
0.514062, -0.406512
-1.51184, -0.557196
-0.564147, 0.63499
0.372833, 0.497118
0.538753, 0.515553
-1.52806, 0.505433
0.418144, -1.6728
-1.51178, -0.376255
0.638781, -1.68613
-1.56833, 0.555958
-1.42204, 1.50933
0.392451, 0.446048
-1.63884, -0.57305
1.58248, -1.53316
-0.51106, -1.40339
-0.473105, -0.426429
-0.462857, 0.592801
0.516161, 0.339026
1.45617, 1.55365
1.4795, -0.498758
-1.49122, 1.49899
-0.48142, -0.676676
1.22048, -0.613885
-1.58326, -0.556036
0.560615, 1.48
0.607543, -0.442577
1.53046, 0.473267
0.341876, -0.408414
0.408224, -1.44518
-0.442167, 0.561765
1.36416, 0.582462
-0.659529, -0.392924
-0.537709, -0.54969
0.285357, 0.415091
-0.409297, 0.468771
1.50477, 0.567055
0.605119, 1.714
0.392782, -1.52692
-0.600547, 0.540224
-1.55545, 1.49255
-0.531431, 1.61202
-1.37331, 1.57742
1.54158, -1.48712
-1.47977, -1.7019
-1.34303, 1.61976
-1.58323, 0.426794
-1.58604, 1.7206
1.48651, 1.35364
0.417123, 1.45587
-1.58371, 1.57392
1.46074, -1.34002
0.540563, 0.334084
-0.425021, 0.260426
1.53443, 1.49223
-1.4344, -0.484792
1.35417, 1.54338
1.39649, -0.560301
-0.642772, 1.40034
-1.53479, -0.740624
-1.50245, 0.378787
1.33291, 1.36333
-1.4918, -0.552147
1.57997, 1.38163
1.37108, -0.520648
-0.505132, -0.671038
1.45761, -1.69498
-0.662742, 1.52343
0.54785, -1.35157
-1.3769, -0.488491
0.450559, -1.65539
-1.52642, -1.53854
-1.44695, 1.34929
0.487191, -0.593639
-0.500525, 1.60588
-1.67534, 0.622833
0.607117, 0.546195
1.27469, -1.63907
-0.572432, 1.43612
-0.53439, 1.46076
-1.52052, -1.46218
1.51358, -1.40962
-1.55284, 0.296821
-1.57383, 1.52701
-0.379996, -1.37124
1.69643, -1.54833
-1.55973, -1.55479
0.298192, -1.40903
-1.48818, -0.60485
-1.3809, 0.417799
-0.539157, 0.389315
-0.34355, -0.47861
1.55602, 0.494858
-1.38883, -1.48253
1.57827, -0.630064
1.58469, -0.605231
0.332778, 0.421171
0.535263, 1.41334
-0.624683, 1.50217
-1.27081, 1.51238
-0.497143, -0.579752
-0.399802, 1.51665
0.509426, -1.51459
-1.72419, -1.4227
-0.560536, 0.583862
-1.41823, 1.59711
-1.57045, 0.42689
-1.44871, 1.73638
-1.44253, 1.39906
-1.62904, 1.5394
-0.536246, -0.508131
-0.411296, 1.61077
1.38722, 1.54267
-0.548903, 0.471216
0.364522, -1.72246
1.57251, 0.610736
-1.45627, 1.51522
-1.44152, 0.743586
-0.286805, -1.57651
-0.414007, 0.436241
-1.45967, 0.273028
0.435296, -0.547612
-0.553556, -0.477903
-1.52378, -0.418247
-1.64846, 1.49253
1.50742, -0.376303
-1.34967, 1.61671
-0.604011, 0.539614
0.447973, -0.366484
1.58115, 1.44346
-1.71628, 0.433062
-0.460478, -1.37944
-1.44294, -0.527976
-0.676543, -1.34405
-1.59194, -0.469511
0.584295, -0.451901
-1.60842, 0.516656
1.60574, -1.59191
-1.50247, 0.415113
1.72043, 0.357431
0.252985, 1.43662
-1.46582, -1.48791
-0.475458, -0.576669
-0.665018, 1.46898
1.47696, -0.560723
-1.39117, -0.583952
1.39666, 1.69218
0.564556, 1.68652
-0.487919, -1.30307
0.541289, -0.622245
1.48851, -1.5001
-1.59266, 0.47835
0.47181, -1.32828
-1.427, 0.440285
-1.54188, 1.38123
1.52554, 0.622819
1.63134, 0.55152
-1.4446, 0.582933
1.48059, -0.494039
0.55922, -0.564363
0.414736, -0.385779
1.54068, -0.429036
0.688144, -1.37232
-1.49421, -1.53974
1.51356, 0.551784
-1.44623, -1.65082
-0.337773, 1.68866
-0.444377, -0.382551
-1.44715, -0.596669
-0.700322, -0.61231
-0.422341, -0.570181
0.524359, 1.49427
-1.57509, -1.4789
-0.558139, -1.39896
-0.521151, -0.57098
0.685206, -0.466726
-1.46873, 0.468059
-1.5339, -1.4995
-0.409747, -1.52824
-1.44339, -1.45125
-0.72723, -0.680909
-1.39919, -1.54517
0.485414, -1.46075
-0.516573, -0.502875
1.55394, -1.51595
1.52257, 0.500383
-1.58474, 0.390556
0.554311, -1.33476
0.430025, -0.480412
-1.49504, -1.52854
-1.6217, -1.51736
-0.440269, -0.4791
1.38888, -0.553486
-0.468146, -1.52039
1.69036, -1.72815
-0.586714, 1.50673
-0.623306, 0.582638
-1.42496, -0.537706
1.42464, 0.446419
-0.418894, -0.336329
-0.596537, -1.44817
-1.71115, 0.484701
0.475763, 1.39124
-1.57617, -1.40567
1.5605, 1.50244
0.449609, -1.48683
-1.68654, -1.41337
0.645293, -0.609676
1.45043, -1.60987
0.545576, 1.51354
0.543827, 0.545771
-0.696369, -1.5542
-0.521432, -1.52687
-0.574827, -0.297598
-1.47069, -0.660846
0.459441, 0.560373
-1.62178, 0.487324
-0.371418, -1.47288
-0.607127, -0.343808
-0.429042, 1.41321
-1.60305, 1.37372
-0.522893, -1.53929
-0.778267, -0.401741
0.583917, -0.554116
-1.58027, -1.33914
1.50945, -1.48927
-1.56123, 1.47761
-0.479634, 1.40585
1.53262, 1.49392
-1.45697, -1.42948
-1.51964, -0.502157
-1.709, -1.36975
1.36989, -0.408072
-0.581128, -0.376839
1.40476, 1.63188
0.522934, -1.59391
-1.46049, 1.33913
0.355818, 0.523893
-0.377041, 0.529476
-0.431796, -0.597001
0.467359, -1.58413
-0.383229, 0.417021
-0.453582, -1.53358
-0.635967, -1.62185
-1.51924, -0.516681
-0.513415, -1.4768
0.326986, 1.4209
-1.51747, 0.604622
1.5447, -0.555877
1.57273, -1.47
0.336999, 1.61159
-1.49674, 0.479079
-0.333933, -0.665481
0.37305, -1.62285
1.3637, 0.32306
0.402973, -1.59526
-0.223126, 1.45197
-1.30423, -1.59254
0.601857, 1.73655
0.540825, -0.687282
1.51221, 1.48306
1.64114, -0.28722
0.673771, 1.77812
-0.540998, -1.39933
-0.401823, -1.74364
0.58778, 0.521594
-0.44483, 0.513397
-1.62368, 1.50134
1.5295, -1.5746
1.39487, -0.466335
-0.697538, -0.49464
-1.33491, -1.3296
-0.538346, 1.54912
0.566905, -0.693256
-1.558, 1.39481
-0.556999, 0.420006
-1.46418, 1.50583
-1.22254, -1.42626
1.44546, 0.472857
-1.43219, -1.47672
0.370419, 1.52407
-0.482444, -0.59187
0.533367, 0.483844
-0.543393, 0.296498
0.482698, -0.379963
1.58515, -1.48372
0.420991, -0.394049
-1.58115, 1.51253
-0.427553, 0.403794
-1.33488, -1.50596
0.633055, 1.53091
1.48244, 1.40535
-0.35795, 1.5658
0.565425, -0.43811
-1.61621, -0.520616
-1.29401, 0.461804
-1.48057, -1.41266
-1.4054, -0.330238
1.27674, 0.617384
0.565229, 0.552021
-1.3581, -1.5671
1.4035, -1.45752
-1.50145, -0.535962
-1.62184, -0.394205
0.445331, -0.477541
-0.340575, -0.546769
1.56408, -0.484083
1.4009, 0.623159
1.36939, 0.458197
0.495008, 0.435778
1.25808, 0.445549
0.41761, -1.35405
-1.48716, 1.52614
-1.72299, -0.573797
1.42073, 1.38006
0.354196, 1.4827
-0.41429, 1.70897
-1.33949, 1.66226
1.40241, 0.490564
1.17949, -1.52142
0.352488, 0.518636
-0.688357, 1.52029
0.42726, -1.43352
-1.59023, 0.584892
-0.40285, -0.527095
-0.543992, 1.43137
-0.472893, 0.43232
-0.577336, 0.499761
-1.65098, 1.36485
0.388694, -1.60279
1.33248, 1.42455
-0.455686, -1.38935
-1.48707, 1.38984
-0.47655, 0.5488
1.6069, -0.484145
-1.48994, 0.441632
-1.34047, -1.4311
1.51531, -0.575207
-0.558125, -1.46716
0.388297, -0.626004
1.58414, 0.530382
1.4791, 1.56716
0.333049, 0.390023
-1.26481, 0.464797
1.48285, -0.512791
-0.363272, -0.48645
-0.555507, 0.421762
-1.4976, -1.51787
-0.392536, -0.568762
-0.488213, 0.347128
1.44182, -0.50391
-0.658451, -1.56849
0.532264, -0.453665
0.597276, -1.54461
-0.62452, 0.407362
-1.40171, 1.63036
1.43214, 1.41565
1.76815, -0.438938
-1.3722, 1.58835
1.62658, 0.504899
1.50612, 1.53216
0.482326, 1.41788
-1.48965, 0.490472
1.4146, -1.54979
1.6183, -1.59321
-1.5073, -1.52647
0.634084, -0.646411
-1.53885, -0.567052
0.500405, -1.61424
1.53385, -1.20618
-0.598449, 0.323845
-0.413692, 1.464
1.50581, 1.56461
-0.566086, 1.51372
-0.425365, -1.48046
1.40866, -1.49676
1.47719, 1.33343
1.41885, 1.50591
-1.42093, -0.230361
0.485013, -1.35669
0.497441, -1.39528
0.49755, 0.459468
1.40391, -1.34611
-0.558911, 1.49009
1.45662, 0.552545
0.554205, 0.32645
1.37797, 0.380627
0.542854, 0.273088
-0.396838, 1.31333
1.40065, 0.497156
1.44179, 0.525581
-1.4329, 0.283287
-1.4677, -1.41544
-0.430157, -1.54922
-1.37959, 1.52604
1.65055, -0.554224
0.427121, 1.36059
1.49079, 0.586053
-0.433428, -1.40203
0.412351, 0.323639
0.578508, 1.39947
1.4913, 0.594069
1.39275, 0.617559
-0.50162, 1.31065
-1.30448, 1.34938
0.548751, 1.40824
-0.621059, -1.53489
1.51438, -1.47305
-1.58092, -0.562005
-1.55411, 1.55135
0.605973, 1.61996
-1.59843, -1.62181
0.599477, -0.641932
0.410891, 1.26984
0.529898, 0.600916
-1.50328, -0.407337
-1.48166, -1.60494
0.530336, 1.49012
-0.384183, 1.4084
-0.475137, -1.47718
-0.384032, 0.351602
1.49774, -0.506368
1.26739, 1.46935
1.49261, -1.30396
-1.66619, 1.46653
-1.2645, -0.517436
-1.47224, 1.61517
1.64188, 1.4184
0.388852, -1.45104
-1.52613, -1.52595
1.47358, -0.48077
1.50067, 0.500379
0.397285, -1.42084
-0.316613, 0.463957
-1.52342, 0.395895
-1.54893, 0.454508
0.484115, 1.58004
-0.524552, 0.416181
0.45852, -1.5757
-1.46737, -0.59292
-0.354686, -1.45229
1.52451, 1.32724
-0.70442, 1.44881
-1.15432, -0.527263
-1.47565, 0.529658
0.357235, 0.537511
1.63581, -0.527237
1.27344, -0.631846
0.414137, -0.486287
0.430736, -1.67858
-0.535233, -1.45331
0.372215, -1.52741
-0.544391, 1.42157
1.58797, 0.415457
1.77292, -0.558843
-0.489641, -1.52902
-1.48742, 0.556231
0.379065, -0.485393
1.38466, -1.32566
0.431072, -1.38295
0.387194, 1.54719
1.49145, -0.533288
1.60062, 0.423127
-0.514184, 1.4766
-0.488008, -0.474029
-0.744828, 1.46958
0.579831, 0.514986
-1.40276, 0.522157
-1.57651, -1.54446
-1.50307, -1.52883
-0.440932, 0.653398
1.58712, -1.40653
-1.62142, 0.602596
-0.479536, 1.28696
-1.40232, -0.682497
0.684218, -1.31299
-0.430768, 1.52829
-1.31722, 0.345788
-0.620527, -0.552917
0.303979, -1.5814
1.47065, 0.431002
-1.59042, 0.481735
-0.550361, 1.55092
1.21198, -0.466249
-1.38607, 0.443486
-0.544981, 1.36403
1.67017, -0.396068
0.571496, 0.345732
0.629614, -0.534239
-0.424035, -0.465774
1.43579, -1.53319
1.57016, 1.459
1.60841, 1.68741
0.516944, 0.415208
-0.418191, 0.447926
0.473424, 1.43058
0.476795, -1.59848
-0.57072, 0.360607
-0.637242, -1.49994
-1.54876, 0.480057
0.470037, 1.4655
-1.58799, 0.444359
-0.624299, -1.65804
0.436893, -0.656057
-0.450419, -1.47742
-1.30326, 0.572008
1.4358, 1.37323
1.47124, -1.54672
0.668705, -1.46387
-0.591072, 1.48545
-1.50046, -0.537985
0.427054, -0.661697
1.44855, 1.56365
0.274675, 1.40976
-1.46785, 1.62048
1.50617, 0.605767
1.51648, 0.659202
-1.55824, -0.301007
0.523377, 0.346625
0.371779, 1.50849
-0.451149, -0.533926
-0.46037, 1.5566
-1.49842, 1.47245
-1.49312, 1.49942
-1.43917, 0.644322
-0.511101, 1.44869
1.4484, -0.555141
0.373463, -0.499211
1.4326, 0.548019
0.402148, 1.43633
-0.491656, -1.46339
-0.440229, -1.5286
1.45971, 1.56423
1.68111, 0.415619
-0.478707, -0.566768
-0.443447, -1.65321
1.59697, 1.43621
-1.58651, 0.42935
-0.433413, 1.59087
0.595913, 1.34936
-0.631171, -0.388889
0.530319, -1.36181
-1.4161, -0.536691
0.440068, 1.66705
-0.497285, 1.52952
-0.523837, 0.46548
-1.54724, -0.603332
1.56247, 0.417569
-0.459335, -0.587594
-0.509242, -0.36288
1.51929, -1.53216
-0.625612, 1.5155
1.35905, 1.52237
0.71672, -1.52664
1.34492, 1.52585
-1.37892, 1.42199
1.47947, 1.49152
-1.54108, 0.425369
-1.65653, 0.595546
-1.35196, -0.383707
-0.596614, 1.51808
-1.68825, -0.575126
0.636253, -0.472646
-1.63864, 0.38714
-0.345824, 1.48391
-0.462159, -0.594648
-0.385346, -1.56842
0.39432, -1.72269
0.54251, -1.54135
0.371399, 1.47118
-1.57889, -0.444508
-1.68929, -1.57648
1.52232, 0.476845
0.485629, 1.49068
1.29518, 0.357742
-0.542011, 0.391078
-0.596727, -1.4222
-0.416381, -1.42846
-1.49719, 0.453621
-0.296019, 1.59999
-1.44598, -0.487923
1.45326, -1.53156
-0.656763, -1.38394
-0.515793, -1.49702
0.462244, -0.606304
1.49965, -0.294571
1.59587, -0.464396
1.61321, -0.371441
0.357587, 0.508619
1.64931, 1.43882
1.50584, -1.61869
0.548157, 1.58855
0.445225, -0.477287
-1.33647, 0.540195
1.44083, 1.47298
-0.38016, -0.444969
1.46417, 1.52885
1.70468, -1.43956
1.4458, 0.374362
-0.50084, -0.568338
-0.455309, 1.5461
0.623416, -1.39752
-1.42658, -0.571366
-0.519988, 0.540581
-1.33978, -0.381353
-0.621716, -0.584741
-0.50988, 1.60001
-0.531933, 1.51193
-1.48172, -0.551676
-1.43955, 1.63314
1.61252, 0.313894
1.21599, 0.657517
0.573072, 0.427191
-1.43387, 1.57206
0.585804, 0.45579
0.403864, -1.37647
0.388666, 0.581766
-1.50214, 1.48938
-0.334432, -1.60845
0.789808, 1.58718
-1.63602, -1.59898
0.443909, 0.485941
-1.41609, -0.479123
0.612723, 0.527022
-1.39536, -1.46763
1.50642, -1.48717
-0.373314, -0.432727
0.515278, 0.483141
-1.58157, -0.701433
0.524185, 1.4889
-1.65917, 0.434207
-1.65825, 0.51377
-1.58144, -0.583166
-1.47894, 1.41623
-1.58217, 0.377167
-0.57936, -0.495228
0.615665, 0.606067
-1.51606, 1.37043
-0.433235, -1.58166
-0.448039, -0.503535
1.47733, -0.59683
0.398946, -0.50776
0.468729, -0.183082
-1.5134, -0.671493
0.54503, 0.430021
-0.560225, -0.579555
-0.558057, 0.377719
-1.5837, 1.4881
-0.622199, 0.423231
1.37922, 0.510581
0.442009, -0.460724
-0.418246, 1.41839
-1.55116, -0.483128
-1.52018, 0.372525
-0.589126, 0.538206
-1.56536, -1.32977
-1.58616, 1.59525
-1.52925, -1.35285
-0.565463, 1.70918
1.28029, -1.61729
1.51493, -0.658566
1.51703, -0.523497
-1.5542, -0.525033
0.500785, 1.30223
-0.529066, 1.5641
-1.62256, 1.43291
-0.63132, 1.4884
1.58913, -0.360949
1.46497, 0.553674
0.631455, 1.45793
-1.59158, -1.48295
0.49828, 1.44054
-1.41328, 0.635039
-1.58061, -0.470887
-1.38327, -1.65505
0.519804, 1.58334
-0.439798, -1.44602
-1.46282, 0.521047
1.51879, -0.491127
1.55694, 0.354198
0.533543, 0.434257
-0.584799, -0.601959
1.41618, -1.4749
1.5825, -1.38647
1.46075, 1.55125
1.55458, -1.44478
-0.351546, 0.58119
1.77481, -1.46596
1.60083, -1.65232
0.543987, -1.41731
-1.50811, 0.388133
-1.50855, 0.572729
1.42362, 1.46673
-1.50249, -1.56449
-1.30006, -0.572171
0.717369, -0.428922
-0.359953, 1.42468
1.45802, 1.36377
-1.44314, 1.4506
-0.386975, -0.395859
-0.609288, 0.550353
1.31894, 0.462036
1.6687, 1.53132
-1.53909, -0.262535
-1.47731, 0.604353
0.372619, 1.67794
1.57316, -1.50015
0.391712, 1.57952
-0.476077, 0.624766
0.482441, 0.793428
0.468877, -1.59632
1.48571, 0.506883
1.5034, -0.426106
0.556491, -0.492457
-1.47194, 1.67925
0.45157, 1.35013
-0.481724, 1.40508
-0.537738, 1.55947
-1.41003, 0.658473
-0.540102, 0.591713
-0.576654, -1.46694
0.546432, 1.39637
1.4643, 1.65422
1.47969, 0.643223
-0.496016, -0.536351
0.42432, -0.279627
0.514751, -0.3914
-1.3487, -0.483788
1.5356, 1.46132
-0.444092, 1.45602
-0.458865, -1.53808
-0.312283, 1.45628
0.563806, 1.66742
0.490587, -0.68464
-1.65944, 1.52873
0.427545, 0.529885
1.50588, 0.429326
0.46088, -0.651869
-1.56797, 1.56178
1.60898, -1.48995
1.41656, -1.78002
-1.42703, 1.43416
-1.45306, -1.45839
-0.319705, -1.25742
1.57613, -0.408361
-0.481084, 0.362546
1.37378, -1.37276
-1.37936, 1.48471
-0.540505, 1.59917
-1.73576, -0.599773
0.52929, 0.391027
0.508743, -0.349034
1.44518, 0.389055
-0.456007, 1.56799
0.560364, 1.75352
-0.565604, 1.44378
-1.56395, 1.53561
0.464571, -1.49886
1.42751, 1.50919
-1.39742, -1.33039
-1.55824, -1.42154
-0.382821, -1.64011
1.53855, 0.478544
-1.5261, 1.55769
0.411586, 0.531797
1.51982, -0.396355
-1.40375, -0.647067
0.506517, -1.40307
1.48158, 1.47214
1.42959, -0.529813
-1.44329, -0.553741
-1.51571, -0.317196
0.52954, -1.595
-1.40761, -1.48425
1.57537, 1.48061
0.382744, -0.62899
1.43096, 1.47533
-1.47166, -0.469887
-0.507202, -0.643029
1.66424, -1.57387
0.415822, 0.458048
1.5871, 0.318423
1.57499, -1.51461
-0.610473, 0.475126
0.457252, -1.56512
0.372251, 1.78463
1.39801, 0.415334
0.563967, -1.46638
-0.649033, -0.454659
-1.56687, -1.41803
-0.521607, -0.564348
0.521472, -1.41079
-1.54638, 1.51571
-1.42325, -1.34824
-1.58694, -0.581526
-0.546632, 1.46779
-1.4961, 1.58114
1.49694, -0.450563
1.45538, -0.347391
-1.52929, -1.48359
-0.432447, 1.57274
1.43033, -1.51441
-1.37627, 0.618694
-0.532662, -1.42617
0.609716, -1.58275
0.570421, -0.504806
0.462831, -1.52712
-0.456243, 0.646198
0.428036, -1.6303
1.65816, -0.50448
-1.56716, -1.57041
-1.52363, -0.679442
-1.4662, -0.424148
-1.41332, 1.53275
1.37765, -0.537347
-1.55583, 0.450545
-0.382975, 0.381791
-0.438197, 1.66312
0.395147, -0.430995
0.509004, -0.5335
0.642664, 0.633267
0.449444, -0.631831
-1.62829, 1.56992
-0.554727, -0.53302
0.555963, -0.402359
-1.68816, 0.524304
1.59387, 0.402664
0.383565, 0.608799
-0.50511, -1.51104
-1.39566, 0.524821
-1.45705, -0.403552
1.63093, 1.51694
1.35764, -0.434039
-1.49084, -0.348226
-1.45929, -0.474258
1.56624, -0.522054
-1.64353, -0.388667
0.319069, 0.584552
0.294761, 0.469046
-0.568964, 0.601193
0.535863, -1.51929
-0.673447, -0.596828
-0.550546, 1.72007
-0.623404, -0.361374
-0.306555, -0.51072
-1.46584, 0.566788
0.445141, 0.699535
-1.53859, 1.34299
-1.52168, -1.40068
-1.40968, -1.72552
-1.49541, -0.577821
1.48995, 1.544
-1.60786, -1.50256
-0.514456, 1.35975
-0.355002, 1.59813
0.53132, -0.405356
-1.53027, 1.60284
0.479026, -0.557273
1.61543, -1.63844
1.58125, 0.454383
-1.48971, 1.28296
-1.43232, 1.49395
-0.421767, 1.40712
-1.49614, 0.712971
1.4688, -0.543683
-1.45059, 0.489633
-0.584068, 0.473012
-0.462615, 0.482148
-0.43089, -1.4545
-0.53812, -1.57901
-1.52955, -0.550563
1.48377, 0.463184
-0.473887, 1.42203
-1.50994, -1.55055
-0.706669, -1.79315
-0.398324, 0.4913
0.521731, -0.34905
-1.57216, 0.432031
-0.577583, -1.30115
-1.70137, -1.52891
0.444351, 0.573456
0.616579, -0.490403
1.46606, -1.61397
-0.344343, 0.502823
-1.5328, 0.464632
-0.468814, -0.530893
1.41583, -0.478993
0.454586, -1.48342
1.46402, -1.51444
1.50428, -0.392319
0.586573, -1.55358
-0.511023, 1.49604
1.68832, 1.54027
-1.49312, 0.486735
1.50201, 1.40131
0.614492, -1.54699
1.42286, 0.390249
-0.591851, 1.3755
-1.65728, 1.55365
1.43321, -1.5857
-0.587901, 0.690974
-0.458306, -1.60179
0.471425, 0.411118
0.467474, -1.55632
-1.50492, 0.569035
0.602415, 0.5813
-0.430417, -1.50476
0.476691, -1.46781
1.53793, -1.48725
0.501549, -0.630292
-0.472677, 1.5769
-1.61005, -1.47101
-1.4265, 1.44516
-1.31693, -0.651906
-1.52127, -1.54243
0.494974, -0.596158
1.5534, -1.59729
-0.285391, 1.19881
-0.400217, 1.62727
-1.43678, -1.55285
1.67296, 0.446161
-0.494452, -1.5138
1.54431, 1.38898
-0.51278, 0.558614
0.465577, 0.524522
0.539624, -0.61368
1.54342, 1.49832
0.38588, 1.45219
1.55403, 1.59207
0.458521, -0.5608
1.44375, 1.43755
0.377505, -1.36506
-1.36129, -0.587101
-1.54585, -1.58506
0.369967, 0.450237
-1.61641, 0.517132
-0.497486, 1.50718
-0.286333, 1.53493
1.43695, -1.57892
1.57127, 1.48791
0.524855, -1.42883
-0.480635, 0.592621
0.532819, 1.48608
0.494762, -0.491116
-1.75605, -0.553024
-1.49639, 1.4422
0.65472, 1.40236
0.502316, -1.47761
0.696571, 0.690976
-0.414754, 0.523785
-0.487333, -0.585398
0.499905, -0.429852
0.647908, -0.552586
-0.52626, 1.253
1.70955, 0.439743
-1.52605, 0.427761
0.57399, -1.25574
-1.33332, -1.43458
1.39306, 0.549552
1.46134, -1.44762
-0.563294, -1.59143
0.489342, 1.36086
-1.40596, -0.404471
-1.41114, -1.47118
-1.40463, 1.48339
1.45329, -0.580872
-1.36922, -1.62097
-0.557523, 0.670828
-1.49068, 0.460033
0.510903, 1.57767
-1.51488, 0.540007
1.50661, 1.46387
-1.38492, 1.43063
1.43595, 1.56224
-1.52246, 0.574291
0.499405, -0.501052
-0.463674, 1.5749
-0.514325, -1.57797
0.426654, 0.530878
0.618512, -1.43577
-0.419353, -0.546788
1.49337, -1.5601
-1.49027, 1.37639
-1.375, -1.45067
-0.33741, -0.697997
-1.40638, 0.517279
-1.59554, -1.3977
-1.22249, 1.46184
-0.502463, 1.41731
0.655282, 1.46743
-0.380547, -0.565576
-1.62777, 0.639391
1.39055, -0.60156
-1.46052, -1.65753
0.482143, 0.6017
0.475978, 1.64006
1.4726, 0.513976
0.424064, -0.685606
-0.540812, 0.496379
0.510442, 0.510325
0.562684, -0.533098
-0.551227, 0.450103
-1.50333, -1.48333
-1.53228, -0.577732
0.384774, 1.46521
1.40474, -0.472917
-0.432908, 0.565012
-0.378195, 1.42076
1.51575, -1.54999
-0.391905, -0.336579
-0.549047, -1.59883
-1.46962, 1.46879
-0.528298, -0.579013
-0.521426, 1.48386
-0.679873, -1.46129
-1.30054, 1.456
1.38593, -0.678605
-0.515948, 0.439755
0.490051, 0.504555
1.4852, -0.530924
-1.54937, 0.56165
0.435913, 0.476561
0.524519, -0.474089
-1.59471, -0.408266
-1.38653, 1.39513
-1.64089, -0.457929
-1.42222, -1.56246
1.68428, -1.336
1.61964, 0.560792
-1.45657, 1.35816
-0.476334, -0.55095
-1.54169, 0.618059
-1.34542, 0.320708
1.53599, 0.493856
1.50392, 0.589417
0.54021, -1.64071
-1.41292, 0.497423
0.487509, -0.388863
1.52827, -1.53137
-0.378257, 0.381538
-1.52003, -0.520215
1.59917, 0.411715
-0.574423, -0.676707
0.549603, -0.516883
-0.370045, -0.673727
-1.72404, 0.695607
0.532487, 1.46565
0.689107, -1.47462
-0.526131, 1.38715
-1.61461, -1.5878
1.50489, -0.435691
-0.315488, -0.663462
-0.539856, 0.364373
-0.492136, 0.374098
-1.47668, -0.426925
0.47974, 1.45215
-1.58209, -1.42481
0.433821, 0.345028
0.592639, 0.542848
-0.537907, 0.488629
-1.60403, 1.4501
-1.4358, 0.522721
0.653436, -1.53074
1.57666, -0.571336
-0.532766, 1.46194
0.546146, -0.5723
-1.43313, 1.50149
-0.409545, -1.51696
-0.393191, -1.49841
-1.3214, 1.61768
-0.423558, 1.50982
-0.487795, -1.59319
-0.564141, -1.64391
-0.539314, 1.6031
1.40247, -1.54346
-1.23667, -0.428379
-0.568027, 1.68674
1.42875, -1.56612
1.47961, 1.45401
0.433153, -1.65079
0.418648, 1.6432
0.50643, -0.515336
-0.445658, 0.297354
-1.68228, -0.700304
-0.415445, 1.43528
-1.39572, -0.37333
0.724346, -1.51971
-1.54327, 1.58795
-0.27928, 0.436972
-1.59866, 0.432437
-1.54296, 1.42877
-1.4681, -0.376029
1.54995, -0.576459
1.33889, 1.52204
-0.353087, 0.497059
0.415503, -0.570586
1.52501, -0.537546
0.567093, -1.63513
1.54299, 0.695811
-1.34978, 0.487938
-1.63091, 0.529425
-1.43096, 1.56589
0.534557, -1.71037
0.452855, -0.604691
1.60541, -1.53676
-0.476653, 1.61068
1.51083, 0.326582
0.365491, -1.46664
-1.66883, 1.48643
1.56942, -1.37601
1.50302, 1.50513
0.530398, 1.41511
1.56451, -1.62514
-1.45057, 0.620193
-1.57813, 1.57633
-0.580841, 0.409595
1.63049, -0.577073
1.4839, -1.67267
0.572994, -1.63027
-0.396259, 1.54707
1.33214, -0.498961
-1.51152, 1.49607
0.537312, -0.354297
1.49008, -1.61579
-0.561121, 0.628398
-1.29788, -1.43064
1.66585, -0.510002
-0.486866, -0.480815
0.591524, 1.65465
1.48318, 1.50284
1.44512, -0.6562
-0.479141, -1.60034
1.49818, -0.438796
-1.54439, -0.519505
-0.414424, 0.247393
0.466649, -0.479231
-0.598946, -0.53188
0.52476, -0.671115
1.52175, -1.43414
-1.44255, -1.45171
0.533648, -1.64242
-1.62048, -1.35217
0.561945, 1.47984
-0.678842, 0.407178
1.42506, 1.31655
-1.40361, 1.61672
-0.427713, 1.57722
-1.47239, 1.54338
1.57727, 1.63893
-0.627903, 0.4848
-1.3693, -0.428305
-1.38359, -1.33463
-0.46749, -0.560292
1.43191, -0.513508
1.58444, 1.62847
-1.47609, 0.377277
-1.46339, 1.53023
1.54626, 1.43905
1.54968, -1.56957
0.461052, -0.426717
1.57578, -1.43194
-1.64003, 1.46349
-0.511199, 1.66812
-1.54749, -0.430321
0.525152, -1.54006
1.55505, 0.498025
-0.452787, 0.52846
0.401834, -0.607344
1.6297, -0.41549
1.43422, -1.42106
1.52252, 1.44708
0.345342, -1.44609
1.3646, -0.406506
1.58886, -1.51936
-1.56872, 1.38412
-0.475828, 0.552761
-1.42879, -1.51795
-1.51484, 1.51893
-0.542498, 0.815046
0.359755, -0.370648
-1.65169, 1.50889
1.61217, -1.49256
-0.472699, 1.47441
-0.446903, 1.43955
-1.56268, 0.619423
-1.53518, -0.537377
1.56667, 0.449636
-0.564808, -0.352875
0.534094, -1.31212
-1.62381, 1.55207
0.555501, 1.44827
-1.45534, -0.495211
-1.48456, 1.58545
1.50197, -0.366024
-0.485248, 0.501573
-1.33192, 1.40739
-0.371689, 0.340931
-0.52612, -1.58475
0.475269, -0.372284
1.56469, -1.4158
-1.57901, -1.62442
1.3913, 1.43929
-1.55286, 1.46527
0.415238, 1.47544
-1.44003, 0.452677
1.66801, 1.57602
-1.54162, 0.539479
1.4127, -1.52233
-0.469543, -0.58983
0.674365, 0.485504
1.30935, -0.423409
1.39674, 0.625628
-0.558479, 1.55008
1.34091, 1.35887
0.514754, -1.40758
0.485593, 1.59942
-0.591548, -1.23915
-1.45916, -1.43044
0.456104, 0.27088
0.453646, -1.60155
0.491525, 1.49502
-0.497607, -1.39922
-1.43039, 1.35512
-1.39852, -1.5501
-0.545413, 1.50639
0.532712, -0.463358
-1.50686, -1.54696
-0.502992, 1.54509
-1.65481, 0.556736
-0.486957, 0.468551
-1.75093, 0.500931
-0.430273, 0.40751
1.63253, 1.51578
0.482943, 0.320945
-1.49253, 1.41794
-1.62136, 0.666292
1.61477, -1.54839
-1.25579, -1.61102
-0.499261, 0.511512
0.484641, 1.78976
-1.49451, -1.37999
0.571339, 1.55948
1.39372, 0.544456
-0.620637, -0.535257
-1.44797, -0.61191
1.62772, 1.60476
-0.402815, 1.43627
1.84463, -1.53219
1.40712, 1.60119
0.531246, -0.382614
1.41032, 1.47729
-0.658527, -1.31471
-1.51597, 1.60852
1.60392, 0.438109
1.34887, 0.362027
-0.474682, -1.54756
-0.626314, 1.48141
1.28979, 0.467111
-0.462476, -1.56384
-1.47986, 1.66245
0.47568, -0.504257
1.61093, 0.510182
1.50426, -0.533015
-0.485214, -0.463715
1.66239, -1.80545
1.7212, -1.4612
0.391399, 1.68954
-1.55361, 0.401651
0.583368, 1.62738
0.52832, -1.46059
-1.51483, -0.388424
1.44779, -1.55022
-1.55013, 0.567862
1.54047, -1.58874
-1.62275, 1.47805
1.43811, -1.59277
-1.42468, -0.435507
-1.47496, -1.57856
-1.29103, 0.553488
-0.432854, 1.62576
-0.543625, 0.441334
1.556, 1.45334
0.526918, 1.51343
-1.70623, 0.62215
0.640518, -1.50415
-0.510419, 1.50122
1.55021, 1.43048
0.489546, -0.493259
-1.5331, -1.64176
-1.54493, -0.563681
-1.32577, 1.63777
1.52945, 0.285603
0.733805, -1.66697
0.509753, -0.474684
0.369127, -0.389383
-1.38807, -0.387629
-0.471118, 0.50523
1.56285, -1.49952
-1.7562, -0.410953
-0.673953, -0.528686
-0.304193, 1.44308
1.76058, 0.431865
0.491414, -1.46342
-0.535076, 1.52634
1.62983, 1.6699
0.350238, -0.42869
1.57154, 0.510357
0.522379, -1.56838
-1.55915, -0.419511
1.52469, 1.537
-0.369962, 0.711828
-1.53317, 1.42674
1.75183, 0.440061
0.434711, 0.630997
-1.53989, 1.6629
-1.49599, 1.35998
1.63545, 1.62929
0.412306, -0.375753
-0.450842, -1.68211
-0.586072, -1.59938
0.411923, -0.558399
-1.38289, -1.24123
-0.40073, 1.44161
-0.51984, -0.211939
1.5095, 0.272659
-1.50713, -0.44834
-1.62992, 1.474
-0.48226, -1.48447
-0.410027, -0.479351
-0.525598, 0.451928
0.495377, 0.596429
1.4736, -0.514053
0.737053, -0.54093
-0.234829, 0.541386
0.575345, -0.426526
-0.519428, 1.39038
0.534188, 1.56837
1.54443, 0.407786
-1.35711, -0.552206
0.658294, -1.50136
-1.41903, 0.505299
-0.563355, 0.372854
-0.382714, -1.57089
-0.474034, 1.54332
-0.517855, 1.62955
0.509332, -1.34044
0.528513, -1.30539
1.48355, -1.38465
-1.48844, 1.28578
-0.696083, -0.576074
-1.54764, -0.437392
1.52533, 0.54639
-1.56474, 1.46497
1.45938, 0.527419
-1.50031, 1.39249
0.508008, 0.421488
1.50397, -1.36848
-0.517935, -0.65208
-1.52313, 0.528009
-0.679682, 0.450367
1.37825, -1.41779
-1.503, -1.34232
-0.366402, -0.441549
-1.52562, -0.453771
-1.57302, 1.52856
1.56007, -0.610797
0.488421, 1.53889
0.522982, 1.46983
-0.446074, -1.59094
1.49582, -0.501275
-0.398178, 0.55713
1.54458, -1.56751
0.60454, 0.537787
-0.746006, -0.428938
-1.22981, 1.47513
1.37817, -1.59774
-0.494014, -1.55179
-0.179805, 1.35865
1.4377, 1.40651
-1.63402, 1.48239
-0.553567, 1.40045
-0.38407, 1.51675
0.503838, 0.558719
0.488088, -1.48851
-0.53799, 0.290831
-0.536964, -0.757833
-1.45123, -1.48406
0.433279, 1.47532
-0.619802, 1.47612
-0.457221, 1.45326
-0.602299, -1.34697
-1.53686, 1.6182
-0.628116, 0.575665
1.59069, -0.537063
0.432007, -1.52531
-0.460075, -0.470244
-1.48678, 0.608386
-1.65379, 1.50384
-0.552597, 0.402376
1.46444, 1.53231
1.42581, 0.635865
-1.29847, -0.405462
-1.33942, 1.56999
0.547317, 1.48954
-1.57702, -0.572376
-1.475, -0.553101
-0.513222, 1.52229
-0.569626, -0.581649
-1.57704, 1.38489
0.386007, 0.62929
-1.53748, -0.536255
-0.795636, -0.516927
-0.446929, -0.483595
1.50517, -1.43554
1.43772, 1.48491
-1.47981, -0.40881
-0.42503, 0.367902
-0.544313, 0.677418
-1.62082, 0.411334
-0.550023, -0.684555
1.50303, 0.574859
-1.52102, 1.54941
-0.460566, -0.420617
-1.53586, 0.479129
-0.601766, -0.384691
-1.46734, -0.244554
-1.4958, -0.650832
-0.417546, 0.576533
-1.6017, 1.36601
1.54879, -0.494158
1.56059, -1.3927
-0.488739, 1.54143
-1.69018, 1.44816
1.45093, 1.44423
-1.50451, 0.511871
-0.539457, 0.446965
-1.45708, -1.68307
1.60653, -0.581961
1.4321, 1.62443
0.68502, -1.37734
-1.59266, 0.372222
0.468658, 1.51083
1.61879, 0.519349
1.36333, -1.6156
1.33272, -0.550751
-0.546098, -1.42799
-0.611832, 1.50582
1.53094, 1.50424
-0.468198, 0.527787
1.52151, 1.39042
1.44406, 1.4542
-0.413106, 1.40595
-0.556513, 0.68561
0.466005, 0.526349
-1.5925, 1.35735
1.46342, -0.553789
1.50048, 1.60819
0.635003, 1.50307
-0.457265, 1.42346
0.465367, -1.45065
0.542805, 1.43686
-1.53983, -0.318786
1.5654, -0.472498
-1.60208, 1.50662
-1.61746, 0.643607
-0.549433, 1.47922
-1.69792, 1.47818
0.571104, 1.45959
-1.51024, 0.410829
-0.523781, -0.515039
-1.68151, -1.48398
1.47256, -1.48382
1.53691, 1.50893
-1.47772, -0.465747
1.59078, 1.49809
0.281152, -1.39585
-0.544598, 1.51697
0.426639, -1.5588
-1.58185, 0.576116
-1.46319, -0.405295
-1.50625, -0.614064
1.38106, 1.49107
0.541609, -1.36499
1.33465, -0.464567
-0.663463, -1.60186
-0.559661, 0.462905
-0.536487, -0.616137
1.40905, 0.462232
0.540944, -1.61579
0.465427, -0.439286
1.53309, -1.48102
0.662572, -0.541773
-1.37331, 1.5306
1.40931, -1.44248
0.467404, 0.426663
0.556171, -1.54346
1.34052, 1.41618
-1.56638, 0.416217
0.607236, 0.583004
-0.534926, -1.40678
-1.47419, -0.420661
-0.613697, -0.4594
-1.50297, -1.705
-1.4407, -1.56006
-0.411786, -1.50497
0.392905, 0.671332
-0.551334, -0.569401
-1.40148, 1.35894
0.502705, -0.452496
0.492443, -1.40126
-1.28378, -1.70429
0.501781, -0.420024
-1.67792, 1.46517
1.66144, 1.41018
-1.55058, -1.60048
1.44082, 0.536999
0.480624, 0.528665
1.55784, 1.34704
-0.484709, -1.3825
-1.43275, -0.477329
1.50547, 1.51314
0.434023, -0.498313
-1.34416, -1.44284
0.481455, 1.43466
1.55357, 0.663722
-0.446542, 0.6385
-0.381845, -0.440366
-0.575285, -1.52133
1.42765, -1.79594
0.547722, -0.446289
1.50112, 1.55933
-0.335087, -0.636955
-0.53738, -1.43887
-1.52557, 1.46871
0.619832, -1.58237
0.57432, 1.35456
-0.447738, 0.489604
1.60712, 1.51059
1.58909, -0.592885
1.46492, 1.53705
-1.4299, -0.428917
-1.35894, -1.49699
0.42988, -0.45447
1.57051, -0.701255
0.505442, 1.52888
1.46674, 1.60052
-0.613345, -1.40385
0.41312, 0.669123
-1.7189, -1.34604
0.335242, -0.547422
1.37502, -0.314361
0.502049, -0.342741
0.366997, 0.419847
1.41263, -0.568068
0.41221, -0.516045
0.572305, -1.39258
-0.507175, -1.44366
-1.52739, 1.37667
1.49649, 0.515006
-1.41979, -1.34779
-1.55421, 1.47037
-1.37289, -0.473301
-1.57981, 1.58255
1.40168, -1.43498
-1.49552, 1.49136
-1.67801, -0.402696
-1.55236, 1.44684
-0.460195, 1.60087
1.46567, 1.57102
0.443209, 0.552014
-1.5724, 1.50757
0.356649, 1.26038
-0.61731, -0.55263
-0.385537, 1.63251
0.514683, -0.372502
1.44786, 1.63006
0.432257, 1.53459
1.78946, 1.59535
0.538961, 0.446971
1.36782, -0.474591
0.569949, 0.510302
-0.468541, -1.53199
-1.37393, 0.640009
1.7022, -0.533582
0.40957, -0.395978
-0.293569, 0.724793
0.612357, 1.69082
1.45962, 1.68251
-0.385732, -0.519426
-1.55196, -0.53262
-1.49444, 1.43872
-1.48748, -0.443381
1.56234, 1.59059
1.39863, -1.59195
0.447198, 0.615848
-1.59816, -0.559951
0.574239, 1.47967
-1.59758, -0.506337
-0.389837, -0.487443
-1.48644, 0.546122
1.34588, -1.45755
1.41203, 1.50708
1.65092, 0.507115
1.6013, -1.37826
1.52893, -1.41247
-0.534468, -1.49828
-1.58706, 1.39917
0.337591, -1.36801
1.59334, -1.33139
0.512174, -1.43084
-0.423741, -0.464817
1.43261, -0.243051
1.44258, 1.50142
0.558636, -1.48886
-0.422507, 0.658148
-1.40108, -1.39379
1.36261, 1.44714
1.49641, 0.388253
0.58423, -0.406262
1.73607, 1.34855
0.443173, 0.429105
-1.58427, 1.54278
-1.47758, 1.51003
1.49986, 0.507335
1.48809, -1.53829
0.491445, 0.552086
-0.577198, 0.432437
1.60281, -1.71076
1.60542, -1.27657
1.47262, -0.339793
0.638871, -1.56157
-0.678308, 0.693011
0.382495, -1.46706
-1.54156, -0.402888
0.310941, -0.311205
1.3853, 1.58876
-0.511984, -1.59666
1.48629, 0.614127
1.48506, 1.65097
0.631077, -0.63882
1.69078, 1.47697
-0.292656, 0.434146
-0.506662, -0.754414
0.392828, 1.46426
-0.516286, -0.333887
1.51641, 1.48875
1.42978, -1.45379
-0.415367, -1.36956
-1.63954, 0.496911
0.407896, 1.51961
1.58253, 1.54082
0.493864, 0.487389
-0.442992, -1.55925
-1.49921, -0.323906
1.5678, 1.43475
0.600554, -0.310896
0.67715, 1.39174
-1.52015, -1.46838
-1.5491, -0.504008
0.435409, -1.51625
-1.66391, 0.305569
1.5523, -1.3763
0.561437, 1.50508
-0.188606, -1.55383
1.4242, -0.447169
-0.484587, 1.51134
-0.642995, -0.38277
1.47913, 0.573625
1.35914, -0.441216
-1.47666, 1.67554
-1.41578, 1.48609
-0.33454, 1.57475
-0.648673, 1.59248
1.41632, 0.62875
1.45734, -0.380499
-0.772622, -0.508048
-1.33183, 1.44944
-0.395431, 1.53159
1.4955, 0.604739
0.558443, -0.711682
1.45329, -1.47238
1.40953, 1.49151
0.584081, 0.161366
1.70399, -0.332424
0.560541, 1.47929
-0.452094, -0.482396
1.43864, -0.431125
1.48035, 0.480581
-1.43526, 0.569005
-0.425079, 1.36876
-1.7105, -1.47761
0.617729, -1.36333
1.63667, -0.340525
0.435998, -1.52114
1.42447, 0.515776
0.461721, -0.603399
0.523494, -0.445206
0.540334, 1.51812
-0.639919, -0.59144
1.583, 0.508509
-1.53449, -1.42544
0.525485, 1.58384
-0.614988, -1.53361
0.554013, -1.39692
1.59472, 0.426163
-1.43833, -1.52632
1.39845, 0.51393
-0.541942, 0.487668
-1.4606, 0.47254
0.486791, 0.63951
0.426704, 1.62861
0.442159, 0.607898
-0.46284, -0.640961
0.459958, -0.544569
-0.195422, -0.615237
1.52862, 0.515817
0.344957, 0.385764
0.604437, 0.60564
1.39772, 0.514661
1.56466, 1.60698
-0.42213, 0.406435
0.46378, -0.538869
-1.52348, -0.518632
-0.388052, 1.65302
-1.47715, 1.60038
-1.5196, -0.388038
1.56559, 1.5656
1.48472, 1.55881
0.669783, -0.492202
1.53276, 1.36806
1.3632, -1.65975
-1.44731, -0.503349
-1.52337, -1.50011
1.50175, 0.411179
-1.4348, 0.575957
-0.47212, 1.67846
-0.462175, 0.576179
0.513243, 1.53354
0.41766, -0.427644
0.657477, -0.415767
-1.44367, -1.46097
-0.62412, 1.48158
0.477198, -0.55508
-1.65303, 0.452467
0.534879, 1.48651
-1.53105, 1.68553
0.303641, -0.489354
-1.43865, -0.56098
1.46456, -1.54461
-0.573947, 1.5762
0.395715, 0.581343
1.7172, -0.57094
-0.456205, -1.50509
-1.49776, -0.392301
1.37531, -0.365428
1.61696, 1.60712
0.464396, -0.480488
-1.44742, 0.48554
-0.502201, 0.379932
-1.49473, 0.616081
-0.445076, -1.65758
-0.497035, -1.31051
-1.76868, 0.473734
-1.45718, 1.55123
0.541973, -1.38319
0.45492, -0.451192
0.401761, 1.5192
-1.60329, -0.497003
1.4181, 0.528437
1.62815, 0.453343
1.54649, -0.380938
1.52762, -1.5232
-1.51644, -1.66017
-1.48454, -0.478565
0.519862, -0.3809
-1.6188, 1.32192
-0.472291, -0.546945
1.53455, 1.38815
-0.624401, 1.30777
0.474454, -0.557776
0.46787, 1.44177
1.60402, 0.747123
1.63323, -0.556733
-1.45685, -0.447106
-1.42668, -1.4453
0.334672, -0.593049
1.3755, 1.53231
-1.33934, 0.654075
-1.57819, 0.622064
-0.447083, -1.64813
0.39822, -1.40774
-1.2661, -1.57904
-0.440922, 1.76536
0.529552, -1.55835
-0.411032, 0.554425
0.438348, -0.581456
-0.491556, 0.57555
-0.455511, -0.500388
1.32887, -0.549222
-0.475317, 0.597306
1.21036, 1.63262
-0.640988, -0.378715
-0.452268, 1.41208
1.62509, 1.39587
1.44892, 1.5497
-1.51859, 1.568
1.51735, 0.458427
-1.58975, -0.461085
-0.597613, 0.548994
-1.50563, -0.530478
-1.55242, -1.53654
-0.563795, 1.43906
1.61083, -1.41379
-1.37217, 1.46491
-0.374835, -0.520227
1.55751, -1.38158
-1.65934, 1.50294
-0.498223, -1.46965
-1.67085, -0.468997
-1.35223, -0.498487
-0.520343, 1.67312
1.33728, -1.50024
-0.472748, 1.57174
-0.627979, -0.457905
-0.507636, -1.51381
0.578613, -0.455322
-0.610126, 1.61229
0.401663, 0.670754
1.55149, -1.52661
0.550819, 0.433489
1.56642, -1.58597
-0.548452, 0.471189
-0.628044, 1.74927
0.261988, -0.4655
1.55948, 0.342643
-0.528358, 1.42692
-0.548787, -0.434173
1.46766, 1.40771
0.306148, -0.529653
-1.63717, 1.51075
1.41135, -1.46676
-0.459723, -1.54975
0.652822, 0.469067
1.67815, 1.48974
0.422854, 1.54269
1.46125, 1.44308
0.670728, -0.36437
1.3941, 1.36991
-1.26285, 1.55591
-0.283991, -0.508298
1.472, 0.628218
1.39249, -0.638328
1.56194, -0.623599
0.500619, 1.55246
0.594675, 1.63022
0.600601, -1.4344
-0.399966, 1.59459
-1.2867, -1.52707
0.427003, -0.394155
1.59264, 1.41419
-1.62842, -1.30355
-1.4946, -1.55181
0.660528, -1.39564
-0.545994, 0.499977
1.53108, -0.478467
-0.490881, -0.612838
1.48196, 1.57934
1.61439, 0.377268
-0.420856, 0.521114
0.558052, -0.401579
0.473346, -0.734323
-1.46273, -1.32435
-0.477772, 0.605459
-1.46287, 1.55488
0.533244, 0.594687
-1.33114, -1.52501
1.45027, 1.33083
-1.57817, -1.66529
1.4301, -1.51963
0.438658, 1.52238
-0.558041, -0.387691
-0.422013, -1.62274
-1.50632, -0.43729
-1.52336, -0.532827
0.376114, -1.52115
-1.43308, -0.546741
-0.320651, -0.420541
-0.551879, -1.45822
-1.43476, -1.55364
-0.674438, 1.48381
1.57139, 1.48336
1.52732, 1.45205
0.617421, -0.379916
1.42002, 1.47913
0.497348, -1.49226
-0.536172, -1.48965
-1.25498, 1.64916
0.60081, -0.491314
1.57762, -1.39218
0.595615, 1.33056
-1.35093, 0.507669
-1.30708, 1.65478
-1.44552, 1.4283
-1.35584, -1.39351
1.52526, -0.399298
-0.542822, -0.410389
0.420217, 1.53013
-0.512227, -0.574795
-0.628632, -1.40435
-0.305787, 0.401617
-0.467054, -1.7461
-0.524562, -0.451559
0.322787, 1.40808
-1.48457, 1.57598
-1.57437, 0.487495
-0.494543, -0.659723
-1.74183, 1.55173
-0.586087, -0.357916
-1.47696, 1.36217
-1.58488, 0.740921
1.44985, -1.6382
0.420285, 0.444629
-0.538786, 0.504049
-1.49827, -0.681476
-0.507068, 0.454072
-1.45155, 1.39085
1.3659, 0.452335
-0.4632, 1.34111
-0.698252, -0.597411
-0.334448, -0.534933
-1.56126, 0.441803
-1.47503, -0.509111
-1.48062, -1.54735
-1.53072, 1.39363
-0.372665, -0.587819
1.43614, -0.399528
-0.463588, 1.49231
-0.450618, -1.41237
1.524, 0.323118
-1.37159, -1.49128
-0.438255, 1.5317
-1.57895, 0.506314
0.440332, 1.43232
1.49875, -1.47675
-1.54033, -1.52538
-0.580777, -1.4864
1.49945, 1.63203
0.511355, 0.609296
-1.50734, -0.51106
0.574078, 1.63995
-1.64696, 1.54011
-0.365914, -0.453989
1.50226, 1.50446
-0.512082, 0.436641
1.62561, -1.55364
-0.400154, 1.66552
-1.35106, -1.4549
-0.565266, -0.320537
-0.297722, 1.63424
-1.43189, -0.669198
-1.53167, -0.514353
-0.434932, -1.35047
-1.47796, -1.36155
-1.65581, 0.405264
1.47363, 1.60886
-0.574609, 0.357862
0.553811, 0.355582
0.454343, 1.57216
1.7474, -0.487281
-1.59484, 1.48965
0.51922, -0.644604
-0.646596, 0.414352
1.55027, 1.60451
-0.628278, -0.560893
1.45007, 1.56227
-0.506334, 1.63678
0.396961, -0.374865
0.361091, -0.585274
1.25702, 0.476439
0.435264, -0.406156
-0.722048, -1.39105
-1.36867, 0.407519
0.268048, -0.489221
-1.56459, -0.496441
0.590241, -0.24426
0.650694, -0.565151
1.40878, -0.461969
-1.34028, 0.738437
-1.39319, 1.45857
-0.393197, 0.395253
-0.593381, -1.63398
-1.51651, -1.4963
-0.624764, -1.55496
-0.378235, 0.500748
-1.50488, -1.575
-1.43302, 0.633878
-0.530053, -1.62022
-1.59082, 1.47637
0.362849, -1.59846
-0.607881, -1.57388
-1.56958, -1.47453
-0.289353, 1.58088
1.49144, -0.607018
-1.55153, 0.470361
1.55513, -1.45189
1.18699, 1.36575
0.478227, 1.52481
0.660717, -0.635707
0.398045, 0.509219
-1.45757, 1.33728
0.5569, -1.53819
-0.586649, 0.571542
-1.60232, 0.460273
1.34723, -1.49621
-1.49862, 0.455191
-0.318499, -0.558145
-0.473994, 1.44654
-0.70597, -1.4201
1.62627, 1.39144
-0.275559, 0.642621
-1.52471, 0.632112
1.47446, -1.51755
-0.417467, -0.582306
-1.36069, 0.434224
1.44326, -1.58206
-1.53895, -1.47173
0.234424, 1.58468
-0.698586, 0.298106
-1.48707, -0.706345
0.61947, 0.293708
0.566479, 0.45925
1.44774, 1.35621
1.42552, -0.595926
1.48164, 0.518085
0.272621, -0.439601
0.535062, 0.417105
0.555695, 1.48439
-0.646146, 1.59898
-1.406, 0.489423
-0.456646, -1.50752
0.552402, -1.51888
-0.503375, -0.438947
1.52893, -1.60533
-0.474792, -1.45964
-0.548573, 1.36365
-0.545548, -1.41501
-1.41837, -1.64471
1.53976, -0.648855
-0.240049, -0.480013
1.46118, 0.418091
1.50376, 1.40023
0.663257, -0.481472
0.490049, 0.571493
0.42836, 0.499886
1.56189, -1.58776
0.678941, -0.560656
-1.34885, 0.38355
-1.46357, 0.435801
-0.529631, -1.57262
-0.623991, -1.49306
0.55841, -0.479456
0.503214, 0.395949
-0.458883, -1.72729
-0.486818, -1.56482
1.45831, 1.53157
0.421988, -1.74579
-1.53603, 1.44173
0.593698, -0.498508
0.571247, -1.50532
0.418217, 0.525103
-1.47686, 1.49973
1.43086, -1.49605
1.68029, 1.59766
-1.65931, 1.44847
1.57449, 1.56035
1.50938, -0.487777
-1.62847, 1.52073
1.50546, 1.49533
0.461114, -1.4668
-1.58607, 0.576048
0.472729, 1.65463
0.467864, -1.41494
-1.39137, 1.5334
0.490072, 1.49871
-0.373938, 1.55593
0.436944, 0.537719
0.609002, 0.491368
1.65993, -1.45196
0.49389, -1.43946
0.473993, -0.711379
-0.488885, -1.60416
1.51133, -1.50754
1.59013, 0.584711
1.26389, -1.33158
-0.483302, -1.49903
1.40693, -0.679977
-1.48599, -0.53917
0.496064, -1.58749
-1.5342, -0.489851
-0.434403, -1.51342
0.232537, 1.51747
-0.539628, 1.48091
-1.39305, 0.315712
-0.531697, -0.682632
-1.49693, -1.59255
-0.58017, -1.52116
-1.63836, 0.670389
-0.642443, -1.47344
0.632428, -1.36298
0.322602, -0.661538
1.53597, 1.63078
0.540022, 1.54825
0.424908, 0.648106
1.70341, 0.4432
0.317988, 1.33966
-1.48177, 1.53898
0.674562, -0.57411
-0.323189, 1.40156
1.51506, 0.540082
-0.552727, 0.50916
-0.493393, 0.637676
1.57292, 0.588464
-1.50127, -1.57806
-0.607979, 1.48152
0.425164, -0.307042
-0.449671, 1.50654
0.449511, 1.49084
-1.58192, -0.468913
-1.67169, 0.383203
-1.34311, -0.435882
-0.532924, -0.603491
-0.399368, 0.555241
-1.5001, -0.545596
0.535884, 1.48683
1.64462, 1.43043
0.578161, 0.387714
1.47402, 0.565898
1.38076, 1.54736
1.47183, -1.55441
-0.562114, 0.52511
1.61923, 1.40935
0.475371, 1.50339
-1.53431, 1.53767
1.5865, -1.58837
1.37191, -1.55202
-0.499487, -1.36235
1.41346, -0.35976
-1.54281, 0.54422
1.3959, 0.506985
-1.4135, -1.46704
-0.539002, -1.50649
0.382336, 0.649743
1.5254, 1.37387
1.59109, 1.46684
-0.531588, 1.81493
-0.361195, 1.43597
1.6714, 1.47283
1.52583, 1.48845
-0.623808, -1.65963
1.39498, -0.666414
-1.36022, -0.646619
-0.443678, 0.396219
1.58743, 1.51158
-1.654, 0.439792
0.461471, -0.479154
-1.53121, -0.563741
-1.47644, 0.620796
-1.55467, -1.49579
-0.375575, -1.51179
-1.56184, 1.51219
1.36038, 0.562052
0.720241, 0.642214
-1.40309, -0.615769
0.563988, 1.43496
0.511912, 0.592668
-1.57304, -1.63997
-0.447819, -0.326682
1.59201, 1.58228
1.51744, 1.37949
1.26347, -1.47783
-0.381355, -1.43495
-0.41392, 1.50828
0.566858, 1.65953
-0.486787, -0.502894
0.381358, -1.46271
-1.62889, 0.6743
1.62956, 0.466691
1.43753, 0.393255
-1.37467, -1.6451
1.5482, -0.468196
1.51875, 0.43892
-0.436136, 0.379803
0.615163, -1.55779
0.443738, 0.712921
-1.47524, 1.5294
0.427497, -0.493904
-1.4876, -1.5774
0.459917, -0.339146
-0.507632, -1.53158
-1.40509, -1.64453
-0.462516, 1.58079
1.39465, -1.4231
-0.457242, 0.537295
0.496632, 1.5672
1.42414, 0.307587
-1.42275, -0.448621
1.48418, -1.58566
-1.46966, -0.473854
0.644622, 1.53551
0.398966, -0.590509
0.505803, -1.51078
-1.42042, -0.600379
0.514478, -1.51763
-0.543137, -1.42312
1.42382, 0.51197
0.54236, 1.56667
1.48517, 1.51346
-1.47445, 1.53617
-0.585452, 1.62564
-1.55392, -1.65252
-1.54758, -1.41115
0.574646, -0.582881
-0.387361, -0.46808
-0.523226, -0.56029
1.58704, -0.446989
0.505968, -0.513383
-0.748633, -0.785896
-1.46996, 1.55703
-1.53304, 0.456451
-0.461158, -1.55259
-0.586519, 0.354917
-1.51209, -1.58793
-1.30831, 0.396904
0.584254, 0.688493
0.450312, 1.4472
-0.520186, 0.591754
0.485103, 1.31992
-1.56142, -1.60155
0.494066, -1.46417
1.36317, -1.40347
-0.366268, -1.60693
-1.42217, 0.385952
-1.5099, -1.50812
0.578339, 0.235867
0.499748, -1.48879
1.43239, -1.34633
0.441848, 1.56175
-0.491862, 1.59659
-0.491304, -1.63616
-1.53358, 1.34156
-0.389241, -0.403597
0.568753, -0.575114
-1.64582, 1.61057
0.479326, 0.405709
0.536514, -0.410439
-1.41601, -1.42386
-0.583822, -0.568259
1.47651, -1.63891
-1.5887, -1.34036
1.42041, 1.5532
-0.341267, -0.276723
-1.52439, 0.511492
-0.513748, -1.42563
0.299384, -0.556184
1.37509, 0.511336
-1.74857, 1.42567
0.742443, 1.58583
0.479551, 1.58245
1.40001, -1.53565
0.383732, -0.424714
0.558442, -1.41195
-1.45988, 0.572292
1.73138, 1.60969
1.4873, 0.596057
-1.56587, 0.583059
0.4018, 1.3629
-0.687289, 1.46874
-1.40011, -1.29669
-1.45252, 0.440328
0.430784, -1.57058
1.58639, 0.540832
-1.35175, 0.692028
-1.48534, -1.44087
0.457642, 1.4427
-1.47651, -0.521246
0.448909, -1.60335
-0.586815, 1.48166
-0.501362, 0.461625
-0.639488, 0.411296
1.40051, 0.357097
-0.49144, -0.558771
1.47588, 0.549404
-0.729505, -1.376
-1.40108, -1.5084
1.53269, 0.582766
-1.59808, -1.64765
-1.52951, 0.58317
-1.54275, 0.664932
0.464906, -1.44285
-0.407344, -1.48238
-1.46466, 0.363122
-0.465551, -1.51221
-1.50505, -1.54436
1.47313, -1.4293
-0.441896, -1.67859
-0.544536, 0.530631
0.4367, 1.56195
0.440906, -1.40386
-1.3721, 1.68813
-1.40009, 1.44529
-0.429641, -1.35356
-1.54194, 1.52424
0.641127, 0.519053
-1.43021, 1.45076
-1.43048, 1.68916
-1.41876, -0.454534
-1.33435, 0.530006
0.489948, 1.51306
0.510904, -0.572939
0.491948, -0.682411
0.433603, -0.480754
0.522218, 0.611505
-1.48485, 0.359818
1.58192, -0.589022
1.39546, 1.70968
-1.55756, -1.47112
-0.501637, -0.428205
0.402166, -1.36181
-1.56485, -1.56608
-1.61253, 0.514268
-1.57968, -1.66093
-1.47246, -1.46635
1.56499, -1.58715
1.44929, 1.71429
-0.435728, 1.45623
1.62829, -1.39929
-0.698634, 0.377999
0.53373, 1.39576
0.584713, -1.54761
-1.4225, 1.34353
-1.30757, -1.47766
-0.466973, 1.24652
1.39669, -1.59671
1.53003, -0.520756
-0.508279, -0.542994
1.47581, 1.61475
-1.44598, 0.4778
-0.576023, -1.51078
1.73268, 1.45609
0.336443, 0.531098
-1.56406, -0.734541
-0.486822, -1.60808
1.50339, -0.450038
1.36401, 1.62406
1.52253, 1.25628
0.583083, 0.50537
1.47855, 0.392919
0.574959, 0.530777
1.64136, -0.617348
1.55539, -1.43345
1.49853, 0.475966
0.502272, -0.604393
-0.615336, -0.442677
-0.648929, 1.33219
1.45919, -0.462225
-0.367445, 1.42288
1.58523, 0.588038
1.46228, 0.524449
-0.561313, 1.45617
1.51122, -0.458942
-1.4237, -0.419891
1.43679, 1.48477
0.241086, 1.52942
1.31292, -1.48977
-0.549881, -1.47675
-0.661268, -0.483993
-0.564041, -1.58079
-0.533029, 1.21257
0.403938, -0.472817
-0.332495, 0.534262
0.439084, -1.50993
0.419064, -1.51455
0.580521, -0.405553
0.68115, 0.556431
-0.535284, 1.45043
0.577352, -1.32449
1.51767, 0.460135
-1.48363, -1.47446
-1.58642, 1.2916
1.47624, 1.60233
0.398689, -0.419246
0.550655, -1.50613
-1.43529, 0.577871
0.612713, 0.519352
-0.654742, 1.42455
-1.55528, 1.34652
0.612964, -1.42544
-1.47072, 1.3459
-1.51727, 1.77623
1.62513, -1.5538
-1.46936, -1.5815
1.41919, 0.297406
1.46387, 0.414355
0.401794, -0.413327
1.58277, 0.591176
1.37008, -0.657205
-1.43352, -1.52451
-1.44467, -1.40693
-1.55254, -0.479864
1.73475, -1.56016
1.47325, -1.31041
-1.3582, 1.59881
0.486685, 0.504457
1.62682, 0.387427
-1.46074, 1.50997
-1.66517, 1.4872
0.62683, 1.6104
-0.568609, -1.34916
-0.477602, 0.536749
0.559631, 0.586572
1.49414, -0.564398
-0.469264, -1.41513
-0.180478, -1.57009
-1.54251, 0.436634
1.48092, 1.52767
-0.358247, -0.359827
-0.438254, -1.56387
0.547771, -1.46814
-0.643783, -1.61987
0.602258, 1.55587
-0.576881, 1.44515
-1.50366, 0.448869
1.34943, -0.412379
-0.419183, 1.63107
0.595766, -0.50403
1.4527, 0.496312
-1.60283, -1.50165
-0.409987, 0.628743
1.53969, -0.58007
0.649955, 1.47966
0.536047, -1.44676
-0.293564, -1.4024
0.393875, 1.34039
1.51491, -1.63162
0.509781, -1.43874
-1.63415, 1.62952
-1.45592, -1.49506
-0.499256, -1.50589
0.571652, -0.511443
0.572698, -1.59521
-0.54531, -1.44161
1.49267, 0.489859
-1.43557, -0.584565
-1.62603, 1.39364
-0.411663, -1.5104
1.46637, 0.436759
0.500745, -0.499933
-1.58092, -1.52497
1.5312, -1.48951
-0.470927, 1.44295
0.410029, 0.39041
1.65158, 1.57758
-1.56392, 1.4565
-1.55471, 0.433668
-1.53458, 0.480002
1.38615, -0.598991
0.439306, 1.34624
1.49007, -0.631681
-0.48259, 0.408274
-1.35467, 1.55046
0.532906, -0.723369
0.371191, 1.44191
-1.39957, 0.505952
-1.45659, 1.57948
0.489705, 1.51161
-0.363497, -1.28133
1.59178, 1.42663
-0.435219, -1.35665
-1.64008, -1.44632
1.65311, -1.64609
-1.58656, -0.367021
1.42438, 1.49964
-0.600284, 1.60926
1.47568, -0.542807
-0.488051, -1.54147
-1.50085, -1.5372
1.52221, -1.41806
0.679133, 0.56679
1.49216, 0.310734
-1.57686, -1.56813
0.445304, 1.46837
0.66905, -0.410301
1.44462, 0.565833
0.592093, -1.51003
-1.49103, 1.50461
0.354009, 1.37581
0.19588, -1.38962
-0.385468, -1.53608
0.562468, -0.540257
0.646046, -1.55805
-1.52636, 0.426341
-1.49365, 0.344591
0.511489, -0.517169
-0.366949, -0.331312
-1.38447, -1.41517
0.401288, -0.453239
0.616617, -0.530142
0.803257, -0.555929
-0.609594, 1.52652
1.51472, 0.471353
-0.291767, 1.64327
-0.448537, -1.34658
0.564592, -1.57331
1.7064, 0.485383
1.47033, 1.39382
-1.42112, 0.456891
-1.57712, -0.440008
-1.30972, 1.47489
0.671037, 0.42723
-1.47724, -1.51859
-1.55488, -1.44008
-1.2612, -0.339798
-1.58486, 0.54482
1.59143, 0.521546
-0.553516, 0.478076
1.54189, -1.53458
1.50871, 0.520456
0.7975, 0.598603
0.464727, -1.57588
-1.56053, -1.51952
-1.57669, 1.50063
0.375814, -0.648279
-0.419702, 1.53061
-0.467102, 1.60789
0.295126, -0.700319
-1.34273, -0.512524
0.647603, -1.43101
-1.52866, 1.46109
1.58266, -0.51426
0.414962, 0.445115
-1.58808, 1.49721
-0.547828, -0.506246
0.606035, 0.447152
-0.604715, 0.550604
-1.4982, -0.425044
1.60809, -1.53886
1.46047, 1.53345
0.572116, 1.32678
0.495059, -1.46284
-0.499281, 0.656901
-0.357833, 0.425765
0.48888, -0.448493
0.526441, -1.46852
0.873688, 0.465486
-1.64448, 0.458701
0.56174, -0.66668
-0.47406, 0.540048
0.442245, -1.45957
1.52561, 1.57766
-0.718843, 1.53707
1.66941, 1.49381
-0.374832, 1.58634
1.65051, -0.52789
1.54984, 1.54597
-0.583204, -0.507508
0.423921, -1.57932
-1.56327, -1.45198
-1.51515, 0.447504
-0.711164, -1.55189
-0.336974, 0.562954
-1.45431, -0.492575
0.273703, -0.409814
0.347801, -0.54128
1.51335, 0.521835
1.47724, 1.46563
-1.55862, 0.465264
-1.55407, -1.58315
1.40426, -1.4469
1.45068, -1.46117
1.66129, -1.33059
0.5281, -0.26823
-0.522962, 0.592239
-0.735203, 0.430422
-1.54338, 0.485513
1.54922, -1.5555
-1.63475, -0.380481
1.54724, 1.53139
-1.60704, -0.580116
-0.566766, 1.54398
-0.511914, -0.599615
-0.493086, -1.39002
0.412446, -1.61066
-0.552462, 1.43174
0.65451, 0.471414
-1.52606, -0.271423
-0.429014, -1.43617
1.61838, -1.49698
-1.37315, -0.327276
-0.384369, 0.562679
-1.55923, -1.61257
-0.437243, -0.395274
1.71996, -1.41089
0.456079, 0.452255
0.639195, -0.483051
0.518597, 0.532777
-1.52777, 0.521257
-1.51358, 1.16587
0.45817, 1.34831
0.444779, -0.374029
-1.53292, -1.6036
0.476634, -1.4278
-0.392309, 0.423488
-0.50695, 0.399374
-0.384567, -1.44564
-0.301883, 0.542157
1.3072, -1.40211
0.410794, 1.21794
1.53755, -1.50423
-1.44671, -0.464306
0.216965, 1.45416
0.708768, 1.58864
1.67182, 1.58746
0.496271, -1.61342
1.43359, -0.539625
-0.351421, 0.289452
0.675643, 0.511473
-1.64901, 0.386321
-0.429914, -1.55778
1.34177, 0.735149
1.59431, -0.460275
-1.40556, 0.330086
-1.54548, -0.691533
1.45765, 1.54675
1.43172, -1.50946
1.37655, -1.49405
-0.628442, -0.496642
-0.441574, 0.62243
1.64176, 0.529566
0.413736, -0.453877
0.549915, 0.443599
-1.50241, -0.595301
1.60092, 0.484526
1.54574, 0.649119
0.511208, 1.37177
-1.65799, 1.49787
1.36276, 0.384838
0.354677, 0.498926
1.66547, -0.480471
1.78477, 1.43609
1.45732, -0.676065
-0.444789, 0.479796
1.52805, 1.42534
-0.46046, -1.36339
0.427494, -0.425723
-1.42623, 0.603262
-0.512381, -0.374148
-1.32606, -1.4767
1.49617, 1.56556
-1.58808, 0.440777
-1.69811, -0.353946
0.410856, -0.601696
1.58007, 0.651715
1.41624, 1.51301
-0.401182, 0.415515
-1.29338, -1.50062
1.51086, -1.4643
0.394507, 1.29233
0.539308, -1.38259
-1.64659, -1.39215
0.474447, 0.433545
1.44132, 0.617802
-0.409965, -1.56039
1.41678, 0.589422
-1.51758, -1.56317
0.48999, -0.601448
-0.33536, 0.526136
-1.46202, -1.53189
0.394173, 0.312025
-0.218559, 1.39212
0.295201, 1.58064
-0.424264, -1.42012
-0.665371, 1.60116
0.533726, 0.477194
1.43974, -0.52919
1.64016, -1.45885
1.53517, -0.522864
-1.42253, 1.69591
0.750749, -0.376183
-1.44086, -1.55883
0.390517, 1.55141
0.568718, 1.53461
-0.604908, -1.46993
0.446058, -1.62205
1.36269, -1.37238
1.39586, 0.482018
-1.63943, -0.395802
0.653504, 0.630492
1.50758, -0.492608
1.56231, -1.56548
1.50392, -1.4546
-0.464752, -1.58858
-0.538416, 0.456937
-0.403725, 0.533882
0.359537, -1.49523
0.43591, 0.454434
-0.504512, 0.519747
-1.50045, 0.663708
-0.508211, -1.38097
0.453173, -1.50307
-1.40369, 1.42819
1.56337, -1.40607
-0.510537, 1.48152
-0.516468, -1.39846
-1.48561, 0.480196
-0.380869, 1.52484
0.584791, -1.25871
1.46964, -0.694617
-1.5273, 0.553312
-0.3971, 0.460512
-1.53771, -1.47116
-1.45876, 0.348296
1.71756, 0.481909
-1.62864, -1.54842
1.67476, 0.626404
-0.5344, -1.48261
-0.478704, 0.771255
1.58371, -0.425618
-1.46205, -1.57948
0.651261, -1.64249
0.520452, 0.591949
0.391778, -0.578791
0.415689, 1.49112
-1.40424, 1.45904
0.577825, 1.46464
1.3799, 0.451327
1.51894, 0.604923
-0.495046, -1.55076
0.476576, 1.48417
-0.513513, -0.511174
0.42466, -0.47406
-0.503128, -1.52897
0.441511, -0.539187
0.414627, 0.510014
0.539473, 0.614832
-0.425557, 0.521639
0.791909, -1.3086
0.300221, 1.34334
-1.59298, 0.430892
0.583239, 0.294112
-0.562232, -1.45044
1.47267, 1.60856
-0.41984, -1.4281
1.46166, -1.5171
0.522893, -0.509712
0.61528, 1.4105
-0.556369, 1.36555
0.517918, -1.57215
1.4676, 0.663865
0.564469, 1.45497
0.636396, 1.79116
1.54494, -1.33739
1.66257, 0.505944
-1.4879, -1.50641
-0.452592, 0.375001
-0.45429, -1.53518
-1.54478, -0.661641
1.6319, 0.493241
-1.44618, -0.55385
1.48876, 0.462312
-1.40394, -0.610856
1.47367, -0.381694
1.48658, -1.36101
0.3988, -1.63135
-0.390486, -1.49217
0.605353, -0.665375
-1.60059, -1.51245
-1.5244, 1.49312
-0.386472, -1.45759
1.46943, -1.48093
-1.49341, -0.621757
1.30324, -1.532
-1.44887, 1.39031
-0.609326, -0.539234
0.485847, -1.53939
-1.35666, 1.39858
-0.407636, -1.54076
-0.371587, -1.62407
-0.505413, -1.36601
-0.358701, -1.65027
1.48539, -0.493972
0.572064, 1.54422
0.585966, 0.411374
-1.54606, 1.58322
-1.49592, -0.544601
-0.684117, -0.577944
-1.33185, -0.597368
1.41245, -1.50199
0.465949, -0.639899
-1.29542, -0.323826
1.54869, 0.32323
-0.497535, 0.469225
-1.63762, -0.545009
-1.39956, 1.58886
0.614529, -0.488632
-0.427615, -1.51371
1.32791, 1.40726
1.37784, -0.438042
1.58779, 0.463537
-1.24201, -0.518461
-0.460708, 0.5668
-0.434729, 0.424808
-1.56348, -0.561597
-0.426268, 0.475523
-0.340287, -1.60649
-0.410987, 1.36994
-1.69425, 1.64078
-0.583054, -0.493422
-0.675445, -0.474333
1.45516, 1.46292
-1.49944, 1.45864
-1.52366, -0.442987
-1.50647, 0.548486
1.62544, -1.53894
-1.64072, -1.52674
1.40295, 1.38926
-1.60068, -1.59832
1.49302, -0.523142
-1.78595, -1.52073
-0.509306, 1.50489
0.482779, -0.414871
0.446567, 0.628377
-1.45504, 0.395884
0.424589, 1.52022
0.628602, -1.63639
1.6165, -0.621231
0.524453, 1.49993
1.6515, 0.459657
1.5907, -1.66161
-1.41901, 0.461913
-0.714282, -0.546897
-1.57722, 0.50863
1.67389, -1.38197
1.52158, -1.56475
1.48745, -0.436432
0.354909, 1.4998
1.53625, -1.53908
1.35014, 0.580811
-1.59595, 0.54886
-1.49927, -1.44006
0.643566, 0.511794
0.530638, 0.365274
0.662246, 0.45221
1.40794, 0.570937
-0.536874, -0.61531
-1.50143, -0.417847
1.54536, -0.338178
-1.47641, 1.45076
1.62892, 0.571713
1.47196, 0.52817
-1.44721, 0.522164
-1.42403, -1.56274
-1.57686, 0.437024
1.59584, 0.426641
-0.442357, 0.529693
1.40224, -1.78831
-1.44757, 0.337808
0.452163, -1.51238
-1.66709, -1.48342
1.57723, -0.439366
1.53561, 0.586511
1.58855, 1.58983
1.53163, -1.51301
-1.57243, 0.342975
0.45142, 0.525031
-0.541851, -1.43479
0.486057, 0.566293
-1.58809, 1.46461
-1.56322, 0.840507
-0.584633, -0.415332
1.40753, -1.4765
1.42729, 1.53651
-0.444429, -0.482303
1.60225, 1.51916
-0.390547, -0.494195
-0.387344, -1.37548
-1.65608, 1.54925
-1.68058, 0.301495
0.400489, 0.421426
-0.612328, -1.53684
1.59654, -1.655
-0.61035, 0.602402
-0.544167, -0.459231
-0.563345, -1.38459
-0.299757, 1.47622
-0.587799, 1.3533
-0.359019, 0.535164
-1.44172, -0.426261
-1.61006, -0.527427
0.455913, -0.54215
0.525695, -1.57474
-1.51266, 1.58148
0.674665, -0.400684
0.355348, -0.444202
0.517082, -0.518447
0.679971, 0.520126
-0.54031, 1.72018
-0.521354, 0.336908
-1.50858, -1.68064
-0.476049, 1.43874
0.638994, 1.45005
-0.649357, -1.50081
1.5494, 1.62655
0.368172, 0.512475
-0.454603, -1.51495
-0.513914, -1.52584
1.46523, 1.60862
0.412419, 1.45586
-0.619941, 1.60703
-1.58011, -0.366787
-0.532774, 0.403473
1.41902, -1.53397
0.593019, -1.30795
1.28775, 1.64031
1.5627, -1.40092
0.31592, 0.430799
0.537461, -0.339477
-1.44578, -0.403984
0.484552, 1.34889
-0.466804, -0.2065
0.633284, -1.46715
1.49092, -0.358486
1.50933, 0.430043
0.507314, 1.49653
-1.63164, -0.613857
-0.51289, -0.572667
1.55759, -0.578765
-1.45811, -1.45024
0.446997, -0.44471
-0.49793, -1.28823
-1.73347, 0.436996
-0.644643, -1.5019
-1.52253, -0.415287
0.553708, 1.48414
1.52124, 1.35447
1.56801, -1.65359
-1.34744, 1.61874
-0.401066, -1.413
-1.40221, 0.516171
0.498471, -0.396791
-1.5089, 0.434672
-1.59622, -0.559159
0.580079, 0.391099
1.5639, 1.48448
0.402779, -0.597542
-0.574313, -0.513739
-1.54659, 0.607554
-0.57005, 0.452542
-1.57959, 1.51655
0.492607, -0.604643
1.6481, 1.51651
0.575089, 1.37906
-1.4212, -0.633713
-0.508938, 1.52567
0.343261, 0.44055
0.514447, -1.36674
-0.517975, 0.511152
1.56566, 0.312377
0.494815, 0.678177
0.369072, -0.498811
0.497, 1.51263
-1.40846, 1.40424
0.485158, 0.632044
1.58875, -1.37432
-1.57832, 1.53796
-1.38505, 1.5375
0.43651, 1.53252
1.43525, 1.48104
0.43188, -1.55464
1.5806, -0.423576
1.55184, -1.61995
-0.495917, 0.381087
-1.35562, -1.43006
0.555582, 1.63145
-1.40314, 0.348724
-0.324132, 0.603647
-1.40611, -1.62214
1.38448, 1.44372
1.5626, 0.545061
-0.656156, -0.502211
1.34455, -0.468148
1.57403, 1.54915
1.44629, -1.56514
-0.529339, -0.464515
-0.549964, -1.44277
-1.37692, 1.38579
-0.446826, -0.560941
0.369081, -0.332566
1.54814, 1.55031
1.56337, -1.37402
1.39108, 0.531911
0.504252, 0.611151
1.456, -1.58061
-0.425865, 1.50396
-0.58716, 0.532718
0.730201, -1.5007
-1.48097, 1.55601
0.661912, -1.4342
-0.494657, -1.554
-1.46136, -0.374516
1.27841, -1.57896
-1.41659, -0.572901
-0.44335, 0.385348
1.59528, -0.437235
-0.535206, -1.66077
1.34611, -1.32735
0.613839, -0.447017
0.5046, -0.582407
-1.5567, 1.53496
1.49592, -1.55203
0.584362, 1.46331
-0.593233, -1.3725
-1.56091, 1.47153
-0.477871, -1.35072
-1.34758, -1.46919
0.36216, -0.705971
-0.555433, -1.56309
-0.678219, 1.61419
-1.43679, 1.49403
-0.560161, 1.41868
-1.40545, -1.40712
0.348958, 1.47656
1.49961, 0.424695
0.379106, 1.522
-0.502068, 0.497782
-0.749004, -1.44681
-1.60986, 0.165498
0.507591, -1.50622
-0.360884, 1.51172
-1.53995, 0.502573
-1.49505, -1.41974
0.483662, -0.67856
-1.53414, -0.524109
-0.587159, -1.63745
1.54993, 1.55723
-0.239851, -1.30342
0.518267, -1.49732
-0.510705, -0.38275
0.550981, 1.33284
0.405697, -0.595476
0.42962, -1.4616
-1.50825, 1.58569
-1.42526, -0.629205
1.51862, -1.48951
-0.424251, 0.530312
1.38075, -1.49812
0.56816, -0.476402
0.43453, -0.384105
1.5266, -1.52161
-0.572267, -0.504918
-1.44101, -1.53471
-0.592024, 1.48835
-0.617171, 0.413537
0.571091, -1.62827
-1.57768, 0.674886
-0.50563, -0.611828
1.42093, -0.626525
0.520653, 0.564648
1.46699, 0.458826
-1.56068, 1.56362
0.530763, -0.599994
-0.539059, -0.314775
-0.454895, -1.45725
1.43836, 0.744084
-1.51341, 1.56227
-1.52255, -1.65946
1.44471, 0.397689
-1.42967, 0.401334
-1.28759, -0.562215
0.574202, -0.496921
1.46861, 0.435216
1.45265, -1.50279
-0.518583, 0.568024
-0.320273, -1.56687
0.471157, 0.553692
1.55813, 1.52123
1.47482, 1.50967
1.51411, -1.31329
-1.45191, -1.33949
-1.61033, 0.414052
-1.63153, -0.792977
0.547462, -1.4392
-0.599274, -0.381201
-0.424011, -1.41487
0.464587, 0.498699
1.32873, 0.445466
-1.58705, 0.603856
-1.43053, 1.39559
-0.379891, -1.64139
0.503622, -1.52959
-0.425312, 1.4838
1.34435, -0.534829
1.54018, -0.509946
-1.69007, 0.592563
-1.62945, -0.581707
0.498395, -1.36022
1.48906, 1.56814
1.56073, -1.33728
-0.552505, 1.42458
0.352922, 0.35545
-1.58125, 0.527648
1.69826, 1.63204
0.612852, 1.44101
-0.56604, 0.535202
1.51486, 1.38738
-1.38604, 1.49058
1.49933, -1.45986
1.50082, -1.2592
1.61985, -1.53939
0.620544, 0.658907
1.41423, 1.54
0.637427, 1.6478
-1.52798, 1.44772
-0.546045, -1.3746
-0.399823, 1.47269
0.520612, 0.249037
-1.40444, -1.35583
-0.528789, 0.632373
1.4828, 0.321351
1.75662, -1.52635
0.48885, -0.390552
-0.40722, 0.545826
0.37811, -1.46793
-1.33265, 0.575624
-1.46114, -0.282112
1.44581, -1.48707
-0.471569, -0.491515
1.62646, 1.51423
1.43134, -1.35726
1.65617, -1.49759
-1.50053, 0.431062
1.56408, -0.186135
-0.418958, -1.48213
-1.40288, 1.44262
-1.66118, 1.31903
-0.400865, -1.42829
-0.445384, -1.50204
0.558105, -0.566027
0.398239, 1.49882
-0.668056, -1.23583
1.44654, -1.33235
-0.376384, 1.62453
-1.65325, 1.57465
0.622294, 1.70259
-1.7059, 0.397462
-1.40979, -1.51077
-0.456636, 1.4419
-0.674013, 1.3291
-0.474219, -0.444953
-0.504621, 1.47981
-1.43295, -1.64973
-0.491994, -1.54875
1.44175, -0.614248
0.56859, -1.65281
1.57698, 1.3774
1.55489, 1.43511
-0.523329, 0.544711
-0.573516, -0.547049
1.63286, -0.415025
-0.38874, -1.50058
-0.564705, -1.46365
-1.38876, 0.452582
-1.56637, -1.5864
-0.410388, 0.395652
0.560603, 0.41917
-1.53464, 1.65534
-1.5162, -0.340654
-0.636775, 1.44965
0.653979, 1.49922
-0.55188, -0.517772
1.37301, -1.59262
-1.38627, -1.59071
1.40268, 1.59877
1.53569, -0.685479
1.6202, -1.53937
0.423666, -1.46142
1.44577, -1.39934
0.414531, -1.55654
0.353408, 1.40002
-1.6018, -1.52769
-0.384386, 0.625906
0.78862, 0.407013
-1.53858, -0.537589
0.509409, 0.533963
-1.66534, -0.542419
-1.39048, -1.55738
1.35842, 0.419497
0.544665, -1.68353
-1.49032, -1.41774
-1.63202, -0.386872
1.7071, 0.577763
1.31764, -1.54904
0.552631, 0.431589
-1.51375, 1.51358
0.369393, 1.44927
0.521212, -1.49232
1.62661, 0.456669
1.54074, 0.749865
0.385235, -1.38511
-1.41196, -1.30546
-1.31601, -0.525013
-1.48961, 1.40016
-0.520464, 1.48821
-1.59267, -1.42419
1.61304, -0.319561
-0.434566, 1.39048
0.728326, 0.630446
0.393047, 1.49954
1.54864, -0.613752
1.53233, 0.456731
0.546853, 1.36791
-1.52401, -1.68941
-1.44104, -1.32996
1.57996, -0.294172
-0.483591, 1.22486
-0.670193, -0.521151
1.53884, 0.428289
0.553346, 0.384718
0.448777, -0.449322
-1.40994, 1.45746
1.38789, 1.57027
0.431904, -1.66404
-0.551042, 0.600385
-1.70195, 1.40417
-1.53546, 0.586235
-1.62201, -0.53378
0.682802, 1.58276
0.568597, 0.537438
0.514136, 0.568388
1.49249, -0.231764
-1.40813, 0.454464
0.512677, -0.602996
1.52142, 0.632373
-0.632804, 0.626468
-0.39246, -0.549778
0.4001, 0.577657
0.409487, -1.57325
-1.42311, 0.399723
1.32625, -1.38265
-1.68649, -0.466758
-1.44005, 1.39893
-1.52307, -0.529523
-0.689447, 0.555237
0.491051, -0.486347
0.45603, -1.60077
-1.35993, 0.500722
-1.63222, 0.380511
0.45909, -1.41549
-1.59284, 0.465019
1.41952, 1.40054
1.51831, -0.523713
1.54238, -0.602456
1.49678, -1.65678
1.6556, 1.522
1.30327, 1.6063
-1.4353, 1.50016
0.689081, 1.52728
0.440858, -0.557454
0.384453, 1.45453
0.595487, 0.51703
-0.647997, -1.46486
1.73945, 0.405304
-0.654314, 1.41471
-0.474608, -0.46499
0.499024, 0.503531
-0.355449, 1.42761
-0.368134, 1.53276
1.58662, -0.537066
-1.3653, 0.601595
-0.381991, -1.47726
-0.494009, -1.30797
-1.46735, 1.42194
-0.390374, 1.61039
-1.32164, -1.60418
0.453577, -1.51736
-0.538757, -1.44365
1.71013, -1.45078
0.484847, 1.44586
1.63156, 1.34782
-0.455237, -0.407287
0.58737, -1.4567
-1.43099, -0.453768
0.787581, 0.505245
0.276991, -1.59556
-0.514068, 1.56338
-1.43531, -0.497907
0.657969, -1.39534
1.44807, -1.60125
0.49213, -0.513701
1.52518, -1.56103
-0.470621, 0.519699
0.512534, -1.63871
-1.50326, -0.517198
-0.587514, 1.57249
-0.435803, 1.57527
1.47025, 1.51186
-0.637281, -1.28385
-1.46913, 1.46987
-0.640896, 0.612451
-0.438915, 1.58552
1.50822, 0.452763
-1.64312, -0.459552
1.41149, -1.43068
-1.30171, -1.51738
-1.52689, -1.65047
1.5139, -0.728919
1.61077, 0.663848
0.462591, -0.527363
-0.579628, 1.48658
-0.329847, 1.39104
-1.53179, 0.445794
-1.68721, -0.432933
0.579544, -1.44452
-1.45928, 0.414
-0.528448, -0.419649
0.485004, 0.505104
-1.50268, -0.440517
1.44488, 1.4744
1.34676, 1.61679
-1.76754, 0.357412
-0.378224, 1.63557
1.39971, -1.72006
1.56818, 1.61711
-1.5821, -0.481327
-0.450867, 0.555967
1.43852, 0.549584
-0.53857, -0.47583
0.740622, 0.431876
-1.49884, -0.568268
-0.389378, -1.46015
1.59003, 0.547524
-0.53828, -1.54782
1.30506, 1.51249
-1.62897, 0.544647
-0.384259, 0.479058
-0.363828, -0.683862
-0.631903, 1.57954
0.50157, -0.517199
-1.41606, 1.65488
-0.572619, 0.457225
-0.533838, 0.439135
1.42707, 0.44256
-1.48318, 0.216661
0.410905, -0.490311
-0.386009, 0.468412
0.35362, -1.52318
-1.52144, 0.206916
-0.642678, 0.487742
-1.51933, 1.49825
1.67354, -0.585292
-1.59453, 0.500712
1.5982, 1.53628
-0.53547, 0.523815
1.42262, 1.55862
-0.375101, 1.49309
-0.431234, 0.650872
-0.433038, -1.54769
1.35538, -1.32558
-1.49448, -1.57828
1.50049, -0.54181
-0.573029, -1.46099
-1.50539, 1.36838
0.594382, 1.56339
-0.57886, 1.51441
-0.667274, -0.387776
-1.5685, 1.45529
1.3393, 1.52429
0.499513, -1.50564
-0.588427, -1.33281
-0.425976, -1.37423
-0.426941, -1.31911
-0.48482, -0.522607
0.365861, -1.48087
-1.37159, -1.51893
-1.47035, -0.33213
-1.58229, -1.51129
0.297839, -1.48714
1.53566, 1.44561
-1.57905, 0.333879
-0.405256, -0.560489
-1.67671, 1.44488
-1.63215, 1.40914
0.447834, 1.51092
-1.4387, -1.59469
0.673827, -0.448089
-0.563745, 1.5501
1.58144, 0.490226
0.598935, 0.41804
-0.397131, 1.53843
1.43905, -0.671261
-0.549446, 1.43312
-0.472917, 1.49055
0.418399, -1.32802
1.30685, 1.65107
1.4753, -1.40532
-0.768411, 1.50506
0.483684, -0.554135
-1.47341, -1.35843
0.399225, -1.48875
-1.39434, -1.55687
-0.466191, 0.68222
-1.69974, 0.28137
1.49909, 0.489643
1.32742, -1.43969
0.548528, -0.556545
0.463394, 1.52165
0.52414, -1.55924
-1.54411, -0.454754
-1.7819, -0.506755
-1.7356, -0.549889
-1.50869, 1.75275
-1.51601, 0.652554
0.445311, -1.77985
-0.557563, -1.41309
0.445211, 1.52244
0.234975, 1.59987
1.37883, -1.3838
0.584722, -0.599411
0.483028, -1.3697
0.543135, 1.53242
-1.52817, 0.508577
1.42743, -0.444959
-1.52615, 1.59283
0.27262, -1.70982
-0.435833, 1.52746
-1.42878, -1.47823
-0.399109, 0.542507
1.6144, -0.542278
1.50642, -1.51828
1.52969, 1.67444
0.554026, -1.60875
-1.59361, 1.40538
0.530575, 1.50309
0.580423, -1.57151
1.5872, -1.6153
1.46663, 1.57069
0.374698, -1.49282
0.531543, -0.400344
-1.53069, 0.461005
1.65054, -1.29486
-1.35145, -0.535604
1.53327, 0.504448
0.307612, -1.40339
-1.40735, 1.44279
1.5687, -0.538543
1.27171, -1.47677
-0.61516, -1.40954
-0.470927, -1.60276
0.494779, 0.43354
0.409835, 1.45264
-0.506916, 0.506511
-1.54476, 1.5802
1.32251, -1.39538
-0.440473, -1.44752
-1.71689, 1.49395
1.54875, 1.43723
1.46469, 0.410816
-0.410391, 1.53999
1.47233, 1.48695
-0.401168, 1.35289
-0.634412, -0.610483
0.476191, 0.55293
-0.524586, 1.62192
-1.41576, 0.496071
0.388798, -0.445071
0.469291, 0.67458
1.63372, 0.388259
-1.6165, 1.3959
0.600784, -0.574958
1.54142, 0.679086
-0.614275, 1.39307
-1.46307, 1.45313
-0.441567, -0.589346
-1.48332, 0.426474
0.505744, -0.376215
1.72803, 1.3541
-1.49294, -1.45161
-1.4787, -0.397871
-1.53807, 1.30166
1.34903, -0.564194
-0.552201, -0.443935
-1.36655, 1.44108
-1.36232, -0.433148
1.5996, -1.36538
1.502, 1.47401
-1.42821, 1.51319
1.66989, 1.52497
-0.533221, 1.47706
-0.421492, 1.47423
0.429808, -0.546874
-0.376068, 0.46864
-1.35632, 0.447054
-1.70142, 0.543705
-0.515473, 1.49744
1.46117, -1.50179
0.433304, 0.381912
-1.44153, 0.555791
1.53448, 0.518044
-1.60181, -1.50185
-1.52502, 0.535374
-1.25899, 1.48987
-0.449617, 1.50061
1.65587, 1.49189
0.616453, -1.53674
1.47967, -1.47243
0.398982, 0.414404
-1.52232, -1.53297
1.54966, 0.520324
-1.41716, -1.49855
-1.51372, 0.553417
-0.339218, 1.49971
-1.55867, -1.5583
-1.40113, 1.35074
-0.520574, 0.457539
0.438409, -0.436427
0.638635, 1.50289
0.453585, 0.547449
-1.46128, -0.488372
-0.650617, -0.469428
0.388156, -1.4559
1.50522, 0.570459
-1.33998, 0.642077
0.564274, 1.57938
-0.323248, -0.573699
-0.494743, -0.364795
0.378759, -0.420404
0.46735, 0.611138
-1.43993, 0.417502
0.490646, -0.481332
-0.481331, -1.41038
-1.49714, 1.42891
1.52528, 0.311322
0.45772, -1.55834
0.398583, 0.501494
0.604845, 0.391958
0.444335, -1.62311
-1.60144, 1.54468
-1.60852, -0.746343
1.61081, 1.55337
-0.533175, 1.43596
0.497176, -0.498016
-1.53131, 1.45024
1.51174, -0.853056
1.37118, 1.42534
0.569846, -0.386604
1.56151, 0.5734
-0.521679, 1.55774
0.568126, 0.385931
1.48302, -0.447434
-0.50887, 1.61484
-1.66957, -1.57495
-1.4381, -0.26444
0.382349, -0.541054
-0.528471, -1.66272
0.238862, -1.60466
-1.46514, -0.483384
0.604802, -1.29027
-1.67837, -0.522672
1.43086, 1.4801
-1.45284, -1.66562
-0.477116, -0.363189
1.5683, 1.52828
-1.54407, 1.48405
-0.388761, 0.372873
-0.371451, -1.45238
-1.56549, -0.33045
-1.53047, 0.424056
1.45543, 1.61571
0.437606, -0.47628
0.463471, 1.45507
-1.50939, -0.611003
1.52327, 0.52296
1.59207, -0.355375
-0.30976, -0.447681
0.535256, -0.497042
1.53308, -1.4636
0.523774, -1.40497
1.42254, 0.503038
-0.631751, 0.53785
1.56109, 0.629369
1.59213, -0.438615
-1.5446, -1.50734
1.42167, 0.478994
0.417284, 1.57284
1.27826, 0.444991
0.507902, -0.659644
1.5501, 0.450834
1.47443, -0.3274
1.62844, 1.56307
0.518462, -0.626318
1.58848, 0.655572
0.679493, 0.452405
-0.64936, 1.39058
-0.475229, -1.54942
-1.6364, 0.59261
1.44066, -0.702997
0.549354, 0.584115
-0.433908, 1.42727
1.48432, 0.50793
-0.530835, -1.48278
-1.46059, 0.624924
1.53806, 0.619944
-1.59819, -1.50924
0.522793, -0.583417
-1.45172, 0.483883
0.720254, -0.416641
-0.623453, 1.55463
1.42923, 1.46255
1.31795, -0.577174
0.493544, 1.53012
-1.40828, 1.54358
1.54784, -0.641244
0.510648, -0.392603
1.61619, -0.49561
-1.59156, -0.519463
0.600582, 1.35771
-1.47649, -0.554083
-1.51082, -1.5854
-1.47658, -0.539641
-0.26886, 0.537901
1.57599, 0.448029
1.37966, 0.560352
-1.38384, -1.55096
-0.322767, -1.59995
0.462246, 0.541938
0.385504, 1.321
1.82849, 0.655149
-1.49698, -1.48651
-0.480939, -0.433834
-1.49065, -1.48514
-1.66595, -1.55592
-1.53894, -1.43067
0.656736, 0.670246
-0.473427, -1.53452
-0.6195, 1.55393
-1.43605, -1.7007
-1.49261, -1.63392
-0.486154, -0.469276
-1.61865, 0.538728
0.230883, 0.363829
-1.48954, -0.657496
0.644327, -1.59859
1.44554, 0.411914
-0.408679, -1.52421
1.49443, 0.581088
-1.61687, 1.43816
-1.39297, 0.601414
0.294015, 1.54367
0.422428, -1.33115
0.754781, 1.49239
0.406887, -0.49502
-0.541425, -1.57117
-0.446838, 0.562017
0.377506, 0.552829
-1.5426, 1.44483
0.620902, -0.419569
1.55887, 1.42236
1.47987, -0.459785
-0.359276, 0.358026
1.54149, -0.359991
-0.42203, -1.56473
-1.48904, 0.478171
1.6749, -0.348635
-0.567167, 0.510042
1.6343, -0.649492
-0.446341, -1.4341
0.651055, 0.494201
-1.64708, -0.538251
-1.65926, 1.53808
1.44682, -1.59408
1.30991, -1.40281
1.43088, 1.49118
-1.68084, 0.679673
-1.22224, 1.34176
1.70964, 1.78112
-1.56206, -0.553894
-1.59442, 0.454347
1.62111, 1.47021
0.640045, -0.439711
-0.501632, -1.55189
1.45813, 0.569084
-0.426202, -1.34594
1.45955, 0.344306
-0.467939, 1.54219
1.41016, -1.54889
-1.53387, -0.480064
-1.60506, -0.615466
1.62608, -1.47226
-0.609868, 0.44157
-0.544591, -1.4927
-0.320542, -1.56134
-1.45694, -0.561699
0.53822, 0.646683
0.436283, 0.632409
-1.45067, -1.5457
-1.55966, 1.42969
0.442054, -0.697155
0.508568, 1.45421
0.613675, -0.604802
-0.403285, 1.40031
-1.60958, 1.52324
-1.41893, 1.46514
-1.57583, -0.585061
1.59067, -1.49584
0.529249, 0.507482
0.669233, 1.38173
-0.469962, 0.602238
1.37946, -0.450182
-0.537201, -0.490042
-1.50914, -1.39192
0.48628, 0.53183
1.40628, 0.492618
1.39932, -1.61732
0.619122, 1.52442
-1.46003, -1.42611
-0.613103, 1.55026
-1.34245, 1.57407
-0.465634, -1.61137
1.59006, 0.601536
0.279551, 0.533358
-0.452675, -1.44581
1.50698, -0.356748
-0.367916, 1.55002
-1.53917, 1.40202
-1.53037, -1.46203
1.50071, -0.483457
-1.58191, -0.725923
-0.556226, 0.577917
0.513003, 1.47726
-1.53683, -0.525699
-0.251325, -0.412903
-1.5545, -1.50567
1.64772, 1.30343
-1.50909, 0.674347
-0.280955, -1.45665
-1.48207, 0.408565
0.495408, 1.46296
-0.419906, 1.58614
0.547233, -1.67411
-1.46996, -0.524024
1.61982, -1.49769
1.70543, -0.652369
0.406513, -1.4193
0.656197, -0.515742
-1.53886, 1.47195
0.647599, 1.5746
-0.583906, -0.47234
0.450559, 1.50298
-1.52021, 1.53049
-0.574196, 1.46786
1.58633, -1.44569
1.54105, -1.74614
-1.64806, -1.26062
1.45898, 1.45501
-0.567259, -1.37449
-0.740279, 1.35841
-0.527039, 0.457225
1.56908, -0.640744
-0.436463, 0.363502
-0.368625, 0.379794
0.366533, 1.49469
-0.439492, 1.54775
-1.58769, -1.41914
1.53625, 1.60472
-1.33266, 1.43698
-0.616449, -1.45735
-0.369489, -0.526134
0.615041, 1.37197
1.45591, 1.46194
0.478224, -1.55101
-0.274496, 1.52594
-1.77176, -0.610991
0.561559, -0.501837
0.556267, -1.35527
1.3834, 0.464835
-0.577993, -0.39216
-0.512317, 0.522917
-1.44168, 0.368382
0.507386, 0.29761
-1.6794, -0.424585
1.42178, -0.452563
-1.47515, -1.55897
-1.52922, -1.50814
0.263447, -1.57846
1.35876, 0.431807
-0.447146, -0.343308
-1.4906, 0.341594
-1.5308, -0.2765
-0.516593, -1.49139
-0.426014, 1.64723
-0.477679, 0.427243
0.422389, -1.4451
0.482183, 0.656535
0.45486, 1.53896
1.45773, -0.484725
-1.66689, 0.361811
0.418029, -1.44507
0.511403, -1.6134
0.414178, -0.577175
-1.59024, -1.47063
1.50298, 0.508662
-0.767281, 0.622347
1.48374, -0.580602
1.61217, -1.50406
-0.224502, 0.668574
1.45959, 1.50039
0.621339, -1.52662
0.529296, -0.614128
-0.686757, -1.51264
-1.49525, 0.57847
1.58403, 0.516469
-1.43484, 0.482479
-0.496441, -1.39368
-1.61705, -0.468534
-1.4673, -0.666958
-1.46324, 0.552807
-1.48095, 1.60869
-1.55996, -1.6056
0.542524, -0.591412
0.664089, 0.500623
1.49399, 0.391223
-0.400644, 1.38034
-0.45491, -1.54781
0.415908, -0.513151
0.559328, 0.535871
1.53376, -1.4445
-1.46691, -1.53823
-0.317795, -0.411815
-0.429729, 1.52055
1.57431, -0.478039
1.49169, -0.551126
-0.539211, 0.436455
-1.50983, 1.52689
-0.422873, -1.39048
-0.580728, 1.41066
1.50415, -1.43919
-1.35506, 0.405835
-0.510633, 1.74152
1.33269, -0.319086
-0.64901, -1.68985
1.57537, -1.35944
-1.40657, 1.54546
-0.442548, 1.61116
0.430769, -0.514343
-0.375445, 0.472776
0.526937, 0.474208
-0.636349, 0.542557
-1.62738, -1.50292
0.408485, 0.379106
0.579228, -0.496331
-1.33877, -1.53607
1.47785, 0.605355
0.427029, 0.551081
-0.616602, -1.41541
1.6871, 1.23602
1.57136, 1.55179
0.367746, 1.37028
1.4355, -0.508078
0.642383, 1.62879
-1.41931, 0.463913
1.48848, -0.339271
1.34006, 1.54864
-0.553476, -1.34611
-1.36637, 0.381838
-1.63009, 0.483591
0.460721, 0.461465
0.357216, -0.634023
-0.403518, -0.435709
-1.54726, -1.49342
-0.289338, 1.40409
1.53193, 1.55032
0.394318, -0.496432
1.60005, 0.595331
1.42088, -0.336132
-1.71792, 1.53636
1.58575, 0.488108
1.28553, -0.467225
1.49067, 1.51764
-0.595753, 1.33938
1.55254, -1.6008
-1.41205, -1.5666
-1.60968, -1.64621
-0.553293, 0.505266
-0.371596, 1.51595
-0.338792, 1.6592
-0.440516, -1.64924
-1.66441, -0.636923
0.365481, -0.566142
0.607393, -0.618379
-1.5047, -1.43141
-0.559134, -1.55226
-1.6658, -0.633195
-0.583684, -1.44495
0.509732, -0.507993
-1.4285, 0.406291
-1.55988, -1.53596
-1.63714, 0.533131
0.533067, 0.368061
0.569399, -0.551341
0.518229, -0.459317
-0.396541, 1.42122
1.41249, -0.694349
0.513223, -0.418495
-1.40996, 0.331016
0.444623, -0.507503
-1.49283, 1.44938
-0.698792, 0.607916
0.484437, 1.46375
-1.4518, 1.4958
-1.78756, 1.46165
1.41578, 1.59811
-1.53595, 1.41087
0.744425, 1.59779
-1.52967, 0.502746
0.375492, 0.605132
0.597351, 0.51354
0.47108, -1.46629
1.36465, 0.278379
0.711885, 1.30558
-1.56732, 0.576226
0.506771, -1.43918
-0.534175, -1.52516
1.52426, 0.361739
-0.478837, 1.60088
0.582503, -1.35566
0.409112, -0.581369
-1.53551, -0.416362
-0.455474, 0.385681
1.36271, 0.523107
-1.51997, -1.54234
1.58924, 0.625424
1.38961, 0.418098
-1.5843, -0.326905
1.44656, -0.353578
1.63481, -1.56482
-0.406055, -1.45921
-0.480258, 0.5304
-1.65243, 0.604244
0.73347, -0.434637
0.492126, -1.35266
1.5917, 1.66405
1.45806, 1.59822
0.424636, -1.56076
1.56963, -1.56745
1.41176, -1.41872
-0.535204, 0.506973
0.494793, 1.43168
0.523275, -0.310393
-1.48828, 1.3346
-1.4507, -1.52973
0.478918, -0.546874
-1.58103, -1.5131
0.545092, -1.42244
0.531708, -0.44059
0.350871, -1.66548
-0.414661, -1.49012
1.38036, -1.47467
0.483128, -1.52417
1.40179, -1.53002
0.41994, -1.73176
1.45892, -0.441968
0.546282, 1.41187
1.62145, 0.62568
-1.58565, -1.31032
1.57691, 1.38723
0.492347, 1.61345
0.453443, 1.50593
-1.45298, -1.50916
0.744853, -1.47168
-0.372588, -0.620664
-1.33182, -0.431491
1.42058, 1.68418
0.551585, 0.580734
1.67476, 1.66632
-0.546479, -1.49134
-0.509899, 0.477077
-0.527192, -0.268539
1.66127, -0.498165
-1.70986, -1.55611
-1.62183, 0.35659
-1.59928, -1.62684
-1.31396, -0.56679
-1.25576, 0.437586
-1.48568, -1.4212
-1.45428, 0.423472
0.560841, -1.59424
-0.532999, 0.664709
0.333642, 0.508174
-0.610662, 1.41301
0.657923, 0.521353
-0.405334, -0.441495
-0.578258, -0.51613
-0.469818, -0.584459
-1.53741, -0.479282
1.57881, -1.56253
0.527041, -1.51348
-0.609413, -0.641781
-0.304959, 0.487927
1.63004, -0.455168
0.668403, -0.540136
0.470692, 0.527929
1.51857, -0.729779
1.38006, 1.57612
-1.47004, -1.5468
1.55656, 1.39706
1.42475, -0.392683
1.53876, 0.444499
1.60543, 1.56294
-1.42526, 1.55786
-0.387073, -1.41238
0.512377, 0.396138
1.5852, -0.618803
-1.44475, -0.375775
-1.42969, -0.56936
-0.571708, 1.58876
-1.6044, -0.460991
-1.38477, 1.36497
0.428817, -1.53607
1.39271, -1.36787
1.67644, -0.574115
1.47231, 0.448538
1.47524, 0.278682
-0.395214, 1.57799
-0.679528, 1.44144
0.545451, -1.52164
0.446053, 0.437616
1.61264, -0.465702
0.383517, 0.491632
1.42038, 1.41602
-0.553186, -0.527978
-1.35425, 1.43264
-0.607343, 0.541166
-0.599282, -0.649208
1.52592, 0.406085
1.5282, 1.38921
1.46638, -1.48727
-1.44629, 1.52634
-1.57297, 0.576055
0.434683, -0.406244
-0.456731, 1.6222
-1.61789, -1.73791
1.43288, -0.43757
1.46317, 1.66443
0.591813, -1.59989
0.509489, -0.627817
-0.507635, -0.445066
-1.62876, 1.69
-1.54331, -0.520771
0.479831, -1.51821
1.45149, -0.634997
-1.50981, 1.58654
-1.59623, -0.443083
-0.560851, -0.577423
1.59926, -0.727135
-0.592616, -0.447759
0.545201, -1.37208
0.400697, 1.52826
-0.53939, 0.561054
-1.61904, 1.62343
0.358326, -1.59522
1.50464, -1.46246
-0.548721, -1.53827
1.13677, 1.67695
-0.406188, 1.49035
1.50189, 1.68276
1.40865, 0.559339
-0.600753, 0.57657
0.604737, 0.443162
0.38706, 1.37701
-1.49336, -1.63166
0.398479, -0.328835
-0.573439, 1.44577
1.50501, 0.431539
0.590276, -1.5411
-0.557874, 0.569338
-0.520846, -1.37181
-0.475703, -1.53444
1.53237, 1.40566
0.561421, -1.77026
1.51465, -0.404776
-0.466489, -1.34397
-1.61737, -1.53937
0.444756, 1.58939
-1.41265, -1.38449
1.48572, 0.493292
-0.622806, -1.52533
-1.5823, 0.428926
-0.408032, 1.44833
-0.463203, -1.41345
-1.57278, -1.46318
-1.5538, -1.34175
-1.31966, -0.470808
1.44751, 0.629557
-1.57267, -0.511365
0.540381, -0.550878
0.293156, -0.467147
0.280232, 0.659131
-0.425186, 1.41474
-1.3962, -1.58291
1.48473, -1.75889
1.52315, -1.41071
1.47893, -0.629293
-1.40769, 1.42318
1.4083, -0.364821
-0.434458, 1.40862
1.38773, 0.463403
1.47201, 1.61204
-1.53553, -1.5465
0.490109, 0.602552
1.57345, 0.28612
-0.407797, 1.52658
1.56247, 0.352645
1.54817, -0.364751
-1.58387, -0.629966
-1.50176, 1.53325
-0.361049, 0.500053
-1.47063, 0.460537
-0.466444, 0.561241
0.430528, 0.603129
0.556472, 1.4307
-0.678421, 1.51949
-1.56948, -1.46537
1.40807, -0.459338
-0.509344, -0.486443
-1.64618, -1.70054
0.651695, 1.53436
-1.38869, 0.529679
-0.558156, 0.444471
0.632104, 1.45863
-1.45509, 1.48198
-0.635704, -0.486836
-0.554412, -1.51408
1.36518, -0.541679
-0.455853, -0.461204
-0.549327, -1.47287
-1.57355, -1.57166
-1.3502, 0.373867
0.559355, -0.291556
0.657377, 1.6828
0.559553, -0.54026
1.40245, -0.409055
-1.37559, -0.662144
-1.54559, 1.53363
-1.55709, -0.389765
1.5771, 1.43099
-0.489614, 0.502307
-1.47132, 1.58787
-0.580111, 0.398878
-0.449825, -0.526887
1.34046, -0.483695
-0.418822, 0.473083
-1.49528, -0.719316
1.44269, 1.52555
0.705231, 0.578715
-1.60355, -1.42157
0.663416, 1.49158
1.47061, -1.40108
0.575428, -0.504095
0.439509, -0.513261
1.55585, -1.52063
0.559655, 1.54671
-0.485639, 1.48087
1.54017, -0.494258
1.3208, -0.575128
0.595733, 1.47361
0.325906, 1.47428
-0.430577, -1.49021
-1.64535, -0.534687
1.59361, 0.316261
-0.413955, -0.602285
1.61814, 0.573602
-1.59357, 1.62266
0.543808, -0.60256
1.70311, -0.661122
-1.46761, -0.432463
-0.478398, 1.60198
-1.46702, -1.63696
-0.553389, -0.50116
0.383678, -0.355645
-0.524969, -1.61754
-1.52907, -0.403891
0.479854, 0.578404
-0.464128, 0.449174
-1.55251, 0.519934
-0.426863, -1.59144
-0.488311, 0.480504
0.731152, 1.45078
1.33463, -1.52334
-1.47234, -1.37713
0.366516, -1.4969
1.50435, -1.39292
0.507759, 0.363588
-1.60655, 1.56397
0.445558, -0.630421
-0.649056, -1.31968
1.69875, -1.61971
0.45637, 1.43564
0.475465, 1.51338
-0.40935, -1.56927
-0.320825, -1.37213
-0.461572, -0.349719
-0.380505, 1.57326
-1.45037, 1.51308
-0.590394, -1.55735
0.479087, 0.419074
-1.50592, -1.64693
-1.68634, -0.529141
0.531422, -0.561551
0.471608, 0.464275
-1.42141, -1.44043
0.55286, -0.4246
-1.51455, 0.646292
-0.651486, -0.541736
1.49584, 0.473774
-1.301, -0.500135
-0.416179, 1.47546
0.408397, 1.52427
-1.58507, -1.42154
0.568036, -1.67482
1.63606, 0.590244
0.377001, -0.555444
-1.49126, 1.56439
-1.44839, 0.594606
1.52, -1.30827
-1.52988, 0.558755
0.433125, -0.567536
0.579536, -1.55643
1.50215, 1.79159
0.590953, 1.59963
-0.624353, -1.42587
1.48502, -1.61033
-1.43651, 0.346179
-1.55162, 1.54005
-0.552108, 0.402011
-1.52318, 1.454
-0.496793, 0.57289
1.62871, -1.44993
1.37502, 1.46314
1.70437, -1.59499
1.48712, 1.36494
-0.501355, 1.55536
-0.476489, -1.42226
1.473, -1.60591
1.51189, -1.58556
-1.34986, -0.40461
1.45983, -1.42469
1.69002, 0.366948
-0.51277, 1.39939
1.57227, 1.30513
-1.37561, -0.573801
0.4068, 0.556488
-0.52628, 1.4265
0.583237, -1.40209
0.695427, 1.43501
-1.76871, -1.55536
0.643439, -1.51176
0.470735, 1.45809
-0.607685, 1.4727
0.480423, 0.42374
0.491869, 1.35141
-1.43552, -1.39546
0.557016, 0.4676
1.56761, -0.777442
1.36837, -1.45245
1.37635, 0.514364
0.3226, -1.55806
0.586876, -1.5495
1.46459, 0.691326
1.44038, -1.42506
-0.435452, -1.50122
0.566001, 1.54146
1.57071, 1.31728
1.41862, -0.460988
1.48735, -1.4854
-0.617981, -0.47227
0.455972, 1.47397
-1.57081, -0.517789
-1.38746, 1.61654
0.578923, 0.469974
-0.34355, 0.545149
0.609572, 1.63381
-1.51648, 0.351367
1.4264, -1.65212
-0.553385, 0.502252
-0.560469, 1.40691
-0.399276, -0.609323
-0.647047, 0.517452
-1.36294, -1.54987
-1.53171, -1.59969
1.54302, -0.560354
0.623304, 0.558131
-0.352463, -0.611821
1.61113, -1.3777
0.475389, -0.478844
-0.576611, 1.41129
-1.39885, 1.49804
0.548481, -1.5411
-0.534806, 0.682217
0.452602, 1.4882
-0.598698, -0.40077
-1.63949, -1.55473
-0.597939, 1.51125
0.771731, 1.4646
-1.56977, 1.70366
-1.48264, -0.458904
0.506183, -1.55106
0.613791, -0.422369
-1.51848, -0.290808
-1.42577, -1.60114
0.517062, -0.440447
1.51258, -0.531357
-0.383838, -1.61383
-1.66045, -1.39044
1.42035, -0.201707
1.47369, 1.43189
1.40659, 0.475098
-1.70295, 0.35229
-0.490852, -1.48226
0.408391, -1.63892
1.30274, 0.506578
-1.70279, 0.497744
0.486363, 1.42139
0.450584, -1.45232
0.25777, -0.692284
1.41203, -1.45264
-1.38112, -1.47955
-0.39954, 1.57255
-0.533021, -1.51445
0.664516, -0.523594
0.600873, -1.49466
-0.431568, 1.53669
-0.540054, -1.47382
0.64373, -1.52118
-1.47856, 0.387406
1.51807, 1.49903
1.64515, -0.3854
-0.372735, -0.51519
0.516886, 1.60627
-1.64928, -0.494809
1.50513, -0.589454
0.530885, -0.541444
1.67831, 0.438484
1.60433, 1.49376
0.292446, 1.51241
-1.43487, -1.51566
1.55286, 1.54704
1.30668, -1.36831
0.444709, -0.438547
1.67765, -0.39127
-0.614428, 0.671387
1.42694, 1.43593
-1.58833, 0.363106
0.519909, -1.58045
0.536231, -0.597441
-0.686845, -1.48044
-1.60274, 1.56396
-1.37442, -1.63685
-1.44624, -1.50895
-1.46348, 0.455372
1.37393, 0.141196
1.39561, 1.63225
1.42415, 0.331176
-1.34625, 0.51559
-1.43419, 0.450142
1.65047, 0.520475
-1.41521, -1.49909
1.58103, 0.360914
1.28644, 1.56562
1.42728, 0.493027
-1.33821, 1.39686
1.47635, 1.5979
1.54067, 1.37753
1.39795, 1.4355
-0.407651, -0.337339
0.581557, -0.468397
-0.416187, -1.40612
0.42827, -1.57719
1.49785, -1.54902
0.614379, -0.62036
-1.58894, 1.49655
0.467137, -0.563263
-0.566546, -1.58779
0.665734, -1.39422
1.47698, -1.53262
1.63427, -0.453351
1.55267, -1.58116
1.42219, -1.57282
-1.40165, 0.265084
-1.49163, 1.54057
-0.555791, 0.655429
1.31363, -0.581106
-1.47878, 0.541268
0.295661, 0.591713
0.679066, -1.51632
-1.52061, -1.51626
-1.41916, 1.66601
-0.485469, 0.529909
1.44332, 1.42881
-0.551903, -0.378473
0.254372, -0.404214
0.583095, 0.418225
-0.483233, -0.682615
-1.43766, 0.35841
0.613186, -0.670865
1.58809, -0.404294
-1.58742, -1.49605
-0.670144, -1.59236
-1.43058, 0.471531
-1.58728, 1.52798
0.686212, 1.4509
-0.356321, -0.546259
-1.65865, 1.54876
0.501654, -1.38207
-0.477955, 0.514292
1.38931, 0.575071
1.46426, 1.51785
-1.5612, -1.47564
-1.48324, 0.464985
1.50871, -0.341806
-1.54199, -1.5721
0.4912, 1.39791
1.55021, 0.706881
-0.517723, 0.665452
0.391009, -1.38397
1.5372, 1.50501
-1.58002, -1.43631
0.467084, -0.564049
0.516997, 0.619085
-1.54237, 1.61208
-1.53738, 0.425126
0.422955, -0.529951
-0.494834, 1.39203
-0.651229, 0.533232
0.386938, 0.393276
0.346049, 1.54381
-1.39535, -0.523131
1.70247, -1.53871
-0.45796, 0.455026
-0.602246, 1.34982
-0.6246, 1.56467
0.500957, 0.473675
-0.483707, -0.54282
-0.433203, 1.57032
-0.381774, -1.44884
0.587018, 0.472613
0.466187, 0.555856
-1.63396, -0.614216
-1.5925, -1.47419
0.63047, 1.54925
1.6374, -1.41379
-1.5391, -0.650975
1.46011, 1.5801
0.671787, 0.323559
-0.514122, -0.538561
-1.71904, -0.431494
-0.520931, 0.278331
0.480087, -1.53567
-0.444936, 1.48054
0.645797, 0.464506
-1.4746, 1.50576
-0.403519, 0.470002
0.630487, -1.42114
-1.37292, -1.46112
0.460801, -1.3239
-0.576126, -1.54472
1.33623, -0.55709
1.3054, -0.483079
1.58776, 0.488243
1.57103, 1.41111
-1.55614, 0.599429
-0.679672, -0.664589
-1.54137, 1.45702
-1.60244, 0.392071
0.524643, -0.509855
-1.51592, -1.5447
-0.578564, 0.499498
1.50692, 1.63698
0.50321, 1.43209
0.42015, 1.54214
-0.422091, 0.469863
1.38111, -1.36338
0.679494, 0.44269
-1.48582, -1.6134
1.51814, 0.520259
-0.425445, 0.352123
0.510052, -0.480747
1.52343, -0.517583
0.598749, -0.47752
-0.590088, -0.476088
-0.580884, -0.336757
1.44135, 1.53994
-0.385379, 1.20774
-0.723026, -1.43164
-1.49968, 1.58406
1.45708, -1.45023
0.544954, 0.536966
1.54865, -0.386218
0.525987, 1.52899
-0.633941, 1.27501
1.44146, -0.549529
0.583225, 0.462326
-0.499012, -0.495108
0.509547, -0.4337
1.47491, -1.66094
0.536661, -0.424183
-0.568951, 0.440179
-1.42304, -1.51883
1.63082, -0.323563
-0.448525, 1.57432
0.496926, 0.416638
0.441224, 1.53021
1.71967, 0.508088
0.722129, -1.34426
-0.506255, 1.61061
0.463546, -1.55026
-1.43337, 1.47245
-0.479601, 0.437492
1.47143, 1.57264
1.44706, 1.58863
-1.58256, -1.58289
-0.4659, 0.666206
-0.595296, 1.41026
-1.64464, 1.50307
-1.61464, 0.384618
0.374955, -0.525352
-0.639977, 1.56366
-0.472661, 0.488485
-0.472501, 1.38969
1.67864, -1.69499
-0.527959, -1.71442
0.410859, 1.4408
0.39924, 0.53153
0.267691, -0.522825
-0.569977, 0.513866
-1.55665, -0.273276
-1.37685, 0.449958
-0.397204, 1.56904
1.33798, 1.6022
-0.591629, 1.52057
-1.60758, 1.50183
1.59013, -1.4155
0.783305, -0.490826
-1.49823, 1.75946
0.406448, -1.41373
1.14125, -0.521557
0.464646, 0.245678
1.36484, -1.68356
-0.507708, 0.495659
-1.51332, -0.553846
0.583827, -0.393647
0.57857, -1.54611
-0.533484, -0.590031
-0.44741, 0.406508
1.51996, -1.57763
-0.451692, 0.480392
-0.537725, -0.606204
1.61485, -0.595811
-0.518007, -0.54931
1.43061, 0.599221
1.5864, -0.513738
-1.52423, 1.40712
-0.458723, 0.468463
-0.306338, 0.450553
-1.45093, -1.49215
0.367872, -0.418318
-0.371725, 0.491933
-0.488225, -1.38706
1.50473, -0.614314
-0.493808, -1.73997
-0.49702, 1.6236
0.497211, 1.49543
-1.58643, -1.44372
1.52542, 1.53235
0.603636, 0.616065
1.51375, 1.46585
0.551269, -0.512439
-1.40385, -0.378617
1.76947, -0.368216
0.597648, 0.646885
-0.440657, -0.501563
-0.32454, 0.517289
-0.475591, 0.588291
0.464888, -1.57139
-0.389654, -1.31365
-1.45147, -0.45969
0.568094, 1.50228
-1.50657, -0.554099
-0.551754, 1.66884
-1.53417, 1.51256
-1.29955, 1.46043
0.590596, -0.59244
-0.564999, -1.48317
-1.43898, -1.6146
1.32248, 1.42452
-1.49971, 1.63647
-1.70743, 0.442923
0.510553, -0.5789
-0.609128, 0.498077
-1.4014, 1.46543
0.53232, -1.43833
0.520049, -1.69382
1.43234, 0.655211
-0.473202, -0.345883
-0.480834, -1.44138
0.457845, 0.596141
1.48781, 0.656266
-1.39182, 1.53163
-0.592864, 1.6037
0.634895, -0.515096
1.55308, 0.447573
-0.40512, -0.607794
0.36063, -1.43807
0.537116, 1.37014
1.51714, 1.43227
0.404024, 0.590662
-0.475282, -0.581415
-1.42571, -0.417184
-0.467518, 0.557243
-1.41496, -1.53706
1.49506, 0.587195
-0.499633, 0.620036
1.38576, -1.55745
0.401075, -0.436243
-0.489026, -0.612564
-1.55446, 1.48433
1.28769, -0.541208
0.651817, -1.71351
-0.469021, -1.39649
-0.722195, -1.52453
-0.409096, 0.629406
-1.5687, 1.52283
1.55589, -0.307243
1.78674, -1.35875
-1.30793, 1.36089
0.324021, 0.472711
-0.580112, 1.57663
1.43069, -0.598821
-1.51843, 0.553433
0.591339, 0.529065
1.45391, 1.57694
-0.558594, -1.39116
-0.636149, -0.607153
-1.42751, -0.601917
0.415438, 0.482618
-1.36928, 1.35614
-0.60424, 0.55452
-1.39191, 0.386221
-1.55853, 0.45338
-0.604174, -1.58056
-1.50366, 0.391196
-0.525915, 1.47647
1.41332, 0.465613
-0.563492, -0.534283
1.36098, 1.48419
-1.40575, -1.60671
-0.722127, 1.56879
-1.4514, 1.74252
0.467528, 1.61694
-1.60502, -1.41872
0.56457, 1.61639
-0.592862, -0.443299
-0.390575, -0.414225
-1.57948, 1.51437
1.42123, -1.52581
-0.575963, 1.35306
-0.43593, -0.45715
1.38598, 0.519498
0.640961, 1.55365
-0.448926, -1.51795
0.433157, -0.500201
-0.598752, 0.303902
-1.58103, -1.61444
1.72771, 1.5742
1.48444, -0.571239
-0.429448, 1.51809
1.59477, -1.52703
-0.424347, 1.48776
-0.580865, 0.64255
1.6399, 1.43548
0.613858, 1.56937
1.48318, -0.489408
-0.435007, 1.51288
0.426233, -0.410404
-1.51213, -1.68552
-0.522132, -0.519412
-1.37386, 1.49205
-1.62036, 1.44418
1.61572, 0.42925
1.30819, -1.5606
-1.51395, -1.41767
0.742559, 1.3679
-1.79516, -0.429284
-0.517996, -0.634148
-1.51533, -0.604621
0.579357, 1.61016
1.50557, -0.527644
-1.56757, 0.556778
1.58277, 1.48625
-1.48569, -1.4239
0.37914, 0.495933
1.72985, -1.56181
1.59763, 0.434738
0.397871, -0.456157
0.385737, 1.48518
-1.4614, 1.3745
0.533732, -1.5436
1.4517, 1.54302
-1.37798, 1.72485
-1.40634, -1.52392
1.58637, 0.658271
1.42149, -0.543147
0.576745, -1.24788
0.596025, -0.461979
-1.50779, 0.461557
-0.47917, 1.54064
0.45104, -0.476653
-1.50351, 0.537079
-1.69064, 1.57943
1.29064, 0.418154
-0.526209, 1.5041
-1.41627, -0.465603
1.65198, -0.521316
-0.543729, 1.37745
0.476323, 0.51042
-0.431093, 0.563213
0.388448, -0.445477
-1.48645, -1.4374
-0.450626, 0.379707
-0.398662, 0.603049
0.483762, -0.430305
-0.418583, 1.43243
-1.40091, 0.655005
1.62133, 1.60888
-0.525324, -0.708234
0.526603, 0.447506
0.51021, -0.44864
1.40032, 0.613124
1.60203, -0.491572
0.484924, 0.620588
-0.506967, -1.37638
1.56905, 0.553565
-0.468417, -1.52791
0.475646, -0.481729
1.46039, 1.47972
0.300239, -0.501264
0.554146, -0.49132
1.67616, 1.49066
-1.58985, 0.465463
-1.49482, 1.47298
1.66307, -0.599423
-1.37391, 1.60784
-0.543173, -0.606075
-1.46082, -0.600209
-1.62983, 0.579312
-0.367218, 0.533045
0.390196, 1.53504
-0.58078, -0.530896
0.305483, 0.379121
-0.442155, -0.613716
-1.29377, -1.5456
1.61049, 0.420008
-1.58681, -0.361615
-0.556101, 0.495929
1.51863, -0.304769
-0.592781, 1.66578
0.506447, -1.55114
-0.715339, 1.54777
1.47289, -1.59801
-1.68352, -0.481234
0.517984, -0.546339
1.67793, -0.41102
0.324225, 0.490583
-1.43588, -1.32842
-1.55872, 0.503291
-1.55562, 0.522045
0.577684, 0.419097
0.502946, -0.498349
0.685103, -0.415838
-0.384634, 0.527126
-1.59265, 1.36194
-0.413082, -1.2602
-0.539534, 1.61531
-0.598336, -1.46084
-0.560688, -1.50014
-1.51297, -1.48497
0.57158, 0.460036
-1.52132, 0.631779
1.45532, 0.491833
-1.61562, 0.538005
-0.489166, -0.509724
-0.441503, 0.578212
-1.44319, 1.42334
0.500436, -0.320085
-0.527398, -1.53963
-0.545923, 0.523135
1.6748, -0.484568
-0.453589, -1.63624
-1.59611, 1.48009
0.481883, -1.6664
-0.494213, 0.467459
0.422826, -0.549231
-0.48839, 0.623679
-1.43285, -0.522331
0.461333, 0.66404
-1.55634, 0.423455
-0.312108, -1.51351
1.47063, 0.357852
-0.433782, -0.681895
1.56822, -0.453282
0.478834, 0.575139
0.623904, -1.35897
0.428171, -0.633005
-1.60957, 1.42826
-1.51678, -0.664633
0.468151, 0.479658
-0.359166, 1.49577
0.568132, -0.579619
-0.720441, 0.488696
-1.43352, -0.64567
1.48863, 0.555052
1.61278, -0.60322
-1.46863, 1.599
1.65772, -1.53075
-1.35137, 0.615932
1.46261, -1.63824
1.53613, 0.557236
-1.44504, -1.59956
-0.573619, -1.43303
-0.321855, 0.464031
0.736757, 0.261278
1.51137, -0.453766
1.51907, -0.618526
0.464332, 0.542579
1.44564, 0.592199
0.600647, 0.528546
-1.6153, -1.42053
1.59693, 1.36418
-0.506029, -1.47759
0.740504, 0.58107
1.41923, -0.567123
0.312909, -1.35257
-1.74925, -0.502202
-0.464484, 1.46134
1.65752, 0.617351
0.458474, 0.401358
0.608047, -1.45343
-0.528571, -0.466829
0.658419, 1.57962
0.386978, 0.546587
-1.56022, -1.51942
1.47572, 1.57826
0.429951, 0.574181
-1.86032, 1.65112
1.48886, -1.6035
-1.46581, -1.60283
0.357549, -0.539329
-1.5548, 1.43296
0.717447, -1.57885
-1.39238, -0.476685
0.37754, -0.52642
1.55798, 0.411374
-0.514478, 0.610457
1.52653, -0.404196
1.48017, 0.512767
-1.41282, 1.52355
1.54631, -0.358925
-1.50347, 1.3603
0.499283, -0.498366
1.53797, 1.58329
1.46479, 1.44089
0.527192, -1.56449
-0.502442, -0.454613
-0.545922, 0.593636
-0.452261, 1.52642
1.35811, -1.37537
-1.34317, -1.49328
1.72669, 0.488301
-1.66773, -1.5239
1.47432, 0.551337
1.60593, 0.64493
1.4738, -0.424507
-0.654613, 0.661868
0.428453, -0.572562
1.39936, -0.485179
-1.30344, 0.532709
0.476402, 0.448478
-1.48278, 1.40313
-0.517524, 1.41371
-1.50905, 0.483109
-1.42009, 0.49957
-1.37059, 0.500794
-0.429559, 1.34738
0.650446, -1.34168
-1.26418, -0.481642
-1.51683, 0.336317
-1.48285, 1.46195
-0.42698, 0.585064
-0.546024, -0.607608
-1.52795, -0.530999
-0.512909, 1.49949
-1.48326, 1.56287
1.47576, 0.346166
1.44239, 1.52719
1.45754, -0.606954
-1.51057, -0.453596
1.47182, 1.38706
-1.39174, 0.586544
1.44295, 1.64475
-0.585467, -1.42515
0.570036, -1.51141
-0.322124, 0.503805
0.495405, 1.48763
0.475621, -1.42142
-1.49232, -1.41505
0.526445, 1.44953
1.31642, 1.50686
1.61545, -1.51825
0.500836, 0.49694
1.50622, 1.61766
1.45817, -0.462192
0.505068, -1.56338
-0.501389, 0.45524
-0.31836, 1.56348
0.353302, -1.1848
1.48758, -0.586647
1.44523, -0.469807
-0.377407, 0.572707
0.494133, 0.425103
0.761974, -1.54371
1.60746, -1.56678
1.38422, -0.52727
1.44382, -0.409218
1.5224, -1.54274
-0.568737, 1.51218
-1.48685, -1.46498
0.540761, 0.458364
0.486864, 0.497657
1.50458, -0.541208
-0.41592, 0.425336
0.514048, -0.497484
0.555306, -1.51203
0.51405, -1.45753
-0.504852, 0.564636
-1.58881, -0.507444
0.463148, -0.511772
0.356533, 0.495858
-1.30673, 0.502367
-1.42163, 0.466689
0.42652, 1.51675
-1.42664, -1.6071
1.40035, 1.36492
-1.53138, -0.449045
1.38913, -1.38455
0.470925, -1.40484
-1.53303, 1.39176
-0.620437, -1.2571
0.45744, 0.44852
0.484611, -0.467572
1.60081, -1.56006
0.631661, 0.438653
1.68475, 0.506595
-0.577869, 1.48099
0.478771, 0.442505
1.45956, -0.394911
-0.508984, -1.47265
-0.544605, 0.266884
0.494841, -1.49924
-0.536196, 0.348771
-1.53207, -1.60664
-1.6383, -1.65386
0.538941, 0.40963
-0.433075, 0.591452
-0.555051, 0.640091
1.57669, -1.402
0.63057, -0.642763
1.23551, -1.52246
-1.62173, -0.489977
-0.3444, -0.558342
0.54988, -0.52354
0.546779, 0.511175
0.537868, -0.475637
-1.49297, -0.539873
-1.4705, 1.47408
-1.45588, -1.3579
0.540885, -0.484521
0.587778, -1.53997
1.54404, -0.477153
1.37574, 1.54629
1.52333, -0.482791
-0.460991, -1.45693
-1.53932, 0.476715
1.35026, 0.672737
0.352449, -1.50513
-0.398138, 0.487225
-0.477543, -1.44819
1.46132, 1.39696
0.584583, -1.72848
-1.54954, 0.543337
-0.385766, 1.46415
-1.39549, -0.399254
1.60192, -0.617335
0.460598, -1.44219
-0.509715, -0.436006
0.455771, -0.414367
-1.50225, 1.4826
1.44496, -1.60306
0.391741, -1.46665
-1.43568, 1.47075
-0.363155, -1.56411
-1.46244, -1.41427
-0.409695, -1.56419
-1.67455, -1.5951
0.517299, 1.52215
1.53889, -0.342473
1.56865, -1.45765
-1.59914, -0.416703
1.45642, -0.546015
0.544679, -0.391462
0.465906, -0.513619
-0.458544, 0.323148
0.492396, -1.61691
1.46742, 1.49645
-0.401758, 1.3756
-1.61947, 0.552232
-1.43902, 0.465673
-1.51677, -1.49952
-1.25108, -1.60809
0.433375, 0.522394
1.3679, 0.573608
1.52345, -0.615086
-1.44084, -1.70696
1.47011, 1.38799
-1.61572, -0.460814
0.626528, 0.584406
-1.47544, 0.496666
-1.37776, -0.470961
-0.500152, 0.42381
0.419542, 1.29451
1.49974, 1.37702
-0.24318, -1.49063
1.28233, 1.64302
1.58798, -0.550058
-1.38227, 0.379406
0.457847, -1.48363
-1.5471, 1.40216
0.507503, 1.42829
0.464277, -1.57861
-0.614926, -0.6399
-1.41305, 0.377158
-1.40257, -1.46661
1.32711, -1.58102
0.508075, 1.53482
-0.464873, -1.44276
-1.44734, -1.45986
-1.5387, 1.28426
0.427684, 1.549
-0.303905, 1.56838
0.401281, -0.576041
1.47355, -0.715801
-0.431024, 0.426845
-1.53221, -1.56474
0.506962, -0.536712
-0.40231, 0.553324
-0.605449, -1.41648
-1.59586, 1.55019
1.53705, 0.464373
-1.47856, 1.62169
-1.53937, 1.6902
-0.26487, -1.47789
-1.51337, -1.50357
1.53831, 0.610832
1.45504, -0.511906
1.47502, -0.39972
0.378433, 1.56222
1.33889, 1.52018
1.38075, 0.464021
0.460317, -1.43153
-0.57255, 1.44605
1.51761, -0.561087
-1.59918, -1.53085
0.598165, -1.6409
1.45464, 0.501316
1.57075, -1.40924
1.35788, 0.551944
1.4706, 0.5323
