1.73582, 0.0964308
0.999912, 6.9798
-0.196954, 3.16685
0.911291, 2.89934
5.18335, 0.00216977
6.9855, 5.95045
0.0884875, 1.93465
6.92244, 1.82032
3.08076, 2.81272
6.97158, 2.1648
3.15485, 7.10901
4.05149, 6.18131
5.92305, 6.70766
7.00109, 6.17232
3.08356, 2.92053
0.878105, 1.86142
7.15488, 7.19217
4.08997, 2.92369
1.09603, 4.9128
7.06548, 1.02883
5.94452, -0.0104921
3.05449, 1.15439
0.0571109, 6.94267
6.05168, 2.96301
7.03002, 6.00922
3.06903, 5.18086
0.050828, 3.11494
0.917596, 6.07763
3.14532, -0.00954393
2.92761, 6.85506
4.11349, 4.8666
5.05608, 5.89946
7.12825, -0.017022
3.13988, 0.702391
2.9909, 5.81797
5.09384, 1.89564
5.98611, 4.02406
1.18138, 0.109688
0.127901, 4.99234
7.09164, 6.96008
6.93126, 0.158509
0.038383, 1.01226
0.81642, 5.0911
4.90137, -0.0773387
4.94028, 6.95396
2.17519, 2.02793
5.04439, 4.86341
7.18654, 6.07636
2.99278, 3.01251
6.0018, 3.07858
2.02847, -0.134155
3.90041, 6.68875
7.17757, 5.11609
1.94867, 4.02727
0.988034, 3.9468
0.0135694, 0.0415689
5.82604, 4.86612
1.02546, 0.990074
1.00575, 5.11481
1.95623, 2.00165
2.94137, 4.09402
4.91082, -0.0249545
1.02995, 4.02391
4.06457, -0.106154
1.95588, 5.06693
5.92312, 6.96656
4.03194, 3.94537
0.109558, 2.02934
2.81325, 5.12225
4.98419, 5.97109
6.91508, 5.05258
1.81397, 0.239833
1.06788, 4.18735
0.979147, 3.01109
7.06299, 0.0784057
3.15676, 3.80715
0.807818, 4.00596
0.0514492, 0.176956
7.01779, 5.2164
0.998309, 4.92817
1.76225, 0.0611743
0.744946, 0.0648191
1.93189, 5.96179
1.06395, -0.230268
5.96167, 7.07992
6.80044, 2.08833
0.182643, 4.88198
2.08903, 3.80324
5.04952, 1.92009
4.89892, 1.03463
4.80297, 3.1384
4.24657, 7.13219
6.17527, 0.994451
1.96942, 3.9307
1.93059, 2.93103
4.90408, 1.77068
6.10997, 2.06043
5.85807, 6.02293
7.02421, 1.06307
2.12393, 2.98315
1.00545, 4.92598
5.01309, 4.11639
4.98485, 4.96124
4.00825, -0.310238
4.11157, 4.00133
4.89102, 4.12041
0.920143, 2.00928
2.00054, 3.14997
5.83181, 3.98522
3.17395, -0.0939094
3.99716, 2.1869
6.80783, 4.04029
0.0408847, 2.81372
5.13513, 3.7722
0.808534, 1.17107
6.93549, 1.94603
4.79733, 1.11341
2.12035, 6.10587
4.99842, 2.0121
0.997108, 4.90875
5.16811, 1.84245
-0.102387, 2.90242
3.82688, 6.79395
2.87734, 6.88751
3.06598, 1.91566
4.1729, 5.18288
5.93216, 3.90064
0.999669, -0.103929
3.91303, 4.92244
4.97684, 5.15467
0.139985, -0.0919738
-0.153358, 4.02817
5.13048, 5.2989
2.13556, 4.84833
6.97724, 3.08505
7.04568, 4.91938
6.0618, 0.15036
4.8879, 3.94986
6.94537, 2.92462
-0.0829153, 7.10572
5.04844, 1.01978
4.92371, 2.89484
3.02474, 3.07084
6.94574, -0.0205013
2.29725, 0.864244
3.02036, 5.04121
3.99695, 4.1988
0.0722975, 2.9449
4.90899, 7.1204
3.15277, 6.03207
7.03079, 3.05232
5.90888, -0.0198252
4.94775, 6.16749
0.0423974, 4.00321
1.77335, 2.70302
4.00874, 2.10984
6.03227, 0.971295
1.79879, 7.02059
0.219908, 0.923326
-0.170885, 4.08536
1.98264, 2.02382
6.80848, 1.09838
6.237, 4.12625
6.86124, 6.9217
3.00987, 3.11264
1.06417, 0.923991
4.04358, 1.17961
3.10832, 4.0417
0.770118, -0.0606467
5.94515, -0.222235
2.85646, 5.17703
0.895839, 4.9326
5.81063, 0.0170486
6.98453, 5.0332
3.79887, 2.03646
5.82392, 0.0895418
2.06916, 1.05076
7.0624, 6.94888
4.04509, 3.764
6.90007, 2.80194
2.89849, 6.84929
6.04721, 1.87252
1.02585, -0.0755954
-0.0223491, 1.25825
5.00476, 3.13299
7.18879, 2.16654
3.04226, -0.0721421
2.97743, 5.83559
1.00798, 1.80939
1.15137, 0.770453
7.01343, 3.09194
5.94922, 5.16311
1.0425, 2.9168
5.05062, 4.1953
-0.135521, 4.0337
3.79174, 3.16562
3.09588, 5.02555
4.72475, 4.93256
1.27072, 0.973383
1.85473, 1.10174
6.93747, 6.02073
6.82674, -0.0858148
4.83643, 2.11062
3.03501, 6.84742
4.95787, 3.03951
2.99823, 1.07389
2.06404, 5.98509
2.06085, 2.659
0.92196, 5.06303
4.92939, 5.12127
-0.0422908, 1.08938
1.13849, 0.908041
5.18387, 2.02976
6.05877, 6.04946
2.14678, 4.10521
4.97548, 3.93146
-0.0765478, 5.98438
4.99657, 7.04644
2.8256, 1.92681
6.73255, 0.762933
6.79323, 2.07532
0.0348862, -0.0813069
3.80746, 6.11338
6.02399, 2.84062
1.06845, 3.07884
2.82835, 2.82343
6.00191, 1.14114
3.97912, 0.853007
5.05176, 2.08753
5.93457, -0.190112
4.9805, 5.15411
7.32128, 1.16431
5.95677, 6.96219
0.0772339, 0.0870481
1.04272, 2.12176
5.99252, 3.93106
2.80126, 3.23826
2.99268, 3.97999
0.017895, 1.8158
2.00623, 6.06935
1.95395, 1.77594
1.17471, 0.0945534
6.0787, 4.13164
3.29707, 6.97911
3.19702, 1.03839
1.0076, 3.93881
1.93965, 3.06935
1.22026, 2.8539
0.979989, 6.98449
3.79147, 5.05241
5.97769, -0.0653375
0.124003, 5.96767
5.05303, 0.87145
3.77404, 6.02281
0.235181, 0.952127
4.73924, 4.00983
0.968806, 4.89097
1.94411, 1.16865
2.96755, 3.97174
5.97528, 0.759118
5.1731, 2.06616
4.0042, 6.02091
4.11578, 3.07411
4.07245, 0.987587
7.25827, 3.98478
2.96403, 3.88791
5.9277, 5.11532
1.86392, 7.08829
1.98297, 0.839396
4.95431, 0.803986
-0.216333, 3.20937
1.93293, 1.30493
5.1716, 2.88153
2.98977, 2.09788
0.914215, 0.950249
-0.0296022, 1.84292
2.05292, 7.13587
3.93706, 4.10825
4.93716, 6.8554
3.91235, 2.03035
1.20434, 0.0774534
4.95986, 0.975024
1.02156, 4.93404
6.88935, 4.90937
0.866775, 3.95967
0.977078, 2.92847
0.989922, 5.09325
1.83545, 5.94571
5.77634, 1.95376
0.0370981, 6.10107
-0.0194383, 5.07
0.0371664, -0.0379161
4.92866, 3.1133
4.23594, 5.83058
2.07104, 6.98705
3.78816, 2.06764
2.24961, 1.94587
5.11201, 6.04523
3.96171, 7.25511
6.88755, 3.85525
4.98075, 5.04981
7.05865, 3.08945
2.08169, 0.839007
1.03547, 0.0913478
4.98281, 7.1809
6.87376, 6.98434
5.24369, 1.06644
-0.255552, 0.792485
0.022077, 3.09108
5.98897, 1.93785
6.14067, -0.0488881
3.10896, 4.20599
5.07601, 5.80487
2.89141, 2.95074
4.15379, 0.779209
0.97357, 0.219612
1.95302, 4.08565
3.12704, 0.820594
6.08876, 1.14425
5.78849, 3.16532
-0.00607777, 1.04515
0.86139, 4.12175
5.88174, 1.94824
0.00342895, 3.13805
0.162172, 2.97041
6.1645, 0.0916802
6.04468, -0.00583676
2.25164, 7.21107
0.35639, 1.79057
0.0138698, 2.81042
2.00283, 0.0700718
2.03892, 4.03771
0.305138, 5.88794
4.71386, 3.03561
5.01611, 3.88869
6.14129, 6.24232
2.94489, 0.802201
6.79911, 5.99711
0.0990129, 5.04127
0.211175, 3.71172
6.01402, 1.0549
6.92367, 0.0330997
3.04064, 1.99299
2.1519, 1.09451
6.95285, 6.87782
1.11007, 4.99093
0.738469, 3.90371
2.92522, 3.88982
5.88775, 7.07196
-0.173589, 2.00958
4.08311, 7.0875
5.02081, 5.74689
2.93731, 3.1926
2.02239, 3.94184
2.19926, 7.15965
1.09646, 0.96225
6.03452, 2.98374
-0.0270202, 3.06008
2.14485, -0.110216
6.99608, 4.98814
1.11184, 4.96482
4.84803, -0.12346
2.34606, 5.09699
4.91996, 5.98759
3.95918, 6.19526
1.06696, 5.12437
2.25768, 2.94375
1.0108, 3.12408
1.02052, 0.92105
4.88454, 1.03541
4.0574, 4.24099
1.07879, 6.07266
3.96965, 6.9949
4.08045, 3.94343
5.13946, 1.84383
-0.117672, 2.95177
4.01016, 0.837931
4.83759, 7.03156
5.03649, 0.13062
5.10338, 0.907184
0.760589, 0.25116
4.95385, 3.76393
5.07453, 1.06397
6.08531, 6.06106
4.06002, 3.99637
0.900876, -0.12588
4.04796, 4.02596
-0.0754645, 6.98435
1.92209, 6.13903
5.85053, 0.897051
1.9971, 6.01998
1.11353, 5.73771
3.20436, 0.0967906
3.94111, 4.08615
6.80267, -0.0370769
5.05913, 1.84635
0.855534, 6.0135
2.08628, 1.07155
-0.069187, 1.87933
0.678427, 5.88445
7.01799, 1.09116
4.92604, 7.15372
0.85641, 7.07381
-0.174332, 1.06621
4.13385, 1.84749
3.21487, 0.986636
2.8726, 2.01042
-0.0670682, 6.18468
0.904575, 3.74077
2.98931, 2.06252
0.210082, 1.10599
4.09073, 2.80871
3.04642, -0.0811918
-0.188106, 0.0365858
1.19344, 1.20452
3.873, 1.03952
4.99713, 0.945708
3.92556, 2.08885
3.15231, 4.19272
5.89913, 6.95529
7.03392, 5.05143
0.0292808, 0.868472
5.08434, 2.07307
6.00192, 6.95652
0.827098, 3.08742
1.92656, 3.03094
5.99042, -0.0263783
3.982, 0.0337849
-0.0872029, 3.00227
2.22463, 4.02823
2.87518, -0.0431241
3.04488, 1.05354
5.99795, 2.09134
0.983994, 3.04719
6.12989, 2.97312
2.99576, 2.03025
6.86133, 7.13724
7.05672, 0.00718271
2.1416, 5.20181
7.14412, 6.9343
4.36614, 2.01862
6.89034, 2.8986
4.92709, 4.97546
4.81332, 6.95502
0.254618, 6.89692
2.13489, 3.01935
7.05036, 6.07737
3.02734, 5.05546
6.08478, 0.690143
6.96961, 4.95623
6.80411, 2.07358
3.0948, 3.07247
-0.0108189, 5.9444
6.86755, 4.034
2.085, 3.06133
0.173928, 1.0985
4.17652, 4.91272
7.1843, 1.97039
3.89915, 5.98141
0.977197, 2.21259
3.06096, 1.94639
7.0481, 2.88868
0.203158, 2.12813
5.87358, 1.10175
3.66811, 4.15785
-0.0467146, 1.22315
-0.0288772, 5.03983
4.94986, 5.05962
6.8706, 0.818345
5.8829, 5.90319
0.0575096, 1.94537
1.07458, 4.05504
2.0398, 4.1499
4.08803, 0.0909608
5.96043, 4.83319
1.92601, 3.8798
6.06242, 6.86285
-0.00149532, 2.96771
5.9032, -0.0164213
1.99703, 6.93364
5.13145, 6.25334
0.90043, 5.28361
1.11939, 6.87784
5.18099, 4.16751
3.88572, 1.79339
6.13065, 4.85195
6.78025, 5.94277
2.77274, 0.794014
1.1493, 1.7559
6.98642, 5.988
5.03124, 2.09965
5.92542, 5.03321
1.16143, 3.00647
5.94671, 0.167505
0.973752, 4.87485
5.07627, 6.09152
1.96945, 2.21892
6.95927, 6.98857
0.149976, 7.03076
5.03107, 3.058
3.88615, 7.09163
6.88441, 5.91408
5.08896, 2.92157
4.88831, 6.11925
0.103722, 4.86949
1.03503, 1.9347
0.204884, 6.80248
4.13955, 3.273
6.09138, 4.10903
1.80161, 0.956357
0.799091, 3.03716
1.99163, 3.18758
5.96429, 2.02034
5.14719, 5.01994
6.78544, 1.88106
1.09542, -0.180582
1.86243, -0.0346044
5.92578, 6.10674
1.00712, 3.15279
1.24791, 4.05049
0.804192, 2.08221
5.9309, 4.0146
6.93805, -0.0565972
1.93479, 0.0488147
3.03144, 7.11059
0.0120914, 1.83036
0.7631, -0.0041332
0.764249, 4.95826
6.89246, 1.80437
2.98164, 3.9927
4.93014, 0.0344398
0.0757956, 5.89462
5.60131, 5.01326
5.08081, 0.951564
-0.0422731, 3.98465
0.01707, 6.12534
6.9972, 0.0696762
2.87856, 4.17511
6.07857, 1.12867
5.10274, 3.0897
5.20122, 2.01345
2.80853, -0.198847
2.85615, 6.93435
7.11543, 7.10783
7.0864, 1.92374
4.04185, 2.89265
6.94117, 3.09554
6.9602, 5.07003
2.96505, 6.91463
5.77029, 6.00069
-0.0137768, 7.29126
3.89108, 4.17458
0.899195, 3.93269
0.913077, 4.93078
5.86544, 4.89457
4.07371, 3.09913
6.83125, 5.8959
6.97944, 6.00163
0.0730757, -0.0885711
4.90494, 3.80682
0.0420795, 6.00292
3.0191, 3.08221
6.07166, 4.06168
1.0544, 5.04613
3.87731, 6.98534
2.89947, 7.06081
4.10205, 0.164897
0.9399, 2.82041
3.93312, 6.09621
4.86854, 2.87133
6.06944, 6.88961
2.0721, 0.140086
7.13397, 0.119383
6.93575, 7.11788
7.14774, 3.91103
-0.0248225, -0.159835
2.00306, 0.977343
4.03121, 6.0514
4.06778, 5.81592
-0.110701, 1.83732
4.79657, 6.25492
1.14993, 1.0622
6.9388, 2.11809
-0.21739, 1.83578
0.918325, 6.06835
3.03224, 2.0332
4.17051, 5.83354
0.718326, -0.130519
5.13506, 6.96511
0.0145189, 1.06776
0.133491, 1.95174
0.00241235, 4.10005
0.187893, 6.80062
1.00729, 4.89547
1.0261, 6.00138
7.23773, 5.93276
4.00548, 2.76996
1.00858, 5.94198
3.88994, 4.13411
3.06931, 6.13788
-0.0100181, 2.03073
-0.0843176, 6.15859
4.88369, 3.85162
2.03225, 0.998095
1.97024, 3.02731
0.977821, 2.11753
6.088, 2.0355
4.92949, 2.09158
6.0078, -0.0033114
5.89144, 0.831897
1.94898, 5.08059
4.93982, 6.08562
0.723271, 1.96294
5.98133, 4.83503
0.0305751, 5.09125
3.05606, 3.82767
1.86136, 2.02939
0.949546, 6.99688
7.08224, 7.13573
5.14055, 1.93567
5.01085, 6.93817
6.13282, 0.926138
7.04567, 2.22069
5.81697, 7.03953
1.07256, 4.93783
1.04621, 6.25003
0.014999, 2.96182
1.13673, -0.246915
7.05294, -0.0206787
5.12847, 0.0276356
3.1177, 0.870373
4.98571, 5.77805
4.07228, 2.86693
0.984364, 3.94374
1.80519, 0.821897
3.21046, 6.0037
4.11729, 2.13161
1.88868, 7.05315
1.03698, 2.17719
0.00888809, 5.05573
-0.220364, 2.16559
6.86043, 3.81318
2.86594, 4.21976
7.1106, 6.9487
4.06838, 4.89438
5.1218, -0.0706661
1.03797, 1.00695
6.78844, 4.89793
-0.0124214, 1.79608
7.13814, 1.03326
5.00101, 5.87666
1.0322, 6.70849
0.910058, 4.00351
5.0763, -0.0876777
2.00329, 6.94515
4.03103, 1.94769
6.05878, 1.92987
5.05311, 1.87098
1.17018, 6.06207
5.99401, 0.957829
0.17495, 5.16291
1.15276, 3.83601
3.07704, 0.951814
2.01978, 3.99001
1.0939, 6.15997
5.05983, 7.23456
5.04053, 6.0797
2.97873, 7.02356
5.03396, 0.888336
0.181013, 1.10916
3.98748, 7.06004
2.01432, 6.77714
2.19726, 1.97211
2.05512, 5.24361
2.03373, 6.96969
3.87319, 6.77491
5.13266, 0.905604
0.042072, -0.0883185
4.99715, 1.96481
0.842824, 7.02947
5.88431, 1.04117
5.86698, 6.0014
3.92813, 0.824249
1.12775, 4.83109
2.93883, 2.96498
6.0009, 1.04514
1.92873, 6.86223
3.20374, 4.90587
2.76431, 2.12969
6.91032, 4.69578
2.96939, 4.17342
2.0764, 6.04148
4.01175, -0.0989609
0.974807, 1.9004
1.65206, 3.12003
4.80732, 6.79936
4.90794, 0.797432
3.07034, -0.0457628
4.95082, 5.17258
-0.0243205, 5.98565
5.89845, 4.10264
0.976095, 2.03195
6.91293, 1.91589
2.79916, 7.08007
6.85968, 1.84523
5.04854, 0.0672389
4.88075, 2.98821
5.91708, 6.91552
4.10571, 1.89176
5.09941, 6.91387
2.0743, 4.97729
3.18878, 2.97716
3.90523, 6.04684
3.86344, 1.91683
2.27411, 3.88197
4.95861, -0.0645043
3.88714, -0.00266535
5.92039, 0.871519
1.14056, 4.92802
7.02791, 5.96462
3.06184, 3.97848
5.03405, 3.11945
5.15052, 5.02366
5.03226, 5.89745
6.11405, 1.01274
4.01293, 3.08122
4.056, 1.82481
7.17844, 3.91279
2.9879, 4.04338
1.05199, 4.20092
4.99781, 6.11287
3.98093, 5.85202
0.992556, 3.82684
6.89904, 3.0678
5.91821, 2.93894
1.08778, 0.162312
6.18999, 2.97375
0.808907, 5.04497
5.97374, 6.01284
0.860659, 7.15811
6.05343, 6.04244
0.887229, 1.15385
2.86355, 1.92883
4.08251, 5.86925
1.83482, 3.97196
6.00754, 7.1135
4.12197, 2.84281
5.67204, 3.81103
0.16915, 4.07541
3.92043, 2.0895
2.91837, 6.07559
2.93045, 0.986427
7.08671, 2.03041
6.06274, 1.90382
6.93308, 0.054886
2.10809, 7.17156
-0.0424317, 3.01997
1.67664, 3.9266
6.89908, 7.02816
-0.243871, 6.98424
1.99721, -0.0499179
3.11444, 1.27421
2.33592, 0.901022
4.97059, 1.16948
2.80162, 4.97838
6.87225, 1.86152
5.97751, 4.75502
4.89464, 3.86767
2.00554, 0.816725
2.05209, 3.75886
6.73094, 1.9527
5.70922, 1.17371
0.913427, 0.0138082
4.9497, 3.05403
5.10716, 6.15763
4.94207, 5.1317
4.12865, -0.10298
4.86057, 1.02878
-0.083326, 0.95544
1.90417, 5.0699
0.854383, 7.10462
5.14669, 6.12058
-0.087166, 5.73604
6.11799, 6.03467
2.21256, -0.228071
0.18222, -0.0604241
2.07798, 1.46764
1.68309, 3.7663
0.985785, -0.149909
2.98659, 2.94012
1.00999, 3.11818
1.05387, 2.76947
6.98147, 6.01608
4.84779, 3.09273
-0.0843592, 6.93276
7.1726, 4.7616
3.04923, 2.79177
3.01963, 2.94861
4.85735, 1.0097
1.87613, 0.185653
6.95535, 3.89805
3.91731, 3.97294
2.94681, 0.00909708
3.81041, 2.88236
-0.0912125, 6.22161
2.95292, 3.84831
5.92499, 7.04608
6.90938, -0.171399
2.94738, 6.04184
6.071, 5.00726
1.0066, 2.00271
0.708043, 3.13897
0.131989, 0.0706334
0.811905, 5.09694
6.11137, 3.97157
5.94883, 3.27344
6.81971, 1.98952
7.15711, 2.13854
4.88631, 0.0188217
1.99547, 7.19375
7.01912, 2.99712
4.64638, 3.98985
3.05804, 2.06098
1.09726, 3.99506
3.00849, 5.11013
0.988889, 0.968139
0.869632, 2.18541
6.05168, 4.04485
6.85333, 0.827391
3.05894, 2.17672
3.05402, 0.801959
-0.106651, 6.17443
1.05553, 4.0928
2.07845, 0.00151694
6.91964, 3.00875
7.13603, 1.12159
-0.0752165, 0.14056
2.93135, 1.1502
0.95188, 5.9533
2.00004, 2.06149
5.00212, 1.82536
4.21253, 2.1213
4.99126, 1.88842
2.9559, 1.05466
7.00642, 3.86374
0.0193853, 2.0652
7.01245, 4.09925
6.83454, 3.75522
6.05592, 2.03138
2.05745, 4.01666
2.02446, 4.00838
1.26055, -0.254189
1.14051, 2.86564
2.93411, 3.30105
2.95227, 1.97352
1.98426, 3.17295
3.81552, 3.9607
5.13383, 2.02514
2.06004, 4.15868
2.02105, 2.97696
4.06925, 1.12399
5.07884, 0.815976
1.9278, 4.04971
6.05355, -0.103271
3.93462, 7.04167
3.92158, 4.09363
6.97935, 5.10069
2.08233, 5.76225
6.04931, 3.9412
6.1326, 0.824328
7.19602, 0.919857
2.24937, 4.0301
4.14677, 0.947206
1.85924, 7.1034
5.94867, 0.234702
5.92314, 7.05374
6.87611, 6.94864
-0.207596, 4.88595
7.01805, 3.13837
3.92737, 3.84385
7.04753, 4.70433
2.29507, 0.931584
2.03605, 1.21372
1.87247, 3.99355
6.14223, 4.92372
0.753229, 4.13102
2.04396, 4.13738
7.16905, 4.32617
4.11506, -0.0834359
2.93909, 5.1261
3.01946, 1.15084
7.05625, 4.97578
6.06243, 2.86042
6.01056, 7.04387
7.02987, 4.85482
0.123619, 3.15124
4.79735, 1.88207
6.70187, 6.95141
5.9013, 3.86229
4.92975, 2.98469
6.08805, 4.0605
5.97175, 6.63641
6.97586, 5.05278
7.0043, 3.25184
4.93811, 0.921689
4.85741, 0.0324936
3.21432, 6.18578
6.11923, 1.92447
3.94949, 6.96088
1.15573, 1.94673
1.04636, 6.92546
2.77989, 4.0481
7.01373, 4.01214
4.17422, 5.9933
4.10494, 6.11044
1.09067, 4.96496
-0.0648609, 0.932173
2.73845, 7.04233
1.77864, 6.98729
2.94056, 1.29071
5.95681, 3.18738
5.96102, 1.09726
3.93058, 1.89387
-0.00158679, 2.96369
1.90312, 4.05172
4.0728, 4.99049
-0.305293, 4.14569
6.93463, 2.82831
1.13373, 1.95141
2.15897, 5.26435
7.08605, 5.90535
-0.0473292, 5.89141
6.05566, 6.88577
0.116794, 2.96118
3.99615, 6.11002
1.03614, 0.0130811
4.80647, 2.97305
7.1165, -0.00754957
-0.15766, 2.96391
1.03647, 7.005
3.06473, 4.00923
6.89274, 4.97304
4.95859, 5.99016
7.03087, 5.0087
6.91004, 6.99237
0.047196, 0.0185098
7.16314, 0.0685304
-0.105082, 3.00143
4.19228, 3.9334
-0.0770291, 6.03062
-0.150968, 3.88967
3.95665, -0.0879323
2.08809, 3.04792
0.937585, -0.14998
5.83377, 3.96722
-0.0668384, 5.2373
3.99355, 5.07938
7.04194, 3.11697
1.99577, 4.01928
2.01783, 7.1719
4.98763, 6.92425
4.16712, 5.96219
4.97566, 3.06806
0.921737, 5.78838
6.9769, 7.11673
3.21783, 3.93266
0.918059, 2.81528
3.07822, 1.07753
3.01566, 6.00349
7.19057, 2.10115
4.04279, 4.79859
0.997072, 3.14546
5.04023, 0.987094
3.72592, 0.0299799
1.8778, 0.0786807
2.06527, 3.16265
6.18586, 7.05115
-0.0620706, 4.87251
3.16737, 4.84913
0.0922382, 0.650867
3.88725, 5.0591
4.87755, 6.00718
5.02341, 3.93233
7.22433, -0.0137267
7.02932, 2.94924
7.03232, 6.09903
-0.242158, 5.08488
3.12001, 0.947522
7.01251, 4.16887
0.918123, 2.03729
4.09122, 2.92523
0.887532, 4.92698
4.97102, 3.12501
0.114619, 2.88037
7.1106, 4.88642
2.98836, 6.02936
5.90812, 0.967404
2.01741, 1.21199
7.11074, 3.84391
1.24694, 0.0193586
4.07925, 0.0944112
4.77452, 3.04438
4.92366, 6.92529
2.91157, 4.14752
3.04634, 6.18067
6.0958, 0.962443
0.0705335, 6.93339
6.83466, 6.97883
2.93797, 0.996371
1.80406, 2.19262
0.971184, 0.869891
2.02004, 1.0369
3.68468, 5.19172
5.01114, 1.12191
0.0242754, 7.18451
4.04554, 0.817843
2.89769, 4.12931
3.73068, 0.129884
3.11114, 2.12252
7.09804, 1.15537
0.830571, 1.05001
2.18305, 2.80461
2.14625, 6.94214
5.86655, 0.851971
0.0563524, 6.7935
4.91217, 5.92928
0.939248, 4.20579
1.9789, 4.06661
4.0532, 2.94304
2.16241, 2.20965
2.0403, 4.94154
1.89697, 3.00811
0.884397, 7.0886
-0.206479, 1.00644
5.77741, 4.78393
2.07588, -0.0566302
4.86358, 6.09245
3.21031, 7.03778
1.26051, 4.90614
7.06572, 1.93135
2.92184, 0.00279188
0.0431939, 5.99842
4.99439, 5.17263
7.03101, 4.94424
4.18291, 1.96872
6.90679, 5.90844
6.02772, 6.96562
2.90643, 3.19206
6.24403, 2.05893
5.88754, 6.07128
4.99728, 3.98767
1.98909, 5.90079
1.9582, -0.0146735
3.07899, 4.08029
3.97165, 0.248211
3.12508, 3.94386
2.00447, 5.78415
-0.00173182, 6.95253
2.74906, 4.09707
0.00110631, 3.78082
5.87515, -0.121619
3.14259, 1.92993
0.0150542, 5.85936
5.09599, 5.00237
2.00366, 5.03715
1.03641, 4.91979
6.20382, 3.97051
4.0566, 4.20278
2.95252, 6.77416
5.01146, 3.96639
0.987433, 6.92263
0.941926, 3.20868
3.9594, 0.221758
2.70899, 1.91825
0.990137, 2.13432
5.26116, 4.71432
6.79319, 1.22833
1.93503, 5.88253
2.92842, 4.00455
2.31054, 1.16966
1.8091, 7.10764
7.0839, 6.03338
0.945097, 1.05435
4.9938, 0.0304773
3.96961, 2.89546
4.97011, 4.04058
0.97527, 0.860425
6.97717, 7.07575
6.9825, 7.02722
1.01863, 2.0646
5.98434, 2.95373
3.18982, 5.88886
-0.0390501, 5.98983
6.8369, 3.01142
1.92006, 6.18856
1.11497, 3.85934
7.03383, 1.79647
1.88097, 0.124189
0.0199446, 0.00747129
1.15307, 7.03142
7.02055, 0.0496303
7.09468, 4.84987
5.92761, 1.86306
4.93854, 3.87402
1.02493, 5.16156
4.86463, 6.02482
3.93957, 1.98448
0.137973, 2.01604
-0.00409606, 5.99294
-0.125598, 5.65518
0.939469, 2.9251
0.143131, 6.80212
2.06112, 2.17051
5.01529, 5.86352
-0.18407, 5.98023
-0.166277, 6.91964
7.10982, 5.95884
5.02617, 3.77923
2.1774, 0.373895
2.1911, 5.12643
6.06224, 2.02623
0.199577, 6.99066
4.98526, 1.04962
7.05899, -0.122281
2.16595, 6.11698
3.00096, 1.94682
4.02547, 5.87767
2.79281, 6.83707
4.10824, 6.91481
5.06619, 2.9732
1.91849, 4.01122
3.10247, -0.00364438
6.97777, 1.91943
6.21301, -0.0496788
3.1202, 6.07638
4.8317, 4.00826
0.0447597, 1.06079
6.03794, 6.01359
0.132227, 1.0645
1.84623, 0.960394
6.03683, 0.931009
3.08296, -0.110073
3.12605, 6.97635
3.10115, 3.12228
2.13581, 0.98953
2.20985, 6.89385
5.96977, 5.11974
5.80207, 1.93535
0.823234, 4.952
3.93506, 6.07502
0.954629, 4.03314
2.16476, 2.95828
-0.239674, 3.02253
1.19239, 4.76349
0.929974, 2.13251
2.09981, 0.851966
1.0373, -0.0582707
-0.0489178, -0.188989
6.03894, 2.01729
1.01901, 4.84593
4.71719, 3.1
4.05549, 6.84056
6.10681, -0.10222
2.07492, -0.0972633
1.20849, 1.85991
7.01928, 4.03852
5.056, 6.04875
2.10597, 7.10024
6.91488, 3.01292
5.04165, 3.06854
3.79526, 3.02685
5.93066, 6.01193
7.06044, 0.0277401
4.97493, 4.05723
0.900376, 4.94773
5.32519, 1.03552
2.91768, 3.15683
3.84715, 1.01823
5.58263, 5.21361
4.03965, 7.0488
5.94161, 4.72552
3.1289, 4.82459
-0.163836, 2.20354
0.859841, 5.89096
7.20353, 2.07527
1.7737, 3.07823
4.91225, 7.06826
4.19583, 1.95007
1.91568, 5.8614
7.13498, 1.01922
5.18055, 0.720049
2.80809, -0.0222571
6.921, 7.03284
3.94143, 5.98225
2.79836, 1.00502
7.09781, 3.14139
5.8568, 4.85058
0.0765976, 4.10057
5.98141, 3.92054
4.07013, 3.06929
0.87881, 6.80699
6.13706, 3.00513
3.75954, 2.86585
1.02976, 6.01375
2.87052, 2.08608
7.08996, 3.08014
6.16929, 0.0365779
7.06157, 6.89399
0.922056, 4.1021
1.97229, 3.14801
2.00126, 1.10822
7.21843, 4.17595
3.93919, 4.00217
3.16341, 5.80461
6.05073, 1.13331
1.09454, 3.29707
6.97881, 3.10033
3.8281, 3.06281
6.89857, 1.80079
6.08837, 3.94547
7.02413, 5.80793
1.94782, 5.01787
5.20816, 0.963847
1.08125, 1.07172
0.0735541, 6.16347
5.95852, 6.83092
-0.188223, 1.96483
3.0504, 1.00654
1.93979, 6.04525
3.98913, 2.93314
6.91662, 1.93516
0.833037, 6.09329
3.8211, 3.12129
2.03216, 0.965444
6.83906, 5.19058
0.748229, 4.8856
-0.0188597, 0.965718
5.13756, 4.17389
4.10748, 4.75902
6.98542, 2.79247
2.03693, 5.78265
4.09161, 7.04276
2.08832, 4.98465
-0.0430101, 0.0181314
5.89271, 6.83394
-0.118389, 0.968246
5.07771, 6.21737
6.94829, -0.0146104
4.0916, 2.10023
6.17177, 4.06166
6.01332, 1.06039
0.902704, 7.06676
0.156081, 4.157
4.69165, 6.74427
6.15983, 7.02436
0.0888642, 4.85457
4.03831, 5.93283
0.850552, 5.02983
5.04407, 6.81577
3.85569, 0.790033
2.03898, 5.15817
2.99105, 3.85865
1.91769, 2.08001
0.0779173, 6.91431
6.05118, -0.0235459
1.80731, 3.95299
6.061, 1.71321
5.15398, 7.09852
7.14718, 3.92478
1.09184, 1.05049
1.06728, 7.19084
5.09572, 6.98477
1.89161, 6.78348
6.05226, -0.206759
5.71666, 3.01961
3.92787, 4.93963
3.01019, 5.2053
0.201044, 4.00452
6.92357, 3.01648
1.92624, 1.01284
2.13466, 2.86821
0.114023, 3.92653
7.0062, 2.92105
1.00453, 6.04936
2.94753, 3.95759
0.751642, 3.90701
7.01667, 1.89939
0.840436, 6.9045
0.986806, -0.0366888
5.19237, 7.15547
4.97063, 6.14952
6.29073, 3.1329
6.01292, 1.99012
0.831992, 0.0616173
6.0192, 7.02793
0.0779465, 2.07769
5.19409, 7.0299
4.97788, 6.96155
5.89867, 6.91846
6.1156, 2.96245
3.98827, 2.11163
3.24785, 0.167839
0.838824, 0.0782456
7.07307, 1.90945
7.03034, 4.8606
2.9751, 3.07336
1.10805, 4.97107
6.82614, 7.08848
7.17872, 1.92631
0.0143392, 4.88022
1.14216, 6.14315
6.07661, 6.06746
5.05519, 1.95574
1.02013, 0.165736
2.81928, 1.19283
3.07857, 0.0812053
6.1411, 0.970366
7.04285, 5.05468
2.24645, 4.19935
3.95463, 6.89695
5.10133, -0.00832477
3.99162, 3.66978
4.89907, 4.09325
0.914531, 7.17082
0.0525093, 1.00662
3.28424, 5.14627
7.05344, 5.15335
0.956847, 2.10898
4.27827, 6.01266
6.91164, 3.97498
2.05848, 5.0866
4.8926, 6.99784
5.10037, 2.07518
3.07122, 1.07578
2.03571, 5.84068
0.939693, 6.83694
2.79542, 1.10218
7.07418, 1.97667
0.944729, 5.07034
5.95985, 4.08766
0.144289, 5.93969
2.03413, 5.25733
4.01636, 3.95327
5.98872, 2.94338
6.02726, 0.0204069
6.91154, 3.86562
2.87185, 3.06236
5.96267, 7.19287
6.95584, 0.923326
4.0169, 0.0280605
2.15216, 0.0637705
0.955564, 6.07033
1.95862, 7.16056
0.0883644, 0.63305
1.07908, 2.99944
4.7643, 0.91238
3.06726, 2.83545
1.00385, 5.80151
4.86116, 0.93934
4.02133, -0.0457465
2.78003, 3.99788
0.041292, 1.99906
1.01497, 2.84679
1.82902, 0.953279
5.9076, 1.1477
4.04768, 5.84957
4.07439, 3.16498
5.22287, 4.00358
5.16506, 7.03119
2.00626, 5.94024
7.0749, 2.91081
5.90529, 7.10398
-0.237302, -0.0962455
1.88029, 0.0130906
4.94913, 0.868398
7.18431, 1.98968
5.96732, 6.97033
4.72141, 4.95831
7.21317, 0.146898
0.974215, 5.03509
7.0617, 5.98213
2.1428, 7.10102
4.96448, 5.93119
5.18617, 4.85665
1.12449, 3.26539
7.01667, 0.0787985
0.13056, 2.83639
1.21865, 3.80993
4.95444, 3.57992
-0.124425, 4.08065
5.84541, 7.06353
0.166829, 0.0244471
0.00622855, 0.950823
6.86196, 6.08601
5.93027, 4.97892
0.0048394, -0.0541809
5.11499, -0.0164375
0.983303, 6.03851
5.82889, 3.99343
0.975532, 6.17863
5.25307, 6.01068
2.84629, 4.90764
1.94222, 3.88891
0.0180716, 3.89217
1.90603, 2.90056
2.89279, 0.906475
5.84682, 2.00847
0.0656854, 6.96097
4.96365, 3.95142
0.139424, 5.0752
3.17606, -0.0913148
7.05072, 6.91599
7.15616, 4.0087
-0.0118352, 5.10832
3.00178, 6.11537
0.907333, 4.99893
7.09658, -0.137503
5.07274, 7.19506
6.94012, 4.93835
7.20789, 3.0459
0.0980151, 6.0807
3.99118, 0.126855
3.02981, 5.06264
6.82414, 2.8078
3.90771, 2.95653
5.06434, 6.04284
-0.177135, 7.10424
1.95147, 1.13158
1.10313, -0.321979
4.88071, 0.472975
3.2383, 3.0752
7.04653, 0.220704
0.129697, 4.87883
6.05688, 0.980706
1.78209, 0.786018
2.94487, 2.01698
7.08351, 5.07238
4.97371, 7.02781
5.9883, 1.71744
-0.113106, 6.11786
0.0267606, 5.31727
1.80591, 0.151639
-0.177008, 5.05569
5.99646, 1.94482
6.93353, 1.86577
5.82945, 0.937838
5.90211, 7.07352
4.22129, 1.17272
1.98623, 7.09878
2.06639, 7.09644
5.06795, 1.92726
1.99311, 0.158265
1.05864, 6.95346
0.682614, 1.01301
3.94642, 1.93569
3.84147, 2.01806
6.24353, 6.0267
5.95344, 4.08565
0.0683168, 6.92118
4.80591, 4.86772
1.00336, 6.78327
0.188948, 1.17219
6.93372, 4.96384
1.97157, 4.81799
0.0292389, 4.12867
4.87383, 2.10264
2.07954, 4.03214
5.89878, 0.0450907
5.8483, 3.92767
7.01794, 4.07057
7.12547, 2.92455
6.94612, -0.0789558
1.96856, 4.89986
6.03578, 6.98826
-0.101251, 5.15595
7.10758, 1.88183
6.18563, -0.184626
2.03138, 1.8646
1.04496, 0.259566
2.92627, 3.09419
2.74209, 5.96296
5.87088, 3.97061
6.93283, 2.12077
2.91492, 5.17507
1.81579, 5.02392
6.92182, 5.98822
6.96103, 3.00951
7.12715, 1.98882
5.00555, 0.712246
7.02225, 1.07742
1.99117, 3.07933
0.153895, 4.85176
0.14345, 3.98693
2.06928, 3.03082
1.84281, 6.16555
3.839, 0.957705
0.0369987, 3.12887
0.0744396, 6.83935
6.01572, 6.88934
7.13677, 2.84011
0.207154, 2.9869
5.07106, 1.89238
-0.120452, 3.02847
7.12554, 1.90938
-0.219772, 5.13308
3.03193, 0.00685724
2.59703, 6.1309
1.12151, 3.83928
2.88292, 3.93942
6.85218, 0.230012
2.04883, 2.94307
6.98758, 2.90924
6.65845, 0.928854
0.106688, 0.0574501
0.802478, 3.88613
1.82324, 7.13455
2.1771, 4.10348
5.95778, -0.0164183
5.94514, 1.09369
7.02339, 1.02628
3.05762, 1.1155
3.06352, 0.895241
3.07695, 1.06035
3.05292, -0.0794988
1.74896, 2.67415
2.9855, 0.841105
4.00007, 0.961567
0.836886, 0.873169
5.02523, 5.802
-0.0373283, 3.89922
-0.161638, 4.13125
6.90157, 5.80785
2.06433, -0.00328087
5.07631, 5.75989
4.05353, 3.95531
2.90714, 4.96496
2.90264, 6.98751
5.03241, -0.301045
4.97121, 3.10161
1.16028, 1.06321
3.06143, 3.11818
4.99002, 0.840137
3.8461, 3.84676
6.0817, 0.78021
1.88673, 3.11517
0.0207039, 5.86883
3.94666, -0.268996
1.24172, 0.98759
3.95815, -0.0537431
5.99925, 4.83362
1.20258, 0.147524
2.00726, 2.97077
4.18888, 2.20274
1.0525, 5.92295
5.17117, 6.65659
5.0942, 1.93208
6.19154, 5.17794
1.04942, 6.97521
-0.0594001, 2.07591
0.0150728, 1.0099
-0.0805575, 3.05325
3.09443, 0.852105
5.95203, 5.0453
2.9042, 0.109771
7.02165, 4.05611
5.91985, 0.86752
5.96623, -0.10322
3.02183, 1.039
4.96388, 0.0654997
0.0132729, 2.03117
2.97635, 4.10284
1.97017, 0.105871
4.96213, 4.08263
0.863244, 5.76817
4.91593, 2.99031
-0.0316251, 2.16782
4.06016, 5.80145
5.06663, 1.00466
2.07727, 1.08025
5.21999, 1.85749
1.06235, 6.15241
3.0117, 0.930972
2.95425, 4.97056
3.81687, 3.12732
1.96919, 3.76269
1.92933, 7.28292
4.95132, 4.2111
1.92957, 7.02866
4.02949, 0.979831
7.03829, -0.0290231
-0.0917956, 3.86399
7.00051, 1.69683
3.91253, 0.278989
1.1417, 6.06116
5.12267, 1.92889
5.94413, 0.0338503
7.00568, -0.0677691
3.16015, 2.14126
6.00442, 2.74443
7.03942, 3.8466
6.90342, 3.28688
0.880159, 0.933858
6.98625, 1.90615
6.58246, -0.00833622
2.97658, 3.28242
6.92021, 3.00726
2.97046, 6.02706
5.89862, 2.03233
2.20057, 5.02265
6.23151, 3.05095
1.08739, 0.797892
6.11412, 5.84312
3.07076, 6.90848
4.96431, 3.20284
6.96661, 6.10869
1.90808, 6.00872
0.826647, 1.00924
-0.208825, 3.84997
1.9215, 1.87329
7.14392, 4.22938
5.03764, 4.83017
1.01835, 2.99655
5.85527, 6.90776
4.86643, 0.990913
3.79679, 1.8127
1.0504, 7.13531
-0.218587, 1.81232
0.960784, 5.90177
2.98172, 6.98046
2.16447, 1.01662
1.94495, 6.9918
5.89557, 5.7867
-0.00241978, 1.04508
2.91698, -0.0474792
6.82785, 0.213972
5.85722, 0.839724
3.99888, 4.97221
1.98878, 4.0965
1.95548, 0.0758832
7.0101, 0.966833
0.848633, 5.17908
-0.103982, 5.10748
1.91793, -0.128613
3.01742, 6.88517
3.09625, 2.93888
7.05122, 2.0453
0.0105775, 6.84509
3.83584, 1.0488
0.0265173, 1.15073
5.04579, 5.1999
7.18378, 3.99917
1.83163, 5.89319
1.90311, 1.99163
3.96759, 3.10454
5.06703, 5.97862
7.17413, 6.82201
3.9749, 6.00603
-0.0840327, 7.02383
3.9416, 5.14102
2.11247, 4.76031
3.87261, 1.08431
1.9526, 1.8346
6.87872, 5.02611
6.92234, 0.0880498
2.14487, 6.6437
1.19728, 5.07168
0.762767, 5.07965
0.171269, 6.08973
5.97425, 2.01868
5.84625, 5.03579
0.0501686, 7.03032
6.02304, 6.86592
3.92998, 5.9748
3.94822, 0.941049
6.32948, 2.99584
0.853403, 4.03031
4.82214, 4.00933
5.78205, 6.30396
3.81054, 4.19281
7.00009, 6.99663
4.62034, 3.04194
1.06893, 6.96876
0.260302, 3.98527
2.93161, 0.873094
2.97223, 3.28067
1.0677, 1.84556
-0.14316, 3.11708
1.24241, -0.118599
3.30624, 6.954
7.0271, 3.95062
-0.200753, -0.108922
0.977064, 2.95294
2.2234, 5.96651
0.0140684, 2.85771
1.88906, 2.93587
0.859899, 5.87316
6.06848, 7.19065
3.12342, 6.99094
0.865366, 3.88461
1.78502, 4.0747
6.0335, 1.06144
1.8644, 6.9145
-0.0275053, 2.82482
3.82281, 7.12028
1.18288, -0.0512759
0.00960152, 1.10472
7.05091, 6.09767
0.82292, 3.22328
7.02959, 1.97756
6.06472, 3.86856
1.81938, 0.900342
2.92128, 0.962947
0.85186, 6.92091
5.06433, 1.08997
7.18022, 5.06971
2.18872, 4.07914
1.89323, 4.88375
1.8351, 7.10286
3.74413, 7.13986
-0.264023, 3.82794
5.10074, 6.73483
4.16348, 5.95751
2.06687, 4.00504
5.1632, 0.0244819
5.13001, 1.08325
2.04113, 1.87794
4.89582, 6.01265
6.13602, 2.88172
-0.192387, 1.00989
1.28207, 3.04487
6.01889, 6.05491
-0.0541302, 4.03628
7.05771, 2.95187
4.89933, 5.86626
5.20222, 3.02473
0.94925, 0.0134926
3.01111, 6.15789
5.03219, 2.00623
1.07102, 6.27326
3.76891, 0.932244
-0.0657337, 0.916372
1.99781, 5.96659
6.12127, 6.06115
7.00058, 1.91038
7.04062, 4.83404
5.94241, 0.0728671
4.22378, 5.92955
6.00136, 0.122699
3.25473, 5.82757
6.10322, 0.822851
6.0234, 3.98684
0.708999, 4.85978
5.03936, 5.93507
2.92782, 3.2953
6.95576, 1.9161
5.99008, 5.02652
4.07921, 6.95823
5.05182, 5.95258
2.10543, 1.10298
5.18607, 5.00606
6.82821, 3.90393
-0.0273959, 5.8625
1.1494, 2.9453
1.91137, 4.85666
3.02858, 1.04223
3.96963, 4.04188
2.88152, 2.95449
5.01241, -0.0921852
5.8576, 3.88298
1.09303, 5.01498
0.0955876, -0.168149
5.98286, 4.11492
6.98842, 7.25158
3.14377, 0.902271
7.09126, 2.84445
1.12329, 7.05166
3.93627, 3.06332
2.99253, 3.0183
4.01438, 0.165696
0.916678, 6.91699
1.0538, 5.9409
3.15987, 7.20173
5.89633, 0.262145
4.10808, 2.07379
6.91274, 4.07375
0.902636, 7.0362
4.84671, 2.98323
5.25539, -0.0984605
6.9575, 5.14297
0.906516, 6.97902
-0.136833, 5.00245
6.96657, 6.94533
2.09641, 5.91261
6.95609, 2.87638
7.07707, 0.959313
5.04015, 0.0563661
4.97711, 6.15826
1.02459, 5.02195
3.74333, 0.995377
2.94527, 2.25017
6.10068, 0.946263
5.00957, 5.06394
7.02638, 1.16383
2.04318, 4.96226
-0.298054, 3.00232
5.17215, 5.78515
4.95357, 4.01647
-0.0900478, 2.16991
5.77248, 4.77814
2.12867, 1.04003
0.0172601, 5.94575
1.63345, 2.87773
0.0190636, 2.04816
7.1049, 4.12827
-0.0607451, 1.07831
3.96788, 4.84408
3.18224, 6.88872
6.19809, 3.64805
6.87624, 0.0489163
7.21149, 6.09617
7.09547, 0.222083
6.98688, 7.03763
1.98146, 5.16313
7.07163, 4.98604
5.78619, 6.05864
2.80307, 3.06599
5.97672, 7.13998
6.74502, 2.13889
0.904239, 0.023268
1.0424, 1.03446
2.06832, 3.98375
3.09618, 1.98347
3.92514, 0.858962
6.05246, 1.7554
3.94569, 3.33932
7.10514, 2.05449
6.90036, 2.04119
3.17742, 4.88836
0.990975, -0.0585405
7.15332, 6.07071
7.10898, 2.0401
4.1484, 3.92826
2.07677, 0.289306
6.94308, 0.152101
1.93891, 6.91499
7.34157, 0.1498
0.0192862, 0.817108
5.95722, 3.95453
-0.0103856, 4.78312
0.00923826, 3.02308
1.76089, 1.03019
1.11758, 0.935126
6.26904, 1.08936
6.85798, 6.95348
2.03944, 0.181068
3.91974, 4.03541
1.07771, 3.02009
6.9938, 7.07174
4.92682, 5.98887
4.10799, 0.956367
7.19923, 0.0536284
4.98946, 3.0063
7.25323, 0.0251145
5.09216, 7.10963
7.00479, 0.0221556
1.16362, 0.949976
3.82891, 1.87333
4.95039, 3.08938
6.08434, 3.72831
2.03661, -0.0329055
-0.304128, 0.096952
4.90186, 1.01452
0.94982, 0.76381
6.33877, 1.10812
6.88711, 6.90634
4.02973, 2.02003
1.98284, 2.13436
5.04222, 2.97339
2.94106, 7.12534
2.90307, 5.98106
-0.00498657, 0.0736561
3.13319, 7.02599
3.23975, 4.87756
-0.0393146, 0.0874205
6.9952, 0.0529538
5.88056, -0.00354506
3.97058, 6.1453
4.0319, 2.07693
6.76583, 0.945171
2.7478, 4.22816
0.231274, 1.9991
4.12644, 6.0064
3.09866, 0.736476
1.95727, 4.87941
2.96262, 5.95849
1.15935, 3.91744
1.10915, 3.09255
4.98596, 1.71682
6.87506, 0.780825
2.96744, 4.96998
1.92844, -0.10363
2.95933, 1.17661
2.08366, 0.939872
2.91066, 1.91589
7.03502, 7.06431
6.19828, 1.89407
0.866441, 4.00936
0.00698903, 0.851495
0.0957761, 5.10965
5.17, 5.93726
5.03099, 1.89645
6.12201, 3.01757
4.90815, 2.83127
5.20751, 5.16426
1.86052, 4.04171
5.84356, 5.08932
2.01071, 5.98913
1.14007, 1.7663
6.81523, 3.82454
3.1364, 1.72292
7.03076, 1.94842
2.91523, 1.11765
5.96031, 1.92446
7.34661, 2.89038
1.98127, 5.16757
5.05854, 5.38259
-0.0724488, 1.29858
1.38526, 2.82616
0.770538, 4.0978
5.84528, 2.05364
3.82165, -0.152406
0.15718, 4.93914
3.99616, 2.00817
7.04794, 3.12328
1.04719, 4.1839
0.927348, 0.888723
1.93628, -0.107874
1.00152, 2.07937
6.86424, 2.97823
4.09482, 0.654343
3.90866, 3.99853
2.10036, 3.00815
3.97368, 3.06002
3.14056, 3.70675
6.93712, 1.15568
5.23937, 2.92558
3.09962, 4.91033
-0.108525, 5.99785
3.0675, 6.97215
1.80207, 4.16087
5.81404, 2.11556
1.18179, 2.69383
4.93159, 5.87642
1.0389, -0.092744
5.1481, 4.1289
7.14289, 5.93188
5.15463, 5.89933
3.94729, 0.96573
3.14052, 5.85531
5.06124, 1.07558
0.941762, 2.80734
6.11635, 2.99886
6.16911, 1.91587
2.33579, 1.78513
1.8985, 0.0356148
7.07595, 2.9615
7.16753, 4.89589
1.87239, 3.17012
-0.126857, 2.95974
-0.087509, 4.77899
1.96671, 7.06269
5.16274, 6.90345
0.054569, 5.94543
-0.158479, 6.10769
4.85493, 1.88888
6.97821, 4.06397
7.0059, 0.0657874
1.80061, 5.918
1.91506, 4.08075
7.1615, 5.97864
4.21638, 1.02164
4.14714, 4.77551
0.0653082, 0.0895699
4.89435, 3.11451
0.950997, 3.04642
4.17426, 5.12107
6.93915, 0.018288
6.03791, 6.00798
7.02404, 2.99156
6.87371, 4.82404
-0.14593, 1.96154
3.16784, -0.0757974
5.04799, 1.91296
2.13663, 5.13272
3.94972, 0.114135
7.11857, 4.27958
6.79232, 2.98887
2.03223, 4.84203
6.98309, 7.13272
-0.0576217, 3.94713
1.00356, 2.24021
1.8587, 5.0573
2.1834, 2.02532
0.875883, 6.95735
4.03532, 3.08564
6.65109, 3.01246
4.02511, 1.05538
-0.0947886, 3.79153
0.191967, 2.01674
0.96692, 2.37362
2.10298, 1.00962
5.72083, -0.0560931
1.89767, 4.86676
2.85065, 0.0282167
5.80023, 4.07955
6.09007, 6.01604
5.17998, 3.89978
1.89354, 4.89525
5.90481, 1.21935
4.92413, 3.99862
2.94032, 3.9685
2.07639, 7.17359
1.88007, 6.03233
1.13009, 2.03501
4.96507, 4.96338
4.92259, 5.92657
4.13116, 4.77682
1.89438, 0.027501
4.89677, 1.8563
0.795308, 6.0052
5.19166, 6.94782
0.275682, 6.14976
2.12349, 3.04409
3.10897, 7.2263
1.96825, 2.98379
5.12236, 4.02467
-0.0852924, 4.14911
1.96426, 6.98829
3.93701, 5.87015
1.09559, 2.05852
4.16748, 3.88554
0.0262295, 6.12328
7.17156, 6.16197
2.81217, -0.119848
1.11414, 3.12179
4.09737, 2.00302
7.01791, 3.11322
0.92431, 0.129796
3.17565, 6.05887
3.91809, 2.85192
1.97036, 3.8806
1.87445, 7.06356
3.09847, 5.01803
3.95495, 6.09481
7.08338, 0.328836
5.77105, 6.16431
4.10915, 0.945578
1.9186, 1.0182
5.16183, 4.19529
7.05099, 6.95247
1.11214, 2.95685
2.96775, 5.10869
6.93067, 3.09112
3.93465, 3.90429
5.85954, 4.86415
4.91415, 1.08347
6.82506, 1.09916
6.19054, 5.11145
6.91919, 3.14191
2.12463, 1.24919
1.8495, 3.09188
7.08041, 0.874362
4.0019, 0.101426
2.99029, 5.1274
2.11818, -0.180184
1.96053, 6.81688
2.7306, 2.90383
2.05047, 5.85574
5.82672, -0.0325132
4.90876, 0.889354
1.9421, 7.05114
6.11284, 0.162221
7.13566, 0.734984
7.03096, 2.94262
1.90492, 6.08669
-0.0311765, 3.89782
4.00145, 7.13706
3.06415, 6.12802
6.97648, 4.89374
1.94011, 0.954521
2.05003, 1.05664
3.13425, 3.04026
7.21565, 2.91618
6.97094, -0.0679604
1.092, 5.04854
7.13432, 5.85619
1.15744, 3.78493
2.85373, 0.0725968
1.10479, 4.96673
0.924702, 7.07306
4.99409, 5.86945
5.10894, 3.90608
5.86616, 4.09765
5.29021, 4.02643
3.11527, 5.18905
0.93427, -0.0100897
0.820022, 6.81363
-0.116379, 3.93149
4.92231, 3.84092
5.01703, 3.0949
5.79707, 1.95413
2.04757, 2.87871
0.999983, 0.85269
1.04989, 1.8629
4.85239, 2.05533
4.07959, 3.89205
6.05038, 4.81827
0.989982, 5.00666
1.83977, 6.9866
0.13104, 5.77824
4.98256, 6.8554
6.82811, 5.24054
1.84448, 3.18873
6.09777, 3.9207
6.77247, 2.04709
7.18294, 7.07866
0.924035, 4.80038
4.07243, 4.16864
0.941702, 1.89126
4.03075, 0.973354
4.05629, 5.13929
7.00854, 2.02872
1.09462, 6.17889
6.92257, 4.93289
3.03244, -0.0615798
2.00213, 1.24221
3.06461, 4.88429
0.0185335, 2.16889
4.1162, 6.16612
0.0338858, 0.101532
6.21222, 7.00464
5.03277, 6.9819
0.122309, 5.82143
6.09492, 5.95458
3.91809, 5.98031
1.27235, 2.86875
7.1159, 5.0997
3.96358, 0.18553
4.06898, 5.94106
5.9157, 4.09268
2.14261, 2.14364
1.80541, 0.0966115
4.9203, 2.08197
6.02655, 2.97607
6.07499, 2.33813
3.93976, 4.11518
4.98328, 4.10491
-0.124252, -0.0844165
3.74876, 0.0748543
4.93676, 2.05612
5.09441, 6.02862
3.00936, 3.31144
2.94213, 4.93345
1.18253, -0.202386
5.12537, 5.86575
4.03137, 3.16047
2.9368, 0.989709
3.91235, 4.97238
3.92995, 4.98661
4.97507, 2.08501
7.2032, 6.90588
3.07897, 5.15898
-0.069132, 2.99443
6.95576, 2.03773
2.0714, 2.0983
0.0535639, 3.01959
4.24869, 2.02438
6.85825, 6.94984
2.96654, 2.00841
6.8871, 6.8396
-0.091479, 1.03717
4.02406, 2.95721
7.02705, 5.08208
4.05073, 5.94425
0.0885102, 2.05112
2.98662, 5.8043
2.1837, 3.99421
3.97729, 1.01725
5.95578, 0.965319
3.89743, 2.00997
3.25739, -0.156423
4.80986, 7.08241
6.05641, 1.827
3.0969, 2.01661
2.86801, 5.96013
2.11461, 6.13734
0.881155, 1.02077
1.62305, 0.912978
6.8278, 3.07312
3.96241, 5.21883
2.89928, 7.13755
7.12046, 0.0910891
2.87101, 1.80927
2.16651, 3.73636
1.23558, 2.84048
0.929529, 6.955
3.86486, 2.18921
3.92343, 2.96541
3.02487, 6.07552
7.07562, 6.05843
4.76388, 5.90423
7.12542, 2.20303
0.883811, 0.985263
0.958207, 2.97725
2.16372, 1.94963
6.95374, 1.71596
0.0796659, 4.20074
-0.190693, 1.04862
3.89125, 1.67798
1.07505, 5.18864
5.97794, 4.81653
4.93951, 0.0824065
-0.16288, 2.02942
7.15278, 4.99978
4.90662, 6.9218
6.72682, 4.97391
0.212944, 0.959544
2.83301, 6.20825
5.80914, 5.83015
0.0807941, 3.82639
0.93586, 4.91365
1.18812, 2.97996
-0.00216851, 4.02394
6.1797, 7.12895
4.90165, 5.02118
0.867218, 6.01255
5.85302, 0.063065
7.10914, 2.04025
6.96544, 1.00928
3.98238, 1.30074
3.02176, 3.86893
5.04117, 3.94232
4.23694, 3.02036
3.8971, 5.11681
2.90974, 4.91818
0.932907, 6.03314
2.89377, 5.80596
1.00386, 0.0772034
1.08292, 6.93154
0.903754, 4.68227
3.86042, 2.92325
0.0885837, 4.05787
4.00144, 2.96593
3.02707, 5.9895
1.95282, 3.91055
3.11322, 2.83497
1.87614, 3.90697
5.1541, 3.84666
0.169768, 3.04673
3.0243, 4.99747
7.08403, 1.77041
2.7338, -0.00927354
0.0534442, 3.03637
2.04256, 1.02287
6.1752, 5.87712
7.13196, 2.97792
1.10864, 0.947683
1.73624, -0.0416281
-0.0526165, 2.95626
2.90477, 0.996053
5.00741, 0.0989408
6.21897, 6.07007
4.93473, -0.198845
5.1179, -0.0422844
7.12504, 1.0212
7.26357, 4.04048
2.08523, -0.0903755
2.84336, 2.14615
1.09606, 0.981552
7.04714, 5.88423
0.953758, 1.06202
7.08984, 1.0388
7.04995, 0.997164
-0.0788269, 3.76366
5.95287, 3.10421
4.88798, -0.225989
5.96058, 5.88947
4.04889, -0.117217
0.902262, 0.915891
6.93904, 6.99642
7.10588, 2.04983
3.80059, 5.78291
3.84072, 1.99476
4.20324, 6.82636
3.94, 4.1488
5.77249, 4.72271
6.37695, 4.06456
-0.0983749, 6.85986
1.1668, 4.95716
2.05568, 4.92488
6.94142, 4.03127
1.97971, 5.94052
7.10367, 0.0702138
7.09717, 6.03114
5.99009, 5.97376
0.253862, 2.15111
7.12087, 3.87776
5.90245, 5.23637
1.11503, 3.03392
1.033, 2.05133
1.1662, 3.11827
7.00014, 0.900279
0.988485, 7.02256
1.87598, 0.121858
3.04018, -0.0900715
0.982735, 3.99877
5.1329, 5.03305
0.0629204, 5.98886
1.11543, 5.08386
6.06722, 2.91353
-0.0848141, 2.04513
4.03107, 3.08336
2.03041, 4.07739
6.95439, 3.80993
2.97489, 3.94984
4.25711, 2.13671
5.26635, -0.355982
3.04275, 3.14312
3.11227, 5.01758
4.02571, 0.890927
5.00229, 1.87412
4.89014, 4.12528
4.23307, 2.17073
6.28676, -0.0365704
5.83966, 2.22296
5.03174, 3.0713
4.00237, 1.27844
2.14845, 1.82172
1.65054, 2.91767
4.09948, 4.82802
-0.122937, 5.08136
6.95967, 3.95289
0.90463, 6.89706
4.93337, 1.86389
1.19285, 6.14605
2.9123, 5.04612
6.9361, 1.8776
-0.0481168, 1.20589
0.91326, 4.90905
6.98578, 0.965928
1.96807, 7.04196
3.95728, 4.01206
2.93491, 3.88037
1.64169, 3.12781
3.14765, 7.15461
5.08042, 1.96254
0.061167, 7.2128
7.09337, 4.90325
4.8284, 2.95762
2.05974, -0.0680915
1.92037, -0.0920164
1.10134, 3.88853
4.0674, 3.16618
0.0108248, 7.1696
7.10653, 0.149937
3.98303, 2.91281
3.15434, 1.10069
-0.081806, 6.9054
-0.0167071, 0.141542
1.95853, 6.98665
0.0674909, 4.95025
6.99921, 7.16333
0.133039, 5.25078
-0.0365926, -0.039766
0.930299, 1.89081
1.77781, 3.15055
6.74851, 3.89626
6.07209, 2.98202
5.05693, 5.02374
5.04756, 1.78066
6.06213, 5.83281
4.95312, 3.22653
0.25659, 0.0435808
6.9172, 1.62046
2.94898, 1.24157
5.92585, 3.00496
-0.222885, 5.91502
0.100673, 6.19829
1.07894, 1.07789
0.102948, 0.0122904
1.99149, 3.93929
6.11054, 4.90177
1.03755, 3.06129
6.83325, 6.08805
2.85586, 4.03843
6.99268, 6.89193
6.83253, 5.09698
4.02, -0.188617
4.00031, 0.110214
0.99123, 6.8153
4.12768, -0.0264038
7.16206, 6.93353
3.80184, 1.07299
5.18941, 4.80903
6.16585, 1.85322
4.10218, 1.92621
6.80254, 3.85031
3.07182, 4.90589
5.04713, 7.14449
6.07976, 1.9449
1.83812, 2.09588
6.26848, 7.26225
3.02468, 4.0346
5.22398, 6.93151
6.94749, 5.68268
4.84612, 3.83221
1.85175, 0.983405
4.95099, 6.00109
5.08042, 3.86206
-0.00263983, 4.1771
3.95955, 6.01373
0.0154286, -0.0392607
2.14963, 0.954884
1.00411, 4.03987
5.99341, 1.00194
2.92708, 1.15434
1.96071, 3.97182
5.95996, 0.88295
1.24001, 3.91733
3.05081, 6.83865
7.08119, 0.891396
3.03588, 4.17698
1.10148, 7.08069
3.79373, -0.00875087
-0.1975, 2.12476
-0.275911, 6.02167
2.00865, 2.00135
4.07006, 3.05274
-0.2302, -0.191325
2.03752, 5.94587
3.80216, 3.01407
3.06589, 3.94088
-0.0212867, 2.08893
4.029, 6.04065
7.12444, 5.77709
7.08379, 5.94023
5.94668, 2.15376
7.16785, 7.19283
4.15779, 5.24993
7.13836, 7.01274
3.65402, 3.10116
3.05091, 0.956118
7.00463, 2.99606
0.157087, 6.85691
3.03276, 4.17095
1.90372, 4.85503
4.18195, 2.88756
2.08176, 2.91618
6.09386, -0.0679296
7.05087, 3.94482
7.08345, 1.0746
3.96742, 0.691649
3.97343, 6.94332
3.92371, 0.140298
2.07999, 5.03236
-0.0387801, 0.00446692
7.06918, 5.25621
5.98482, 5.0884
3.8678, 7.12139
3.02927, 5.14592
5.13704, 4.90135
5.98964, 1.14668
4.97221, 2.88248
5.99733, 5.21463
3.03379, 3.90428
5.03554, 3.81532
7.43657, 3.25295
4.97497, 7.25607
0.963529, 2.89186
2.79543, 5.07784
0.976749, 1.91756
0.0456286, 1.81943
3.82123, 4.89429
2.09006, -0.284911
0.227835, 4.0699
-0.169068, 6.24682
0.834817, 5.96267
6.87118, 7.02847
1.15677, 2.99517
5.05787, 2.90248
6.00279, 4.98097
1.98284, 4.016
2.95024, 2.9259
5.95164, 6.73961
6.79817, 2.96585
4.88884, 1.14283
0.189805, 0.17812
6.76078, 5.06766
7.01709, 7.03241
1.87766, 4.08965
5.7944, 6.09384
6.09084, 3.09634
2.93598, 5.05678
7.09608, 0.983865
0.0691912, 7.10897
5.11401, 5.82485
1.08166, 5.05985
6.84475, 5.88409
5.0119, 4.97402
6.02094, 0.0222232
2.82751, 7.10748
2.8365, 5.94543
7.15945, 3.93236
-0.0917968, 2.91376
2.89361, 1.80091
6.10256, 3.81848
0.95929, 1.90161
1.01947, 2.99893
2.03008, 2.04268
4.97167, 1.18679
0.106258, 4.95259
1.29464, 4.71254
-0.115395, 1.11918
2.93256, 4.95981
1.08764, 0.907968
7.04002, 2.99837
6.05584, 4.89352
2.86274, 5.93631
6.07492, 6.30569
4.05084, 0.165265
0.0337687, 6.79249
7.00918, 4.88274
0.143059, 1.8975
1.93503, 1.02722
-0.0939146, 5.74996
-0.19275, 3.11712
0.510094, 4.0854
2.07562, -0.191711
3.02778, 0.826295
1.08593, 6.07272
0.0384311, 5.99597
6.87809, 3.02825
-0.202379, 6.89908
3.15329, 0.0272469
-0.0167129, 4.1102
4.95194, 6.9657
5.94384, 6.00778
2.98273, 1.77877
5.91124, 2.06025
0.177063, 5.12782
1.20637, 1.99842
6.82715, 2.20722
0.850541, 4.81363
5.06347, 7.13837
0.917609, 6.03016
5.95272, 0.284192
4.86483, 5.96392
4.9814, 3.89815
4.03132, 3.97611
3.96595, 1.32739
3.99352, 6.01504
1.0408, 6.14066
5.03537, 4.91439
2.01133, 2.92145
5.99866, -0.0450375
5.79564, 5.05625
4.06828, 0.931971
1.80702, 6.08953
-0.092393, 6.92684
3.87678, 1.88913
4.82941, 4.1832
4.05912, 6.88809
6.91036, 2.04401
7.1823, 3.00141
7.04729, -0.161071
2.05738, -0.167667
3.13923, 4.91429
1.18284, 3.92053
-0.295339, 2.99368
-0.077325, 3.96062
0.118204, 1.09991
3.90897, 5.88578
5.08119, 7.01619
3.95022, 5.82894
7.04985, 3.08078
7.17015, 3.85438
5.99619, 6.89809
3.89755, 4.96114
0.200882, 0.910348
7.13367, 1.96367
2.925, 0.996709
3.97105, -0.0105916
3.19477, 4.99146
0.0646409, 6.06442
2.86154, 0.857368
1.98729, -0.157419
5.87209, -0.188943
5.04045, 7.00398
7.10061, 5.77483
2.97346, 0.00553967
2.94842, -0.0993326
5.18856, 2.98512
0.935008, 1.02836
0.894741, -0.0167015
5.84021, 6.93677
1.96202, 7.12898
1.08887, 2.90949
6.92483, 2.04019
1.06906, -0.279289
6.13546, 1.90062
2.9597, 4.76836
2.85648, 0.188992
1.15757, 6.08924
1.88541, 3.89937
5.02686, 2.12648
2.11954, 4.80085
0.935484, 2.92082
0.0563432, 2.06667
4.05823, 1.99823
0.0451735, 4.85345
2.1391, 5.99767
5.98336, 3.01518
4.02281, 4.13
0.87222, 5.11289
-0.0627529, -0.136767
-0.0376763, 2.93296
1.17426, 6.89921
1.10081, 1.99181
6.80923, 5.96142
4.03763, 2.91304
5.83571, 3.10285
0.0711856, -0.0955974
5.89388, 4.88214
0.770586, 4.82624
0.0919408, 4.84883
1.93756, 1.85546
4.10262, 7.19518
3.88409, 6.07515
2.9611, 2.17774
0.0796192, -0.0123957
3.02931, 5.04224
1.0322, 5.02447
7.05249, 4.86553
5.93243, 3.08707
6.15343, 2.12494
7.01832, 6.9463
1.82549, 5.04141
0.987864, 0.0342743
5.86415, 0.171254
0.937362, 2.00578
3.73485, 7.06008
1.10203, 2.88126
6.06228, 4.95756
5.9513, 0.824062
0.973172, 2.94235
1.90305, 2.10272
3.04755, 3.21572
-0.10181, 1.28487
6.82204, 1.16765
2.90384, 3.97882
5.03001, 1.93288
5.01392, 1.80617
5.19734, 0.860934
5.00319, 2.09793
1.97669, 0.0398896
5.77723, 6.0031
3.30408, 5.17653
5.10793, 5.04148
3.07385, 5.03614
6.96626, 0.991147
-0.0490948, -0.102121
6.95825, 3.8968
0.0321811, 6.83157
5.1203, 1.00094
6.89357, 0.98103
3.1169, 3.91801
4.14972, 2.90359
0.9154, -0.109644
5.82303, 5.0852
0.0382857, -0.22352
2.1604, 4.77953
4.14806, 2.98981
3.08191, -0.00812118
4.17794, 0.218437
4.92296, 0.975969
4.18409, 7.11149
0.97131, 4.04166
7.04608, 1.06869
7.04536, 0.913693
5.83225, 5.10614
4.13506, 6.11747
0.884872, 3.94947
2.70634, 5.07745
2.32119, 7.01139
-0.155463, 6.98376
-0.240723, 3.0206
3.88511, 2.853
7.00895, 3.06152
5.93735, 5.92238
3.98019, -0.0513833
1.04214, 5.05913
4.91971, 4.91381
2.14322, 6.06042
6.23241, 1.7987
7.01479, 1.93105
2.02648, 2.84881
2.70113, 6.86229
1.09823, 4.93332
3.17292, -0.0292102
2.97696, 6.00987
2.96486, 0.811593
5.00816, 3.91054
-0.0481509, 1.87584
2.03961, 6.94512
4.7375, 1.05777
6.08776, 1.19658
4.84744, 4.0373
5.84169, 3.10118
3.96447, 3.95731
0.0171643, 6.06487
3.31766, 0.795165
0.146437, 4.06294
1.02781, 7.22222
4.99802, 0.897658
7.11296, 6.10123
6.88658, 5.02811
3.91914, 2.03009
2.1175, 6.86867
1.79722, 3.00543
1.90747, 3.10291
2.87423, 4.07276
2.18247, 5.02526
1.12679, 5.98148
5.06536, 2.09188
3.06116, 0.87686
2.07904, 5.9213
2.03841, 3.85379
4.89271, 1.82893
2.92021, 2.13657
3.04242, 2.18695
2.97107, 2.05579
7.05026, 1.03251
6.95797, 0.00886377
3.93432, -0.174379
7.19615, 5.77464
4.86592, 5.01443
0.0399044, 6.89633
4.01888, 2.13413
3.16335, 1.78138
1.08156, 7.11128
-0.162826, 1.07331
-0.123519, 6.11502
7.03, 7.12523
-0.187133, 3.74144
1.97443, 2.09212
3.78855, 5.93883
3.86588, 1.95985
1.10579, 6.96021
3.24053, 1.01012
3.88296, 4.88739
2.07269, 2.01147
3.89213, -0.0368856
4.17601, 1.05866
-0.013308, 6.00093
4.02916, 5.08778
0.00260211, 3.9628
1.05561, 6.9917
1.93025, 2.00658
2.88307, -0.0538507
3.73837, 1.82749
1.92447, 6.92732
3.0014, 6.09827
4.90446, 4.00777
-0.153951, 3.09599
2.01131, 6.88724
5.78465, 4.92493
3.13692, 1.94666
4.97922, 2.05225
4.06757, 5.1272
7.23595, -0.0202681
0.219958, 0.992412
1.02659, 1.09479
0.912806, 6.11943
-0.00611109, 7.12879
2.86127, 4.25395
4.96724, 1.02751
5.98253, 7.11387
1.85028, 6.06177
4.94987, 2.90375
3.01948, 4.81437
5.97632, 2.96654
1.92753, 6.89052
0.0323984, 3.98727
3.10708, 2.04807
5.00506, 3.02356
0.8555, 0.920753
3.02441, 5.03019
6.1547, 1.758
3.97091, 3.99632
2.05577, 3.86583
2.7211, 5.01082
6.01521, 5.12341
0.789806, -0.0986827
1.07122, 5.0023
1.15374, 6.95364
4.05977, -0.0724469
5.83003, 1.0999
2.79694, 3.0248
0.937993, 4.98528
5.94121, 6.90363
2.93359, 4.83394
6.76783, 5.09067
3.06332, 3.90853
4.93174, 5.08343
4.0135, 6.94961
2.87055, 3.91003
5.01394, 1.89413
1.23758, 2.83064
4.02511, 3.99796
-0.156009, -0.149612
1.7907, 1.15022
0.866579, 5.11929
0.157104, 7.19687
0.060174, 3.89212
2.02871, 2.01642
4.06016, 4.06425
2.99037, 1.91864
2.05072, 4.10419
2.88268, 1.09412
4.93825, 0.01619
1.01807, 0.125156
-0.0090585, 4.88971
2.98933, 1.86007
3.15227, 4.87288
2.94758, 5.08411
-0.120043, 1.99889
3.08756, 6.26129
3.80408, 2.93232
4.98845, -0.0369021
6.95683, 6.11979
6.74755, 6.83865
0.0539534, 6.88681
5.88179, 2.23132
5.16092, 6.1482
5.90169, 5.9245
7.12134, 4.04758
6.03019, 0.0679067
7.03065, 2.93926
5.03706, 3.97471
2.04, 5.06133
4.87465, 1.81298
4.98832, 0.918953
-0.0140198, 4.94451
4.83292, 7.00327
5.11261, 5.07869
6.93385, 3.93406
-0.0510118, 2.1208
3.18743, 6.08132
3.92886, 0.854727
5.79392, 2.03382
0.00648766, 0.939853
7.10209, 5.05207
0.995367, 5.03836
3.2888, 0.0396004
3.19834, 1.91278
2.95508, 3.03105
-0.165013, -0.0997589
-0.0303141, 3.02298
4.02722, 3.09781
4.92543, 5.92006
6.88406, 4.91087
2.86771, -0.0973235
-0.00699766, 7.06841
3.79732, 0.882928
5.9473, 7.02874
5.7523, 7.09829
6.84418, 3.11217
1.9627, 0.879778
1.98003, -0.126842
1.04623, 0.0754862
-0.0617124, 6.03141
4.19173, 0.0354312
1.05365, 5.93936
2.06471, 5.9256
4.90642, 6.82286
3.25772, 3.78674
-0.0226287, 0.940502
1.98179, 6.22903
0.110017, 1.17302
1.86375, 7.00064
0.0387646, 6.03129
-0.090146, 3.97873
4.36811, 1.80179
4.82328, 3.77986
0.934458, 0.031436
2.17766, -0.0144442
2.13409, 4.00132
1.18951, 2.04712
4.84325, 2.07826
0.851196, 1.69309
5.007, 0.967851
5.94854, 7.03392
-0.0812133, 5.24298
-0.0258081, 5.11034
0.173029, 2.99408
6.9816, 6.94892
2.90177, 5.19813
1.93708, 3.1115
6.12787, 6.35106
1.01509, 4.16354
5.78425, 0.903054
0.0963798, -0.173599
3.13133, 7.1594
-0.0494828, 4.07311
4.89766, 2.02917
3.88665, 4.21199
-0.079716, 6.13461
-0.0361966, 5.2232
3.83177, 0.0892999
2.99689, 1.10162
0.176709, 2.06339
5.90125, 6.8901
-0.151835, 6.95971
6.89496, 4.69627
3.85679, 1.84259
0.936748, 5.99047
2.91713, 6.02025
1.23308, 6.14298
0.81071, 2.15521
6.73392, -0.0260081
4.05907, 3.91471
5.89576, 0.012558
3.82367, 3.86209
1.13698, 5.8997
2.87184, 7.01539
0.931281, 3.01793
1.94974, 4.12149
2.02983, 3.8506
2.9333, -0.0622009
3.93927, 6.13046
2.16434, 3.97249
6.01459, 6.17413
3.19681, 3.98597
3.95694, 4.09409
0.198805, 4.99151
7.10403, 3.08671
0.868626, 3.92651
5.03921, 0.943773
4.10142, 7.06397
6.90908, 4.91129
0.364322, -0.135724
4.91318, 5.90601
6.22562, 4.09274
1.1802, 5.8593
5.01893, 6.96706
6.90343, 3.96325
-0.0901684, 2.20709
2.06674, -0.115136
7.07193, 3.20911
4.87314, 4.03322
3.78135, 3.19645
-0.0285111, 2.98439
3.9582, 2.0216
3.04179, 6.14584
5.0939, 2.99632
7.00912, 5.12893
2.17376, 7.0448
2.01524, 6.04402
3.97904, 3.89285
2.23717, -0.055582
1.69395, 0.0517958
5.88786, 0.0876547
4.17237, 6.90044
7.17705, 2.12605
1.8562, 1.03114
3.88326, 5.85448
3.94828, 1.05917
5.01668, 4.82845
3.91384, 6.9547
5.11161, 6.9376
4.98556, -0.00496574
-0.0119704, 6.92958
1.87829, 4.92228
1.06128, 0.154971
6.06306, 5.93676
5.79587, 4.95842
6.21647, 1.81917
1.94721, 1.08281
5.83154, 5.16488
4.12254, 0.136999
4.11442, 6.16979
5.86974, 5.99148
2.85876, 6.08656
4.00693, 2.06998
-0.13183, -0.0291809
2.02803, 1.20591
4.21188, 3.80222
7.08765, 7.13698
5.92465, 2.08135
3.20992, 5.00098
1.77712, 6.00388
-0.0120947, -0.209248
-0.15232, 0.893922
-0.111342, 0.129546
0.996491, 2.91969
1.72698, 1.88699
-0.292107, 5.04744
6.05761, 7.0009
6.12721, 2.13986
2.86402, 0.931957
3.83239, 4.86862
2.98929, 2.8817
4.16511, 4.97899
1.15159, 6.97056
7.03307, 0.0260129
7.13856, 5.90912
3.13034, 3.05803
2.92111, 7.04156
4.27418, 2.05636
2.95854, 3.70428
-0.129526, 3.80005
5.02355, -0.131973
4.11918, 3.83348
0.948458, 6.8011
6.79636, -0.10308
5.21171, 4.9527
1.09533, 3.87436
5.11654, 0.0460131
-0.0389245, 5.19687
4.99386, 6.91825
7.04314, 4.24605
7.11763, -0.0649404
0.765669, 5.00339
4.01636, 4.0039
0.108525, 2.05249
6.85603, 6.18709
2.01189, 1.12399
1.91361, 3.81526
0.995942, 4.07571
0.870308, 0.993087
0.0858127, 0.947495
1.03639, 2.01504
0.107052, 3.04441
5.00452, 6.95231
5.9071, 0.967372
3.09272, 1.89317
5.84423, 0.947844
0.866876, 0.00707795
5.82736, 7.07004
4.0781, 0.966243
3.71079, 6.15703
2.97696, 1.11507
4.06536, 0.0158318
3.03343, 6.0096
6.22778, 4.96007
3.78889, 5.0715
2.00519, 2.93349
6.83131, 4.88707
0.096492, 4.13979
3.80743, 3.16188
0.0458941, 5.75638
6.08927, 7.23522
7.0127, 1.09772
4.21706, 6.03213
2.94877, 7.03983
4.94842, 5.25326
1.86246, 3.13102
5.02156, 3.0801
2.13182, 4.11238
0.0723394, 5.85705
4.0583, 2.99535
7.16334, 4.10187
3.8915, 0.0782625
-0.182022, 4.96931
7.32158, 3.07582
2.18478, 3.94128
3.99503, 5.0998
7.19302, 3.86838
1.0406, 4.11944
2.01483, 3.03839
0.795301, 4.76761
3.77685, 3.00853
-0.0269699, 1.24207
0.950355, 4.9939
5.80329, 1.88163
2.01688, 0.112463
5.0627, 0.90262
1.07689, 1.9663
6.02008, 1.93119
5.83302, 7.00517
-0.151663, 1.12256
4.84348, -0.000352384
1.86737, 0.876179
6.88283, 3.89677
1.24098, 2.2977
2.09806, 4.06183
6.96927, 1.90614
3.91695, -0.0444121
1.89601, 6.87708
1.89697, 0.889093
5.00476, 6.91416
4.88748, 3.12365
4.14155, 6.96769
6.1855, 6.85888
5.0594, 5.13254
5.03073, -0.106156
3.08047, 5.21299
6.87085, 6.84022
4.2621, 5.12765
2.07934, 4.8634
6.12484, 1.11237
7.21661, 4.15406
5.94435, 0.0821929
4.01138, 3.80768
3.16252, 6.08799
0.973008, 6.75862
2.91042, 4.89479
4.05545, 6.05594
3.01276, 5.91403
2.8855, -0.161999
7.00608, 7.28168
6.99269, 2.90385
5.11536, 0.285282
0.219625, 7.01668
1.05992, 2.9534
-0.00565703, 3.15437
5.38385, 5.85764
0.93685, 7.22436
1.09308, 2.09038
7.11215, 1.96063
5.09696, 1.84237
2.9381, 1.04223
1.9989, -0.165093
4.02037, 0.262838
1.76086, 0.0662101
3.03835, 1.9423
1.4046, -0.00985032
1.97503, 7.02374
3.05883, 7.03078
2.81981, 5.02679
4.01995, 7.17439
1.27797, 2.28178
0.150214, 4.83166
4.94723, 1.76776
-0.0709865, 3.06499
2.86276, 0.909331
1.98176, 5.05779
5.9286, 3.98816
3.13447, 6.82118
4.00831, 1.16044
1.09631, 0.185681
1.0749, 2.13654
-0.0729535, 3.80286
2.94412, 0.137963
5.17961, 0.262143
6.0168, 1.13398
4.12906, 6.15364
1.98528, 4.04056
-0.260697, -0.119955
7.14292, 3.13758
7.03702, 2.88357
4.04399, 6.09322
6.12245, 1.84285
3.91496, 2.96291
3.97771, -0.195174
4.01992, 2.85225
0.886336, 1.31798
5.9466, 1.04675
2.16794, 1.79316
-0.199915, 2.0993
1.30263, 4.0321
2.70698, 0.962539
-0.132695, 3.87702
7.077, 5.00603
1.94796, 2.98244
4.87677, 0.998679
4.03583, 0.160573
3.04522, 7.0493
4.07068, 0.941242
2.83969, 2.97474
3.80325, 7.00047
1.14863, -0.0167141
-0.144231, 6.08912
2.14304, 1.16568
3.77922, 2.96643
0.053758, 4.91078
1.97351, 7.07244
5.02011, 5.10618
1.96322, 5.89307
5.04167, 2.02103
6.23472, 6.141
1.02769, -0.0200684
1.86556, -0.164457
2.86871, 2.09967
1.02371, 4.07083
0.825096, 3.91481
7.07987, -0.0238336
5.95015, 2.08236
0.923161, 6.02717
5.06103, 6.97728
7.27737, 6.14874
4.8783, 1.89382
5.97189, 1.08476
3.93661, 2.19283
1.80904, 3.96965
0.795276, 6.07207
0.0343766, 0.899114
1.14823, 2.97051
5.15438, 6.798
1.02795, 3.16113
1.08794, 3.84294
0.112432, 0.0273701
6.11429, -0.0885858
1.97925, 1.03695
-0.106081, 2.00691
2.88671, 2.25663
3.16147, 5.9791
3.03023, 2.04908
5.92758, 2.10109
7.10437, 1.91644
7.16532, 3.00607
0.91653, 0.944297
4.94115, 6.16921
3.06302, 4.07521
6.81979, -0.169853
2.2021, 0.94449
-0.248002, 3.86167
4.89414, 2.02506
4.07907, 2.94607
0.0561094, 5.97503
0.0506341, 1.03838
0.960276, 0.105819
1.06849, 3.98261
7.10801, 5.03764
3.23303, 6.06685
2.68617, 1.95838
3.07973, 4.81942
6.92685, 1.04275
5.04345, 6.88977
0.00170573, 1.94583
1.99748, 5.87033
5.08246, 7.02601
6.15648, 1.14892
0.0873689, 3.84096
0.00808885, 0.0979314
2.9697, 4.05039
2.90702, 7.06946
3.24862, 4.00776
5.90197, 1.95213
1.00769, 2.90008
3.10657, 0.163984
2.87355, 6.72712
1.10563, 4.27111
4.09219, 1.09832
7.16799, 0.00697946
6.89225, 3.99157
5.85861, 1.12054
4.00614, 6.0405
1.14178, 7.12621
1.92907, 1.84356
-0.0910626, 6.00947
2.04284, 2.04553
2.99718, 1.0805
3.97287, 4.92936
0.0610617, 1.83128
3.8711, 1.94924
5.23583, 0.894689
2.19986, 1.708
6.06087, 1.03002
5.12583, 4.01181
5.78426, 4.29971
4.8591, 5.98498
1.86801, 1.02647
4.87269, 1.73849
2.16882, 5.93013
0.0151199, 3.98606
3.0666, 4.05428
7.03465, 1.98212
7.12799, 6.19614
7.08804, 3.1191
4.00476, -0.146603
3.16407, 1.94517
1.8132, -0.0159527
2.04928, 4.75836
4.069, 2.95419
-0.0308089, 6.06469
3.97638, 0.120018
7.02164, 4.01753
4.96511, 2.85295
6.93143, 0.0595565
2.96959, 3.14574
1.04327, 4.05361
2.90545, 3.98219
0.860369, 0.0848159
0.936611, 0.090321
6.20764, 6.86487
3.09394, 0.104684
4.98208, 4.02372
-0.0934398, 2.20959
0.898731, 2.85419
6.05087, 4.85955
-0.0121076, 6.97589
6.88208, 1.07788
1.15157, 5.90669
1.07389, 1.96611
0.313911, 0.869484
6.08327, 4.78573
7.16519, 3.09237
7.20805, 5.84389
0.351698, 1.89868
7.01709, 6.72121
0.881363, 7.23338
1.01721, 5.33028
0.840131, 0.131151
3.95769, 5.81183
2.89693, 1.0653
3.03823, 7.04593
5.85986, 1.80263
3.13625, -0.198772
3.87519, 1.09803
0.844848, 4.96375
7.16266, 4.96103
5.79998, 1.91678
4.19038, 7.15498
5.00235, 6.87463
4.01161, 1.00308
1.17866, 6.061
3.23042, 1.82519
3.12839, 4.86195
0.00372017, 2.20671
3.16045, 2.77492
5.72836, 5.96996
4.94718, 3.9898
4.98574, 4.95636
5.04518, 4.16398
4.97345, 1.06717
1.99177, 1.19052
4.04222, 1.20182
0.906876, 1.91622
5.04738, 3.07612
1.06215, 5.15262
5.1545, 5.97053
1.04913, 1.82585
4.73269, 4.00251
1.02511, 1.35665
1.03094, 0.132106
5.96125, 1.82731
3.77472, 4.10075
3.73407, 4.89964
2.04747, 4.99082
0.0208321, 1.08702
3.92468, 6.96348
-0.136367, 3.24508
5.9284, 5.75247
6.78686, 4.02768
3.24577, 6.07531
3.95239, 6.79199
-0.300345, 5.90354
5.11934, 2.91007
4.10972, 2.98985
0.0608789, -0.0509409
7.01212, 4.99676
3.88781, 4.1427
5.99376, 0.227084
3.80833, 3.99785
3.06579, 5.11362
0.824373, 4.00468
-0.0048914, 2.01434
1.91886, 4.12701
1.00925, 4.12087
2.97426, 2.96363
2.81866, -0.123584
5.90068, 4.08171
2.98447, 1.91066
1.23001, 1.97192
-0.0646027, 4.13115
2.97474, 2.9779
0.0378666, 3.08071
4.98349, 0.937034
1.9789, 1.79624
4.13081, 7.0827
6.30911, 2.99829
1.22033, 3.15709
3.14858, 2.97308
6.79748, 1.19219
5.24451, 1.22558
6.77984, 7.01303
4.83881, 6.15591
4.9403, 2.20779
7.19125, 3.00224
3.01215, 6.81338
1.16403, 3.08955
1.08325, 3.09969
0.204427, 0.206981
5.88952, 6.99002
2.88187, 3.95165
4.00466, 3.30801
2.07697, 3.89514
0.899635, 3.16089
0.852253, 2.99541
1.1813, 0.97477
6.25594, 6.02048
2.83777, 3.01526
6.00901, 7.0808
6.18748, 5.89956
0.989864, -0.0266606
2.93217, 5.05982
4.08164, 5.05151
-0.0899036, 0.106001
6.02153, 2.92956
4.98483, 6.97323
4.87983, 2.96561
2.74065, 2.13299
5.93778, -0.0331081
7.15172, 5.06387
2.83214, 1.86849
3.71747, 2.99728
0.143367, 0.951099
7.15526, -0.0211624
5.95565, 2.04442
7.11061, 4.8504
1.76369, 5.15123
2.00352, 4.98425
5.11029, -0.0139499
7.14749, 7.11561
4.10874, 2.98007
1.95505, 5.03223
4.01947, 5.86265
3.92524, 1.00673
0.0983516, 4.83078
1.06197, 3.44843
3.85153, 3.1743
0.93445, 2.04805
3.35056, 6.05546
5.08726, 2.68068
6.93391, 6.11878
7.12085, 5.94532
3.89735, 3.23791
4.12355, 4.96247
5.99561, 7.14773
4.0533, 6.88376
1.47431, 4.11161
0.0148943, -0.0657245
6.95639, 3.09112
-0.0840766, 3.0919
5.98158, 2.01261
3.19166, 6.65797
0.146979, 2.22235
4.83221, 1.05462
4.50405, 0.0239647
3.96463, 3.06252
2.87368, -0.00192975
2.93261, 2.03436
6.82742, 0.0226737
4.97473, -0.119541
1.96581, 4.94592
0.982135, 7.05712
4.05863, 7.08194
4.25288, 1.02965
0.128987, 2.8991
4.10875, 2.90981
-0.127659, 5.90628
1.97472, 3.97095
7.18551, 7.17157
2.98005, 0.896262
5.87376, 6.14635
4.85514, 6.96451
2.1012, 2.14034
0.0150486, 5.86541
6.03924, 2.00612
5.9303, 2.81714
2.9871, 2.96866
3.07249, 0.0850763
4.96743, 2.00755
0.949821, 5.06004
2.92828, 6.99409
0.823718, 0.0810633
0.991581, 7.12504
0.0738694, 6.95658
6.07958, 6.98372
7.18405, 0.98732
0.960879, 0.156681
6.14237, 3.1125
3.91784, 0.969755
-0.250726, 5.96649
5.95363, 6.85603
4.196, 7.04851
5.97165, 0.983594
1.96782, 5.91642
3.87552, 5.04725
3.9731, 3.10548
4.09252, 1.82644
1.17959, 5.18243
1.10188, 2.92202
-0.163199, 0.0219201
5.7372, 0.890051
4.03031, 5.71034
5.13386, 5.96273
0.781415, 6.088
-0.115288, 0.970503
6.17262, 6.96516
6.01919, 2.99381
1.84131, 7.04957
0.971391, 1.87964
5.87648, 2.99043
7.07468, 7.26488
1.14513, 2.8099
6.98338, 4.202
2.97294, 0.0139753
2.03434, 4.01025
0.950325, 0.193964
1.90511, 1.06782
5.87683, 0.998079
7.17901, 1.03528
1.96361, 2.03061
1.87983, 5.0625
0.896425, 1.04338
2.82864, 6.98906
6.02574, 5.73215
3.0395, 1.08392
6.94701, 5.15412
4.97403, 1.9974
0.141374, 1.97637
4.19777, 2.06619
4.10412, 1.2203
4.98492, 4.06171
3.98994, 6.91634
0.0246813, 5.90367
7.02075, 7.00923
6.87672, 1.7689
7.18366, 6.85555
2.1241, 5.18534
6.97962, 5.21476
0.111096, 7.09911
1.97538, 5.0419
4.16875, 3.84956
3.00648, 6.85303
5.13305, 2.99336
5.07109, -0.0548526
0.958093, 6.16984
7.09897, 1.8812
4.10321, 5.99617
6.95323, 1.64445
2.0844, 6.00326
6.93749, 5.94121
1.23017, 1.96939
6.83944, 4.11611
6.25299, 6.08229
5.11412, 6.95236
7.08811, 6.99198
7.18866, 5.85783
4.06165, 0.867188
3.08196, 1.90693
5.04293, 3.77729
1.04835, 4.81645
5.2169, 0.11329
6.11254, 5.97182
1.00442, 0.0201081
6.80857, 3.74857
0.124859, 0.862294
0.950513, 6.88999
2.02729, 0.884306
5.02069, 1.30142
2.10681, 7.03307
6.99112, 3.84953
4.97244, 3.86825
1.2521, 3.90894
3.10665, 0.885811
0.981995, 7.07977
4.84638, 5.80234
0.970216, 0.902906
-0.0698554, 1.9355
0.922256, 4.98444
4.00589, 6.94011
6.03414, 3.83056
4.17799, 4.99074
2.91904, 7.16401
2.98076, 5.86781
5.92042, 0.984075
6.69721, 6.00371
4.13315, 5.88594
4.99372, 3.71684
6.13352, 3.07179
6.00938, 2.91142
2.13352, 4.90492
1.10402, 5.81193
3.00079, 0.816902
6.96713, 1.0787
1.0479, 3.89941
2.9223, 5.12058
6.0858, 0.2744
0.996775, -0.00439338
6.75095, 3.99156
5.03487, 1.03166
2.94943, 2.09071
0.0701924, 0.0289887
0.901354, 2.84181
4.98338, 4.82486
0.89856, 4.86982
5.79081, 4.04587
7.10471, 7.11801
4.90271, 0.0968497
6.84717, 0.00966354
2.87962, 6.88929
0.844075, 0.844939
5.00114, 7.00513
-0.236185, 2.95134
0.133102, 1.13622
0.0621172, 3.92797
0.760144, 4.84129
2.38505, 3.11442
4.03419, 0.00522062
1.1105, 7.14452
3.06958, 2.89639
4.19598, 0.0082747
6.87159, 0.809732
0.00739953, 1.95372
1.06577, 5.01863
2.89968, 3.96283
5.01935, 4.0113
0.954163, 5.04386
0.951038, 5.96461
6.97499, 0.221634
3.91446, 2.918
5.89212, 0.93337
7.02878, 1.11658
6.99826, 1.92035
0.0246285, 3.0607
2.80016, 5.90076
5.85049, 0.928265
3.06347, 3.11113
1.78796, 0.987143
5.14739, 6.10762
2.97195, 4.87021
1.92936, 6.79228
5.91913, 2.11628
2.16383, 3.98349
2.35241, 2.03013
4.12451, 6.98978
0.0174873, 6.8341
2.84684, 4.05042
4.92386, 3.96439
0.086508, 3.95733
1.99778, 0.193197
4.81226, 2.9755
5.10244, 6.97507
2.17533, 0.0502044
0.910371, 5.2324
5.91782, 5.9659
3.94272, 4.30775
0.882959, 3.10049
3.90534, 4.07649
0.202989, 2.03618
-0.0201637, 6.78402
-0.248744, 2.79282
0.846158, 3.78603
5.97595, 3.12584
4.01833, 3.09827
2.05724, 3.91897
2.07108, 6.02071
6.99421, 2.99545
2.05198, 3.97897
0.869586, 6.24352
6.91992, 3.07807
0.837512, 6.06413
2.78678, 3.04424
2.97279, 4.85388
3.07926, 6.2125
7.02664, 4.02461
1.94604, 0.938676
3.0413, 3.06883
1.05855, 0.00692058
1.99386, 7.11544
1.93779, 4.9496
1.92579, 4.11833
6.06861, 2.09546
7.03008, 6.05604
3.25329, 1.07523
5.0795, 5.96357
1.00117, 3.0362
7.00302, 4.89906
6.10103, 0.951742
7.1621, 2.86257
6.96816, 4.06615
7.04081, 2.93425
5.84756, 2.83095
3.03919, 4.25191
0.198501, 0.943669
1.9363, 1.01797
6.78749, 0.813725
0.901334, 4.07022
2.04946, 1.95207
2.15478, 6.13641
5.86673, 6.00876
2.69773, 0.0165216
1.04487, 1.0898
1.0307, 0.137679
2.73592, 3.10435
6.90323, 6.8537
7.1395, 0.0704065
-0.0592212, 5.10546
1.16808, 2.84229
5.75179, 3.03601
2.69892, 5.87706
7.06453, 3.98611
6.28728, 4.09937
1.96812, 1.02468
0.0314897, 3.96952
6.91404, 0.884809
0.0602912, -0.157619
7.04, 7.07909
5.05419, 4.97888
3.91632, 6.97231
6.90341, 4.0102
7.1481, 3.12003
5.11559, 6.88063
5.11204, 3.0632
6.05275, 2.10367
0.937821, 1.96436
4.00523, 2.01975
1.19436, -0.0521065
4.10083, 3.90461
5.97975, 3.11208
7.01293, 6.876
7.12994, 1.29193
7.12396, 1.94406
6.10201, 0.95886
4.978, 1.04733
1.81897, 4.95504
0.984215, 1.08247
6.76899, 0.148463
5.98114, 2.93395
-0.168742, 2.00021
2.87503, 3.02897
2.01936, 5.86188
1.8625, 6.18353
0.987834, 2.11237
6.88222, 6.87318
2.93926, 0.832837
0.0713373, 1.92351
3.11429, 4.99682
2.93352, 2.07599
4.88163, 0.233326
3.1021, 7.14528
5.94738, 0.804534
2.94593, 6.92949
0.254618, 0.0564573
-0.19219, 6.01834
7.1398, 6.84104
1.02666, 7.07639
6.05259, 2.12372
7.16417, 6.96656
4.7993, -0.10506
1.82586, 0.000538165
5.03672, 0.156762
6.22968, 6.0435
-0.0394763, 5.00368
7.06434, 7.08273
1.94862, 3.98974
6.93349, 3.0188
6.01739, 6.02644
1.2158, 3.88619
5.97777, 2.99167
4.05855, 1.26001
6.95399, 1.05634
4.99271, 3.11518
6.87469, 2.91217
1.81379, -0.069662
0.941867, 3.04981
5.10077, 4.12969
4.81106, 6.81223
4.16735, 0.966512
0.0185784, 6.01033
6.93472, 6.84198
-0.115496, 7.04149
6.97832, 1.02459
-0.00315911, 5.66731
6.81547, 4.83614
-0.213805, 6.81074
2.99322, 1.98623
1.9873, 1.09977
3.07279, 1.79937
0.0931051, 3.00016
0.0488916, 5.99072
5.95889, 6.0603
5.93643, 4.84347
5.16615, 0.101649
1.86608, 2.96434
1.15737, 4.2211
2.02776, 7.16983
5.80684, 0.185307
5.04715, 4.0949
5.91343, 1.95777
3.74025, 4.98265
2.98809, 2.94714
2.05538, 5.90738
6.19404, 1.87496
1.92838, 4.94938
0.912092, 2.97328
0.789223, 4.25291
4.92536, 0.911369
5.84773, 2.94283
3.9194, 6.11895
6.93474, 6.96582
2.90919, 2.06012
5.18309, 0.00717601
0.271129, 2.817
4.90846, 4.96355
7.11803, 5.95604
3.04328, 2.97443
4.98784, 2.00913
7.22591, 6.09953
4.10335, 3.05118
2.08704, 3.82071
5.97421, 1.07113
5.15868, 3.70352
7.01389, 4.18297
-0.00764465, 0.948498
0.928789, 0.10298
0.96419, 2.94694
1.04381, 0.0493133
2.13568, -0.127821
2.07539, 6.83482
7.00185, 3.8591
4.01423, 3.10712
2.86916, 6.98383
4.92159, 5.95169
0.275417, 6.05737
2.07895, 4.13218
6.92455, 7.19921
3.21107, 0.866459
2.88053, 2.01042
4.96687, 0.087453
-0.0375597, 1.93935
6.97402, 0.971972
7.04758, 4.90505
6.0345, -0.137902
4.13673, 7.09673
5.97368, 2.05063
0.205156, 0.952051
5.78702, 4.85785
4.87944, 5.82694
3.07691, 5.18825
1.96599, 3.99426
1.18226, 1.87995
7.04555, 4.17046
0.175459, 3.11771
2.09951, 5.14771
1.25246, 5.9151
3.79791, 0.976643
1.02334, 1.85868
0.874158, 0.127022
-0.114919, 7.09933
0.883651, 4.87915
3.06504, 4.95882
1.06607, 6.98894
1.07164, 2.00339
0.731823, 0.039693
7.12667, 1.09418
2.02832, 5.98046
5.03806, 2.14368
0.113449, 4.89529
5.111, 1.24739
7.04827, 2.99453
6.9125, 1.91568
5.9898, 3.97908
6.88211, 1.00049
5.79213, 1.93535
1.2465, 6.14644
2.06653, 0.899644
2.97665, 2.14886
4.01146, -0.211206
6.02574, 0.0699884
2.97045, 6.13112
0.953322, 1.32683
1.09222, 5.08712
5.97585, 2.81037
3.97946, 0.939476
5.24756, 0.725463
6.37031, 1.02677
5.10482, 0.0907572
7.21872, 2.976
7.06046, 7.04697
3.03311, 1.85441
7.10061, 4.93523
6.94887, 6.13203
2.03654, 6.98982
2.89843, 1.03215
-0.0185371, 4.08908
7.12517, 7.29612
3.10396, 5.14203
1.83806, 3.1486
3.01468, 6.02096
7.07633, 2.13882
7.06446, 4.93064
1.00961, 0.0241404
2.93135, 1.03773
6.88939, 4.89542
7.06897, -0.173777
-0.117927, 6.15402
2.08557, 2.82169
-0.177344, 0.0664392
3.82572, 2.94498
3.16734, 2.86869
7.14063, 2.74247
0.977367, 0.851907
6.32518, -0.0687567
7.22242, 0.206978
0.0854981, 0.0549442
3.99981, 6.09402
3.02474, 2.01693
6.74417, 6.25721
6.86631, 1.86797
3.95995, 1.8976
5.91815, 7.04208
3.18643, 5.8451
0.157319, 6.92307
6.84544, 7.29762
4.7977, 1.90059
2.07267, 3.86765
7.04337, 0.914452
7.06011, 0.920559
6.88781, 0.0844759
0.167483, 2.88401
7.00874, 3.09512
2.78385, -0.0133159
3.71936, 1.97926
6.89924, 0.895519
5.72571, 2.9069
5.99723, 4.03631
4.73119, 7.1045
1.8008, 5.00945
7.0607, 3.01398
7.08263, 4.14939
4.12048, 4.16969
2.03576, 6.96646
4.98497, 7.1029
6.01189, 5.91826
6.21092, 0.941809
3.86218, 7.02386
-0.0457209, 2.06846
0.00456732, 4.12174
6.86494, 1.85046
4.07196, 7.12905
4.84714, 5.04364
1.75532, 1.99633
3.09508, 0.96429
2.98377, 1.32159
7.00201, 0.970177
3.98123, 7.09781
5.92118, 6.93196
-0.0705551, 1.98103
-0.0584127, 0.116625
7.02173, 2.9675
2.82461, 4.95819
-0.0533827, 7.00552
3.94375, -0.131287
4.89987, -0.0796299
7.03942, 4.15732
6.04741, 4.80941
3.86647, 6.98637
-0.0714026, 0.117688
-0.015982, 5.16693
0.00600889, 4.97455
0.0484839, 4.91712
0.0939253, 6.14645
2.97438, 7.04835
0.00166621, 7.02229
5.30363, 6.88287
1.94333, 1.76644
3.0187, 7.06471
3.9435, 7.02295
2.13658, 2.81669
0.924953, 5.93793
6.10839, 2.10785
-0.175446, 4.86666
0.340425, 1.92306
-0.00907515, 3.83375
0.898215, 5.99575
1.80982, 6.20954
4.01829, 5.14261
6.13925, 6.0342
1.71847, 7.03719
-0.0255711, 3.98296
4.79601, 0.920851
1.07496, 6.02023
4.06221, 2.03501
2.97233, 0.0167735
2.88038, -0.116034
5.8398, 3.99391
2.18879, 5.0334
4.94351, -0.126726
5.00402, 2.04273
3.11052, 0.837163
3.11499, 1.92177
3.96791, 1.93471
7.04165, 6.02673
6.17102, 6.90955
3.85065, 6.99442
0.902725, 4.02683
5.0427, 2.79841
5.88647, 5.10496
6.92863, 7.08328
6.11521, 2.9315
6.99929, 5.1525
3.01931, 4.96309
3.19473, 3.01793
3.94728, 7.03373
2.19503, 6.06818
6.0289, 2.05562
4.79729, 7.25461
2.18108, 2.91919
7.07132, 1.95861
0.0565602, 1.95713
7.06489, 1.96404
5.23615, 1.06785
4.97636, 1.24887
0.0497026, 7.10682
1.88116, 4.20123
1.06547, 4.99833
1.0043, 1.90268
6.92925, 4.1677
1.09403, 4.98704
6.05156, 4.00181
1.87556, 7.02344
6.10865, -0.0908385
6.03891, 3.9925
1.06364, 4.12978
4.96372, 3.86631
3.03227, 3.9543
4.05763, 3.80573
4.07494, 4.04629
0.110677, 7.10592
5.02579, -0.0429276
0.00899563, 0.0398131
3.21848, 0.862588
3.20498, 1.09859
1.08483, 5.9522
4.11481, 4.0787
1.03679, 1.05297
5.04863, 5.02821
2.94334, 1.77954
1.84099, -0.0898844
0.111671, 3.88388
1.80013, 5.05529
2.93944, 1.85148
2.84622, -0.140403
0.965032, -0.0645591
2.05619, 4.89242
7.00894, 2.02038
6.02754, 3.167
1.02207, 3.91966
1.94196, 2.73444
2.85537, 4.97801
6.85389, -0.000282664
7.25053, 3.20192
4.88422, 3.95585
-0.00628183, 6.15171
1.89108, 4.05919
-0.0469432, 1.04151
6.8649, 3.15176
6.15032, 2.87425
7.16396, 4.08183
7.08004, 5.02935
2.18957, 0.841465
0.189633, 2.96693
0.0369141, 6.16272
5.8509, 5.99348
1.0838, 1.99249
0.217953, 6.84629
0.950713, 5.97873
0.99526, 3.12431
5.944, 2.99586
5.861, 0.980073
1.82467, 2.06955
4.93773, 6.05549
3.98683, 5.07971
2.71902, -0.211202
4.87506, 2.09379
5.92392, 3.15325
0.79429, 7.10811
3.90139, 0.940843
6.11715, 0.111946
0.0643587, 7.19905
4.09602, 5.04743
1.93246, 6.97421
3.01738, 0.0242343
2.9931, 1.98777
6.9766, 2.10015
3.20306, 0.964663
3.83291, 5.19507
0.0273157, 6.81334
1.02894, 5.15505
3.22394, 4.00925
0.113642, 0.0649766
4.81637, 6.88582
1.96001, 3.04694
6.07442, 1.99376
7.35431, 7.1308
1.16758, 7.2219
-0.113984, 4.0538
4.15311, 1.84562
5.10768, 1.94329
0.0417797, 6.02552
5.94988, 7.16019
7.03561, 4.01289
3.96321, 3.843
1.12859, 2.8075
6.14468, -0.127625
4.89581, 0.849387
1.99264, 4.08646
6.83874, 5.03167
3.04415, 2.89229
1.18624, 4.08931
5.81172, 3.22855
0.936549, 5.88174
1.13034, 4.91736
2.91811, 7.0015
3.97, 2.1617
2.02893, 4.01453
6.11016, 5.2489
6.97579, 4.93392
5.02178, 3.09082
6.08758, 1.91766
0.037517, 0.012599
3.00318, 4.10484
2.99053, 4.98446
2.13955, 5.79181
1.11354, 2.1485
0.897781, 4.86572
2.9954, 2.81402
5.08785, 4.7572
2.95625, -0.0482436
3.13137, 5.05914
2.97072, 3.15245
2.13005, 3.1455
1.8581, 3.19588
-0.131756, 0.919765
6.81748, 5.14455
1.11102, 2.88239
3.75367, 6.1577
5.06542, 4.10914
7.02991, 5.16196
3.21, 2.99843
1.97248, 0.99134
6.99027, 5.13576
5.04231, 2.96506
0.722466, 2.14899
1.99137, 3.99194
2.05807, 0.0427113
2.14651, 5.85887
0.927709, 2.017
4.21225, 3.22782
1.85194, 0.211684
-0.0737153, 4.01693
1.78351, 5.87703
1.07815, 6.13174
3.16409, 4.81774
6.7226, 5.97127
2.09296, 0.904806
5.04579, 7.13809
4.87549, 6.94119
2.02491, 2.26174
0.920036, 0.0366314
3.81401, 5.89616
2.08816, 7.08947
-0.239415, 2.08692
4.99173, 0.853311
6.05206, 0.158745
1.21413, 5.82574
1.95017, 1.87498
0.0709973, 1.15036
4.72039, 1.27024
6.81184, 7.10066
0.815147, 6.13626
0.15425, 7.11046
7.10489, 3.09765
4.11857, 5.93252
4.8608, 0.107054
6.9324, -0.00390323
0.00568085, 5.12475
4.05964, 0.0952715
3.0899, -0.107291
6.14425, 3.91864
7.10048, 3.94996
0.895194, 7.22579
1.19055, 5.9207
0.169121, 1.111
4.94483, 3.76331
2.06739, 5.01577
4.96519, 3.99225
-0.0668368, 6.97805
7.1531, 3.00833
5.15538, 6.12796
5.10679, 6.10537
3.88392, 4.28394
5.95097, 0.13413
6.91678, -0.0619855
4.94509, 2.93175
4.98423, 4.16737
3.02555, 4.85142
1.06982, 3.08671
7.14136, 2.1162
-0.0121569, 6.16051
3.13132, 6.97845
3.02168, 5.96153
5.06052, 4.99535
7.04218, 0.847776
7.0322, 3.31457
5.17283, 3.10863
6.01449, 2.85399
3.87809, 1.24133
7.02754, 3.85933
1.99753, -0.207048
2.9677, 3.87802
6.72062, 1.92788
4.96089, 6.02033
5.99407, 0.124597
5.00188, 1.88876
3.22933, 3.97599
1.92467, 2.95661
3.0759, 2.17384
0.0635113, 1.03128
-0.0939704, 1.05323
4.02932, 2.0344
3.19254, 0.829835
5.00524, 2.96922
4.2338, -0.127441
5.02612, 3.30939
2.91002, 1.12181
1.91622, 6.96966
0.818634, 4.88508
3.94898, 1.03882
3.86937, 3.98585
1.05343, 0.841422
-0.175599, 2.12088
1.02125, 6.14826
0.174328, 5.02925
4.92618, 3.84566
4.01868, 3.87382
-0.123457, 1.02178
6.92109, 2.73714
2.97954, 6.94793
6.00332, 6.91024
0.831064, 0.152638
5.91019, 3.19752
3.0824, 1.2904
4.97746, 6.89363
2.11375, -0.094714
3.01759, 5.99732
3.04828, 2.85379
2.91279, 1.02169
2.90956, 4.85697
2.13136, 1.07763
6.10444, -0.135284
3.02219, 0.934313
0.92038, 4.77582
5.79383, 1.00502
3.02177, 5.86261
0.905629, 2.79017
0.977188, 2.8589
0.0798945, 6.02692
1.94581, 1.15967
0.981612, 4.86164
6.96305, -0.286874
6.11434, 1.91834
2.00752, 3.86944
6.09484, -0.223134
3.08438, 3.72982
4.91306, 3.19626
4.03536, -0.174199
3.23462, 0.957298
0.864474, 6.7368
0.910079, 6.91193
2.3339, 3.06819
4.91641, 2.96742
3.87176, 5.057
1.04231, 3.82896
4.92299, 7.17127
5.95837, 6.01031
4.98235, 2.8593
-0.0308293, 2.17125
5.04058, 5.06913
4.05516, 6.05601
3.83308, 1.87131
2.87116, 1.95963
3.15495, 4.82149
7.15679, 0.81994
5.05714, 4.73681
3.24712, 3.04577
6.86179, 0.0254923
7.05024, -0.0695184
2.68765, -0.229336
3.0057, 6.22521
5.90528, 1.99937
3.05901, 0.92844
3.9606, 1.00296
1.78497, 3.01473
0.132987, -0.137445
1.04555, 1.00481
2.94833, 5.88103
6.2786, 6.944
2.16942, 7.03702
7.03312, 5.07852
3.03511, 0.112103
6.93858, -0.205106
6.06543, 6.04165
2.08269, 1.32443
0.115726, 2.16739
3.07834, 1.97314
4.00211, 6.99493
2.0261, 3.98923
6.96212, 5.91055
5.1959, 1.0853
1.99025, 4.09901
3.90917, 3.80645
0.198461, 3.94774
7.0387, 2.16063
3.95387, 5.0507
3.07467, 4.2185
1.10531, 6.84325
3.89607, 5.95443
4.9098, 3.08934
6.08505, 0.154922
5.88975, 4.99576
6.09423, 0.974317
-0.0892511, 3.84545
0.808679, 3.8975
4.03714, 2.81442
-0.0271505, 2.92676
5.07372, 4.08996
2.85813, 6.86514
5.94608, 6.18251
6.9512, 3.04158
4.9438, 5.00982
1.13113, 5.03574
3.84027, 1.03044
5.96271, 0.309799
2.96537, 7.22603
2.99878, 2.06444
1.96896, 3.95324
1.1215, 1.11226
4.10315, 0.832058
3.01494, -0.0966017
5.05744, 3.11319
3.88945, 2.05878
0.138157, -0.0662059
1.78364, 0.111887
-0.11913, 4.86816
0.86129, 7.07672
5.12491, 0.913447
6.18745, 7.14155
4.12159, 1.33618
3.08875, 3.0105
1.02318, 4.03449
6.91065, 6.92254
6.93717, 4.12577
3.95112, 4.1347
5.81241, 0.0481814
3.90979, 0.961269
0.0287462, 4.87143
3.07351, 1.88244
3.84184, 1.97714
4.90717, 0.911485
4.10229, 6.1359
2.24135, 0.109247
4.80148, 4.13338
1.07307, 1.71211
-0.0742011, 2.07951
6.06542, 1.94366
5.26826, 7.0243
3.03457, 6.76802
2.02492, 4.95587
5.90997, 7.03976
-0.0459604, 2.10357
2.15227, 6.91804
0.156931, -0.0309879
3.04875, 1.9752
5.12988, 6.08589
1.99812, 3.17785
1.8441, 0.96682
5.03976, -0.105263
3.9075, 4.79264
1.87568, -0.0639178
0.0565447, 4.96709
4.11154, 6.20515
6.98539, 1.0742
4.05619, 1.22451
3.76122, 1.91653
5.72563, 3.12173
5.74736, -0.143929
5.10269, 0.17964
2.00815, 1.03519
1.83825, 3.88585
3.05429, 2.02098
5.07688, 7.03205
1.97976, 1.14159
2.09332, 4.10395
2.04762, 5.05103
5.1525, 3.02087
-0.0522407, -0.267824
0.136969, 6.06078
1.88297, 3.91144
4.44399, 1.07771
-0.0562029, 0.945721
-0.0101879, 3.83176
6.72127, 4.82672
5.05944, 6.11349
6.91625, 2.97702
1.67411, 2.18248
5.9615, 0.881819
0.949676, -0.033682
0.0413933, 4.11446
2.84728, 6.98416
-0.130184, 0.0204024
5.98649, 0.102885
3.894, 5.79831
0.921548, 3.99641
-0.173426, 4.11146
6.13098, 7.09097
0.786595, 3.19115
2.0267, -0.132027
2.00793, 6.92224
2.89259, -0.0373126
5.12649, 7.21932
1.85968, 1.30431
-0.0173183, -0.130085
3.05156, 3.26871
2.08874, 3.03243
2.85709, -0.141108
5.11408, 1.01572
1.023, 3.09951
5.80415, 2.9322
5.81431, 3.01204
4.94402, 5.70136
3.22016, 4.06049
6.02285, 7.00039
6.1009, 2.9062
0.0880248, 3.07004
5.76671, 0.0582239
1.03703, 4.95328
2.16795, 6.77234
3.1794, 5.93513
6.16483, 6.8768
1.02653, 4.02147
0.85643, 1.00685
2.88649, 0.91753
2.07479, 0.999217
-0.06936, 1.05337
3.92025, 6.88699
4.98312, 0.172032
5.98244, 5.99084
1.91696, 2.99347
-0.178025, 0.913617
6.86078, 5.11837
7.06416, 3.08236
2.98071, 1.13777
2.93561, 0.0240413
3.87718, 0.130038
4.96015, 3.06254
4.13839, 3.1233
4.03458, -0.0881046
4.80217, 5.01972
5.91824, 6.78247
4.06217, 1.00604
3.89266, 6.0799
1.12685, 5.12504
0.0793822, 6.10863
3.88355, 0.785315
4.96195, 4.15152
3.97993, 5.97747
0.123607, 6.08886
3.93101, 2.14622
5.92454, 5.03133
4.21399, 2.90042
5.89971, 5.07375
7.09256, 2.05288
7.15991, 4.00626
4.16685, 4.11929
6.04695, 2.02565
4.78753, 5.81254
2.9432, 5.73686
6.03952, 5.2252
5.04766, 5.99367
3.90122, 2.12846
5.0417, 6.03025
5.09742, 1.98918
5.01117, 2.9083
2.68958, 1.81098
5.90872, 5.96866
1.00636, 5.01049
-0.252358, 3.97495
2.8736, -0.149855
5.0016, 5.20934
1.01939, 0.838891
4.82284, 6.91954
2.00946, 1.94224
7.34849, 7.23962
2.00472, 3.97059
3.83519, 3.88967
6.74711, 4.0912
2.21287, 3.86162
6.9561, 7.00094
4.00397, 3.98173
4.91494, 7.03589
-0.0230298, 6.99749
6.85383, 3.80841
7.04487, 6.03331
1.04963, 4.07094
5.93168, 0.16903
2.97137, 2.00257
3.71149, 4.04069
-0.0500296, 5.07591
4.19779, -0.0430112
5.97506, 1.18998
6.86188, 0.849159
0.0660461, 6.0839
4.8665, 4.04972
4.03231, 1.90059
1.20854, 7.25736
7.06764, 1.04013
3.06644, 1.88026
0.00798522, 6.92845
1.09082, 5.0761
7.22787, 5.03586
6.93592, 4.1755
4.09838, 3.80327
7.00101, 4.9542
1.85543, 1.06892
3.06011, 5.02987
1.80296, 4.07101
6.19402, 6.192
0.0113782, 6.05525
0.0887501, 5.91443
6.7921, 7.09019
3.14142, 3.99712
3.01054, 1.73439
0.343285, 3.80396
-0.0161775, 5.97728
5.02431, 1.10506
2.93801, 7.0277
5.03854, 7.17208
5.97919, 3.97381
3.91168, 7.03596
4.09833, 2.87853
3.9426, 2.06803
-0.0460334, 7.33569
5.00119, 3.84471
6.02764, 6.05546
0.978882, 6.11704
4.03434, 2.11935
6.97312, 0.930241
3.81505, 2.84697
7.19823, 4.17531
0.8677, 7.12141
3.99554, 0.944251
6.80994, 0.167272
2.18725, -0.164549
0.912911, 0.936275
7.32337, 4.84349
1.82636, 6.78875
-0.139107, 4.98194
1.23417, 7.11615
3.09001, 0.854222
4.78575, 4.97439
6.93334, 4.28771
4.97449, -0.127888
3.83931, 2.11545
6.18313, 5.10738
7.09929, 7.00618
6.08896, 2.90862
1.0034, 2.95757
3.86208, 3.98012
6.12069, 2.75752
0.0977327, 0.918692
6.75561, 1.98173
0.0120369, 1.88865
0.966679, 3.67076
6.16265, 5.0161
4.92438, 0.0411842
5.06363, 0.837465
1.96546, 0.170918
2.76729, 5.09008
6.01415, 2.91334
4.96991, 1.88076
5.94375, 5.06888
1.08963, 1.10444
4.90918, 0.123672
0.0244665, 5.01986
3.06526, -0.0788829
-0.0556613, 0.95923
-0.251599, 2.05913
2.96403, 3.13584
2.86245, 5.91632
7.24335, 4.03592
4.13871, 7.01851
5.0716, 6.81916
4.20601, 5.15365
3.91522, 4.84012
-0.156966, 0.068791
3.23683, 5.10423
2.09625, 1.85303
0.898094, 1.0223
4.96142, 2.84142
5.90162, -0.123841
0.978187, 2.10972
-0.136674, 2.01654
-0.159604, 6.83512
2.17899, 3.25138
4.77278, 3.96817
2.90881, 5.95472
5.80305, 4.07881
5.79139, 4.96065
4.01478, 4.77607
4.96107, 1.94008
6.96178, 5.91579
4.88126, 4.06486
5.83422, 1.01164
6.86543, 1.13267
0.0774657, 6.1961
3.05343, 6.13589
0.979737, 5.09071
2.84866, 6.27799
6.96683, 5.06075
7.02448, -0.207426
0.0804857, 1.13592
2.93901, 2.04437
4.79701, 6.03903
4.01771, 2.01956
4.96562, 3.79787
-5.02728e-05, 0.893261
3.0286, 1.02717
5.05563, 5.98439
1.07861, -0.0131937
4.36909, 3.00544
3.09338, 2.90218
7.05032, -0.143677
2.06885, 2.91785
6.1139, 3.10904
2.99218, 6.13603
2.9204, 5.0293
3.05946, 2.05998
-0.000415525, 0.291809
4.99323, 5.08718
7.04198, 3.03559
6.14175, 7.17015
5.06202, 3.98815
5.86829, 0.839168
1.02424, 2.0482
2.14782, 3.9298
7.12233, 4.88275
-0.0249453, -0.0379298
4.97366, 2.01927
1.11619, 6.1057
7.19838, 3.85538
5.95, 6.94546
2.11018, 6.88113
2.09098, 3.18799
1.16555, 2.0421
5.85963, 2.85408
6.16265, 0.0116151
3.0228, -0.0857779
5.98034, 5.91082
3.0859, 6.98134
0.994905, 7.0251
3.80759, 1.65754
4.06824, 0.11301
3.95027, 1.19201
6.03699, 6.82978
0.0295684, 1.04103
7.06434, 2.21003
1.97963, 4.9322
1.04081, 0.0290098
3.03357, 0.0797414
5.98284, 6.97989
6.08268, 2.1051
5.15269, 6.83663
7.02466, 0.857167
3.89283, 4.06087
-0.0609189, 2.87516
5.99312, 6.95393
6.96734, 1.99972
2.96667, -0.0245791
6.9877, 4.83531
2.88016, 3.87817
1.14983, -0.0204281
6.95712, -0.0664901
1.97029, 3.95636
2.01203, 3.05686
0.0972186, 5.87107
2.08148, 0.0294577
4.04991, 3.06165
7.14706, 3.86888
7.04179, 0.897951
6.10112, 4.75854
0.92065, 3.05918
2.003, 5.87397
4.00409, 4.7522
-0.03284, 3.99239
0.00758148, 4.01636
6.81128, 4.98931
2.91359, 0.936682
2.96681, 2.10014
6.87776, 2.9691
4.89472, 3.82269
2.03688, 3.91625
-0.105991, 2.03229
4.87739, 5.06367
2.07103, 5.88951
0.867037, -0.0333506
-0.100035, 6.93537
5.91906, 3.18489
2.95639, 3.09111
3.82115, 5.9741
3.93418, 5.99767
4.11609, 7.05754
4.97303, 2.06471
0.123266, 4.08871
3.99384, 4.97431
4.06074, 0.235702
1.7086, 2.06199
3.76752, 3.95008
6.08591, 3.91813
6.09049, 7.06079
5.0645, -0.00268915
0.182672, 2.03029
-0.0602532, 0.901062
4.89229, 4.17646
5.97826, 7.05513
5.04259, 6.89911
0.111777, 6.84324
1.00275, 6.88574
3.88515, 1.01224
6.0815, 7.04664
3.16018, 3.9255
4.22851, 1.8173
7.07467, 4.77638
0.196723, 4.9863
3.92475, 4.87869
4.04715, 3.02566
6.91985, 2.08522
5.21762, 4.88011
1.02364, 1.11489
0.864348, 6.07412
5.93397, -0.048849
2.10883, 2.04115
4.07558, 3.93082
2.01893, 6.13438
3.97565, 5.02972
6.07524, 2.78845
0.0872187, 5.0269
0.95185, 0.911612
4.88705, 4.05207
6.06735, 1.79846
5.26962, -0.273832
1.89425, 3.93537
5.90783, 7.03306
4.93158, 0.998856
2.92193, 6.77317
2.98359, 2.93941
4.94213, 4.14395
4.83923, 1.87741
4.08457, 4.95827
5.83501, 0.164333
5.76784, 3.13015
5.08199, 4.12274
3.87696, -0.0910918
7.03737, 6.16579
6.31649, 6.10016
4.85692, 0.895253
5.00949, 4.95103
6.88208, 1.12321
1.941, 5.05405
-0.0120316, -0.0242496
2.96669, 4.04736
6.01213, 2.94509
3.9186, 3.79966
5.03783, 1.94334
0.123137, 5.01674
2.83974, 5.89672
6.05377, 4.05085
2.93339, 0.863333
1.00086, 5.81304
2.00824, 2.78698
2.90007, 0.651346
0.136801, 0.708932
4.0189, 2.01351
2.09997, 4.94637
3.08381, 0.930828
0.852046, 3.89294
7.1148, 3.04856
2.11908, 2.90684
6.11782, 6.8945
0.83278, 3.1315
1.87433, 1.07073
6.81703, 7.0238
5.77597, 6.93691
1.89428, -0.022375
7.0133, 4.99474
2.07172, 2.96178
5.14686, 0.00442573
5.05927, 6.06811
0.318148, -0.0950071
-0.12639, 5.97729
7.10902, 1.05356
1.87722, 4.05713
4.90925, -0.12981
3.86393, 0.128287
1.98223, 2.01079
-0.0268133, -0.198353
-0.205136, 3.98051
3.18982, 0.287902
6.92838, 4.9737
0.118018, 5.7666
7.0264, 2.11524
4.00366, 7.10501
2.95062, -0.230578
5.02978, 0.175158
5.67105, 1.93293
1.9849, 4.99316
0.106721, 4.27679
1.11773, 6.91316
6.8282, 6.09585
0.773437, 4.99009
-0.0491014, 0.903566
2.22622, 7.00951
5.03195, 0.952718
2.23057, 3.19351
2.87241, 5.03118
4.24701, 6.93804
4.14801, 0.0199713
2.74679, 4.79839
6.10423, 3.89152
4.09832, 5.11678
7.1582, 5.78807
2.8632, 3.09917
4.94641, 2.02644
1.97905, 6.05002
2.03698, 4.01309
-0.100849, 4.11117
0.931528, 1.18897
5.96756, 7.28646
0.142849, 5.95562
5.90372, 3.07133
1.05575, 2.04378
2.70521, 0.821243
6.9281, 2.93137
4.79501, 0.0994348
3.92803, 0.171122
5.07193, 2.8811
4.80355, 3.12298
4.89863, 4.00591
4.17384, 7.09714
5.90268, 6.1571
7.13295, 3.79852
2.10939, 7.14559
4.09049, 0.0686703
2.19684, 4.90553
0.00628867, 0.902293
0.227383, 0.71338
1.0365, 4.09977
6.04935, 1.00485
-0.0992717, 0.943447
1.03464, 3.95367
1.95023, 6.88152
2.21734, 4.8333
3.19276, -0.120315
5.1596, 2.92461
3.21219, 2.10393
2.10973, 5.92394
4.96179, 5.00931
3.87621, 3.15137
1.01821, 3.96863
-0.035128, 4.94001
3.97657, -0.140786
-0.0374767, 5.03644
3.82525, -0.043502
6.98839, 1.91094
4.98432, 3.79907
0.0778588, 5.95402
2.95188, -0.0208337
6.84977, 5.87602
3.04728, 3.9508
6.93321, 3.1364
1.96731, 2.07652
1.76461, 2.1292
7.00744, 4.96363
4.7548, 6.14146
2.90832, 3.0522
4.85943, 7.19741
1.91747, 1.16241
5.83425, 1.02166
3.19122, -0.153817
5.99204, 3.96382
4.78667, 6.05106
6.10367, 2.22335
0.985355, 5.08369
6.10072, 0.14461
2.11312, 3.83274
1.8185, 6.17562
5.06889, 5.0109
0.715338, 5.8841
1.74777, 4.07765
0.954541, 5.0236
6.97589, 0.0429919
0.00616267, -0.00492803
0.121031, -0.0281225
5.0002, 6.83805
1.12702, 6.10194
4.93087, 3.04137
5.83726, 2.94531
6.01292, 7.15041
0.954951, 3.79543
1.15571, 3.4351
4.02023, 1.03898
4.01798, 4.97485
1.94826, 1.09689
3.02758, 7.15427
-0.00319642, 4.07784
6.01072, 4.99491
4.98032, 2.3239
6.96711, 1.97869
4.99948, 3.77484
3.36407, -0.129444
5.05404, 1.12423
4.87364, 3.00852
5.91949, 5.07458
-0.00482857, 6.90653
1.08522, 7.10073
1.12552, 6.01415
-0.0376653, 6.89565
4.00601, 1.96308
6.92644, 4.00549
7.06828, 4.04052
7.01595, 2.06239
6.89938, 2.01636
7.07999, 5.18118
1.89329, 4.02081
5.01887, -0.00168988
2.87049, 4.97949
1.90132, 0.952388
1.91993, 0.871988
1.94391, -0.0854914
1.95346, 6.91712
3.10385, 2.97261
7.1388, 4.87287
-0.0336955, 3.94699
4.04906, 7.01545
6.00164, 0.843453
4.11485, 3.07803
2.14899, 3.92772
1.78362, 7.31361
4.87463, 2.93639
3.85732, 1.28603
3.15964, 5.07563
2.27156, 3.9773
1.90146, 5.9394
0.156503, 4.91845
5.1437, 3.11798
0.0986898, 5.95
1.92903, 4.0094
4.05871, 1.98831
7.0846, 1.02535
3.9433, 2.98779
7.03378, 7.10728
0.179351, 5.06141
5.97607, 2.9886
0.0432327, -0.0929888
3.90187, 5.95106
6.91256, -0.0621956
2.24154, 3.88182
6.0582, 7.17129
1.88456, 3.90961
0.192494, -0.0425045
0.018109, 7.3084
2.97905, 5.94666
6.80583, 2.04001
3.99828, 5.93186
5.04966, 5.95852
0.00641698, 5.08618
6.02014, 3.01732
2.95986, 4.97753
5.7856, 0.0411296
0.814092, 0.96828
4.85172, 3.20198
6.97196, 5.78116
4.05334, 6.02465
3.06171, 3.86519
0.069474, 4.08589
0.193287, 5.12285
-0.0140867, 2.02244
7.10238, 3.8937
4.01862, 5.05801
3.07147, 6.94858
0.0323731, 4.10252
4.0371, 3.96562
-0.0309843, -0.0623603
3.12414, 0.0757384
1.04977, 0.83805
6.87418, 5.10129
2.01566, 7.00107
3.05217, 3.81927
5.09601, 1.70835
0.937102, 0.175351
0.119529, 0.932391
5.94209, 1.67633
6.78741, -0.174163
2.02462, 5.14647
1.01227, 6.05933
2.89014, 1.82847
3.81302, 1.1513
0.159485, 3.98864
0.176376, 4.96748
1.92984, 5.08808
1.77158, 4.21107
1.87616, 0.0772208
7.03937, 5.18052
5.04425, 3.0713
0.976672, 1.87863
3.17246, 4.05574
2.11471, 3.9008
4.16421, 3.32157
6.08059, 0.875136
3.02007, 2.79279
5.87958, 5.12277
4.02016, 2.19389
-0.0192206, 5.03837
2.98675, -0.107284
6.99133, 5.15029
5.97275, 3.80971
5.24164, 3.04977
2.85979, 2.14518
5.90024, 3.78408
2.95586, 0.15619
4.01795, 6.08415
-0.18316, 1.72705
5.96259, 1.92541
5.06943, 4.87153
1.06514, -0.0904045
-0.044225, 1.17174
1.11638, 5.76796
2.82225, 6.97314
3.96099, 1.18902
6.95354, 6.08982
0.954543, 4.13893
0.947951, 6.10218
6.20291, 2.99516
3.76173, 3.95589
2.87537, 1.18128
1.9218, 6.0608
4.98473, 4.89462
3.02412, -0.225665
4.87428, 1.16489
0.685594, 4.90598
5.11245, -0.0816458
2.03284, 0.150109
3.99855, 2.11743
4.20574, 4.89663
4.87598, 3.14138
2.70077, 4.08713
1.16197, 1.16412
5.94806, 5.11338
-0.0564257, 1.84554
2.96704, 3.8131
3.17844, 1.93535
5.23813, 5.86791
5.11786, 2.01646
6.9248, 3.05916
2.08338, 7.10582
4.9283, 3.96657
1.12367, 6.70777
3.90837, 2.94632
2.96131, 3.89252
4.19997, -0.0135263
6.06823, 1.07913
6.89638, 3.89405
0.88372, 3.10897
2.96947, 0.178386
0.0376632, 2.76767
5.0772, 1.04348
5.04991, 4.90567
5.00625, 3.87447
0.947224, 1.14531
2.02752, 3.14641
2.17497, 6.17241
6.86002, 6.83909
3.99959, 0.802912
3.76495, 5.83559
4.81582, 5.13321
6.09844, -0.0989587
1.80776, 5.12065
1.07437, 5.85739
-0.2542, -0.0990501
3.02913, 6.17072
7.00027, 1.00502
1.97324, 2.90877
4.96233, 2.05756
4.93769, 1.08537
0.991116, -0.0166894
1.93249, 7.19196
-0.135427, 2.1155
2.06004, 5.95183
0.0256142, 5.19361
5.07835, 2.09316
5.31407, 7.12601
-0.0488693, 6.97658
1.94086, 7.03063
3.95606, 4.94916
3.00828, 6.96088
5.159, 1.03397
2.27417, 1.89051
6.82842, -0.193236
-0.00149818, 2.93204
6.85213, 1.05096
3.05355, 2.9029
7.18388, 1.15099
4.1034, 0.0424438
0.998932, 0.994142
0.0388962, 5.05288
5.0664, 1.90507
1.07326, -0.0256566
-0.0843224, 4.07492
3.90626, 3.14716
2.97009, 3.90872
6.91032, 4.93326
6.0728, -0.0318646
0.12428, 0.986417
0.106752, 1.03591
1.89082, 6.83115
4.98226, 5.92058
3.37602, 2.87251
4.23004, 7.0721
4.93386, 1.7702
0.992036, 2.97826
5.74207, 4.97972
1.72958, 2.0641
1.90954, 6.86057
6.06566, -0.0713256
6.03722, 5.04949
3.09824, 3.01397
1.82501, 2.08816
-0.283636, 3.91342
0.196634, 1.86492
0.810899, 4.11378
4.84399, 7.19557
4.14135, 7.14986
-0.0492847, 6.99712
4.86973, 5.83174
3.99141, 3.65651
2.8673, 5.90167
5.90094, 3.98341
5.10801, 7.22752
3.22241, 2.08776
3.11463, 7.21532
3.97621, 6.97995
5.09158, 5.0931
0.0269856, 0.903942
0.0457669, -0.0401339
4.85372, -0.216826
2.93195, 4.89561
4.82792, 2.9288
4.17478, 5.12353
7.01206, 6.06921
6.90837, 2.78338
2.03273, 1.03571
0.111967, 6.07747
2.00949, 6.99442
2.95036, 6.97702
1.14204, 4.97025
0.17943, 6.17744
5.91137, 1.08036
0.853524, 3.99157
6.8261, -0.128718
7.05343, 6.0606
7.09573, -0.00840882
6.95443, 2.11504
4.72113, 1.94263
3.9942, 5.21822
1.87454, 2.71096
5.06791, 3.89385
2.11721, 4.0786
4.92936, 2.11779
-0.0452001, 5.13155
2.08391, 2.94976
2.1225, -0.0216515
2.05461, 0.937513
4.03418, 5.15312
4.86231, 0.92198
4.99328, 0.785912
6.06354, 0.987753
2.05238, 2.0904
5.89717, 5.95033
6.97616, 0.995131
7.04558, 1.24386
4.85165, 3.95404
7.01146, 1.06912
0.970117, 1.92351
-0.0154532, 2.08499
4.92878, 0.0625943
6.02614, 5.04
1.08831, 4.10139
-0.0130344, 2.97556
0.221962, 0.101169
6.06108, -0.152978
4.01832, 7.02463
6.90742, 3.98661
1.13331, 2.06275
1.88416, 4.9994
0.00739671, 3.00574
2.04591, 7.23846
3.1637, 0.944605
6.89751, 1.00747
3.99209, 4.0763
5.96186, 1.02583
4.08233, 6.93542
6.98346, 3.05169
0.125393, 7.16418
1.15185, 4.91709
4.84136, 7.06439
1.71798, 7.18094
5.0392, 4.07198
-0.134735, 4.94713
6.91283, 6.07281
7.10814, 2.11014
6.8202, 2.02105
-0.0423903, 2.25463
1.99623, -0.0684648
3.92499, 1.11679
1.08155, 3.80608
2.04305, 6.23911
5.94548, 3.82527
3.16973, 1.09221
7.33026, 6.94945
0.881724, 6.86176
5.7042, 2.82964
6.05269, 4.91852
6.19831, 6.02873
6.09538, 0.162668
5.14551, -0.117263
-0.202872, 4.78476
7.21746, 6.17509
0.953705, 5.16834
2.06478, 2.79383
5.09488, 4.9618
2.08284, 2.9552
2.10787, 3.07347
0.819955, 5.06948
7.1244, 7.08409
0.000857772, 0.00539401
6.87615, 5.90077
-0.0698212, 0.976883
-0.00260037, 6.92918
0.159871, 2.03962
1.08006, 5.21983
5.77017, 4.96847
2.93104, -0.260439
7.15379, 4.92736
6.94527, 7.02817
0.0338502, 7.1651
1.00126, 2.08555
3.09608, 2.93057
4.30557, 1.07121
4.21895, 6.77475
0.809992, 0.909851
5.03006, 6.90094
0.852387, 4.04449
0.14949, 2.20044
3.13884, 5.18284
2.81775, 6.00026
0.0399522, 6.06198
1.03701, -0.146298
0.0033218, 6.03618
5.0474, 6.10846
5.02959, 4.93969
7.1524, 6.75575
0.0997977, 4.95865
5.03643, 1.16075
2.23013, 5.05091
4.96472, 0.844161
1.95951, 3.04915
6.01931, 4.23688
4.09438, 2.0383
-0.0885652, 5.10409
1.03984, 5.90598
2.96751, 6.0905
1.12286, 6.88534
2.85965, 4.1011
1.00711, 2.00892
2.86715, 2.11511
4.28999, 6.86978
2.11517, 3.01324
-0.123291, 5.12179
1.00733, 7.13348
2.04659, 2.9143
1.83668, 1.88828
5.92821, 6.04198
3.8893, 3.06881
4.87348, 2.83228
3.95043, 0.137021
3.01351, 5.47017
1.82253, 6.32086
2.14728, 6.94668
0.129537, 1.05183
7.00586, 1.95641
2.03459, 4.95427
1.00058, -0.253802
1.12971, 3.00836
-0.0133362, 0.0141682
6.06308, 6.23684
4.05095, 5.01753
-0.0621172, 5.00819
3.94079, 5.07282
1.07841, -0.167551
3.77748, 5.14469
1.96576, 5.00098
4.06953, 1.11119
5.21864, 3.08102
1.9725, 4.08013
0.941712, -0.0632528
6.74209, 4.63694
5.80162, 2.97393
1.78957, 1.13408
6.91586, 4.96285
1.11959, 4.87993
1.07012, 7.13166
1.01767, -0.194043
5.96011, 3.98679
5.10392, 0.0790385
1.0861, 5.0237
-0.0548038, 3.08153
1.04611, 3.01094
6.00229, 6.17702
1.32693, 2.11154
1.04382, 0.0957452
6.10524, 5.16837
5.98238, 2.07804
3.95513, 6.00431
1.9797, 7.0591
1.86392, 7.08529
0.857644, 5.96181
5.90066, 7.20331
5.75185, 1.80889
5.84337, 5.20644
0.907851, 6.98025
0.0584593, 5.91593
5.95294, 6.83918
4.04857, 0.108922
1.00483, 1.03318
6.92494, 0.113557
1.71792, 1.80502
7.11458, 7.07418
0.0387354, 2.08294
4.8955, -0.0619263
4.93334, 1.98243
6.83838, -0.0550732
-0.0953703, 5.14421
7.08015, 5.93267
0.875043, 4.17269
0.888073, 7.24418
3.02778, 5.93214
6.91501, 1.06273
1.21755, 1.0202
2.01563, 0.906491
3.88056, 4.01914
7.08077, 6.98143
6.05852, 2.08306
3.97981, -0.0189258
1.80888, 2.95763
-0.134973, 6.02169
1.13381, 4.88088
3.03821, 3.99976
-0.0619857, 2.06956
2.99545, 1.72261
5.10902, 2.9201
0.901915, 4.03049
5.04368, -0.0922771
1.85651, -0.143388
1.05528, 6.01435
7.12119, 4.22338
0.932715, 5.13665
4.99085, 6.1485
4.9417, 5.02314
7.06161, 3.96719
5.00349, 3.85095
3.08062, 6.02008
3.13106, 0.974366
4.002, 0.913765
6.82035, 1.94404
2.96912, 5.0069
0.0159347, 4.81069
0.0170583, -0.0813913
5.97958, 0.998953
7.1989, 0.0189705
3.85924, 5.96878
7.1337, 6.05029
0.150867, 1.92012
3.7051, 6.94786
3.95683, 2.99701
0.125978, 0.861571
6.88144, 6.77669
2.97823, 5.96041
2.99652, 4.00335
7.03648, 3.76233
5.75802, 3.18077
0.146862, 3.66971
4.15124, 5.93726
6.08581, 3.09559
7.15702, 4.15218
5.13159, 0.00127106
3.91384, 0.00826236
3.20873, 4.09812
4.11624, 4.97843
2.96788, 5.94236
7.04066, 3.82752
0.250179, 3.02602
3.03665, 5.89203
0.884559, 3.87957
1.97691, 4.05841
3.1009, 4.85432
3.00311, 2.1352
4.10087, 2.28172
1.03388, -0.100468
1.1011, 1.88757
4.26782, 4.87893
5.93298, 0.867431
5.70638, 4.99382
6.06069, 3.05191
6.17061, 0.143518
2.02411, 4.80005
6.88611, 3.71152
1.75601, 3.96667
4.19155, 6.72113
7.10848, 0.978406
7.00636, 6.03379
-0.116081, 2.09101
5.03461, 3.96452
3.16171, 1.2217
1.98285, 4.10165
6.99428, 1.00298
2.6798, 2.00312
-0.070131, 5.93879
0.213, 0.064696
3.91914, -0.00100856
5.04493, 6.02866
2.14348, -0.00745029
2.88332, 1.1485
7.05442, 5.92342
1.04236, 5.12135
0.108666, 6.13907
3.13267, -0.0964533
6.94524, 1.16871
2.20555, 2.03415
2.86919, 0.0680547
3.03657, 3.07449
2.07298, 5.23504
4.21452, 0.173049
3.0945, 0.0762757
1.75237, 0.0299823
-0.0110243, 4.1224
6.89413, -0.125127
4.81803, 3.10061
1.82272, 6.12115
-0.165292, 2.33803
1.04592, 5.95827
7.122, 1.125
4.03082, 7.14076
1.05837, 6.9355
2.03081, 4.92079
3.82915, 0.966958
4.16264, 2.0167
0.0733889, 0.223626
3.16474, 6.10973
1.06289, 3.86936
2.01517, 4.08855
6.85206, 3.00841
3.0773, 4.01572
5.03786, 7.18978
2.90863, -0.0708145
1.13144, 6.90172
4.90721, 0.112555
3.03016, 7.16781
6.82625, 5.71757
5.77222, 6.02244
-0.126545, 1.81968
6.07313, 4.10676
3.07647, 0.96723
2.17946, 4.95986
7.08718, 1.0451
5.02167, 7.03811
2.94628, 2.8937
3.1203, 1.17637
5.06939, 3.8879
2.01883, 3.83406
-0.140465, 0.998246
3.89134, 0.830279
6.97342, 5.15613
5.96545, 6.99409
3.92347, 5.89739
4.04573, 6.85647
4.11772, 1.02059
4.00787, 1.87366
4.07458, 7.0782
4.96856, 5.90448
5.03018, -0.236012
5.99059, 0.158748
5.10916, 3.96718
6.79683, -0.044393
3.18382, 6.96043
1.95885, -0.0150283
4.1025, 1.94143
7.0839, 6.03439
2.86283, 5.02433
7.0296, 2.88306
6.21372, 5.85434
1.17892, 3.01668
0.154529, 4.81927
2.04661, 0.930557
5.05306, -0.22222
7.21792, 2.06654
-0.169403, 2.82569
1.09086, 6.98597
-0.070212, -0.00052365
-0.0589648, 5.01981
5.90253, 5.90596
5.18205, 7.06819
1.74171, 6.92198
-0.0716703, -0.070357
4.89676, -0.0383572
3.07111, 2.92872
5.08186, 7.00102
5.93514, 1.97794
2.14613, 4.98256
0.724066, 6.85296
6.81893, 6.18159
3.93906, 1.89372
1.95105, 4.07924
5.1529, 2.89377
3.96754, 6.15848
5.12738, 5.0227
6.19138, -0.120943
1.71747, 6.91833
0.11499, 5.03389
3.71346, 1.8641
1.97557, 4.20082
0.0106959, 4.04673
2.00877, 2.05048
5.05806, 2.01794
3.02843, 2.98258
3.3057, 7.08932
2.16324, 5.75505
-0.240169, 4.29281
3.0932, 0.96905
6.15169, 1.96309
7.17631, 0.750325
3.24415, 2.75785
0.131313, 5.21044
1.0185, 1.8461
5.25921, 0.0160203
1.96187, 4.04691
0.929097, 7.27192
1.99405, 7.09921
3.05479, 3.1717
0.0166316, 4.99099
-0.0107696, 4.08761
3.01805, 0.949162
1.0309, 5.08148
2.85262, 1.93208
3.04005, 7.06849
-0.158217, -0.0953093
0.978095, 5.91326
0.989389, -0.0006146
6.79857, 4.9992
-0.0746803, 4.01516
4.91178, 3.04511
6.02747, 6.09984
-0.250703, 1.97898
4.09657, -0.0263452
0.0700503, 4.18978
6.99664, 2.09981
3.02977, 2.88266
6.81708, -0.0363167
5.92311, 2.09375
-0.0144066, 4.06519
2.24717, 2.97528
0.934515, 1.7785
5.84363, 0.00468666
1.08494, 6.09974
5.76672, 1.94239
3.94684, 5.96022
6.03521, 2.07623
6.9546, 1.16638
6.95959, -0.024225
3.02812, 0.95006
7.05073, 4.91907
4.87635, 2.04543
2.06561, 5.96508
6.05289, -0.130554
-0.00111744, 3.84259
2.0701, 4.15966
1.1417, 7.04778
-0.117818, 0.732619
1.84373, 7.04181
5.0317, 3.07708
2.1426, 5.91119
7.22662, 0.185431
1.82204, 3.10672
7.07715, 1.10088
5.67978, -0.020845
2.94171, 1.89143
4.86922, 2.0313
1.08802, 3.02363
1.11396, 3.77263
5.85997, 6.09506
3.18995, 4.80603
1.85818, 0.811251
2.03763, 3.00427
4.02253, 6.16641
4.95313, 4.06776
1.07784, 0.0529676
2.85718, 2.16796
3.87944, 0.0737194
5.01217, 3.8609
1.86174, 4.04212
2.08219, 0.00236511
7.15518, 2.96162
6.88504, 0.952077
5.2116, 3.81907
-0.0347952, 4.06407
3.08045, 3.10743
2.93359, -0.125526
2.00607, 4.05998
4.93862, 2.98281
2.02704, 6.8512
6.93611, -0.0248822
2.88527, 2.00687
5.3448, 3.87088
1.82782, 6.09511
1.08629, 5.90348
0.983069, 3.9224
6.96332, 1.93058
6.91553, 0.933774
1.07378, 5.03716
6.9683, 5.05686
1.97633, 4.00125
3.99123, 3.20878
4.8524, 4.8597
1.05214, 0.0252426
4.99641, 3.89545
6.82452, 3.92295
1.01998, 3.98721
7.11485, 3.93376
6.18324, 5.96382
1.94546, 4.12013
2.01411, 2.77694
4.16992, 5.98903
1.97124, 5.03056
2.86945, 0.0979506
6.04545, 2.10424
4.97289, 5.90238
-0.0122012, 0.164362
7.14009, 4.1882
3.845, -0.313559
6.10463, 6.97836
7.07829, 0.0547018
6.88335, 5.04449
1.9958, 6.0377
2.07018, 3.09295
1.98361, 3.01164
2.01482, 1.89866
0.0609559, 3.15677
3.87849, 4.82032
1.85057, 6.32684
5.00902, 1.98581
1.94411, 0.0162203
7.03715, 2.1307
0.0972137, 2.94901
3.8244, 2.13192
3.99389, 4.99489
1.93228, 3.82731
6.90115, 5.93228
4.06906, 5.11354
3.90397, 6.10275
0.935669, 5.16084
-0.100275, 1.16031
3.14804, 4.23974
-0.052119, 6.00349
6.92031, 2.09585
5.08584, 7.2114
6.85947, 5.04185
2.94916, 2.95812
3.14002, 5.04742
1.25024, 1.95131
0.981553, 1.02901
0.132329, 3.96815
-0.012857, 0.155014
-0.146532, 1.08132
0.951918, 4.00739
2.75941, 0.961103
0.995471, -0.0232753
2.1519, 0.00821957
0.776375, 3.12455
1.10148, 7.0569
0.750511, 5.93463
2.67528, 2.12449
3.90464, 1.07811
-0.105495, 7.08814
3.87992, 1.98902
5.01466, 5.8438
6.99154, 5.88133
4.08467, 4.94361
3.055, 3.21283
5.1311, 4.01495
5.05157, 5.74584
5.10806, -0.00678994
3.94576, 5.92221
7.04001, 3.92012
0.0146452, -0.0377954
6.02689, 5.96251
-0.189574, 1.9088
0.0671288, 5.08555
2.05123, 1.91374
1.78844, 7.09687
4.9355, 5.09746
5.70001, 6.02353
5.99129, 0.0676589
0.934082, 6.8849
5.96953, 5.15958
4.98079, 3.05429
6.02543, 0.891408
0.0322291, 4.96228
4.94149, 6.18703
1.98334, 6.10802
1.97725, 5.08671
1.76145, 7.2721
1.91796, 4.10676
5.12022, 2.009
7.0294, 2.87952
6.03073, 0.246851
2.13822, 1.22048
3.03162, 2.17253
6.82627, 5.00884
1.99913, 0.848815
-0.0772827, 5.02812
0.161508, 0.0253605
4.90561, 6.96345
0.649949, 5.01169
6.83474, 1.8589
-0.141503, 3.03901
6.0163, 6.90105
2.98748, 5.03915
3.0141, 3.06256
6.88765, -0.133365
7.01666, 5.94896
7.30073, 0.0298102
2.13214, 4.13876
3.92984, 0.277621
1.28827, 0.904531
-0.0978882, 4.13898
2.95012, 4.11551
1.01975, 5.94825
3.16455, 6.00898
1.90968, 2.22844
0.897986, 6.98305
2.96401, 5.12626
2.05301, 1.6671
-0.21168, 0.979762
0.97532, 3.90339
4.82623, 4.11537
6.04385, 5.96594
6.99783, 2.966
5.97604, 6.11613
1.96832, 6.89554
5.27936, 6.09184
1.92705, 1.03296
2.78446, 0.047275
3.89443, 1.0402
7.08908, -0.0683214
0.932699, 2.24658
2.01712, 5.0627
-0.206706, 0.874169
1.65645, 2.01561
0.113041, 2.05455
3.93297, 6.85322
1.02418, 6.06811
1.14255, 0.97784
1.20145, -0.0456824
5.24405, 5.02029
6.12422, -0.0242149
1.75954, 2.19649
7.06571, 7.21022
6.85169, 6.99618
2.99455, 2.80012
4.91976, 4.92967
6.87976, 7.03091
6.94052, 5.94364
5.99144, 5.07646
0.949698, 2.01167
-0.0532163, 1.62037
6.83406, 1.88835
0.0157206, 3.7511
-0.0463533, 6.73478
-0.0156819, 2.97017
0.962172, 3.85715
2.04323, 3.03605
6.93916, 0.0782012
7.04045, 6.09872
2.12595, 5.94603
5.00685, 3.9349
4.07826, 4.15408
1.00168, 4.08338
2.77821, 5.17937
0.709307, 4.90172
2.1243, 5.09489
1.03265, 0.881746
4.87671, 6.11244
3.93009, 1.03138
3.99495, 2.11753
7.05344, 7.12606
2.25493, 0.112804
3.87312, 1.86303
4.99101, 2.89859
2.17658, 2.4607
6.41613, 7.20632
1.97825, 7.25907
-0.12212, 6.94069
1.88516, 7.01236
3.96818, -0.260586
1.10752, 5.03308
0.208277, 6.89028
6.1344, 1.16024
1.85156, 0.750514
0.100702, 0.141662
6.96248, -0.01968
1.0455, 0.0716187
6.00493, 2.90934
0.231803, 6.89583
6.95462, 2.962
-0.0279684, 5.96984
2.00682, 2.15648
0.942258, 3.10938
-0.0969638, 2.03062
5.14243, 1.03682
6.23408, 3.72888
7.13225, 5.05554
6.96398, 6.04454
5.02213, -0.078269
2.06791, 1.06893
4.98918, 4.05079
0.0645438, 6.97339
6.95194, 6.01845
-0.0456533, 7.10304
3.0401, 1.14979
1.02733, 0.194887
5.826, 4.9591
-0.0227793, 2.06835
1.06717, 0.0340889
1.92074, 4.08647
2.07364, 1.1167
4.15426, 4.0478
6.94944, 5.77232
3.05348, 2.96776
4.90887, 4.16548
3.97484, 2.88634
5.06822, 1.97131
6.9214, -0.01422
1.97443, 2.20641
3.65488, 3.97676
6.85557, 1.03397
6.86574, 0.124164
5.99189, 1.99259
7.07456, 6.95367
6.09734, 2.13555
7.00447, 2.0056
7.00523, 7.06478
0.906825, 5.73214
1.87088, 5.89231
0.0923726, 4.11799
6.87168, 2.92188
-0.0871531, 7.02466
3.90642, 4.03336
0.934339, -0.125179
5.24671, 4.00546
4.07465, 3.07885
3.08124, 2.02991
3.08118, 1.05594
-0.180063, 0.0853945
-0.0313152, 2.98822
3.02754, 1.0091
0.0245873, 2.07721
6.0678, 7.16506
1.93486, 6.93677
3.9691, 7.07627
6.02939, 1.06905
4.01441, 4.09526
2.1363, 6.05192
1.91755, 3.27497
1.94638, 5.98674
0.173397, 6.06018
0.848877, 3.81401
0.164512, 6.06084
6.12223, 1.76114
0.0498743, 3.16384
5.15466, 5.833
6.04662, 1.03127
1.03357, 2.00193
1.76753, 3.15147
-0.241575, 5.11074
6.00484, 4.04126
6.22546, 3.92098
5.04449, 7.16403
1.19677, 4.83436
6.88074, 1.92104
2.91093, 1.0344
1.98628, 5.16982
0.914763, 2.9676
4.04595, 0.908907
4.82815, 6.16155
1.82874, 6.11262
-0.177088, 5.93936
6.87772, 0.139473
1.89227, 5.04378
3.04801, 2.19011
1.74013, 7.06436
3.69433, 3.98678
3.89827, 3.72053
6.03056, 4.86191
0.927047, 7.12051
4.04727, 4.25522
2.08486, 4.84486
4.81151, 0.88454
-0.0222475, 6.96271
2.92936, 1.77023
0.0165298, 4.80337
-0.138392, 2.93123
1.10902, 7.10184
3.86422, 1.88142
5.09456, 6.86371
0.190867, 2.72108
2.02722, 6.87929
5.97991, 7.20055
2.16953, 5.87155
5.8592, 3.12791
2.93447, 2.86315
1.92603, 6.14429
3.09707, 4.112
3.93032, 5.04357
5.96203, -0.0762746
4.12975, 1.96013
-0.00231494, 1.12235
2.24821, 3.98799
3.08498, 3.02712
3.16418, 4.81312
7.06904, 3.0006
0.983913, 5.05695
2.88484, 6.85719
3.87914, 3.16213
0.0905094, 3.20176
2.0658, 0.118527
0.891383, 5.05727
6.91383, -0.0452405
-0.130757, 5.59357
6.89698, 4.03926
3.95597, 0.957945
3.82606, 7.10572
4.1569, 6.91194
0.0638117, -0.0486906
2.98653, 3.95577
3.00316, 5.07917
4.03322, 0.0309391
6.98797, 2.98144
7.18388, -0.228829
4.89945, 4.02214
5.10455, 3.05731
4.08288, 3.01139
5.86527, 5.77916
4.95489, 5.06061
2.98459, -0.00915992
1.84799, 6.01336
1.88592, 1.94249
5.14179, 0.157082
4.10619, 4.83479
3.02268, -0.0200184
5.02281, 3.04431
2.08164, 4.8767
3.93942, 1.80844
3.09973, 7.16989
6.18417, 1.97993
1.85873, 2.9587
2.85253, 6.0155
7.17692, 0.178057
5.87965, 7.02177
2.94508, 1.89121
7.08077, 6.11734
5.9067, 0.0753594
0.965549, 4.06247
3.95964, 7.09533
5.11432, 6.13866
3.04531, 0.794787
5.9344, 3.13479
1.06322, 3.00717
3.02775, -0.416492
2.02538, 5.14844
7.07138, 4.25554
0.0641664, 0.87316
0.867628, 6.97129
6.19617, 0.830696
0.960959, 4.90534
0.00398784, 3.86871
2.83981, 7.01552
6.11141, -0.108392
4.93001, 4.93707
2.15387, 5.94403
4.98205, 4.96441
0.987329, 2.98176
2.98433, 7.10306
0.90499, 5.90115
0.980806, 2.91737
3.11091, -0.0350945
1.92016, 1.07808
3.22, 2.00513
5.02392, 5.8744
5.20952, 6.10058
7.0103, 2.10446
2.01215, 2.9552
4.86023, 2.8087
5.10772, 3.8656
7.11277, 1.8692
5.02134, 4.90836
3.01088, 0.652303
1.17539, 1.08718
6.84608, 6.01545
0.178597, 2.19121
2.10806, 1.92105
2.99208, 1.28007
3.99609, 4.98461
2.07139, 0.355413
1.76763, 0.913049
6.06768, 1.03274
6.78303, 4.11864
1.95036, 4.15735
6.93853, 2.83028
0.0806123, 5.03444
4.9182, 0.745928
2.89014, 6.01858
0.971875, 2.13096
6.91744, 2.17045
-0.136883, -0.0905302
1.97136, 2.08838
6.98112, 0.856643
3.7726, 4.08855
2.01799, 5.86697
2.90547, 4.87492
5.14565, -0.163693
2.05287, 5.93495
5.76419, 1.9917
1.74458, -0.029136
1.9941, 5.93825
2.7453, 0.924346
2.88429, 6.91343
6.00037, 1.27055
2.99796, 6.18104
6.95495, 4.7365
-0.0702019, 1.09888
1.7136, 0.0126319
3.00998, 0.0225983
2.82147, -0.150978
4.25503, 3.69989
7.01513, 4.05015
0.209019, 5.05973
7.16924, -0.0422513
0.234425, 6.11758
3.07968, 2.91307
6.84136, 4.12633
7.08754, 5.13966
3.11467, 1.88538
5.0869, 4.92033
2.02016, 0.0742332
4.18451, 6.04512
0.0548282, 5.02045
3.09719, 6.10049
6.08441, 4.0738
0.0504554, 1.0469
0.0231487, 0.0383746
6.8272, 2.08794
-0.085486, 2.85545
0.926777, -0.0743072
4.9295, 1.97325
3.04912, 1.82717
0.0931003, 5.05479
4.93475, 6.95475
1.15165, 0.848678
1.81036, 1.14524
-0.232939, 3.10769
0.0664646, 3.15912
7.02745, 4.23431
7.1831, 3.08073
2.98139, 5.01003
6.81497, 0.955386
4.9618, 1.90403
7.01781, 6.85261
0.881531, 5.00088
4.97161, 2.98995
5.8852, 3.71346
3.00854, 7.1171
7.00617, 7.06801
4.00998, 0.0784538
1.12707, 2.94628
1.91152, 0.939553
3.9475, 3.06834
0.938041, 3.89143
5.95177, 3.97406
-0.146992, 0.157446
1.08524, 6.11184
5.10649, -0.126308
2.15098, 0.117966
5.29968, 1.05049
0.0306264, 0.0919364
-0.0445152, 6.07758
4.05585, 6.06
4.84738, 3.06211
5.86093, 4.0671
-0.261113, 3.04445
4.01063, 0.299194
1.02376, 2.96941
2.04284, 6.08792
4.75716, 4.07882
3.82772, -0.0756854
5.10928, 4.06915
2.05295, 5.08684
1.16331, 5.01312
3.97191, 2.09989
2.0178, 0.253635
0.0822495, 2.95423
0.0162942, 3.09178
6.96655, 1.94447
3.18773, 3.96904
-0.0084384, 3.86616
6.98129, 7.06419
5.10946, 7.20723
0.147871, 7.06151
0.0259157, 6.83428
4.99952, 5.83539
5.96991, 3.90104
5.99106, 2.08595
6.92298, 5.7601
1.05561, 5.91537
5.82817, 6.86354
6.06641, 0.976053
6.97986, -0.175661
0.00540001, -0.0353709
1.04875, 4.94688
1.92269, 5.06355
0.803159, 0.936775
-0.275982, 6.82837
2.97696, 1.03263
4.08444, 4.99775
1.11492, 6.96887
6.07735, 3.93829
7.00144, -0.200803
2.03575, 4.33235
0.192872, 5.82969
0.0362984, 6.99947
5.19218, 0.962275
-0.410206, 5.06925
3.09575, 3.0263
-0.190763, 2.87929
2.8803, -0.0241415
5.81107, 5.89601
4.27919, 1.88688
4.09627, 3.91377
3.20213, 4.95424
5.95474, 6.18815
3.93757, 1.80948
1.96772, 4.04224
3.90152, 0.993711
2.22296, 1.83695
7.05847, 4.23433
2.83658, 3.97991
6.91594, 0.139088
4.79799, 1.87978
5.00425, 0.790642
0.0369882, 1.1481
3.80616, 3.96331
4.17319, 3.01264
6.0043, 6.15525
2.20283, 6.82111
1.14499, 3.95949
3.02196, 5.97269
6.17087, 2.95631
1.90759, 0.04413
7.04061, 1.05919
2.04028, 4.97133
6.92298, 0.922008
3.03349, 6.07375
7.15187, 4.04969
0.94528, 5.01218
-0.0379132, 6.6739
6.80078, 4.05348
0.888048, 4.776
4.18868, 1.94823
5.04548, 2.89682
4.21249, 1.05481
4.08367, 1.06467
2.95036, -0.120833
1.07602, 2.96365
1.95056, 2.81872
4.18135, 5.04002
5.89163, 3.97978
1.08504, 1.99679
1.92802, 1.95013
0.0258856, 5.05644
-0.139878, 1.86835
6.95083, 4.74872
5.93066, -0.104554
3.76145, 4.77673
1.94129, 5.85849
6.98449, 7.02384
7.06949, 0.276296
6.82136, 4.80878
4.89207, 4.79062
6.94693, 4.132
5.83997, 1.89052
2.03799, 0.900877
7.20919, 4.98872
5.89916, 1.81766
1.08654, 7.00789
5.98477, 3.00353
2.96136, 2.14265
4.89061, 3.23733
5.22495, 0.998409
0.152432, 2.84149
7.22654, 1.01889
4.08305, 1.05339
3.08674, 2.03846
-0.245419, 5.94466
5.78535, 0.135813
3.1338, 2.94365
7.21785, 2.94338
2.90206, 1.81465
6.01614, 2.97188
4.89579, 3.11416
0.986824, 4.27509
3.01674, 5.06219
0.110886, 6.00002
1.18973, 1.98021
2.96308, 3.24806
2.94128, 2.05637
5.73423, 6.00172
5.82738, 5.09184
6.10631, 4.93221
4.96233, 3.1821
0.0611537, 1.99474
0.0280655, -0.161323
2.83624, 2.83724
6.22126, 5.10826
2.08295, 4.06066
2.83175, 0.00658316
1.96863, 4.99642
0.00617381, 2.9274
3.92749, 3.9014
6.0495, -0.186722
6.10747, 1.13483
3.96158, 7.00152
5.03974, 5.00075
4.89567, 0.132951
6.20051, 1.02213
1.89773, 5.82632
2.00026, 4.06808
1.94778, 4.1299
2.12846, 5.96205
0.76342, 6.97892
6.15412, 2.9542
0.872269, 2.01808
3.12598, 6.10191
-0.103231, 1.04411
-0.0267361, 1.00069
2.95553, 6.98124
0.164375, 6.96088
2.9928, 2.18684
4.05363, 2.13003
2.99694, 4.28966
0.128274, -0.250575
4.96575, 1.83366
5.99074, 7.01079
5.7303, 6.97707
5.90188, 4.1816
-0.0234087, 4.04068
1.11186, 2.90329
7.07719, 6.9232
3.78393, 3.13448
2.05371, 4.0245
5.0687, 5.9675
6.08298, 3.10268
-0.0321002, 1.1161
2.07331, 1.93
3.072, 2.80126
2.86352, 2.14223
1.17577, 2.94591
2.6948, 0.983961
4.91703, 5.05104
-0.0402773, 2.08541
3.0054, 5.10993
5.89438, 2.2338
-0.187314, 3.34254
3.67913, 6.7246
3.96596, 1.10414
6.17338, 6.06269
4.16189, 4.03479
6.88979, 3.05973
2.99569, 2.99876
2.05328, 6.90819
-0.113859, 3.87439
6.14314, 7.10881
3.87054, 2.0277
4.15068, 7.0809
4.16305, 1.3988
2.0353, 7.08883
5.66537, 0.0752445
6.06383, 0.214111
-0.0624138, 6.29777
1.24318, 7.00584
2.21339, 2.97321
1.07345, 6.90058
7.04879, 6.92186
2.71829, 2.93266
-0.183672, 4.83681
2.2036, 6.91521
3.02413, 0.0355699
1.11802, 1.93716
5.24754, 7.05609
4.95505, 1.95697
7.05842, 6.71743
6.92421, 0.875176
0.0776381, 3.97692
3.1495, 5.22272
3.17472, 4.10042
-0.059876, 5.93885
1.84089, 1.02887
6.91454, 5.8904
6.02687, 6.74759
0.331015, 3.01015
4.94786, 1.21445
1.02931, 1.02483
1.28597, 1.63028
2.90575, 6.0186
1.14344, 4.90306
6.99989, 6.93395
-0.155179, 3.84635
2.9086, 3.77938
4.94415, 7.04519
2.98814, 1.93004
0.910054, -0.151812
3.05515, 3.30982
1.80957, 2.98225
6.97256, 1.18368
0.192014, 3.9862
5.06038, 0.922511
1.14336, 3.85853
2.97404, -0.0729879
4.84155, 2.92585
6.02537, 1.69484
2.93692, 5.03319
1.97422, 5.91388
6.79203, 0.0230334
0.00442887, 0.065725
4.16395, 0.93603
4.13709, 1.91829
6.01508, 0.986703
7.11903, -0.183286
2.29015, 1.81877
7.20605, -0.129087
4.95003, -0.120402
3.92039, 6.05476
4.12376, 3.93833
6.00291, -0.144364
5.82268, 4.0115
1.18604, 3.98482
4.94964, 0.0460739
7.17045, 4.88577
0.298771, 2.84695
5.15922, 1.0589
-0.140435, 6.87972
0.115174, 5.05445
6.96888, 1.04973
3.0037, 4.85087
2.94223, 5.04632
2.91312, 0.0538425
6.0463, 4.95931
4.88882, 3.89587
6.9204, 7.00612
5.9323, 5.11405
2.94934, 1.99524
1.86358, 5.03222
0.0196501, 1.11628
-0.194131, 6.20894
-0.0143837, 0.784599
2.16128, 3.85058
0.0758244, 5.05631
5.98425, -0.061575
3.91209, 3.9388
2.22449, 5.8962
6.10588, 6.99165
1.0351, 3.0085
6.08018, 6.02587
6.21094, 3.10978
3.8585, 6.69117
6.97238, 6.97755
7.20718, 2.86247
4.06353, 1.08854
2.07836, 2.79928
5.12092, 6.91159
1.12025, 7.23774
2.96003, 6.87933
0.0300469, 5.17344
4.10122, 2.04417
1.86906, 3.92007
7.03267, 4.02119
0.196448, 1.9708
0.900604, 2.8905
2.05913, 3.87032
4.89113, -0.0530405
7.0895, 4.07034
2.98061, 0.753405
3.96434, 3.87126
0.711131, 5.70576
0.841322, 2.00911
6.86866, -0.248361
-0.0485184, 2.92076
5.10494, 7.1283
5.14233, 4.25949
1.19728, 0.828157
0.00277131, 3.88784
3.17106, 0.990068
1.99016, 2.11803
4.81769, 2.00162
1.04269, 2.1644
3.05277, 4.0459
4.05957, 3.03704
3.82213, -0.104472
1.05565, 1.89406
6.91692, 3.09068
6.90991, 5.0169
1.05792, 5.06064
-0.168748, 2.10461
4.0471, 6.80008
6.14376, -0.123376
6.07059, -0.0285411
7.13945, 2.93233
6.13137, 5.84759
3.96729, 1.82846
1.96833, 4.81483
5.22565, 0.844575
5.30189, -0.168322
2.98898, 1.93417
4.83311, 4.9323
6.90499, 2.06845
4.08771, 7.24698
0.133495, 3.95563
5.05358, 2.11139
1.92572, 6.94044
3.12042, -0.107157
4.84811, 1.14086
1.07726, 1.94936
0.893033, 2.94823
5.20608, 1.09275
7.10922, 1.95458
6.89193, 1.91687
4.14946, -0.189865
6.84448, 1.25742
1.1785, 6.09369
7.15345, 7.12822
6.15062, 6.89424
6.07462, 0.998696
4.09011, 4.68568
3.10411, 0.0297547
4.93814, 1.13588
6.98844, 2.86434
-0.118604, 3.10202
-0.0325025, 1.09242
5.823, 4.07369
3.10942, 4.03055
5.96359, 3.84317
5.11953, -0.0177982
2.96435, 3.9005
1.69937, 3.03156
0.0316466, 6.0227
1.94244, 4.02962
1.07355, 4.23816
2.04153, 0.148464
2.90266, 3.09238
4.96917, 6.01099
5.0138, 3.99339
3.06565, 7.06803
0.87494, 3.9936
0.135421, 2.97833
5.06509, 4.91009
1.11781, 2.01495
0.0817054, 1.85129
1.04279, 1.08734
1.0005, 1.04048
4.87073, 4.00806
6.89476, 6.94266
0.0655024, 2.1355
-0.0890798, 5.03713
0.868723, 3.10367
4.91095, 5.04707
1.07019, 1.23106
6.30906, 2.21212
0.0115989, 1.91642
4.94564, 7.00761
6.20064, 3.80816
3.82625, -0.169757
1.94767, -0.0129426
4.93191, 5.09618
0.19833, -0.11722
6.97677, 5.95327
4.93215, 3.04085
3.07872, 4.22686
3.94491, 1.96325
7.2856, 5.18949
-0.0443936, 6.92263
3.11535, 0.00402516
3.06266, 5.35494
1.10818, 4.84147
1.94909, 1.24115
1.78381, 1.9636
6.05462, 7.11227
3.12116, 7.14894
4.96717, 4.93896
2.99999, 6.90301
0.71622, 4.85351
3.14325, 7.08031
6.72147, -0.144502
0.964698, 6.0674
3.03584, 6.08638
5.77245, 4.93414
6.26612, 3.9515
7.36997, 4.77979
6.04743, 1.20703
0.941165, 6.91837
5.88806, 4.81393
5.07132, 5.69861
6.17482, 2.97456
6.07399, 3.1284
4.94479, 5.06405
7.0751, 3.1207
5.97656, 5.00856
4.05675, 5.93329
3.9632, 5.85489
3.82457, 0.141522
4.80916, 2.76217
4.98854, -0.0732925
7.21652, 6.03065
1.90181, 5.95625
5.95318, 4.00465
5.21559, 4.2142
5.84412, 2.00377
7.04774, 0.974803
3.85147, 3.16059
1.99678, 2.9824
5.94531, 0.740251
3.95485, 5.0705
0.15507, 7.0414
3.09089, 4.05245
3.90689, 1.8749
3.01805, 4.88114
1.10395, 6.95955
6.05548, 4.83795
-0.0625166, 0.933807
6.70021, 6.20487
-0.0364119, 6.16431
5.03738, 6.01806
0.133326, 5.09824
1.07133, 5.92133
5.80452, 6.16373
1.95449, 5.1289
2.94393, -0.0558386
7.12248, 4.20172
0.987346, 2.96154
1.00381, 2.01662
2.91647, 2.09132
4.9765, 1.98606
0.239423, 1.07792
5.93779, 2.18315
4.80254, 6.07709
6.18298, 3.16269
6.08093, 5.86038
4.00026, 0.938713
1.06349, 6.16727
3.88382, 4.12144
6.86483, 3.79068
6.06907, 5.86696
7.14497, 7.05166
0.0373337, 4.9511
2.74156, 4.2356
3.79849, 1.02732
-0.0543243, 4.16601
3.89269, 6.02268
6.9967, 1.01283
5.8756, 2.92984
3.04539, 2.8397
1.01391, 3.06427
2.04141, -0.0339485
6.20703, 5.10685
4.97485, 3.76391
1.95284, 3.95197
-0.11726, 6.24428
4.07882, 1.94131
0.961545, 7.24717
1.98719, 0.119623
7.08938, 5.93562
3.9968, 5.92776
-0.0717009, 4.08386
2.01339, 0.898751
1.89125, 1.00028
4.03831, 1.08881
4.07367, 2.86293
6.07805, 5.71212
0.952372, 4.03427
2.87757, 5.24878
4.13715, 2.25462
6.04509, 7.00944
0.993881, 6.96898
6.07551, 5.10111
7.0437, 3.97317
5.15326, 6.8258
0.0497354, 2.81657
2.95333, 7.20486
5.99398, 5.85921
6.97892, 1.00788
6.01187, 1.78164
4.99449, 1.92485
-0.0466631, 6.10544
1.96788, 4.9628
7.11216, 2.20179
1.28886, -0.0841854
2.90034, 1.08261
0.867082, 6.04608
4.01425, 5.10175
0.226731, -0.171727
1.01628, 5.07249
5.86161, 2.86428
6.09401, 0.889298
5.06868, -0.150198
3.23455, 4.93108
1.06018, 2.9468
5.8977, 4.12098
1.02626, 0.879429
6.18527, 1.04987
6.91738, 0.871405
0.0097895, 1.04774
2.9652, 1.91481
2.28697, -0.0666962
7.22671, 1.91291
4.21432, 4.01185
3.89098, 3.82528
0.931588, 3.7745
6.86836, 5.9945
7.22192, 7.12271
2.92055, 6.98867
5.91299, -0.0933561
2.9656, 7.0629
4.84063, 2.0892
-0.112531, 6.02925
5.85446, -0.0174782
7.00543, 2.98717
2.1842, 2.9008
4.08726, 3.937
3.06622, 2.88114
4.88466, 5.02671
5.0133, -0.0128735
5.11893, 1.07608
1.95793, 5.96986
1.17776, 3.81371
-0.201231, 2.98888
7.10369, 5.09473
-0.0597621, 0.255705
7.15642, 3.02807
6.93735, 1.95776
2.08298, 2.14036
4.08482, 3.10128
4.07922, 0.867969
1.94349, 6.9868
6.86139, 5.09663
2.98415, 2.93648
2.04327, 1.04463
3.27683, 4.95762
2.07602, 0.216962
6.14542, 0.926843
0.78078, 6.06621
5.14383, 3.84385
2.28779, 3.94114
3.00488, 4.87679
-0.0951546, 4.99297
5.69929, 4.95554
4.11229, 4.08893
3.13301, 7.13273
3.97888, 3.20188
3.15758, 6.95647
0.865859, 4.0056
0.958393, 0.814689
4.94285, 5.86379
1.07005, 2.18258
4.24721, 4.99218
2.02132, -0.182766
3.91842, 4.12636
5.07164, 4.98629
4.86764, 1.92657
7.17448, 3.98572
4.18758, 7.02673
6.91842, 3.96315
2.0341, 1.89224
5.21415, 1.13985
3.00151, 1.94668
6.04069, 6.26251
4.92886, 5.78773
3.809, 0.018044
6.89939, 5.04306
1.97187, 2.06317
3.97656, 6.14819
5.99184, 0.971204
0.882448, 0.848522
-0.237243, 7.1136
4.18099, 3.0427
5.91121, 3.39334
7.09379, 6.0507
1.95767, 3.93727
0.0841851, 1.97435
-0.0308555, 4.09361
5.05937, 0.847271
2.82084, -0.259576
-0.343458, 3.13259
3.10631, 2.8062
5.09137, 7.01404
6.12479, 6.02478
3.06974, -0.218583
7.19221, -0.243223
3.11001, 6.95601
7.08268, 3.96961
7.00606, 3.00119
1.02032, 5.98684
7.17454, 3.15834
7.11668, 1.80689
5.95007, 0.000781215
0.0931847, -0.0141001
3.01978, 6.20322
2.13528, 6.08324
6.06711, 2.96338
6.82244, 3.04299
4.12568, 0.885093
4.13153, 1.06153
0.791019, 0.176718
6.11222, 6.17804
1.19353, 4.25456
4.18688, 5.94933
0.849147, 3.12391
5.96787, 4.01277
0.938477, 1.11265
4.99334, 4.04737
2.26437, 5.08728
0.0147844, 4.06929
6.13276, 4.10285
5.85834, 2.13817
2.99311, 1.02579
2.06355, 1.8855
2.07831, 6.20699
1.07971, 2.06658
1.85115, 0.708717
4.84879, 7.10623
5.93615, 6.97954
0.77349, 2.96013
4.18684, 0.946448
7.00425, 0.165529
2.95587, 1.89445
0.00764338, 3.80914
0.210965, 2.10867
6.97065, 3.96405
2.83486, 1.06513
7.04472, 0.106584
5.09052, 4.00869
3.21825, 2.17674
7.01372, -0.0980139
6.02581, 6.01897
-0.0535365, 2.98657
5.09867, 4.05588
5.99709, -0.0792337
2.89368, 0.220361
6.02158, 1.85776
5.82907, 2.82098
3.00506, 7.21875
-0.0955689, 0.93869
1.99652, -0.0813476
6.83957, -0.0611353
2.04209, 1.01058
6.13337, 5.1929
4.97271, 3.0523
7.06405, 2.02828
3.92051, 0.0403442
6.68916, 1.93302
2.80032, 5.15042
2.09228, 4.00879
1.04287, 0.985903
3.89698, 5.29884
1.6907, 5.05758
4.87836, 2.2735
7.15027, -0.0499053
5.92035, 3.98564
7.161, 4.81008
6.91835, 3.23681
2.95024, 2.98474
0.0614145, 6.09856
4.00762, 6.88535
4.03499, 4.9308
4.73951, 4.97782
7.10395, 3.09229
2.99693, 2.86116
6.08144, 3.2062
3.11342, 2.84797
5.0627, 0.893476
2.9033, -0.105545
4.03912, 5.08385
3.98494, 2.98545
7.01206, 5.11667
0.0273213, 0.199169
2.17176, 3.11507
4.06807, 0.29293
2.95559, 6.02637
4.96005, 5.07498
7.0777, 5.73165
7.0749, 1.19934
5.03488, 5.26091
4.1395, 7.08943
0.913693, 0.0274255
-0.0347484, 5.10546
6.8908, 1.05592
2.09954, 6.82391
3.94175, 1.02485
0.870823, 3.84838
2.01946, 3.94249
6.05617, 0.0240283
3.97295, 4.07687
4.15784, -0.0289055
0.113918, 2.2309
1.90997, 7.14175
6.97902, 2.90519
2.95918, 5.36752
6.92575, 3.96631
5.06074, 0.897159
7.11676, 6.18472
5.84524, 5.97478
3.17066, 3.00108
0.0287843, 4.09525
1.31006, -0.0541247
0.870603, 2.04063
4.09321, 2.8338
1.06302, 0.230931
0.827503, 5.9905
3.13467, 0.924516
-0.112682, -0.0871172
6.89937, 0.114692
2.85837, 6.91731
3.11719, 4.9717
2.0813, 7.15899
2.05815, 5.16369
0.0843213, 5.88887
3.88274, 2.05686
6.10419, 3.06642
7.15228, 0.0807267
2.92254, 6.06936
0.915199, 1.11484
-0.0763912, 2.82166
0.900267, 4.07785
4.92359, 0.933285
3.86333, 2.87229
1.83477, 1.90184
3.91057, 0.156508
1.16472, 1.0916
5.05178, 4.0776
5.11447, 4.02527
1.09478, 3.91785
3.02077, 0.160696
2.00458, 4.00416
2.16567, 7.0852
6.24664, 3.04124
0.190775, 7.06862
1.27456, 6.87729
3.9357, 4.94451
3.05132, 1.90953
2.89109, 4.9348
1.75999, -0.146404
6.0441, 6.0157
5.08647, 0.204469
0.0587901, 6.10114
4.99654, 4.24446
3.7631, 3.97783
7.15629, 5.20991
6.82654, 5.0607
2.04971, 5.04628
2.22511, 2.87004
2.06671, 3.94633
0.0864711, 2.08942
3.96378, 6.97323
5.01803, 5.08773
3.88747, 0.0651711
2.12865, 1.08879
4.23607, 2.7555
5.93811, 6.92516
5.02745, 7.13974
2.83547, 2.84124
1.93115, 5.99893
1.14292, 7.18296
3.80005, 4.99343
4.18471, 1.09849
-0.0743947, 6.23163
0.0424282, 3.86278
1.86864, 0.182361
1.17108, 4.06617
2.92709, 4.95619
3.09842, 6.19813
3.94871, 7.17126
3.90804, 4.02342
4.83436, 5.01439
0.0595071, 3.97949
6.81941, 1.80123
3.26451, 5.13493
5.98173, 5.92102
-0.168129, 1.22423
5.05581, 2.91582
3.2007, 3.14704
1.87165, 3.12921
3.87938, 6.05174
0.981282, 4.72037
3.95194, 2.9704
7.05899, 1.0622
4.98193, 0.0788025
7.00019, -0.162778
4.01786, 4.13406
2.05229, 3.85578
1.07414, 6.09769
4.0452, 6.9936
2.07996, 2.05306
3.92051, 6.9511
5.0284, 4.96976
3.03992, -0.215387
0.0787657, -0.0743101
0.936068, 0.196492
1.95419, 7.02539
-0.103985, 5.97932
6.97923, 7.16094
3.78465, 4.08056
1.1226, 1.8076
0.929507, 1.98755
0.0297169, 4.18666
7.29173, 5.96717
-0.0245745, 3.9797
0.0185291, 1.12885
3.96779, 2.90381
0.783728, 0.191056
1.15231, 5.97913
2.02486, 2.04212
6.91411, 3.04057
6.68411, -0.00139555
3.1348, 0.0323105
3.017, 5.75675
4.18333, 6.95547
4.04326, 5.04942
1.02089, 1.10535
2.63718, 7.16089
6.9614, 6.73611
0.0352622, 0.944913
7.1244, 5.0095
1.0855, 1.77322
3.95995, 5.92719
3.93017, 3.95677
5.90017, 0.94197
6.89706, 7.02008
6.20585, 4.06346
-0.0265103, 3.07157
4.98166, 1.85284
0.887264, 5.95047
0.0998496, 0.0454538
1.94291, 1.96876
-0.140443, 2.87628
0.0659502, 0.907282
-0.0737298, 0.0638925
7.21214, 4.08418
4.19315, 0.959982
1.03488, 2.99029
3.12431, 5.8931
4.84006, 4.85253
0.928114, -0.0415665
1.96342, 6.8214
6.25617, -0.158598
5.08912, 5.0566
6.74074, 4.76864
2.05474, 4.10048
7.01233, 0.942876
0.0908212, 0.765767
3.8014, 4.29247
3.75932, 4.11032
4.96272, 5.95153
0.973506, 1.8838
5.11988, 2.05663
1.03559, 2.10112
1.00452, 1.9843
0.952072, 3.98413
1.13271, 6.10664
0.0323564, 0.0367136
5.20934, 6.9835
0.895622, 5.96505
0.065558, 0.975033
3.00743, 6.03679
1.04718, 5.99642
6.10047, 3.98977
6.08987, 2.84204
0.766259, 0.0349571
3.9268, 2.14385
6.80423, -0.0659918
3.11928, 5.06216
3.08832, 7.03231
4.0666, 4.89058
6.78962, 5.05286
3.02444, 5.09887
-0.0132017, 2.90198
-0.159927, 5.15582
7.02735, 1.02674
2.78015, 4.1111
-0.276309, 0.000739449
5.9642, 6.16549
3.85654, 0.0492879
2.98599, 3.70909
4.0152, 0.966883
5.86832, 5.1806
0.0847818, 0.199516
4.86027, 4.01774
5.72398, 3.25144
5.9994, 6.0217
6.98045, 7.10475
7.07271, 1.06892
1.89576, 5.23737
0.0075173, 5.08037
1.09599, 5.07573
6.10528, 3.98683
0.957392, -0.0343827
4.12325, 6.74316
2.89309, 4.15133
-0.0260363, -0.154291
5.73321, 4.16986
5.90707, -0.0389411
2.84389, 3.90521
7.04869, 1.14374
1.79349, 0.0975162
1.03424, 5.16552
5.05726, 4.94701
0.0738945, 3.91922
5.01206, 4.85555
2.03849, 3.7124
5.81602, 6.78623
0.0497062, 3.75948
3.03411, 2.04176
0.902083, 0.881775
0.217658, 5.77425
1.98968, 0.022423
7.02842, 5.65094
6.95133, 6.09549
0.867868, 0.00944509
5.1008, 1.96332
3.95306, 4.07704
5.99406, 5.79814
2.02023, -0.237807
4.86861, 6.0635
2.07061, 6.95744
0.956182, 4.01377
3.09313, 2.05088
3.10521, 3.96805
0.928937, 5.90356
6.14822, 1.28638
3.9592, 7.091
0.0851641, 0.837339
0.957995, 2.90914
0.0748833, 4.95043
6.86064, 6.95819
7.08851, 3.90045
5.78305, 1.2547
0.118033, 4.87931
-0.0284721, 4.95414
4.96453, 3.90134
2.77731, 1.09323
1.96597, 7.11907
4.91616, 2.99707
5.06443, 5.84383
-0.0191436, 6.87923
1.01548, 7.35061
0.215274, 3.82293
6.9664, 0.188597
0.955997, 0.0448044
2.99153, 5.86001
6.18417, 6.06026
5.21058, 6.01976
-0.189273, 2.07776
2.01221, 6.07734
0.144117, 4.92939
3.07227, 4.97464
3.03526, -0.0981508
5.14123, 5.09668
2.0641, 0.937241
3.89351, 6.92795
1.77743, 0.0471521
0.853306, 6.88838
0.860601, 6.85215
5.12906, 3.91704
5.17574, 1.94902
4.71836, -0.114378
3.87541, 4.23911
1.0364, 2.01675
2.76477, 6.98982
5.11567, 0.04359
1.89844, 4.98676
4.87999, 1.94533
0.957829, 2.87741
-0.0173122, 1.97699
2.12653, 5.96801
6.84348, 3.05011
2.90908, 0.179333
4.94683, 6.13213
2.88288, 2.87041
-0.11106, 0.904662
4.2936, 7.06769
2.98938, -0.105965
-0.0215823, 0.103754
3.95161, 5.97049
5.82002, 0.95929
3.01121, 2.8818
0.740865, 2.92676
4.11111, 2.71354
1.04984, 2.12334
6.01043, 0.196228
0.831506, 3.13099
2.03093, 0.0787243
5.0701, -0.0506328
4.91278, 7.16721
0.994763, 1.13012
2.29921, 5.85582
-0.327697, 5.65576
0.121451, 4.15512
0.00343343, 0.0355412
6.9342, 3.88322
5.01771, 3.08772
6.76455, -0.0231531
1.87224, 0.0415475
5.06805, 5.26187
4.24803, 1.16782
7.05372, 5.13432
2.8382, 6.19852
7.01753, -0.240271
5.71345, 0.0539085
0.00120091, 3.99116
2.00512, 1.00165
0.0586525, 4.11152
7.08228, 2.78663
3.17347, 0.13928
6.03056, 1.18388
1.0156, 4.0932
0.908736, 5.10078
7.10704, -0.0208129
4.94683, 6.87601
0.839251, 2.93473
7.03739, 3.99836
4.89443, 4.9892
4.13678, 6.91224
-0.0513384, 1.02005
2.02107, 6.06715
1.95419, 0.91979
3.8832, 6.88586
3.34676, 0.865389
0.0799724, 3.90351
6.97645, 1.87671
1.83848, 0.0759875
1.06722, 2.90662
2.12479, 6.15148
2.8246, 3.08811
5.02599, 0.814274
2.91042, 6.98639
0.872937, 3.17412
3.0338, 6.96845
6.99559, 3.13438
0.0645989, 3.0927
1.00107, 1.80385
0.0650368, 5.90775
4.91586, 1.94361
0.192314, 4.09575
6.15705, 1.92756
6.17857, 2.19215
5.87525, 5.87356
5.07101, -0.116601
6.93875, 5.82763
3.07981, 0.11062
2.06232, 2.95884
4.96946, 2.81977
2.99697, 1.97466
1.92907, 2.95905
0.199932, 5.1005
3.92988, 4.85188
2.94032, 6.10076
0.956045, 6.27694
6.81335, 4.91725
5.81219, -0.263008
3.11455, 2.10165
5.89304, 3.05484
5.17112, 7.06796
0.94018, 0.299928
-0.0433529, 3.99093
0.0938251, 1.81501
5.8973, 4.10146
4.99851, 1.01604
0.981004, -0.0180535
5.97562, 0.382171
1.92007, 6.87843
4.95439, -0.0615537
4.00565, 5.10807
0.0827814, 2.96456
4.77241, 3.7316
5.03146, -0.194359
2.04112, 7.04256
5.07431, 5.01212
0.118383, 5.20321
7.12794, 5.98326
5.73443, 2.94422
5.18149, -0.0666643
5.9199, 4.82253
2.98945, 4.96751
2.07346, 6.94667
0.918648, 5.97344
0.230677, 2.72451
7.12914, 0.0116473
5.16458, 7.07938
7.03522, -0.0943294
0.220911, 5.05662
2.13993, 0.903218
-0.0399832, 2.03898
0.123931, 4.11342
7.23096, 1.15253
5.96494, 6.86223
3.98608, 4.87808
7.18695, 3.08109
1.00147, 6.25009
0.110383, -0.0961237
2.10908, -0.0696997
1.97213, 5.73917
5.10567, 7.12651
3.08169, 5.00765
0.797567, 3.00919
3.97072, 1.95192
2.07543, 1.89116
7.18622, 2.06338
5.0569, 0.990933
2.80886, 6.0209
2.07085, 0.109223
5.02851, 4.82005
2.86355, 1.9447
0.0990163, 3.79188
4.94277, 0.800974
1.0533, 6.15482
6.21624, 4.91727
1.89146, 7.04863
-0.0605204, 6.94174
1.79475, 5.11392
0.957545, -0.122493
4.98758, 1.09679
6.98893, 3.93532
3.95111, 5.087
1.99798, 0.0449418
6.87099, 7.07954
3.10671, 0.0321499
1.13443, 1.91617
5.13296, 0.0312392
3.17511, 4.11491
2.84626, 5.33484
5.78221, 6.11014
5.1711, 7.09816
2.99353, 4.98821
6.22518, 1.82916
1.96607, -0.114273
3.0523, 2.04937
5.92897, -0.0717419
2.93943, 3.99974
2.10727, 7.00274
4.06335, 4.1425
4.02303, 0.0975073
3.97486, 7.16648
2.14393, 6.91613
4.9189, 6.10068
4.98355, 5.94338
4.0139, 7.06368
1.90808, 1.04335
1.1515, -0.128256
4.23347, 1.91875
6.89132, 3.96386
4.03997, 5.03423
7.17042, 3.04604
5.93281, 4.05666
1.20889, 6.1993
5.94363, 0.680358
4.97491, 1.28619
4.95374, 4.08702
1.85339, 7.06785
1.95346, 2.13461
3.01877, 0.856475
3.92166, 4.19236
-0.245787, 5.08105
6.1902, -0.00522172
6.01299, 4.07693
0.798655, 3.07186
4.16169, 5.72578
4.95887, 3.01624
0.976387, 1.91934
3.89855, 5.26079
5.91718, 1.16513
6.09002, 1.23744
7.08446, 5.98339
0.138597, 2.04138
-0.227245, 2.12468
5.11038, 2.27648
3.03458, 3.02652
6.8777, 5.83221
3.98333, 5.80894
4.94324, 2.04243
0.139847, 7.10253
2.89856, -0.02599
-0.00469717, 5.92459
3.13561, 7.20266
-0.0175554, -0.0457008
4.02118, 4.0439
2.95075, 3.98748
4.98391, 0.0792409
2.16811, 4.14076
5.00029, 6.95449
4.91906, 2.23818
-0.134778, 6.81713
1.21613, 0.0405952
3.15161, 3.99899
5.75921, 6.85863
0.676517, 1.25585
4.08003, 5.16963
6.91146, 2.05112
3.96167, 3.03417
6.09101, 6.81155
5.81879, 1.77643
1.05489, 4.93572
1.98239, -0.210989
1.99395, 5.91526
6.09792, 2.0182
1.00425, 6.95623
5.99307, 6.91514
3.08186, 5.13783
4.96651, -0.110006
2.9728, 1.86766
4.88283, -0.0982745
4.04465, 5.94222
7.21431, 2.05634
7.0046, 6.15018
5.05322, 0.34357
3.93438, 5.06854
4.01097, 0.967607
0.87334, 4.08002
4.06783, 1.138
2.93419, 3.01769
4.98963, 1.02256
7.10866, 3.87438
4.15074, 2.91018
2.12997, 3.96208
5.01746, 0.96254
3.8635, 7.04822
7.19391, 2.02823
2.75406, 7.12861
6.98182, 5.93088
7.00235, 4.05927
6.84952, 6.98252
0.0572734, 0.76237
4.08844, 5.05065
3.0248, 2.09416
4.08408, 4.00202
6.03187, 1.98501
2.15025, 4.95447
1.92926, 0.958877
3.93869, 7.06081
-0.218148, 6.15486
4.97532, 7.10879
0.0620305, 3.99643
4.2049, 4.78085
6.98592, 2.84001
2.84102, 2.12032
5.98028, 6.87782
0.0616789, 2.95632
5.95748, 5.92765
3.96891, 5.99617
3.91815, 3.71724
5.80736, 3.12624
3.0068, 1.26347
3.00023, 1.16637
3.08157, 1.7851
4.05168, 5.89423
1.90195, 5.91401
1.66002, 5.02733
0.274486, 6.819
3.04532, 4.16746
3.12709, 5.94451
5.82751, 0.118176
2.8869, -0.00600684
1.99623, 4.92377
0.0819788, -0.121571
5.88626, 5.96103
6.0831, 2.93925
6.11581, 7.17654
1.15763, 5.04347
2.07586, 4.87559
1.07472, 4.08144
4.02597, 0.108058
4.96738, 6.0318
5.21404, 6.98071
1.97977, 5.90726
7.05296, 4.91288
6.03693, 0.718621
3.97375, 3.12186
2.77961, 7.05958
3.06434, 0.112687
2.03498, 2.93909
0.967459, 2.93218
6.22858, 0.13457
1.04213, 5.80053
6.93758, 3.01295
2.80004, 4.21671
0.0667028, 6.09677
4.0149, 1.0288
2.96837, 6.83399
6.95832, 0.266954
7.07567, 4.0744
6.02527, 6.88904
6.99128, 5.88933
2.04704, 3.0907
5.88661, 3.09478
-0.0227744, 7.07976
0.198111, 1.00394
4.19342, 3.77466
4.96501, -0.20082
5.11603, 5.01413
4.06074, 0.00393447
7.07689, 6.9836
3.00361, 3.11011
6.03286, -0.0606896
4.6755, 4.73633
4.12049, 6.04296
3.01682, 1.85399
1.00668, 1.04564
6.1768, 3.76228
3.86371, -0.00176698
4.86134, 0.799554
4.10968, 5.95761
2.76333, 4.14017
1.00648, 3.13069
2.92401, 4.94299
1.10477, 3.97294
3.86068, 4.05301
3.9117, 3.798
2.14145, -0.11292
0.898314, 6.0156
2.87795, 3.04272
2.01269, 2.04908
4.01043, 5.08869
4.03542, 3.07274
3.99565, -0.398782
3.90748, 3.91468
0.951157, 6.88341
4.16346, -0.112069
1.97753, 7.04171
2.22455, 1.20842
2.95948, 7.00204
2.10125, 5.03722
6.93802, 1.92043
1.25583, 3.89956
1.01011, 6.99517
2.85916, 4.91509
2.90444, 3.92395
1.03691, 7.00287
1.35391, 4.86866
2.85415, 5.9691
0.806295, 4.19212
6.06791, 2.98844
3.75086, 3.11654
5.99036, 1.89662
4.03186, 3.21277
4.94014, 6.01422
5.84109, 5.22186
6.90558, 2.18206
6.03975, 6.93062
2.03337, 1.98482
6.00169, 4.18984
2.93008, 1.82111
3.17057, 5.94985
6.62636, 1.87398
3.21604, 4.04859
5.0737, 2.24564
2.06754, 3.99231
0.896549, 5.09233
1.25117, 1.06359
0.938634, 6.96669
1.97984, 1.04368
2.0444, 1.21689
2.86351, 0.918275
6.14695, 3.04577
4.84061, 4.10848
0.909633, 3.89859
0.941797, 0.0218655
3.92679, -0.0755447
5.88014, 4.91873
1.94508, 4.13029
3.1164, 2.83357
3.89835, 2.22452
3.02844, 5.98838
6.98504, 6.05974
1.8889, 4.12316
4.90942, 4.02064
0.949196, 1.0798
1.03964, 2.9459
4.01835, 4.26959
5.05163, 0.0890325
1.19956, 4.83583
3.07659, 6.18462
-0.100821, 0.136248
1.79612, 1.13205
-0.0808229, 5.00746
2.98942, 1.08097
1.00285, -0.0673912
0.215885, 6.70801
0.883787, 2.04952
2.03602, 3.08024
3.24791, 3.97665
5.04955, 5.11054
5.09049, 4.86765
1.14193, 1.9048
-0.185797, 3.79589
2.09486, -0.138441
6.94566, 3.08623
5.98882, 0.786775
5.16683, 1.97163
-0.0861647, 4.08146
3.82016, 3.94249
7.05218, 2.15922
6.8486, 0.987167
-0.0209108, 2.08705
0.0455698, 2.02696
1.14937, 4.07757
7.01267, 3.909
2.93705, 4.08305
3.06444, 1.223
1.95735, 3.01972
3.16034, 2.8756
3.81654, 5.88797
1.07533, 2.06202
6.99266, 2.07909
6.15482, 5.08785
0.00884983, 6.98357
1.19521, 6.98187
5.98795, -0.130638
3.02185, 2.98128
3.10338, 1.99771
2.0455, 6.86957
2.02206, 5.97675
-0.0335063, 5.77765
7.05803, 1.92974
1.11053, 1.81426
0.997533, 2.11438
4.94859, 5.00146
0.747123, 4.74244
2.02024, 1.09959
2.82583, 3.13631
1.15369, 4.21729
1.30458, 2.64808
7.23005, 6.15731
0.0792922, 5.98183
5.81453, 6.83661
6.85208, 2.91327
5.12396, 4.10615
7.01182, 6.10665
2.94373, 6.87928
7.01994, 1.85873
3.22207, 4.00716
6.06692, 4.93416
5.93758, 3.9141
4.98418, 0.861529
4.11034, 6.85135
2.87949, 5.00631
-0.123213, 6.03368
5.904, 4.98059
5.08696, 0.963722
7.03781, 6.05439
2.94441, -0.114042
0.916747, -0.0474732
-0.0287186, 4.86395
6.91162, 1.82158
1.0415, 7.12022
2.03593, 3.30296
7.00299, 3.89775
4.99039, 6.18543
2.07142, 2.20911
2.45577, 5.96668
4.88938, 6.07656
1.89049, 0.919878
3.2154, 7.00239
4.71723, 7.03768
1.06871, 6.0625
-0.0748051, 6.03787
3.11265, 5.88241
0.20554, 5.15954
6.05807, -0.0651929
3.90536, 5.81369
2.7626, 2.90018
3.00592, 1.90979
0.753508, 2.95736
5.09523, 6.0177
7.26102, 6.05491
1.84115, 5.09886
2.04523, 4.0385
-0.130728, 3.00012
-0.117801, 6.02034
0.0445571, 6.26794
6.93063, -0.0373555
1.05137, 0.949617
-0.0156893, 7.01248
6.98798, 0.999819
5.96703, 7.05093
4.06973, 6.03474
5.13549, -0.0309217
1.07323, 6.10691
2.00548, 3.97027
5.95416, 6.9421
6.03689, 1.07092
1.14718, 6.87936
3.09086, 2.80223
6.89398, 4.84994
0.831763, 4.92067
-0.118848, 2.02275
2.03936, 0.891265
4.915, 6.76782
6.91427, 3.89327
5.91264, 6.06873
3.86648, 3.07455
6.93434, 0.971889
2.81413, 5.04136
4.87058, 1.99026
4.84638, 4.07889
6.01683, 2.04314
4.92948, -0.0528743
-0.062837, 7.01284
1.03205, 2.09572
5.96686, 0.0167253
4.27869, -0.239874
1.82792, 4.9881
6.96333, 3.07268
4.89713, 6.20952
5.87028, 5.16765
2.03831, 2.93163
6.95113, 1.03189
3.84836, 1.94449
3.98001, 2.90286
1.99475, 5.8192
5.88904, 1.96341
4.89223, 2.92305
2.08095, 0.227003
4.92515, 2.04318
3.99443, 7.11672
3.91251, 1.14756
4.12148, 2.12629
2.95395, -0.0474525
2.20262, 6.98938
0.0901992, 2.64968
5.01127, 0.953785
0.113617, 0.151082
4.97457, 2.09072
3.06709, 2.02475
6.95537, -0.0154794
-0.0812456, 7.11277
4.08274, 0.968423
-0.173162, 4.08807
4.96011, 5.95766
4.13769, 5.03363
1.99512, 0.00154044
-0.0593273, 7.03402
1.93992, -0.261525
0.148026, 0.109885
2.973, 4.00201
5.1123, 6.06359
2.02585, 2.088
5.93115, 2.12948
3.96196, 2.13973
0.923272, 5.19196
4.94691, 3.05329
2.04386, 3.11162
1.96706, -0.107049
1.09459, 6.15396
5.9415, 7.09291
2.9236, 3.76192
5.27106, 4.89102
5.83867, 6.88233
6.84078, 0.799603
5.02953, 2.00571
6.26321, 5.08873
4.1808, 4.88777
2.02077, 6.0025
4.19897, 3.08223
3.00559, 3.02977
3.99183, 2.85464
5.87442, 2.83578
6.08608, 6.94542
4.83301, 0.923585
2.06611, 7.06014
6.94266, -0.118684
0.848849, 2.92271
6.80021, 0.927379
5.00347, 7.23314
5.97566, 3.12063
3.28213, 4.21107
1.84446, 4.04971
5.05743, 1.13862
4.04496, 4.08952
0.201802, 4.02811
5.18021, 4.88386
6.01844, 5.91355
3.161, 4.17297
4.94119, 6.02424
0.856505, 6.85039
2.89167, 1.02733
3.06689, 1.11024
4.82015, 3.20344
4.11548, 4.78355
6.09248, 0.890908
7.02625, 3.98686
4.09383, 5.99084
7.15395, -0.162389
2.91996, 4.11486
6.92367, 5.86076
0.0275394, 1.00739
-0.163306, 2.01174
4.94857, 6.0852
7.17095, 1.0575
0.139023, 5.96189
4.15929, -0.0439501
4.043, 1.98382
7.14832, 7.05777
4.13261, 2.81615
0.75441, 1.87498
2.97315, 5.14063
2.9232, 7.08352
0.0691719, -0.0949788
6.03019, 0.0933678
4.02482, 4.83695
6.90473, 1.90906
3.04991, 2.94534
2.1006, 0.736251
1.05457, 4.87787
6.2829, 3.09394
3.86202, 0.126719
6.84355, 6.97994
4.90869, 1.94818
4.04685, 0.857782
3.26059, 1.90058
0.225924, 1.95338
1.16989, 3.76509
2.02168, 6.19537
1.85743, 1.00085
6.84231, 0.0574369
1.14637, 7.10272
5.07397, 4.0293
0.824024, 4.97611
0.0399449, 6.95007
5.10577, 3.05612
6.06408, 1.9661
4.12866, 0.000358136
-0.0726344, 1.87216
2.97602, 0.781903
6.0602, 6.94757
5.9273, 2.24453
3.78596, -0.0432724
3.87663, 3.0496
0.942525, 3.11448
4.80108, 0.800404
2.00905, 2.95767
6.06697, 3.04047
5.83611, 7.16132
0.942751, 3.04697
2.00644, 4.0157
4.94253, 6.89879
-0.194233, 1.99032
4.13079, 0.012086
7.14297, 0.92787
6.04379, 0.996491
4.17059, 6.02807
2.95584, 3.04891
1.96938, 3.97341
4.06529, 6.02202
2.07933, 2.13312
2.95256, 0.0897921
0.991706, 4.8466
5.89486, 7.06038
0.968549, -0.244993
0.015236, 4.97823
3.00335, 1.91066
5.18881, 2.2289
0.161799, 4.92224
4.86993, 7.14659
4.85423, 0.0323081
3.0258, 5.75836
0.829868, 6.94107
3.20405, 7.08049
2.05376, 4.91613
2.88041, -0.168343
0.0350115, 4.79643
2.97068, 0.91647
4.98312, 4.06558
6.99619, 6.14612
5.98578, 4.16467
0.997142, 3.13659
3.23813, 1.08364
1.78374, 4.9189
1.76599, 5.85018
1.02569, 4.8786
0.747976, 5.88995
4.08333, 7.21201
-0.0781109, 7.06472
4.1096, 2.05972
-0.0170583, 2.89666
6.82485, -0.0916052
2.21116, 4.95221
4.94705, 1.1903
2.97817, 7.05574
2.93908, 2.87289
0.992145, 6.78339
3.10597, 0.940222
4.08082, 2.02272
1.1931, 4.88255
4.03191, 0.958271
1.92468, -0.0210977
0.0789405, 7.11436
7.04642, 2.07654
-0.132978, 3.99689
2.98989, 0.816183
4.08275, 4.96116
-0.0104423, 6.92296
6.87964, 5.09948
5.04037, 5.14361
7.25186, 3.88071
1.93083, 5.83282
1.09546, 3.77637
6.09693, 1.03661
6.0315, 2.19677
0.906572, 5.93044
7.1772, 0.963934
6.09434, 2.65951
3.07614, 2.14333
3.02639, 4.19944
1.21943, 2.06799
4.03602, 1.23134
1.04531, 0.0169663
6.19778, 3.09235
4.94467, 2.99854
2.05346, 3.97065
6.99123, 4.9701
3.01306, 4.89261
6.72596, 4.80878
2.06482, 1.84519
5.37739, 5.03343
3.89355, 6.83961
1.94126, 1.17478
4.40432, 6.87686
0.854094, 3.26183
3.93167, 1.11473
7.03058, 3.88747
0.877622, 2.5018
4.92253, 6.05121
-0.0488874, 5.16058
3.06081, 6.88887
1.93032, 5.79607
1.84403, 2.94785
6.92432, 1.91788
0.0284971, 0.106733
5.80377, 2.17936
3.87097, 7.0611
2.04434, 1.9663
7.32394, 0.964181
2.81282, 6.0229
2.8137, 6.1308
5.82, 0.220389
2.86328, 5.11671
1.06169, 5.94032
2.01951, 5.92155
0.118048, 3.73839
5.1091, 4.88867
5.06769, 4.09523
1.83137, 0.119754
-0.147863, 4.98777
5.9958, 4.86442
-0.200547, -0.0432637
3.91713, 2.09893
2.15653, 0.886276
4.92179, 0.0646355
3.99838, 3.10889
4.06965, 0.953937
2.07219, 0.00268772
5.94644, 4.86374
7.03612, 4.20691
0.151644, 2.97139
2.90036, 4.01113
0.0852057, 6.97972
1.95545, 2.03565
6.84142, 6.71153
4.88428, 0.054187
1.14879, 1.82753
6.01044, 3.92727
2.9112, 2.01736
0.0901458, -0.141958
0.069035, 1.00523
2.98447, 5.86453
3.91077, 6.14506
1.86479, 2.20852
1.10896, 0.991173
5.03925, -0.0303329
1.87544, 6.02416
3.8186, 6.108
6.91573, 2.96239
3.01165, 4.92541
6.92221, 7.10705
7.01107, 0.0975534
1.03238, 1.04101
1.15478, 6.86453
-0.0694734, -0.101053
4.9145, -0.084607
2.69135, -0.335233
6.92833, 6.07806
4.04061, 4.11177
7.15526, 5.92731
0.734344, 6.10791
5.044, 0.0316085
1.88041, 4.14355
6.83993, 2.04606
0.0899963, -0.00490419
2.14566, 6.94679
4.08059, -0.00678913
5.09999, 5.24975
0.035159, 6.88212
6.10638, 4.24736
2.21063, 2.76082
0.851437, 0.995729
3.32384, 0.273579
2.19349, -0.187027
4.22956, 0.862626
6.90915, 2.76565
4.14855, 6.95017
-0.0442378, 4.03999
0.971529, 4.94069
5.06908, 0.114336
7.10933, 5.92567
3.00354, 0.20738
4.08779, 4.94287
5.97689, 1.02303
2.977, 0.0948316
2.02011, 4.1522
3.97198, 5.97695
3.83531, 4.78618
6.8903, 5.81166
4.95738, 4.81414
0.891362, 4.05275
4.96361, 4.94338
-0.00945148, 6.66225
3.98784, 6.14814
5.9294, 4.15919
1.05601, 6.78836
1.08687, 6.75617
2.9087, 6.06933
1.00971, 5.95426
4.07933, 3.96254
0.0119359, 6.76352
3.09363, 5.64932
2.35318, 4.01094
-0.0954275, 7.22696
1.01053, 2.93803
6.2858, 7.04972
1.80624, 0.057275
0.881948, 0.173575
2.22705, 0.134405
5.08352, 6.06207
0.967833, 2.2821
5.02776, 0.956069
5.99014, 3.00051
3.02492, 6.08115
5.1519, 4.13439
5.19776, 5.93466
3.97425, 4.0454
0.035695, 1.95109
1.9336, -0.275639
0.0203743, 2.13938
2.87166, 0.120001
5.7187, 8.616e-05
2.92341, 7.11494
2.01486, 3.90831
5.04049, 1.00179
4.84588, 1.14979
2.95299, 1.96921
6.95837, 6.24479
3.09056, 4.98642
5.03817, 2.04594
-0.0515468, 4.11107
2.00916, 6.06829
5.93182, -0.0070862
3.01345, 6.92801
1.0941, 3.93403
-0.012067, 7.0673
-0.104441, 1.85993
3.98558, 1.10402
2.96953, 7.04614
5.83873, 4.04461
1.84867, 6.05446
2.01604, 3.01766
2.97806, 2.04706
0.0564643, 6.87465
2.09899, 6.36121
3.78877, 7.07506
0.938146, 2.05154
-0.0326511, 0.874397
3.90396, 2.99903
3.96644, -0.0247764
0.909093, 1.90175
3.115, 6.01157
6.95532, 1.02759
2.13948, 1.07401
5.95406, 5.91622
0.212011, 2.03591
6.1096, 7.12411
5.06395, 1.07076
0.901715, 3.04337
3.04737, 4.16824
-0.0468287, 4.05404
1.07273, 6.93733
1.84915, 3.94915
2.08274, 6.0947
-0.211831, 1.83156
0.12243, 4.9651
0.957275, 2.82147
1.97145, 1.93676
1.82087, 1.04191
0.856387, 4.20488
-0.105369, 3.03477
2.09715, 7.06267
0.182652, 7.18781
6.05024, 1.89919
6.10391, 4.10756
0.888268, 3.01662
0.0146055, 3.06632
3.88116, 7.08288
-0.162211, 1.03155
6.89214, 2.01028
2.13247, 5.95718
0.969396, 0.0898723
7.07931, 6.17853
1.06052, 5.17381
1.91109, 3.94008
6.08536, 7.15675
5.12575, 4.06554
0.144041, 2.07113
5.89261, 4.97863
5.14352, 2.90978
1.98111, 2.12237
2.08255, 7.04253
0.945809, 3.86421
7.17701, 1.73808
-0.0821887, 0.910599
0.0402237, 5.96318
-0.107852, 6.22934
1.96324, 6.03697
6.04364, 3.05737
4.10921, 6.03708
4.8651, 7.00645
6.0399, 5.07799
-0.0390362, 2.7289
4.93975, 4.17611
5.98072, 4.20883
5.92666, 5.99911
-0.180876, 3.07257
6.06001, 0.870031
2.09065, 3.05647
6.85098, 1.13008
1.77124, 3.1036
6.01106, 0.00714626
0.150872, 6.85746
-0.0856197, 3.14789
1.1829, 3.00458
-0.0997569, 3.88204
-0.0058455, 5.92904
5.10789, 2.07923
4.94719, 3.98435
3.97473, 0.211392
1.8608, 2.02471
2.00259, 5.99736
2.97481, 0.990604
0.880674, 1.89367
5.9605, -0.135174
3.16975, 2.95691
3.10012, 1.16529
0.81897, 3.12081
7.08109, 5.99128
6.00116, 3.99071
1.07841, 3.91894
3.00371, 2.80365
4.85703, 1.98141
2.91634, 6.18348
3.02067, 7.08575
1.02555, 1.82704
0.198154, 4.14929
6.98022, 2.90205
4.10965, 6.9917
6.15488, 7.16162
5.07851, 3.15806
0.974136, 1.04546
4.31789, 7.04004
5.03322, 4.98376
4.91197, 6.0197
5.05942, 4.08571
5.05501, 4.00064
2.78236, 0.166689
4.94066, 2.93124
3.2057, 7.13084
7.01024, 1.14708
4.01753, 2.03993
3.99273, 1.82159
6.21014, 5.91074
0.120133, 2.96177
1.95843, 2.90015
0.0954, 5.92051
3.19399, 7.15138
1.05035, 6.88256
-0.0396503, 3.05238
6.85517, 6.05826
2.88291, -0.347319
7.12256, 2.68382
0.305494, 4.05793
6.99494, 4.96488
6.14565, 7.16693
6.04974, 2.07364
2.75335, 3.87332
3.12718, 2.03124
4.92802, 1.13665
1.13228, 7.06808
0.975628, 2.08764
4.09612, 6.83252
1.9376, 2.00708
2.99941, 6.99802
3.09536, 2.15493
6.00205, 5.86905
7.08025, 4.26718
4.02248, 1.29812
2.8883, 5.12923
1.11287, 0.967856
5.83311, -0.0388122
7.22674, 3.11567
5.92773, 0.24268
4.92729, 1.83678
5.95054, 7.05739
5.93234, 6.08039
4.78136, 1.06003
2.02198, 0.11109
-0.195547, 6.87505
3.9298, 1.05421
5.97303, 4.94468
0.936635, 2.05155
7.31005, 6.01107
0.810704, 3.131
1.30221, 4.18551
2.04673, 4.92301
5.03936, 2.87232
1.97479, 2.23516
7.14287, 3.86079
1.09441, 0.763704
7.04997, 0.95696
0.868735, 0.838322
3.14303, 5.99127
2.90498, 7.04625
1.25962, 0.934114
-0.0186014, 3.04781
1.93939, 3.12567
6.92099, 7.17275
2.00978, 2.01879
4.22094, 0.176995
5.93164, 5.00463
3.97475, 3.0484
4.97735, 3.02737
6.0331, 0.115055
3.02619, 4.03555
0.8687, 0.162923
4.0202, 2.97616
5.95832, 6.72588
5.97457, 2.85461
4.0611, 4.03995
7.16892, 4.11748
1.87172, 3.75658
0.103467, 4.12604
5.06057, 1.97064
0.0255002, 1.9526
7.12583, 3.04435
2.94588, 4.02906
7.08981, 0.00803794
6.93041, 0.166971
0.191902, -0.000404554
5.96521, 2.02105
1.0466, 4.88379
2.97503, 2.12497
5.02823, 0.0922498
7.0131, 6.86795
5.04044, 4.07642
1.00352, 3.02312
0.138629, 7.01273
2.9379, -0.187688
3.02149, 2.78435
0.0619732, 1.06785
3.73179, 2.1246
4.03784, 0.932152
3.10363, 7.08822
3.14582, 5.04358
1.00409, 6.92634
6.93782, 1.91407
3.95753, 0.915833
0.982867, 1.82337
3.93142, 1.95071
0.849568, 3.85015
3.99705, 1.94349
0.976645, 1.98213
5.98155, 4.81964
5.96172, 2.97163
7.14808, 3.07653
-0.0359112, 1.00487
1.08524, 7.1339
4.02044, 4.71105
1.01215, 1.09623
2.83747, 1.83767
0.151411, 1.22192
5.85115, 6.8106
1.0502, 3.11934
5.99719, 3.85329
4.92198, 6.94982
-0.25261, 6.95754
2.22752, 1.04598
3.89458, 0.897589
0.834459, 2.93907
0.757482, 3.21548
3.09063, 5.96053
3.02746, 1.02642
6.13472, 2.80266
0.0449403, 6.08406
7.24805, 2.18543
0.786196, 6.07852
3.09099, -0.0139631
6.35579, 6.28639
6.88483, 1.64694
1.97824, 2.00605
6.82847, -0.14518
6.89142, 2.98394
5.15901, 5.94926
3.85274, 0.873779
1.02077, 4.07023
1.01019, 0.923541
1.90421, -0.00242258
3.14773, 7.01001
1.98263, 3.88895
2.09394, 4.04302
2.8663, 4.94096
3.00681, 2.04518
4.05229, 6.98425
1.04547, 6.86178
6.74802, 1.09054
4.9652, 3.10007
3.99099, 4.8688
-0.065958, 1.03266
-0.181662, 3.13488
6.01814, 3.15827
3.03758, 7.10251
4.14865, 7.01431
5.99312, -0.166271
2.01343, 5.01395
5.09354, 7.0295
3.9198, 4.0146
5.01689, -0.175391
0.828129, 5.03236
2.0243, 1.13098
6.043, 5.96584
5.87372, 3.1432
5.05069, 6.14769
5.14042, 6.80853
1.91925, 6.98995
-0.103871, 2.98881
0.892021, 1.94381
-0.22952, 4.8098
1.00904, 0.0567761
3.01269, -0.0387198
3.16874, 3.02606
3.93808, 0.962104
6.00055, 5.00701
5.03141, 2.97258
4.9476, 3.98483
3.98797, 4.33192
6.9226, 2.23753
5.01578, -0.184844
4.92511, 0.111023
6.05315, 6.98569
7.00179, 6.91499
0.11954, 5.01728
3.00742, 4.02282
4.14036, 1.94942
2.96331, 1.01529
5.92372, 1.91642
1.98068, 5.79086
0.951318, 7.25047
0.935524, 3.83704
5.97928, 5.16392
2.9388, 0.0384338
6.92738, 7.23812
4.12187, 5.83462
4.07333, 4.03555
1.96673, 0.822068
1.95728, 6.0491
3.24006, 0.994102
4.07122, 2.11631
3.9594, 3.95009
4.04413, 1.16153
5.21441, 0.00308484
4.99724, 6.98293
6.14457, 4.78996
6.9805, 0.989276
2.09191, 6.02914
4.96454, 2.22325
4.95618, 3.21551
1.05894, 0.00548643
4.00301, 6.11882
1.88569, 6.04563
1.88996, 3.92743
5.92043, 2.04661
5.03082, 3.91485
0.919807, -0.128124
3.64296, 6.14195
0.174303, 6.14232
7.00968, 2.15781
4.02787, 7.03873
2.00213, 3.78408
5.08927, 4.06911
0.959788, 7.18648
3.95006, 4.84619
7.0506, 4.07079
4.89637, 0.000876278
1.15676, 6.15281
7.09844, 4.0139
3.02103, 1.91752
2.94091, 6.86343
2.07861, -0.00445586
6.94898, 4.81699
1.96716, 1.95828
4.95071, 1.09166
-0.0158668, 6.10607
6.13747, 2.03291
3.87454, 7.03675
1.99107, 0.939254
1.02813, 2.02227
1.06561, 1.83799
2.17096, 6.97118
0.987253, 1.90175
6.1104, 4.29573
4.83766, 4.7429
5.047, 5.99795
6.94616, 5.93688
6.18922, 2.04546
3.89403, 6.06103
7.20263, 5.17078
0.0564155, 3.98643
1.95595, 5.98889
6.07933, 5.02962
1.96336, 1.84588
3.08537, 1.99149
-0.199273, 6.017
1.95626, 4.13484
2.77427, 2.93325
6.91431, 6.09546
-0.0210675, 6.85473
2.04276, 1.08676
4.25195, 0.932158
0.447564, 0.898781
6.11843, 4.94514
5.07311, 1.82982
0.98696, 4.8745
1.00604, 6.17794
3.19695, 3.765
3.9657, 2.00497
1.99192, 1.89053
1.78568, 2.96287
6.86698, 5.92375
-0.256852, 2.31041
7.07508, 1.00885
1.07915, 6.03954
0.0895963, 5.13363
7.1293, 0.885757
1.91399, -0.0854887
0.00258049, 0.0298488
-0.0629714, 1.83739
5.95864, 3.13981
4.09017, 3.05467
3.04397, 6.21203
1.98618, 2.90867
0.838281, -0.0362614
5.0729, 0.150491
2.02459, 6.03624
0.980192, 2.04214
7.0668, 4.09727
0.179696, 4.06074
0.109199, 4.87437
5.95276, 4.97405
6.90786, 2.88141
4.11004, 5.11316
6.05445, 1.02764
-0.1751, 0.109127
0.842813, 3.9378
6.96156, 1.9599
2.15639, 4.11416
1.73187, 1.01957
2.85609, 2.2107
4.07222, 3.9834
-0.0148999, 4.91631
3.896, 1.24246
-0.0337656, 7.09713
0.963014, 6.88749
4.85369, 4.88301
5.02465, 5.09987
-0.0678064, 4.85587
4.90819, 4.88709
3.79083, 1.85704
-0.115558, 2.17502
5.10655, 6.14497
5.94673, 3.00055
0.06995, 5.99313
6.19244, 1.9968
0.101601, 3.12291
2.96833, 4.9852
1.8559, 1.90402
2.9458, 5.11386
1.05665, 5.9465
1.08864, 4.10798
6.04857, 0.091983
1.01939, 6.9084
4.13542, 4.91005
6.99623, 1.8549
6.89597, 7.06913
3.78157, 0.200147
5.18136, 2.10197
3.13149, 0.918447
1.78052, 2.88193
1.11926, 6.81311
5.99772, 2.80858
0.930938, -0.1673
1.93183, 3.26124
2.1703, 2.86629
0.93524, 5.92875
-0.216067, 7.20256
5.9662, 0.120512
0.00661937, 5.83186
0.0437676, 5.04397
0.901141, 3.91767
0.118872, 3.98249
2.09437, 1.95923
0.0419912, -0.029654
4.77525, 1.15788
1.78217, 5.85852
5.99097, -0.0145348
1.11314, 3.99947
0.0837678, 3.99364
2.18308, 0.858957
1.7438, 1.04044
2.01021, 0.821022
7.02156, 3.04626
6.16768, 3.03059
1.86133, 1.9001
5.0121, 0.993819
5.08125, 5.19697
7.11161, 5.16175
3.91029, 4.81145
4.9841, 1.94452
3.80279, 2.6948
3.03071, 4.19684
0.0942676, 2.1197
7.0199, 1.13042
-0.154371, 0.9369
-0.211944, 5.99245
4.87555, 6.89272
7.17051, 0.929936
2.05763, 5.78347
-0.0522559, 5.93097
3.76975, -0.030758
3.75474, 2.9814
4.0751, 2.9963
3.01959, 7.17441
2.12014, 0.787368
5.32236, 2.78321
4.92512, 7.07727
7.03437, 6.00629
3.00994, 1.09921
1.03912, 1.68175
6.26, 5.26846
6.94726, 6.98254
3.04271, 0.839081
4.94298, 5.91228
0.112405, 1.01972
0.000243788, 5.82647
6.06559, -0.12232
1.06954, 2.86214
5.96446, 4.90646
3.87009, 6.09692
5.10871, 3.07137
0.205048, 4.01791
3.1335, 1.02522
1.94252, 1.18774
4.91979, 0.933632
1.9649, 4.06206
4.02764, 6.99033
6.72789, 0.997176
1.05064, 6.90663
0.0222497, 4.00068
6.93651, 6.04659
1.94951, 2.10066
0.127651, 1.98225
3.13377, 5.80108
4.88045, 2.88802
-0.0488819, 4.95445
6.94939, 0.0377354
3.93772, 6.03034
1.92826, 5.83473
6.9503, 4.87522
1.21538, 5.09546
0.00588569, 4.88475
2.17891, 5.06869
5.031, 6.97066
3.94205, 4.86708
2.10017, 4.95516
2.9954, 6.06377
0.00398945, -0.0391909
5.84102, 0.967236
-0.032374, 1.97605
2.98722, 3.87644
-0.149642, 5.90112
5.94272, 3.78961
6.98142, 2.04744
4.84724, 4.95214
6.21816, 2.05054
5.1549, 1.07805
0.982178, 0.00925281
2.1837, -0.026657
5.96559, 6.91277
2.00012, 5.9143
3.17744, 6.97236
1.14836, 5.93548
5.93867, 0.996583
1.01116, 5.10435
5.14469, 1.73422
1.05612, 6.83433
4.98004, -0.064846
3.0823, -0.184773
1.90651, 4.02416
2.03592, 5.89584
0.0730583, 3.04694
7.24586, 4.02085
5.10029, 3.04157
0.0520543, 2.94985
2.9659, 5.86916
-0.163532, 2.88829
6.95032, 7.06895
7.0493, 0.235697
2.86184, 3.92241
2.80858, -0.041527
1.8255, 4.00074
3.20267, 5.96734
2.06167, 7.12414
4.13736, 5.88169
6.88247, 2.95123
5.11795, 6.90258
7.06466, -0.0228693
0.0196798, 5.09293
2.79377, 3.91738
2.02572, 1.09506
0.927137, 3.61812
-0.00275551, -0.125145
2.86885, 2.7682
4.08352, 6.04062
3.84299, 6.10472
3.12608, 2.97968
0.809223, 4.00173
2.14675, 2.02943
7.17689, 2.0017
7.06724, 6.03877
5.19931, 2.00431
6.20694, 4.93526
0.0248925, 3.08136
2.73675, 4.90584
-0.2276, 4.89464
2.99148, 4.17343
6.75866, 4.2727
5.09184, -0.0690933
3.10143, 0.966045
2.88956, 2.25473
3.08699, 2.03026
6.15314, 5.94472
0.00325108, 7.08429
5.01158, 5.00925
1.91721, 4.02317
0.856224, 4.8853
1.0533, 1.83668
0.884293, 6.01423
3.008, 7.07581
-0.47109, 6.96153
5.00164, 7.0174
7.18128, 5.91425
6.92299, 0.0244278
0.0522952, 2.13105
7.11984, 4.93236
6.00205, 5.92362
-0.0909712, 5.20932
3.03453, 3.0426
3.04832, 6.04259
6.1778, 1.02567
0.191145, 4.18032
-0.106316, 1.18427
0.0631236, 0.911696
-0.132089, 5.09416
0.888068, 7.09599
-0.0216019, 2.99154
3.00268, 7.14548
3.04049, 6.14027
4.01602, 1.13505
6.07438, 5.9295
1.0723, 2.93776
1.79398, 2.0187
4.0543, -0.346592
2.12674, -0.0544802
4.98669, 4.97622
3.02826, 6.17411
7.19988, 4.18615
0.928202, 5.05207
4.01914, 1.01462
3.75721, 4.00365
4.87093, 6.7699
0.95409, 6.93013
-0.00375009, 5.73581
5.19131, 6.08928
7.10204, 4.85973
3.88994, 4.99946
6.99689, 6.10461
7.1432, 4.80884
5.19279, 3.07112
4.93266, 1.9676
1.79314, -0.0595521
6.64247, 2.03736
1.98834, 3.99892
7.05989, 3.10205
1.25998, 3.27835
6.85846, 4.06559
5.8726, 0.883732
-0.0430697, 0.92
2.83681, 0.084059
2.19496, 5.97061
5.22005, 2.11393
1.16371, 2.81989
3.13208, 4.81339
5.98785, 2.0482
2.17268, 5.06093
6.03881, 3.83111
3.81516, 6.79454
1.94606, 4.049
5.81443, 0.0990121
-0.0513739, 6.15635
5.0074, 1.88857
4.99359, 3.95034
4.80753, 0.756057
3.9273, 1.94272
2.92402, 0.95252
1.99589, 7.00552
2.87277, 3.05978
4.00527, 0.709678
7.0075, 5.11721
4.93801, 3.16574
5.94261, 6.09892
6.66507, 1.96235
6.87476, 3.14053
0.995407, 4.14184
3.94494, 7.2745
0.843466, 0.887165
0.77525, 2.16643
1.96865, 0.895626
2.932, 5.88382
4.01464, -0.0390766
0.939384, 4.78286
1.09865, 1.91706
7.16128, 1.81094
4.91153, 7.06293
-0.0950221, 2.01885
2.78917, 6.91344
2.03081, 5.02924
6.0427, 1.05259
5.96202, 3.17743
1.22815, 0.838196
4.85991, 3.10755
4.14225, 4.05285
0.700046, 6.99728
7.02388, -0.0725677
-0.0496777, 5.96373
1.10146, 0.616423
6.01686, 3.12467
4.01753, 6.12028
6.99801, 6.98904
1.87385, 0.955034
0.031462, 1.04834
3.0447, 6.07848
6.93476, 3.24565
3.86221, 0.899007
5.90018, 5.0789
4.03723, 3.90866
2.2038, 0.899073
0.959781, -0.00650633
5.82024, 7.07205
1.00199, 5.88426
0.000526462, 4.98457
6.90433, 7.09363
3.76383, 6.86965
-0.190035, 3.14187
4.25356, 2.03103
0.0359584, -0.269506
3.04985, 6.04377
4.85159, 4.96934
6.11009, 1.20719
6.06799, 1.96001
6.97805, 6.85859
6.95957, 0.931625
5.88067, 1.02026
-0.141319, 2.97154
2.02818, 6.94773
5.05287, 5.92285
2.13185, 6.88905
4.01487, -0.0447972
0.899291, 7.03922
3.21687, 3.99176
2.75624, 2.93923
2.95726, 0.986054
5.9167, 0.0175704
4.87362, 4.05775
5.83761, 6.94077
6.72194, 3.1432
0.928974, 5.16496
1.18903, 6.05829
0.855533, 5.98521
5.15879, 2.12796
0.908681, 0.220326
-0.0193435, 4.99392
1.96986, 0.843549
2.96149, 6.96122
3.86583, 5.91442
1.89667, 3.99978
1.95906, 3.89489
0.0156205, 5.93819
1.96016, 5.82629
6.9719, 3.11639
5.83262, -0.0415645
4.96349, 7.0522
5.04554, 3.01674
0.766547, 1.75725
3.94728, -0.163626
6.05706, 2.93887
5.85758, 2.12025
5.98019, 2.76315
6.96198, 1.96704
0.260741, 1.83821
1.03813, 1.80431
6.8471, 2.8836
7.03588, 5.96881
0.980473, 4.13311
0.103665, 1.79195
5.90395, 1.97507
-0.278507, -0.189588
2.95366, 1.01314
6.6806, 1.01152
7.17178, 3.2059
2.03037, 2.04666
3.8296, 2.06167
4.00353, 5.00648
5.03216, 2.08829
0.00636963, 0.836574
2.15192, 4.34267
6.87672, 4.91477
4.94062, 5.83865
2.22134, 7.04273
5.8985, 0.0747682
7.00656, 6.18327
6.09636, 4.87647
0.805064, 6.71413
5.08271, 3.83541
3.1266, 2.97709
6.95335, 6.07807
6.06778, 2.2553
1.89478, 3.9151
1.16357, 1.89442
0.0521651, 6.87642
4.03482, 3.95335
7.03506, 7.06344
0.93541, 5.93378
-0.0106193, 3.22095
0.846928, 5.08168
4.9517, 2.08613
5.21574, 2.09874
1.87904, 0.116305
2.7285, -0.0688098
4.97784, 5.97146
3.68471, 3.87523
4.12939, -0.0367771
0.751803, 4.83418
4.07041, 0.917274
1.28137, 2.85267
0.00701205, 5.15388
1.01265, 4.88216
6.09887, 1.90134
3.15853, 1.79881
5.93247, 0.900421
3.88655, 2.03089
2.92193, 1.91208
3.78838, 1.10354
4.20197, 6.92264
0.757126, 1.68945
2.79399, 5.00549
5.04484, 0.0158444
5.76445, 1.80673
2.95397, 6.7914
3.81267, 2.10545
2.98624, 0.0302361
3.20485, 3.83427
4.07024, 5.0707
3.95149, 1.96588
4.91217, 5.02762
4.73132, 1.93326
4.95993, 2.87566
1.89579, 2.07738
-0.152265, -0.220703
-0.0319596, 1.21142
1.09298, 5.10018
3.09469, 4.93021
2.94242, 1.15839
0.987426, 4.85592
0.173541, 3.13623
0.843535, 4.75806
2.20595, 7.04234
4.88444, 2.01276
1.07118, 4.12757
-0.0423492, 0.0595179
2.09723, 6.97755
7.01386, 1.83937
2.11274, 7.2271
5.01794, 0.136003
7.10759, 3.11682
7.06152, 3.86371
6.01825, 1.28321
6.06969, 3.8692
7.06608, 3.09179
4.08518, 3.94045
4.04405, 1.25093
0.825063, 5.01173
3.16211, -0.0164883
2.94524, 3.91219
0.0191262, -0.00614812
3.10691, 2.91287
2.0538, 1.09788
6.95947, 3.8756
4.86803, 3.80156
2.97517, 3.01434
7.06703, 0.0344413
4.06881, 6.04053
1.82347, -0.0215781
2.14576, 7.07643
5.99727, 5.93215
4.19712, 4.96431
-0.0503464, 6.13828
6.97209, -0.138788
4.06366, 3.89085
0.21998, 7.07296
3.10888, 6.0245
6.86797, 5.95127
3.13904, -0.24948
0.0440567, 3.9853
5.93553, 3.16336
3.92691, 5.97804
-0.0169515, 0.955846
7.13327, 1.84767
3.74584, 3.99657
1.98461, 7.10348
5.18341, 3.89708
4.17115, 4.85491
3.05117, 0.9814
4.12763, 7.07077
3.91445, 5.04743
3.05692, 7.02494
4.82609, 2.01811
4.03445, 6.84896
6.09128, 5.02084
7.16043, 0.916321
2.96525, 0.0837731
5.10554, 6.98692
3.10346, 0.102813
6.08612, 6.8712
3.80376, 1.66777
6.88826, 6.15833
0.00637202, 0.919073
4.04427, 6.04755
7.05466, 3.0765
6.1657, 4.88969
7.10196, 4.84086
1.81215, 4.13069
2.12093, 6.988
2.74033, 5.00191
7.03463, 3.10481
1.08736, 5.86094
5.11228, 0.949502
7.12609, 3.97664
0.0185353, 4.77879
5.73567, 2.02867
3.8939, 2.92766
2.94903, 5.14805
4.38396, 0.937547
2.11023, 7.20918
-0.102078, -0.0623934
4.08898, 5.12874
2.94419, 5.82522
4.00429, -0.0907446
0.0460637, 1.01927
1.8348, 4.93708
5.97398, 3.76274
6.02079, 1.75067
1.18404, 5.95118
3.26126, 7.01897
5.97451, 5.89916
5.1685, 2.99792
4.95287, 3.16393
2.04518, 3.91291
2.08163, 0.930681
1.02951, 5.98788
3.87094, 7.14684
4.86054, 5.29829
6.95253, 1.21176
4.94621, 2.02798
7.07251, 5.05618
4.04654, 6.07072
0.971356, 2.75118
3.03229, 7.01564
1.97208, 1.9292
1.93409, 1.09554
7.1431, 6.23486
6.91848, 4.95199
0.819208, 6.90268
3.89059, 7.13649
6.09032, 3.15863
1.17478, -0.0806305
5.9947, 5.98626
1.87206, -0.024391
0.0366555, 2.79975
4.12066, 5.78001
-0.0759386, 0.0274804
5.99846, 2.89418
3.91886, 6.05586
0.0611396, 6.86035
3.0418, -0.146571
6.93455, -0.0102973
3.07507, 0.94384
4.07562, 1.14168
1.04293, 1.09032
2.97612, 0.0673964
3.90489, 0.90646
3.86346, 4.05502
2.80249, -0.00985949
6.96242, 5.92821
6.88781, 2.14237
4.10086, 4.04689
7.06784, 6.93346
2.19354, 3.04755
4.00494, 4.17356
4.91741, 3.88502
4.82513, 5.97202
5.00159, 2.91467
6.86658, 1.91761
6.89821, 1.01962
-0.25404, 7.01283
-0.0503516, 5.14628
-0.148305, 6.13562
4.84901, 6.12297
0.0410667, 6.88873
5.989, 3.28008
1.10776, 1.04098
1.06794, 4.10301
0.209197, -0.104105
7.02924, 7.14288
2.02166, 6.87648
6.94907, 4.77924
2.87806, 0.986161
7.09149, 6.02613
5.10196, 6.10766
4.97414, -0.0372435
1.88853, 1.03336
0.770274, 5.85299
7.2355, 3.93197
3.93423, 2.05835
-0.000891544, 5.97505
7.03874, 3.21194
6.08267, 5.77587
7.00638, 3.11845
3.13268, 5.76679
3.95789, 6.13934
6.70045, 1.16556
5.86987, 2.12008
0.957782, 5.94389
4.13948, 5.96622
7.123, 0.739179
2.0358, 2.05386
2.04111, 7.1774
2.73184, 2.80159
2.03035, 4.86883
0.735827, 5.90129
3.90664, 1.05254
5.0782, 6.00967
5.76548, 7.11936
1.07346, 1.13028
5.73999, 1.79269
6.04525, 3.88083
4.77542, 3.005
6.9345, 4.68682
3.19914, 6.82877
0.956369, 6.14596
1.24322, 0.98447
1.91595, 4.94911
5.75904, 3.06893
0.00493776, 0.947827
6.98192, -0.0499906
6.92993, 5.93814
6.11223, 1.04099
6.92734, 3.00382
-0.0976177, 5.07044
3.98053, 1.03041
6.93435, 2.04445
5.05619, 6.26561
6.05559, 1.78915
6.91914, 3.00533
3.00248, 5.8451
1.99579, -0.127075
2.99592, 7.23415
0.841348, -0.0619936
3.08016, 6.96601
-0.162364, -0.0758453
5.95082, 2.09381
6.18191, 6.14391
5.13807, 6.08009
7.03196, 4.05241
1.08181, 3.85771
7.0186, 1.89662
6.74722, 5.06858
6.31807, 3.89141
1.07508, 4.15612
-0.217823, 6.76955
0.895308, 1.9423
6.18155, 6.05497
2.85897, 4.90017
3.88406, 6.31819
4.79201, 1.85961
6.03649, 0.250558
5.81634, 4.01747
-0.263253, -0.0571211
4.11263, 3.1326
7.02627, 6.02948
1.97108, 1.05239
7.04785, -0.0110514
7.00934, 3.20402
3.04152, 2.31602
6.04774, 4.97158
4.08218, 0.0097235
6.13854, 5.88807
2.02121, 3.89844
4.99315, 2.01733
6.96399, 0.946275
7.12534, 0.0539929
1.07421, 6.01885
7.21223, 2.05224
5.04274, 4.9652
0.0896086, 5.00362
7.14782, 5.01152
6.14876, 4.12229
2.9469, 7.0861
3.89644, 7.07471
4.87653, 0.823274
1.6989, 1.94268
1.08901, 2.76909
2.05802, -0.0996416
3.00528, 6.08076
4.92055, -0.190036
2.93758, 5.05013
3.06922, 2.9755
4.8797, 6.00514
1.01505, 2.03834
0.0302869, 1.16089
0.922082, 5.1031
0.880909, 6.21912
1.0615, 5.08938
7.14538, 7.02122
6.92366, 2.94683
0.897982, 2.92858
1.89925, 6.07466
0.11255, 1.89613
2.06518, 4.11881
0.00709047, 3.18458
4.8786, 3.75969
6.94642, 6.16704
0.976633, 6.92067
0.972318, 5.95238
1.02333, 3.9306
7.04379, 5.98311
5.0379, 2.97083
5.95967, 4.23585
4.08794, 5.90069
1.2314, 0.88565
2.02652, 0.0533888
2.02857, 4.08733
4.94156, 5.28781
6.10491, 5.17553
6.74665, 1.08249
4.04121, 1.00625
5.8555, 1.85471
-0.0984789, 4.13831
3.11647, 3.06587
3.96925, 6.00737
1.9365, 1.06028
5.92588, 2.82763
4.81578, 4.26375
3.06263, 3.01314
0.0253826, 6.94238
2.11288, 1.9014
1.03026, 4.95621
2.85741, 3.00728
0.885938, 2.98293
1.27593, 4.03578
3.08813, 3.05685
1.10412, 4.89379
5.02707, 1.09461
3.01611, -0.0366685
6.88376, 5.83595
1.93204, 3.0048
1.20402, 2.98959
2.08507, 6.1729
2.88875, 3.96387
2.94193, 7.0756
2.96496, 5.11901
-0.174682, 0.0711805
1.10095, -0.0177547
4.95894, 1.00649
2.20461, 4.13021
5.95919, 4.12591
2.87679, 6.18642
0.928701, 3.91105
-0.138133, -0.0529469
0.1511, 4.88401
0.23431, 0.0454177
5.98589, 4.10656
6.68288, 2.00204
0.0631775, 1.08914
0.78925, 2.09735
4.10377, 6.11785
5.75232, 6.87261
3.07281, 6.85784
2.00316, 1.37824
5.98848, 5.0008
5.10667, 3.0749
5.93592, 3.04921
6.93293, -0.0733303
1.0594, 1.00021
5.04329, 0.0264625
6.95381, 7.0474
4.92598, 0.0255275
6.87934, 6.76347
2.11085, 1.05319
1.92416, 5.9017
2.98706, 3.02858
4.04648, 5.8944
3.06623, 0.890078
3.34392, 7.05242
-0.0228371, 5.97002
1.82344, 6.09087
0.93597, 2.85852
2.12994, 2.88599
2.04607, 0.858689
0.122412, 1.12151
1.02857, 4.07406
4.27425, 7.31068
-0.106005, 2.03827
6.00068, 3.10007
0.959005, 5.7929
5.23449, 2.21692
6.96288, 0.783712
2.15092, 2.13601
1.72635, 0.943592
-0.157722, 3.90404
4.91289, 3.01112
3.05892, 6.04988
0.0783007, 1.86049
5.07205, 2.93047
4.99932, 4.25063
1.97408, 0.935011
3.92897, 4.85584
6.98291, 6.91233
4.14014, 6.91648
-0.037184, 6.10812
4.80965, 5.06884
6.04634, 5.89392
4.07075, 2.94954
-0.0526318, 3.88494
5.88822, 5.11829
7.08506, 4.88244
5.93038, 1.03949
2.99634, 2.06232
4.05109, 5.08831
3.87264, 2.81767
5.97908, 4.04109
-0.0224743, 6.84383
2.94759, 0.990473
4.92018, 2.05868
7.04287, 6.00607
7.20513, 3.81172
7.12251, 5.0186
1.93937, 4.73335
0.951315, 7.06593
1.03612, 5.865
5.09866, 0.0868878
7.03873, 1.14591
6.16272, 5.05329
0.0243317, 1.02512
6.91102, 6.01234
0.0267112, 1.13891
4.94785, 6.02203
4.03265, 2.98278
0.204453, 1.91878
5.84866, 4.24524
5.98005, 3.99858
1.86793, 2.94921
2.93628, 3.93846
7.24874, 1.10911
6.20995, 4.03355
6.8234, 3.98722
-0.318463, 0.037753
0.0828657, 0.951369
7.0785, -0.0142037
2.97774, 1.86086
0.933533, 1.87051
4.89215, 5.94817
4.08361, -0.182171
2.13474, 5.94703
1.17689, 2.1985
1.93721, 3.85997
6.13369, 3.88319
7.08485, 7.14728
0.865839, 4.99477
4.91292, -0.103153
3.02333, 6.98826
1.93762, 2.11757
3.93127, 6.00629
3.94605, 7.11878
3.85446, 2.05327
0.145088, 7.21766
4.91466, 3.93063
6.95808, 6.97495
3.947, 1.94718
2.04509, 7.0395
1.87916, 6.00176
3.06502, 0.0390704
5.97384, 6.99278
2.00358, 5.92336
1.07159, 6.91413
3.04728, 6.0732
3.28303, 3.84094
1.26211, -0.0126818
2.86693, 5.83018
2.9385, -0.0658136
4.24377, 0.963141
1.30502, 3.95344
7.09152, 5.01682
7.0248, 2.04197
0.0330717, 5.89527
2.99966, 1.11619
0.712868, 1.05792
6.00504, 1.90225
7.2047, 3.79307
6.0321, 2.71014
5.03755, 0.949629
3.98108, 4.84358
3.89088, 3.02276
0.188491, 5.82427
2.85354, -0.0691196
4.9503, 4.02381
7.18962, 6.87387
5.09491, 4.89671
5.99974, 1.0652
4.78527, 5.19456
5.87608, 6.09834
5.8365, 1.97839
7.18156, 1.01175
6.21424, 0.976799
6.8203, 3.86554
0.943928, 2.07495
0.12763, 0.783194
4.08755, 7.07606
7.02873, 1.10366
0.0413547, 5.94219
3.92374, 6.92659
5.04636, 0.0747458
4.29168, 3.00204
5.80893, 4.07122
2.91756, 0.76245
3.0949, 6.36683
4.96467, 6.1154
3.99247, 4.00078
1.81194, 4.9155
4.00974, 2.12803
3.09099, 7.01907
0.119891, 6.91921
2.96424, 5.9148
6.02058, 0.0745807
-0.104827, 7.13317
1.0181, 4.07827
3.94435, 5.07384
4.83785, 4.99592
0.0613219, 3.02551
5.08314, -0.0670989
1.04213, 0.0808573
0.833529, 5.93948
1.99277, 2.06862
2.99315, 0.825988
-0.0548317, 5.08462
2.39009, 6.98593
3.95388, 0.0983903
5.91241, 1.9004
1.04203, 6.86112
0.998649, 1.13731
4.0084, 3.11737
3.94459, 0.963632
2.26137, 3.06641
1.90724, 1.99981
0.79653, 5.94442
4.78063, 0.871021
6.90392, 2.01589
3.08191, 3.08063
7.01644, 0.0517945
6.01015, 5.02624
3.95826, 0.93008
7.22146, 1.96401
2.15859, 2.06655
7.11746, 5.20459
4.99399, 4.91584
5.1254, 0.987808
5.95008, 5.99331
3.94481, -0.0793582
5.87842, 0.16242
2.18504, 0.109583
4.13946, 1.83811
7.13218, 2.84614
5.06692, 6.97718
3.03115, 5.12728
2.03437, 0.889516
5.7881, 3.79738
3.0417, 5.10826
1.8916, 1.85707
0.935855, 4.13433
5.00508, 5.05195
0.0639083, 0.110249
1.779, 0.0615608
4.09586, 3.23922
3.87452, 4.20202
6.9652, 0.0727178
3.93548, 4.12946
0.847652, 2.962
6.03428, 7.17389
0.0147642, -0.174474
-0.181926, 5.96751
6.99878, 0.940231
2.03679, 5.11112
5.93601, -0.00700347
5.13936, 6.12601
0.222863, 6.96329
7.01713, 2.96066
0.171684, 3.09187
5.17983, 4.85134
1.08874, -0.124361
2.07206, 5.20913
7.06031, 6.89908
1.34275, 3.05744
2.88943, 4.00817
0.897258, 6.87023
4.82263, 3.761
4.93145, 5.77652
4.04328, 2.94156
3.89703, 7.04673
5.29434, 5.08289
2.7936, 5.96114
0.944813, 0.799358
5.0376, 1.00196
2.1765, 5.21185
-0.0635399, 4.12186
3.88727, -0.133578
-0.0999801, 6.07638
4.0372, 6.94658
3.92853, 1.04005
0.0897429, 4.79779
6.01675, -0.0390998
0.0215758, 5.09789
3.99633, 3.89178
6.06109, 2.00645
7.36425, 0.101393
2.25607, 4.097
-0.0277113, 0.948757
1.97219, 3.07614
3.85075, 0.796855
1.14427, 0.244744
6.15429, 7.18632
3.92276, 1.94996
5.00027, 5.03301
-0.152331, 3.25995
7.11275, 6.10895
3.14776, -0.0787843
2.08586, 5.83518
4.04399, 4.06958
4.98069, 2.05447
0.911179, 6.81171
2.00047, 0.894108
2.2217, 0.952963
7.08892, 3.99297
0.931824, 2.98405
1.23744, 2.85116
1.08511, 1.944
3.07594, 4.02469
-0.205396, 4.07745
1.94151, 5.00745
1.92127, 1.96732
6.01556, 5.99416
0.973871, 7.01824
1.07108, 4.98403
3.05969, 1.85633
-0.0824251, 3.31545
4.0022, 4.07929
6.9153, 1.91477
2.66912, 0.0687021
-0.0220406, 7.16599
1.80557, 7.00123
6.91764, -0.103083
3.95892, 4.27969
5.19213, 6.91565
4.16338, 4.14017
2.98325, 0.135896
5.8416, 2.97641
4.07437, 6.09849
3.99552, 2.13221
1.00451, 0.975648
5.01935, 6.89053
1.94928, 7.10121
2.0972, 1.95721
5.87594, 0.933051
6.95945, 7.20554
1.26035, 0.887131
6.15292, 3.96961
0.00843218, 1.88351
5.85351, 2.08298
7.01657, 1.78605
1.03662, 6.73582
2.98012, 2.87595
1.95497, 0.976583
7.15196, 7.20206
2.1773, 2.92114
5.87647, 4.98862
2.0919, -0.171812
1.90112, 4.04749
5.88763, 5.04156
4.93457, 0.211771
7.13356, 5.05057
3.89748, 6.01514
3.85516, 3.63031
0.96448, 6.79053
2.90232, -0.107481
1.14734, 7.22516
0.150608, 3.24044
0.930501, 3.8478
2.97608, 1.81729
1.00687, 1.77916
2.062, 3.06692
1.05699, 6.08897
1.71337, 2.8309
5.01014, -0.0191301
0.791455, 2.99264
1.87161, 1.05456
2.93029, 2.71499
3.88179, 3.06403
1.86867, 2.01435
5.02096, 6.83929
0.123102, 4.87445
6.86797, 3.97158
5.99356, 2.03508
2.10702, 5.96377
2.0351, 3.92695
5.09467, 2.97308
4.12322, 5.96936
5.08007, 3.77118
3.80721, 2.93865
5.89567, 4.23236
1.1927, 3.11781
0.826096, 1.05025
3.95753, -0.0678073
2.01188, 4.02932
5.94379, 7.16132
1.95085, 5.30924
2.98874, 1.8459
6.1124, 6.05977
6.80552, 2.70769
0.0964586, 6.17003
0.795104, 7.17104
3.91186, 2.08989
6.90583, 4.93657
2.98115, 4.76517
6.94368, 7.02814
2.7772, 4.04818
4.0901, 2.89766
-0.127779, 1.23311
3.80421, 4.09445
7.02054, 5.85845
3.99113, 5.93621
1.08598, 4.98909
4.027, 3.89801
3.78741, 3.14596
5.86507, 5.01165
2.93963, 2.79846
1.22302, 6.89485
1.94041, 5.20913
2.96429, 0.123767
5.89908, 3.10863
3.96715, 4.15512
4.04496, 4.13192
4.2138, 5.01867
0.901894, 5.05507
-0.00945087, 6.87136
4.97252, 4.86121
6.1628, -0.0464747
1.17688, 0.0618607
5.81472, 6.93479
2.05262, 4.98594
6.04495, 6.85181
5.85255, 3.99197
0.998311, 4.78794
1.13308, 3.98631
5.97385, 6.85446
-0.0567622, 1.98651
4.85726, 2.32473
4.89864, 4.94212
0.929083, 2.91651
1.90405, 0.817631
6.20798, 4.91782
2.64671, 2.04172
-0.0177399, 2.25488
0.925233, 3.96266
2.08602, 2.82839
4.8712, 1.12023
3.81863, 6.9458
5.94103, 3.82259
2.65878, 1.21022
4.05319, 4.76102
2.75035, 2.91701
6.05417, 6.25606
2.05076, 6.99617
7.02376, 5.74521
3.98922, 2.11713
6.90871, 4.84255
6.02331, 4.06331
2.03622, 5.80016
3.97079, 3.18421
4.04104, 2.89047
-0.0693175, 2.01813
7.03111, 1.07777
4.86689, 0.967121
0.69524, 0.0919954
6.99386, 5.0369
0.179315, 6.00002
3.85529, 4.16345
1.04781, 5.9801
4.70028, 3.95843
6.24062, 0.764147
0.957001, 5.02773
2.83824, 6.9181
4.83777, 6.88779
3.92371, 0.989005
-0.0575005, 5.94715
3.0489, 1.02178
4.10458, 0.0411999
6.92937, 4.86282
3.82494, 6.12708
1.93785, 0.0878797
-0.00778744, 2.15616
7.17317, 5.91066
2.96233, -0.201601
5.95259, -0.16891
-0.106143, 6.13457
0.979359, 5.17372
3.10331, 7.12
4.01317, 3.84034
6.06615, 7.23084
6.19072, -0.365459
5.15808, -0.0569573
3.98335, -0.17588
0.899931, 4.80698
3.16575, 1.9598
3.96227, 3.02836
-0.0184789, 3.01438
-0.0256974, 4.97821
1.04338, 5.9555
3.87945, 5.88922
2.90451, 5.00238
5.08638, 5.92273
5.00458, 6.02299
6.89114, 2.88917
0.975648, 6.11376
1.09019, 7.11068
1.85603, 6.13609
4.74449, 6.16417
4.93813, 4.08884
2.16745, 2.82688
4.96924, 6.9434
5.1465, 3.92442
2.68164, 6.95466
6.93094, 6.94316
3.22538, 1.23816
0.080912, 3.0171
3.97399, 4.07372
5.09514, 5.9521
3.84913, 7.13356
4.81833, 4.02758
2.13405, 7.14304
3.96263, 0.88663
7.10541, 4.99216
5.07608, 2.69487
4.31852, 6.28067
4.01339, 2.04665
0.165697, 2.96482
6.0858, 2.11836
3.93749, 0.966604
0.841244, 2.67981
6.87686, 2.00179
0.212425, 0.905099
-0.0783602, 7.00948
0.211103, 3.01212
1.9056, 3.91902
5.00613, 3.95224
7.20594, 6.05995
6.91826, 1.05682
4.82172, 7.13562
5.13733, 5.08134
4.86588, 5.34589
2.03516, 7.03912
5.78569, 0.890438
4.17394, 0.860766
5.89082, 1.93743
-0.112049, 0.0596767
3.09313, 6.91458
5.80379, 1.92144
0.915982, 2.04395
-0.0581204, 5.18574
5.06056, 4.04151
4.18847, -0.0200492
2.99729, 0.0910077
5.14406, 6.05463
2.0041, 2.9512
1.81799, 0.835514
5.94922, 3.20497
4.17568, 4.87109
-0.0471986, 7.02292
0.178381, 6.06584
1.02083, 0.921176
6.86038, 0.286811
5.93842, 2.03138
1.03311, 5.01726
2.78349, 4.86584
6.06479, 5.13827
5.15079, 5.05721
2.9456, 2.0301
3.14217, 7.17082
5.0374, 3.03262
1.12393, 5.89142
4.08122, -0.0821414
-0.141486, 3.31517
5.7464, 6.06578
6.13355, 5.97838
6.00073, -0.214161
0.0793947, 3.88326
4.80862, 7.04286
3.02613, 4.8576
6.22039, 5.8782
5.25886, 3.96404
5.81007, 0.0251977
1.08185, 6.94067
3.10272, 2.0707
4.05082, -0.188185
7.01094, 4.07596
4.78045, 5.01605
5.81955, 2.09226
2.97601, 5.75356
3.95625, -0.0458245
1.0716, 1.10238
4.05248, 1.81362
5.14918, 3.89411
3.14721, 4.13247
1.83745, 3.11407
1.12648, 3.89269
1.91469, 2.00413
1.11072, 2.10987
2.07181, 4.15962
7.21699, 4.86359
5.91118, 6.98402
5.88797, 0.122907
4.00733, 7.02603
6.94845, 0.80523
-0.0541079, 1.82637
4.0835, 6.92025
2.1433, 7.29103
3.80455, -0.0515679
5.25299, 7.01127
5.18633, 3.1049
5.75009, 3.76469
1.77615, 4.163
2.01445, 7.04471
3.0888, 2.88944
4.01305, 5.16236
1.83083, 5.32086
6.19014, 6.00774
2.98528, 2.12468
0.961772, 0.00975729
-0.118102, 3.99176
-0.0150605, 4.97499
4.9461, 3.0188
7.00938, 5.81742
2.0268, 3.8978
1.0988, 5.72857
3.97322, 3.29618
3.18222, -0.0767194
0.852238, 4.13028
2.07886, 0.16954
3.01482, 7.26521
6.97178, 2.94239
7.07624, 3.04688
6.90623, 1.04757
0.896356, 1.74916
6.04831, 4.02933
2.06086, -0.0334677
5.99071, 2.96449
5.03198, 5.27052
1.97034, 2.04948
7.13277, 3.9443
3.07981, 6.83771
4.79759, 2.06197
0.978826, 5.11924
2.11365, 6.95377
5.11922, 6.1811
2.04399, -0.076331
2.78758, -0.140536
6.31372, 5.05531
5.98421, 1.0136
1.84657, -0.130237
5.67763, 1.0347
2.99803, 0.883769
2.90664, 4.0587
4.16738, 3.12738
6.06135, 3.07552
4.89574, 0.873914
3.82027, 6.14985
2.91059, 3.00075
6.99928, 4.09188
6.1398, 2.92114
0.0283486, 4.18416
0.0673898, 0.267792
7.1259, 2.02518
6.01019, 2.03806
1.06892, 1.02523
2.09257, 4.01821
4.05502, 5.87467
0.984077, 2.0541
4.89906, 6.96091
4.87539, 5.99623
3.87239, 5.96092
-0.0196517, 1.89689
0.00647715, 2.97026
0.849032, 3.06777
4.04669, 6.95956
-0.0584562, 4.91886
0.939982, 6.04912
0.0421924, 3.87299
6.06446, 6.13334
6.93991, 5.97364
0.782739, -0.0960615
2.1576, 5.16364
6.04495, 0.981892
5.9661, 6.1015
3.7937, 4.96308
4.8002, 1.06843
5.91268, 4.76701
6.17067, 1.07374
3.83675, 5.07889
2.95335, 3.85829
-0.00343162, 0.0247566
6.86014, 7.09785
1.1294, 5.07829
1.94, 0.150026
4.08671, 4.05161
1.98029, 7.03716
5.8568, 6.04991
7.07408, 3.98771
-0.12682, 3.89961
4.32097, 2.05265
0.134072, 0.0402846
-0.0292927, -0.0516003
6.80979, 0.881017
2.92666, 4.20166
-0.221786, 1.05828
7.00061, 7.0682
6.00329, 1.20014
3.17112, 5.93468
0.0554726, 1.05982
0.902238, 4.17341
5.89841, 7.15144
3.94627, 0.0177843
1.22159, 5.06542
-0.117228, 6.89428
6.79581, 4.21933
3.78413, 5.8556
6.16314, 3.9224
5.95079, 6.03693
6.93573, -0.0395454
7.067, 3.83828
0.231021, 5.04768
1.99242, 0.0971381
5.19194, 7.11009
5.77244, 3.01426
1.20216, 2.94594
1.06722, 0.00940092
0.020197, 4.97557
0.194444, 5.03544
1.0932, 6.97349
4.11797, 0.0740818
0.965945, -0.0811947
0.239985, 6.88322
1.11323, 1.04708
1.03365, 4.00484
2.06466, 6.86766
2.07628, 1.82324
3.0464, 0.203473
6.85183, 5.04897
4.04226, 1.92352
6.14068, -0.0176956
4.91951, 1.9574
4.88027, 1.78364
2.0124, 6.07628
3.94659, 0.0248182
4.27294, 6.89688
0.0788649, 0.893758
2.16193, 4.90118
7.21293, 0.045896
2.001, 7.05514
7.16257, 1.08185
6.87598, 5.14618
0.0800779, 0.898365
7.12572, -0.115035
5.31165, 6.03353
6.04706, 5.06438
6.95313, 6.0483
5.93974, 3.81075
1.96064, -0.0243774
0.886609, 3.00983
1.05024, 2.88796
4.10328, -0.0466983
4.1341, 0.987433
5.95241, 6.94445
5.09385, 4.8614
5.06339, 1.88858
2.96253, 4.02325
4.98025, 5.9537
3.80409, 7.13974
5.94193, 0.910695
5.11438, 3.11652
3.03663, 7.10045
3.01599, 2.20458
1.15358, 5.0785
2.93149, 1.00431
6.22611, -0.11183
7.09749, 4.06487
2.17363, 0.929424
1.05288, 4.05424
-0.118609, 2.15262
5.16137, 3.96315
2.04036, -0.0998053
3.94085, 3.06752
6.92569, 7.01003
6.87758, 3.0864
4.33568, 0.0117093
1.97767, 6.78158
7.12802, -0.0621752
0.103183, 1.05945
3.15736, 4.24368
5.95823, 4.94642
-0.0313802, -0.0801082
5.02091, 4.92846
1.12162, 7.01245
6.01668, 1.19475
5.93757, 0.823608
2.09032, 0.0187797
-0.131845, 0.831199
-0.126243, 0.914329
4.74716, 3.80004
4.79831, 2.00256
1.0787, 2.99761
7.03395, 6.10824
2.17017, 1.83751
3.75545, 4.99085
1.11084, 4.94252
5.00609, 3.33979
1.73166, 6.82111
2.00307, 6.1858
1.85324, 2.99193
5.12466, 1.9925
5.74202, -0.108432
6.04593, 3.00575
3.15459, 0.214629
0.0412367, 3.27833
6.19399, 0.00363573
6.9555, 0.198212
5.02668, -0.295446
0.907823, 3.01285
7.13101, 1.07782
0.807711, 3.95111
6.11041, 0.0201066
6.01569, 5.01018
4.04332, 5.15912
1.91574, 2.03755
5.87937, 4.02098
5.04757, 3.98369
2.85158, 0.0681203
6.12256, 5.02772
4.10776, 2.85823
4.07578, 0.253555
4.9133, 5.97659
2.87712, 7.02586
1.70368, 0.993515
1.16655, 1.04566
5.98476, 5.04874
5.1906, -0.0629487
5.06369, 1.96916
4.05514, 1.13773
-0.0714675, 5.01119
0.933361, 3.22601
3.94933, 3.14769
2.87212, -0.167978
4.10057, 2.09985
5.96016, 7.01051
-0.129393, 4.80604
0.796165, 2.9124
1.96177, 2.90165
4.93888, 0.863975
2.76617, 5.79393
5.10565, 2.1772
2.15987, 5.17332
-0.0773313, 4.05552
4.06372, 6.83458
7.23732, 3.03941
0.945291, 4.97799
6.98074, 4.06289
3.09085, 2.89737
1.07728, 0.826372
1.21335, 2.10236
5.02688, 0.171933
6.11061, 0.978002
3.03508, 5.96276
0.989952, 0.0126151
2.8429, 0.146103
5.05539, 2.02393
2.75004, -0.0679484
4.90736, 4.98713
1.94949, 1.05702
2.04677, 0.0564853
1.00468, -0.199404
1.09213, 4.01429
6.96377, 4.86299
5.13869, 0.903421
3.15883, 5.99246
7.00294, 4.09468
5.87318, 4.03426
4.01489, 1.02682
1.11858, 2.97204
4.8265, 7.00327
2.86365, 1.03964
1.06209, 6.88953
2.22453, 5.90855
1.8174, 3.01447
0.998521, 4.20176
5.93503, 5.03849
6.00258, 3.06468
-0.0121104, 1.13784
3.19175, 2.825
5.04901, 6.16608
6.97096, 5.04421
3.10111, 3.01449
4.9251, 6.05613
4.9045, 2.98156
6.02119, 5.28755
3.26169, 2.98976
6.30107, 5.76906
3.0262, 7.09664
1.08975, 7.00856
4.00885, 2.92825
5.98659, 3.82407
3.0402, 2.07075
6.94347, 3.79996
0.197875, 1.06603
2.80813, 0.0167273
1.1537, 1.05823
1.96589, 6.91122
4.84579, 2.95261
3.98007, 0.855556
6.91887, 0.843149
2.85336, 1.85418
0.839436, 4.97022
1.87997, 3.09037
4.98377, 5.17458
5.04031, 3.93103
2.10129, 3.91129
2.90905, 5.13605
2.00438, 1.06971
1.11334, 3.0306
0.21493, 7.049
3.76882, 4.72505
1.0596, 4.24206
5.06321, 2.93167
5.81384, -0.127937
5.28125, -0.132856
0.944747, 6.07376
5.87881, 6.1032
2.88805, -0.0814276
-0.153705, -0.129004
2.1659, 4.07997
6.98567, 3.08742
2.88178, 4.88422
1.06994, 0.876177
1.2463, 4.30895
5.12528, 5.96917
5.20963, 3.04358
7.09342, 1.89411
5.15085, 3.94166
3.05089, 7.23305
6.94074, 5.01245
7.14234, 0.967137
3.96919, 3.08315
4.74096, 1.82422
5.17296, 2.1326
6.11698, 0.824197
3.97918, 4.93663
0.0857039, 6.94464
0.240619, 6.84886
7.04113, 2.92467
4.86029, 4.81583
6.01714, 1.13804
0.803613, 2.78559
1.96544, 3.03464
2.01365, 3.99577
-0.304161, 2.99266
6.1783, 2.89884
-0.0318369, 4.96841
6.91202, 3.03469
5.28485, 3.03587
1.85875, 2.8898
6.23646, 1.17799
1.02941, 1.16231
4.02043, 6.036
3.11243, 1.08435
0.958018, 0.0166866
-0.0348138, 5.96576
3.17122, 1.01147
1.95059, 1.0814
1.72691, 2.09885
0.0509606, 1.91096
-0.0281254, 6.16842
6.03112, 0.275196
4.72423, 6.15615
6.19333, 2.03266
7.18026, 2.99395
1.01054, 4.04989
7.26914, 5.0632
3.05957, 2.08537
4.27394, 6.79133
6.10427, 0.90307
6.92708, 3.10609
4.12777, 6.97815
-0.0988432, 0.0504009
6.93289, 1.88512
1.01195, 3.02843
0.106465, 2.2
1.98641, 5.11726
3.95354, 5.88289
6.17865, 3.84784
2.19462, 3.11376
3.9201, 5.1458
2.74367, 0.981559
5.08895, 2.99199
7.07607, 6.06078
5.72514, 5.09648
1.9075, 5.03477
6.06234, 3.95002
7.02294, 5.95433
2.97468, 1.10547
-0.0235364, 7.17553
4.81218, 0.988612
5.23901, 1.97441
0.0140085, 6.93532
-0.0726257, 2.21085
0.927834, 1.92683
5.08418, 0.952057
0.07214, 4.95367
6.96401, 0.0921598
5.94002, 5.00102
5.97506, 3.92103
7.11344, 6.80738
6.05102, 2.94537
5.03161, 3.75777
2.06744, 7.13672
0.938463, 4.90782
4.15998, 3.96958
7.06475, 2.05047
3.12435, 5.97561
0.969085, 3.05254
6.05025, 3.92914
5.04207, 0.170079
0.00416648, 4.94766
7.08824, 5.07423
3.8996, 3.98708
7.02421, 5.08418
3.84721, 7.07442
1.93609, 0.312785
5.91834, 4.9793
1.15925, 1.09703
5.14246, 3.90497
1.04942, 4.09778
3.89667, 5.08385
1.97604, 1.72654
0.0580713, 3.10825
1.99378, 5.00636
-0.0931177, 1.98881
4.99325, 0.962661
0.0348461, 6.00589
0.00627321, 0.00634225
1.073, 6.01617
4.99775, 1.01483
4.84917, 5.13637
3.02957, 5.91515
5.99691, 1.81904
0.054458, 3.23025
1.99764, 2.97558
-0.0183535, 4.87266
3.21232, 2.04293
0.894187, 6.07156
3.76237, 0.774362
0.00986413, 4.06722
6.17705, 6.00406
-0.0757284, 5.10305
1.97486, 3.78654
7.10661, 4.14796
-0.0924334, 1.91712
4.10183, 3.145
0.0447993, 2.07751
5.97732, 3.04483
3.09155, 0.0555982
4.08161, 1.19965
6.03087, 2.00658
6.03356, -0.0413814
4.00189, 4.94007
7.10482, 0.914257
3.12964, 1.06552
6.04135, 3.06879
7.0354, 3.04618
6.10844, 3.09294
3.11915, 0.843026
4.10961, -0.114387
2.05165, 2.08594
3.00781, 5.96676
7.01062, 0.991947
2.06051, 6.84823
5.99776, 0.25989
-0.0207172, 3.91985
5.07886, 6.11003
4.02407, 7.06589
1.08185, -0.00848945
6.01659, 5.01976
5.80447, 3.92918
7.13885, 5.03638
0.960395, 2.07687
2.80718, 0.0729023
0.974232, 5.95578
0.0851317, 4.01765
-0.119238, 4.00189
-0.242939, 3.96501
-0.0714924, 0.0671607
1.08278, 5.03984
0.861099, 5.04011
1.22836, 4.0044
1.89202, 3.97579
5.90964, 7.17697
0.693391, 4.81267
1.11573, 6.08996
5.21483, 0.0770182
5.14797, 2.9146
1.87958, 5.87046
5.99562, -0.132484
7.05417, 6.72082
7.13361, 6.94483
-0.143297, 5.08361
7.0289, 0.672503
0.889128, 2.86646
2.0189, 4.02274
4.99108, 0.0420508
2.12302, 1.10154
3.97564, 2.84507
2.89397, 5.8981
3.25501, 6.95507
2.05543, 5.9948
4.9637, 4.98095
4.96849, 4.02732
0.984562, 2.81154
6.12857, 6.82686
6.97387, 5.94747
1.01892, 6.16374
2.81733, 0.950392
4.89676, -0.109392
6.2317, 5.98762
0.934764, 3.02093
6.11996, 0.148963
4.04776, 3.85795
-0.0401519, 1.64733
3.15922, 0.883631
1.08913, 0.0368605
5.04329, 3.00515
3.85934, 4.98946
-0.0454986, 3.8835
0.98963, 4.9345
6.90068, 5.15022
5.98397, 5.93069
2.68508, 3.1224
6.10863, 5.95671
5.99033, 3.78553
4.99903, -0.182866
2.0046, 5.74549
6.00775, 3.00788
5.91525, 0.049025
5.95498, 2.91337
3.06121, 0.783301
7.0931, 4.00184
2.02845, 2.89758
3.03851, 5.90084
-0.0794183, 4.23887
2.01964, 4.74973
6.01809, 6.02613
4.81347, 0.190442
3.69589, 0.0756125
2.97481, 3.2467
2.04917, 1.10861
3.80217, 0.0177885
2.73163, 7.03611
1.82241, 6.05875
1.79718, 5.91986
5.89203, 5.90374
7.05458, 2.09677
7.0058, 2.00728
4.02207, 1.0245
2.0825, 3.03815
0.873764, -0.163726
5.96011, 5.01344
6.8994, 4.86938
1.83247, 6.08013
7.05461, 0.00950538
0.992927, 6.14489
5.73143, 0.0106004
4.93992, 3.78285
1.78611, -0.0512944
3.97551, -0.117931
4.25786, 3.13089
5.99449, 3.97175
1.01344, 0.79073
3.16497, 6.73494
4.87598, 6.98086
6.93249, 0.952244
5.94511, 3.96371
4.72205, 0.925379
3.101, 2.1336
1.06264, 1.8281
0.848988, 7.099
7.11139, 2.05794
-0.0713621, 4.93506
0.84232, 0.217985
4.03211, 3.08248
3.03808, 3.7846
3.0433, 1.23982
0.0740093, 3.93864
5.1667, 6.09238
4.99511, 6.82925
1.14952, -0.0451336
4.78847, 2.05542
1.00304, 4.88784
1.09888, 5.86357
4.95633, 2.05524
3.9091, 2.23474
0.0458195, 1.07662
6.96605, 7.14608
0.135645, 2.91814
6.84887, 1.0028
1.98464, 3.81657
1.02263, 1.13035
7.03886, 2.03369
1.09785, 3.90343
6.19296, 5.95289
1.14213, -0.195759
5.89215, 5.16179
2.02869, 4.11858
6.022, 1.12065
4.92483, 6.17741
1.96336, 2.05433
4.15964, 5.81949
4.03328, 2.09072
2.95842, 2.05531
4.00067, 0.960692
0.884449, 0.01289
2.07592, 5.23023
3.13228, 2.09138
5.14744, 3.13415
2.16371, 6.85695
4.12215, 2.04647
5.83898, 0.969173
3.04709, 7.38992
0.990075, 1.89672
4.83665, 5.87581
2.79207, 1.03428
-0.0276934, 0.055567
3.97899, 0.0748285
5.83083, 3.98477
6.21851, 1.16611
1.01791, -0.0750239
3.91694, 4.86379
0.129936, 3.91397
-0.128951, 5.07585
5.15954, 4.84437
3.08056, 4.00456
2.00624, 0.0676449
2.9657, 1.28796
2.01766, 0.0347774
6.122, 7.13726
0.980492, -0.0632086
6.12098, 1.09466
2.82956, 1.88711
2.10627, -0.110773
2.97504, 7.17096
6.01462, 3.88315
3.97252, -0.0601272
2.91377, 2.21799
2.87734, 4.03347
5.85274, 4.08181
5.06124, 0.0942501
4.02025, 5.80007
5.07012, 0.101047
5.09832, 6.73361
5.90745, 4.96354
0.0233406, 7.19249
6.9426, 4.82747
3.99544, 4.68344
6.9662, 3.9511
0.0979124, 6.06507
6.03712, 0.240939
0.00400895, 7.03154
2.77628, 4.83151
3.82193, 6.04203
1.82791, 2.06168
-0.0481538, 5.88214
6.90693, 0.84381
0.996784, 1.90779
3.99048, 3.02821
7.0292, 5.95564
2.00489, 5.19053
3.02548, 2.12809
3.99821, 1.88949
7.084, 1.06245
3.74468, 4.84079
5.96197, 5.04203
0.971896, 1.07777
5.89531, 5.03066
0.284562, 5.05775
1.00286, 7.29355
1.98234, 6.06508
4.95982, 6.08632
7.10931, 0.127284
1.95796, 4.86383
2.0222, 7.18981
0.198662, 0.933267
3.07571, 2.01919
4.95555, 4.25188
2.13975, 4.89989
4.16227, -0.140706
4.91442, 0.902203
6.08227, 3.00355
1.05971, 4.81049
7.08608, 4.94088
-0.0654803, 5.95363
3.95207, 6.04122
1.9833, 5.065
0.372109, 6.00489
0.959493, 3.99116
5.07052, 2.97751
5.09087, 6.01124
-0.019777, 0.962646
2.86952, 1.11445
0.936399, 4.88717
4.91343, 0.0360882
2.91315, -0.170143
2.99691, 4.91073
0.955508, -0.0791775
2.99935, 1.993
0.293009, 6.95575
6.9924, -0.0199711
2.02089, 2.96922
1.9261, 1.92887
1.08695, 3.22254
1.78705, 6.80177
6.0189, 0.00276609
5.21538, 6.28129
6.88997, 2.06804
6.17554, 0.909002
0.992899, 5.98356
0.951294, 1.84646
6.32043, 3.1808
4.98195, 0.933791
4.9988, 3.24003
5.01574, 7.08954
2.22162, -0.0386499
1.02036, -0.0371621
0.0802554, 0.0885175
4.89023, 0.120983
6.9084, 3.18759
3.0239, 4.79935
0.97774, 4.00741
0.172536, 7.04687
6.94091, -0.1201
6.87791, 6.73129
0.901659, 6.02957
1.95831, 5.06375
3.11502, 3.05058
5.08823, 0.00663816
3.21244, 4.04763
1.29123, 1.92353
2.05767, 4.90223
6.33952, 2.13155
2.04694, 3.10406
4.09452, 6.9972
2.1657, 5.95215
6.02071, 4.82585
3.86563, 0.976744
3.16035, 1.23199
1.10397, 3.78737
5.90096, 6.99417
4.16866, 1.03815
2.18631, 2.89369
4.32087, 5.90425
1.01519, 3.95316
1.86403, 4.01371
1.01884, 6.26968
0.839978, 4.1241
3.11148, 2.95718
5.02418, 3.87382
4.71837, 4.95801
5.83912, 3.0659
1.00154, 5.94658
0.886561, 2.91541
6.08597, 3.82284
0.972256, -0.153615
1.92391, 4.03746
3.88654, 2.05312
2.03457, 6.04338
5.91251, 6.08317
1.99543, 5.21597
5.26989, 2.86244
4.16638, 6.17179
7.02997, 3.94809
1.90277, 5.05791
3.14901, 6.96101
1.99656, 6.95762
6.98318, 5.14114
1.94647, 2.73742
-0.189341, 7.11999
6.01609, 1.15118
4.07999, 5.8615
6.95675, -0.0900789
4.15802, 5.26855
4.01494, 0.0393467
6.04157, -0.168275
5.70598, 3.14584
3.83822, 6.82282
1.22033, 5.06445
6.18108, 1.18775
2.0769, 0.997715
2.06842, 0.785472
7.16649, 0.182427
0.822778, 2.02009
0.0440573, 7.05256
4.85612, -0.0329854
6.16589, 3.87566
4.08886, 1.00312
3.05884, 6.2127
-0.0289704, 2.02988
3.87219, 4.82361
7.08743, 0.907178
0.98648, 4.07232
2.91506, 3.8906
5.96497, 2.04519
2.73554, 1.94753
2.05342, 3.92934
7.0812, 6.89925
5.91829, 5.96746
0.0221179, 6.10606
1.99372, 5.01419
4.11464, 6.84299
4.98181, 2.26591
2.18949, 6.92569
-0.148995, 0.168002
3.80575, 2.17121
5.75001, 0.906514
5.95719, 1.99893
1.1811, 6.74372
0.00924268, 3.91434
4.9705, 4.04464
5.74949, 5.12916
3.14396, 1.99529
4.07586, 5.11308
5.84078, 6.13514
3.1168, 1.88962
1.87157, 4.92288
4.04108, 0.0791
6.08359, 1.08931
6.98192, 0.0896961
5.73364, 5.13758
5.05071, 6.05882
4.98651, 5.10283
6.03435, 0.839736
4.81818, 3.09032
6.94961, 1.07468
2.95909, 2.87983
0.935167, 2.8863
6.11124, -0.0462307
2.84815, 2.00301
2.02608, 5.95473
0.930958, 6.95996
6.93008, 0.975423
4.0441, 3.98264
5.95967, 1.0972
4.92682, 6.02739
1.03522, 1.00587
2.00973, 4.05213
5.76274, 2.81797
5.89697, 5.09727
2.07739, 2.96181
5.12014, 6.93142
1.87473, 1.05528
1.85979, 7.06812
0.947319, 5.95179
4.07556, 4.03852
1.07914, 0.959209
3.08607, 4.0661
4.81376, 3.10658
-0.203894, 1.99463
4.14053, 2.59832
0.268185, 2.18353
0.86669, 5.20294
4.06718, 4.92584
2.88847, 6.12324
4.95502, 2.85311
1.9359, 3.3079
0.119577, 6.94615
3.13613, 3.93578
2.02464, 1.07108
-0.150211, 2.92448
1.95506, -0.122079
1.761, 3.23373
7.21036, 3.21065
0.838295, 2.00405
6.81586, 5.07376
0.811067, 1.89301
7.09223, 3.02087
0.932255, 5.06144
1.81857, 4.87104
5.89606, 1.91684
1.16644, 5.96057
1.22557, 7.0431
5.13498, 3.91467
5.88301, -0.0837764
1.96966, 4.9938
0.991762, 2.14288
7.02361, 3.00315
3.14303, 3.76209
4.83483, 4.88257
-0.212744, 1.98805
0.0356247, 6.80614
3.11104, 0.881722
2.73971, 2.89978
-0.051976, 2.90228
6.94444, 6.94015
6.31961, 5.00347
6.08479, 1.95882
1.00919, 2.95406
2.06471, 3.82809
4.09388, 0.960569
3.93603, 6.84089
6.89346, 3.91311
-0.113458, 4.93775
2.84386, 4.17452
7.16392, 6.93963
4.95912, 4.99166
0.95904, 5.95631
5.17295, 5.88366
5.03457, 1.77488
0.956679, 4.92559
1.2285, 0.0233017
0.041267, 4.02547
5.96524, 6.9338
-0.00112995, 4.04508
7.19059, 1.97024
6.84653, 5.98012
0.934476, 0.0325536
-0.180171, 1.19928
5.86511, 5.153
0.91334, 6.99979
4.77042, 6.9625
2.8619, 4.92905
4.9457, 2.1121
2.05738, 3.03621
6.02804, 4.20462
4.80523, 5.92261
6.01996, 1.01948
1.98987, 0.824104
3.75221, 4.87475
4.23702, -0.0753547
1.17385, 5.97865
3.28465, 4.00638
6.77945, 5.11651
2.80087, 4.11843
0.936846, 7.09744
2.0622, 5.80131
3.08357, -0.0491575
1.10071, 6.87676
6.07224, -0.122225
5.89874, 5.06921
6.979, 7.03889
5.89472, 2.91335
4.93678, 4.86311
0.0590999, 3.78735
2.9754, 1.02946
6.8941, 4.16294
0.911687, 5.01366
4.15084, 0.990556
5.89148, 1.93775
2.9496, 4.13989
6.95428, 0.00515198
0.201467, 4.98708
5.89107, 5.20119
6.15959, 4.0585
7.05348, 5.83259
6.01433, -0.103118
7.02107, 7.17482
3.94525, 3.96633
2.98394, 3.75287
1.92062, 1.04471
5.99898, 3.1412
2.88997, 3.91691
2.19049, 2.00153
4.99143, 1.86323
6.2065, 7.07359
3.84573, 1.94034
0.0717979, 1.15606
5.00934, -0.164677
7.00927, 2.96308
5.88309, 2.33031
4.13943, 7.23541
7.05432, 7.10326
6.01854, 5.83707
3.84323, 1.15471
1.97566, 5.938
4.90499, 5.95646
2.0938, 5.29834
6.07496, -0.0874622
1.91141, 3.92422
6.97614, 7.06149
7.06301, 2.99666
0.958993, 0.998686
6.96, 3.99103
-0.110514, 6.0701
7.01894, 5.04705
0.0232339, 3.87983
4.97493, 0.0734043
5.76102, 6.00404
-0.0132424, -0.123561
5.16297, 0.972859
2.96994, 4.02722
4.03684, 0.876752
0.106746, -0.0283272
3.10722, 2.84433
-0.0602597, 6.91368
0.747862, 7.09038
3.8759, 5.88454
0.121638, 2.04542
3.11368, 3.01033
0.941306, 3.10097
1.96879, 4.77464
-0.0544051, 0.983823
2.00241, 7.05517
7.06095, 3.0636
4.04255, 6.96785
6.85961, 5.99731
2.05426, 1.83883
5.08792, 6.03519
4.04674, -0.0363533
0.895797, 0.0329209
0.0256275, 6.97358
4.24187, 4.79923
3.79651, 5.08605
3.73123, 3.21042
5.05287, 6.07801
2.91548, 2.07479
1.0379, 3.17193
5.00592, 6.13963
3.12101, 3.15816
0.958015, 4.93614
0.0606182, 6.23291
4.23025, 3.05256
6.83784, -0.132222
6.0736, 5.05999
6.07244, -0.052376
2.83649, 7.05886
5.03885, 5.14756
5.09756, 5.9512
7.02208, 4.97936
-0.312053, 7.04896
2.9424, 0.756984
5.96053, 5.0161
-0.0586653, 3.02204
0.0969751, 6.78445
4.00424, 7.06795
0.788492, 0.0210329
6.02436, 1.13938
5.9163, 2.12505
3.88889, 7.21224
0.921423, 4.06695
6.18644, -0.0970802
7.14007, 4.89444
5.99677, 3.81346
5.07417, 4.90529
2.96558, 1.97048
6.9555, -0.206527
3.08364, 7.14971
3.72825, 7.22092
4.96094, 2.90722
0.889648, 0.909106
3.04386, 7.20789
-0.110227, 7.00494
0.0638197, 5.97023
3.12565, 3.98808
7.14468, 3.91956
4.01914, 6.93582
3.02895, 5.04003
0.807434, 4.9804
2.94652, -0.0353247
4.06841, 2.00122
6.08172, 5.19874
3.00111, 0.0895629
4.02606, 5.03277
3.07319, 5.0691
4.13337, 4.93455
6.86604, 4.22472
7.0654, 1.07355
1.19575, 7.15112
0.108776, -0.0995159
6.98137, 4.95103
0.134548, 1.8413
2.97151, 2.85039
6.05947, 0.0839869
1.88689, 5.03206
0.960627, 6.89486
1.21259, 7.09105
5.95223, 1.87175
2.35565, 3.92084
6.75708, 4.98183
1.13068, 3.96432
1.92684, 4.14951
-0.0535587, 6.159
7.24306, 4.01534
6.21571, 1.99306
6.22057, 6.96386
2.87744, 5.12893
-0.1688, 3.01179
7.15401, 3.87573
6.97213, 3.95732
0.155834, 4.04007
6.96268, 0.0244196
2.09247, 1.83135
-0.0667799, 4.82248
1.15633, 3.87482
0.959429, 0.958979
4.90378, 6.06459
5.09792, 1.06478
4.88712, 1.15601
2.97614, 6.12072
7.20319, 3.90551
0.978121, 7.12175
6.13921, 4.33528
7.08397, 3.97403
1.80427, 6.98935
0.199823, 1.06273
7.14666, 7.05962
6.15123, 0.835012
3.08529, 6.92154
0.891715, 3.12046
7.23506, 0.89929
3.07671, 1.86398
3.15081, 0.017924
6.15194, 0.880893
6.09864, 2.99072
2.97983, 4.01874
3.07471, 1.09449
7.0214, 6.13406
6.85013, 0.210982
2.93984, 1.96097
2.95171, 5.30738
0.880286, 4.91636
6.87838, 6.90964
2.87975, 1.88473
5.00741, 1.8968
4.01402, 4.24781
-0.233635, 0.140183
0.989772, 7.03625
4.93783, 0.0749282
1.92236, 1.013
4.12254, 1.98307
1.98958, 4.74481
0.969246, 6.97653
3.10524, 1.86497
4.99447, 0.989795
1.90543, 4.07932
6.98739, 5.03665
0.0968734, 5.86661
0.033227, 2.96473
1.16017, 4.01543
3.93703, 5.9903
6.92851, 7.24638
1.77647, 1.00848
3.06926, 5.72004
6.0319, 5.78615
1.85411, 0.0582651
6.27041, 0.0492871
3.92717, 2.93123
1.07249, 5.01327
6.01765, 2.94331
4.05543, 1.83113
5.96025, 2.87344
1.08894, 2.13163
4.98526, 4.00771
4.86093, 6.94545
0.942883, 6.86577
5.93386, 0.919486
1.9263, 1.95483
5.93792, 1.99982
2.105, 0.741011
1.84426, 1.95401
2.03702, 4.96361
4.86309, 3.02865
0.0374276, -0.0394789
3.76038, 4.83104
3.88619, 6.0496
6.01861, 3.15363
-0.137868, 1.06893
4.86622, 3.02083
5.00005, 4.20754
6.18671, 1.72737
3.09385, 3.90776
2.97173, 5.94253
6.01035, 5.25671
5.82804, 6.08384
3.07861, 6.77643
1.20243, 6.90813
3.97785, 3.00083
0.0698966, 6.04804
5.21538, 0.931971
3.1627, 0.893767
2.87312, 5.83003
4.1096, 6.98824
7.11258, 4.97765
1.16917, 0.917024
1.14035, 4.01112
5.97594, 1.97482
4.05556, 7.33398
-0.135262, 4.13205
5.16519, 4.07615
0.959269, 0.0153045
0.896003, 1.93026
1.05251, 5.08814
3.11448, 3.94885
2.93528, 5.79793
3.04718, -0.0335897
3.95256, 0.0686251
4.9753, 3.27213
3.82938, 2.96152
4.03883, 2.98304
0.977465, 7.1482
5.02107, -0.0410594
3.11808, 3.90512
6.02214, 3.76576
7.11185, 1.99657
2.95638, 1.97541
4.02457, 0.146152
6.14295, 3.01114
5.04751, 7.11657
2.05888, 7.11053
2.99434, 1.93379
3.09191, 0.787681
1.91969, 1.93729
6.0262, 3.88307
7.13176, 1.946
1.9757, 1.10133
0.114065, 7.26025
5.82971, 2.01307
0.236252, 3.04803
4.1379, 6.17641
3.23867, 5.12869
5.2582, 7.02249
3.6806, 4.87458
4.0042, 1.2381
4.11018, 1.09151
7.07566, 5.01321
0.97039, 4.05125
4.16101, 4.80644
4.76094, 7.01872
2.16726, 0.340235
6.95267, 3.00913
6.94542, 2.12847
3.91983, 5.17586
3.73702, -0.237413
1.9568, 6.10186
6.09168, 5.9499
6.11779, 4.92188
1.93709, 2.21998
2.02364, 6.06739
6.96858, 0.979515
4.97003, 3.18419
3.93982, 4.14702
6.00514, -0.0691123
4.86354, 4.82429
-0.0804675, 3.16381
2.84257, 1.811
5.05211, 1.02004
5.91563, 0.220494
0.819174, 6.90959
2.05077, -0.216725
6.15658, 1.97302
7.34553, -0.000135516
0.859888, 7.15405
1.16968, 4.8584
0.995055, 5.96272
6.0308, 3.77341
4.16495, 5.14481
4.06828, 1.02414
4.77379, 0.976994
1.06634, 4.95565
6.00394, 1.14063
4.9456, 4.04667
3.91047, 4.80874
0.995716, -0.0171523
5.21647, 6.93719
4.14741, 5.32782
0.0484352, 4.92925
0.053294, 6.91939
6.99376, 2.08968
0.0780471, 5.96794
1.22678, 0.0418703
6.09533, 4.85461
3.11146, 1.76566
4.03228, 7.29047
5.79187, 5.92434
2.16297, 0.803557
4.83408, 3.8803
2.00503, 4.84844
0.954604, 4.09357
3.03324, 6.84645
6.67188, 6.82756
1.79564, 2.85663
2.9988, 6.93412
2.16868, 5.051
6.9971, 4.97381
4.13545, 4.73068
2.13166, 2.05575
5.99682, 1.19817
-0.0666287, 1.81691
4.02933, 5.00035
2.02883, 6.9171
6.07545, 2.92417
6.03205, -0.146139
3.96672, 2.09704
2.9852, 5.99493
6.03526, 3.0467
2.98446, 3.23998
3.7752, 5.25567
0.815436, 0.143684
7.08749, 5.04092
5.17295, 1.92905
4.12744, 3.99021
-0.055162, 2.08575
-0.00354849, 4.96512
5.04637, 2.04822
2.88392, 1.01255
6.95325, 5.17427
6.92357, 2.8004
6.00211, 3.84045
0.948997, 0.0945134
4.93232, 2.00849
4.97254, 1.8858
5.89223, 2.97018
2.1901, 7.11483
1.80284, 6.02299
1.03558, 3.90692
6.94823, 3.01306
3.13199, 4.02912
5.99117, 1.0787
7.1474, 4.06114
6.22124, 3.01423
2.86616, 5.02818
5.78009, 7.10527
3.88183, 1.15646
3.12368, 3.98265
0.020156, 4.12573
2.78261, 6.1018
3.22829, 0.892228
0.934891, 3.05671
-0.0840655, 3.0069
6.23646, 2.99762
2.0618, 2.88811
7.02955, 2.06417
2.08783, 0.147998
2.99149, 1.82301
6.06432, 1.22494
4.00342, 4.10768
5.96001, 1.96263
4.99546, 2.99527
5.95524, -0.221465
3.82342, 5.06748
3.02418, 3.00772
5.86931, 0.809547
0.0621701, 4.97056
5.93225, 4.0746
2.08927, 3.11935
4.94492, 1.96815
-0.236837, 5.07767
3.85379, 5.16435
4.05569, 0.974063
6.29746, 5.96284
3.96725, 6.91588
4.85825, 4.88026
3.91199, 5.0684
0.147594, 3.16021
6.16853, 0.189766
2.99155, 0.949466
2.99748, 6.87031
5.93487, 4.80316
5.17691, -0.208609
6.16487, 1.96383
7.15927, 2.97013
5.92549, 5.91013
6.79076, 5.13752
1.91052, 6.99468
2.20538, 4.17604
-0.0275267, 3.98494
1.93367, 7.01952
2.12427, 2.99488
7.00375, 1.84322
3.86151, 3.12082
0.928482, 4.89099
0.142156, 7.02442
-0.102775, 0.754456
1.8633, 0.0447957
0.887484, 6.9877
3.96896, -0.211951
-0.083107, 3.83311
1.08919, 6.05736
6.80865, -0.0631179
6.99322, 0.996589
-0.033108, 7.15123
0.0624014, 3.03506
6.90976, 7.00806
2.89815, 7.10748
0.198328, 4.89439
0.162659, 4.03674
6.99919, 1.05521
0.77774, 5.91402
6.12881, 1.0832
0.0823864, 7.1162
3.32372, 1.93745
4.27778, 4.97612
4.14604, 7.1425
7.11005, 6.78625
1.08421, 4.79836
6.08564, 4.13676
7.01388, 5.10072
2.81633, 2.98824
3.03035, 1.87596
5.08381, 4.82652
3.10433, -0.0941406
6.99008, 1.05785
5.00722, 2.98007
4.73525, 0.112551
2.99589, 6.00326
2.84616, 5.22962
2.9461, 4.92508
2.0827, 1.91192
0.911885, 4.11466
5.91069, 5.09581
3.97732, 4.12699
1.9014, 0.748055
4.85722, 4.13647
3.10091, 0.73398
5.94904, 6.0377
5.13661, 0.906411
6.14149, 4.89381
7.03118, 4.09303
6.90426, 6.07829
6.24218, 6.9349
3.75914, -0.0860744
2.73776, 0.913755
1.08003, -0.233903
2.08089, 4.00358
3.88029, 5.04854
5.27189, 6.90744
1.79609, 7.26388
2.97444, 5.09534
6.08585, 7.13085
5.99508, 2.87897
4.15945, 0.95295
0.937078, 7.1066
3.09224, 1.95692
7.01012, 6.02898
4.95191, 1.02702
4.97426, 5.12592
7.02799, 1.12035
7.18537, 7.11574
-0.0293322, 3.19666
-0.0653484, 6.97988
5.10954, -0.0361149
4.02002, 0.0840441
4.16939, 0.185902
1.94559, 6.05192
4.12034, 2.12987
3.93593, 4.03211
4.93668, 6.06162
6.14928, 3.03124
0.91001, 5.83469
1.13511, 2.1878
4.07795, 0.936746
6.01321, 2.93817
2.89866, 0.060163
6.98078, 2.96704
3.12759, 6.06496
1.33386, 1.94616
3.30262, 1.68142
0.0135953, 1.84776
6.14988, 7.10935
6.08551, 5.20451
2.10554, 7.02919
4.9798, 5.11814
5.99042, 0.00837528
0.960665, 1.08146
3.20477, 7.01904
4.88837, 5.00635
6.02709, 0.0142838
5.03027, 7.13996
4.90379, 2.06715
2.9411, 0.818324
2.14152, 1.00601
5.92879, 1.07574
7.00282, -0.18462
3.08459, 0.278664
5.03013, 0.104927
4.25439, 5.88915
5.17731, 5.02406
5.09397, 6.93118
3.88123, 1.09102
2.12819, 7.07945
0.0108068, 6.98227
3.899, 1.1574
0.91139, 3.18193
0.89293, 4.04472
3.84408, 6.8212
3.175, 1.02793
4.85956, 1.06376
6.95967, 2.85613
3.0034, 5.98796
0.0214425, -0.0350856
3.01287, 4.71252
7.10957, 4.00029
4.85518, 6.00281
7.08588, 2.91947
5.89404, 0.0165884
4.92879, 4.97926
5.00918, 0.017239
7.04528, 4.89321
2.16415, 3.09193
1.75415, 2.99909
0.901644, 1.03175
0.930457, 4.95194
4.886, 4.87624
1.24206, 2.89298
6.96783, 4.99541
2.05796, 5.07812
6.11329, 3.97132
3.8315, 0.0371127
6.96642, 3.86096
3.76547, 5.87537
5.08695, -0.184294
4.88809, 6.8785
-0.0254027, 0.208436
4.93123, 4.06016
5.79115, 2.9389
1.01416, 2.00052
1.78895, 6.84568
2.0553, 6.01019
0.905717, -0.00822829
2.06082, 3.03438
6.15516, 6.06953
3.97722, 2.98019
-0.00565608, 2.08635
4.92051, 6.08795
4.87647, 3.13875
6.26145, 4.9781
2.09105, 2.09401
0.0758703, 6.22963
5.218, -0.0809331
1.11717, 3.05779
3.14047, 7.16736
1.96781, 2.77342
-0.0934239, 4.92399
-0.0363755, 3.10151
6.97141, 0.860833
1.9597, 0.00294788
2.10859, -0.00872375
7.03248, 5.97222
3.6934, 6.08792
5.93066, 0.00446518
2.0942, 7.06486
4.29473, 5.9557
5.0949, 4.94473
2.93567, 5.07592
4.09516, 4.16413
3.00268, 1.05793
7.0673, 4.16485
6.92383, 4.97887
4.96472, 3.03982
6.7697, -0.11572
0.96532, 5.95944
0.842823, 0.0655496
5.0956, 3.86373
2.84137, 4.98816
2.87667, 4.01075
4.97263, 3.96044
5.95277, 2.06731
7.05306, 3.19183
3.84027, 1.02151
1.92084, 6.25497
6.90832, 5.06078
5.08879, 3.83008
7.04433, 4.05444
4.10887, 0.058761
0.0916641, 5.96137
2.99646, 1.01185
0.146232, 0.304524
0.988664, 4.81349
0.15256, 0.230215
0.915251, 4.94263
1.93637, 7.10104
0.933265, 2.98017
3.88683, 5.05992
4.86754, 5.90885
5.13094, 0.958571
4.75567, 6.92655
4.06986, 2.96734
0.112029, 2.87138
2.79163, 5.03148
0.974667, 4.82084
3.97019, 3.96365
4.21833, 1.15349
0.877566, 4.78581
4.02858, 0.833114
5.03472, 2.17305
4.9438, 4.04451
0.0667231, 0.977215
5.09835, 1.09312
2.98632, 0.129579
5.83077, 1.88058
2.99897, 7.11218
0.931321, 4.72149
1.11329, 4.92673
6.07621, 3.11606
4.97894, 2.99266
7.00329, 5.99196
3.98735, 6.96962
1.00671, 6.86971
5.97318, 3.1199
2.00117, 5.04603
-0.0638, 7.06988
0.147264, 5.09871
3.103, 3.934
2.8464, 4.06401
3.82456, 3.06891
0.979452, 0.861942
1.98001, 5.18223
2.96053, 3.07139
2.18598, 6.90245
6.88599, 4.92781
7.1841, 5.09899
6.85282, 5.17557
1.98071, -0.0690724
0.0293208, 1.94369
6.18857, 1.88546
0.0416824, 2.22841
0.0299971, 3.06701
4.99779, 5.06679
0.108232, 6.07516
3.01096, 6.13178
0.988862, -0.0434688
7.00629, 6.03766
1.01832, 7.01185
5.03287, -0.321667
5.21943, -0.0183112
1.92806, 1.95169
1.0735, 2.99429
2.07443, 5.99056
4.95897, 0.904991
4.24558, -0.160853
1.0013, 2.76679
6.10697, 1.13376
3.99198, 5.09441
3.97611, 7.15087
3.98124, 5.09645
3.79791, 3.04872
6.14308, 0.000416972
6.18268, 0.168462
0.235007, 0.422808
5.96698, 1.13557
4.99899, 3.95789
-0.11928, 2.92513
2.08238, 0.963474
0.934867, 2.07561
6.03796, 2.10856
0.0188449, 5.99289
2.18659, 0.0501131
0.991772, 0.922171
6.91878, -0.149009
3.17958, 1.99089
0.906676, 3.90892
0.945787, 4.12709
6.00218, 6.25521
1.01905, 1.98847
4.13352, 5.12449
0.998695, 6.98805
0.97916, 1.8624
1.91304, 3.08267
3.07347, 4.93935
5.99854, 2.13314
1.02412, 0.970476
0.164817, 0.0464789
3.97642, 7.25606
1.95023, 6.92658
1.86802, 3.04973
2.03017, 5.09876
5.2038, 3.9504
2.9982, 4.23529
4.15716, 1.11765
4.12718, 1.18856
5.96921, 0.0159486
3.07214, 4.7571
4.14413, 1.05164
6.12643, 3.90851
3.00478, 4.1266
5.89056, 0.846164
4.95142, 7.10286
1.77459, 5.84905
6.21744, 3.88326
-0.0159426, 1.15236
2.91282, 6.96323
6.17569, 5.82502
3.99613, 5.84778
4.30116, 7.06645
4.10339, 3.99323
3.8991, 6.90646
3.92883, 5.18576
4.9949, 5.8678
0.892379, 3.99902
0.939855, 7.09937
6.9202, 4.08304
0.70577, 0.96265
3.07699, 5.15324
2.93618, 3.92848
2.95928, 2.17955
1.87447, 6.10459
1.96834, 2.87541
6.06217, 4.85146
-0.0875272, 1.01346
5.95288, 5.89749
6.99295, 1.08955
6.94461, 3.00529
5.8265, 4.88797
3.19133, 2.93601
7.06208, 7.13593
7.10352, 4.86081
1.96811, 0.999786
1.92624, 3.98534
1.236, 4.17375
1.94777, -0.0600548
2.03293, 7.06612
6.01372, 4.93982
6.68754, -0.0024337
2.94164, 6.81559
6.21732, 0.0594195
6.09026, 1.06844
5.01799, 3.91241
2.91199, 3.92892
4.03243, 7.10578
6.96257, 4.03568
6.99793, 7.09375
6.0213, 4.93378
7.21767, 0.956322
4.12713, 6.10174
1.85101, 1.92578
5.0347, -0.236344
5.93407, 0.0178718
2.06685, 3.99852
0.146299, 3.22499
3.07582, 2.06222
3.81687, 1.2237
5.84141, 6.95082
3.9635, 5.03641
0.904961, 3.36954
4.85089, 0.0591279
2.02762, 1.99004
2.99257, 5.06253
1.91095, 6.03036
3.00828, 1.90663
1.98489, -0.00703034
1.01072, 4.82023
0.126582, 4.1171
6.16616, 7.0878
3.9551, 6.91298
6.18175, 6.72679
5.05058, 4.22774
6.03317, 5.08813
1.9712, 2.12336
3.98522, 3.29803
5.02349, 2.15417
1.03925, 6.88331
3.84575, 0.758415
5.09554, 7.02018
7.03079, 2.14915
6.90698, 4.11666
3.96667, -0.126556
5.96277, 1.84237
1.07363, 0.718555
2.00054, 6.8344
3.01548, 3.94636
3.87863, 5.96064
1.90604, 7.0873
3.94243, 7.01257
2.937, 1.03141
2.8626, 5.1876
3.11949, 3.93246
1.19426, -0.147884
6.1873, 5.16373
4.03996, 3.98688
5.0379, 7.09607
0.887352, 0.899141
3.96464, 5.14819
2.21913, 7.06735
1.06933, 4.90574
5.09773, 4.13195
5.97776, 3.91597
5.99221, 5.27528
3.12019, 3.76131
2.06964, 0.0371162
4.7257, 3.09305
3.29227, 6.76113
0.174399, 7.02018
5.89661, 0.118514
4.01789, 3.09541
6.06626, 0.0554896
1.26414, 5.12138
6.99945, 5.08921
5.19451, 0.00464676
7.00059, 4.86219
4.89588, 5.05353
5.90818, 3.23089
6.08623, 4.98772
4.87663, 3.06719
6.0521, 6.02701
0.913562, 7.06478
4.95185, 4.00115
4.00009, 1.89889
0.953437, 6.17474
6.94589, 4.15222
4.11808, 0.797965
1.04023, -0.079223
0.76058, 7.06864
1.05828, 0.0358595
5.94337, 3.06457
6.06334, 1.9614
4.02272, 1.13052
0.971939, 6.11248
1.0509, 1.8421
-0.211261, 5.05618
6.97991, 7.01135
1.81849, 6.9057
5.90352, 7.29015
3.96899, 6.00847
3.7596, 4.16299
5.83897, 0.993499
1.84, 3.93698
3.91525, 5.00562
4.92308, 2.72376
6.82862, 4.1535
0.0286341, 0.0917075
5.8453, 3.81604
7.07796, 6.95814
1.99912, 6.97748
6.01519, 6.97633
5.96556, 2.97616
4.89561, 0.997488
2.13502, 0.103024
6.78787, 2.94285
1.94592, 3.78591
0.985642, 3.02497
1.8966, 2.01076
5.02355, 0.944413
0.950441, 4.84995
1.91095, 0.953712
0.937016, 6.83199
2.97032, 6.95801
5.31703, 2.30802
1.13909, 5.75348
5.97517, 4.09242
6.22977, 7.13294
7.04434, 6.93579
0.897677, 7.04314
-0.028619, 6.96988
3.24483, 7.04445
1.09779, 7.01854
-0.10395, 6.86107
6.08635, 0.877421
2.02947, 5.0066
1.02431, 3.86032
3.68464, 3.0341
4.99468, 7.08082
2.02097, 4.74364
5.03035, 6.89125
3.26906, 3.74539
3.89732, 0.0478303
-0.0304927, 3.96203
0.984159, 7.21695
7.28035, 1.23057
0.963598, 3.89466
1.92136, 5.9192
2.77499, -0.20314
3.91194, 3.00131
2.85956, 3.93959
2.83559, 0.953298
2.06401, 6.94602
4.81876, 4.98185
2.91007, 5.92649
0.145523, 5.92001
3.84279, 0.0143571
3.9528, 4.04773
3.90151, 6.07778
2.94222, 0.970763
-0.0430145, 5.9817
3.00727, 2.10101
4.89783, 6.0212
6.22443, 2.05555
3.08232, 3.11609
1.11862, 3.98807
-0.0630425, 4.8473
6.21342, 0.0487289
3.96816, 3.01748
5.95209, 1.06403
2.90851, 1.81931
5.04035, 0.0989317
4.9873, 0.165676
3.89185, 3.0583
3.03309, 2.97886
-0.0572229, 4.76951
2.93226, 5.15032
4.07184, 0.967696
2.095, 3.95365
5.04885, -0.0064636
3.87933, 4.05975
-0.245834, 3.97978
0.765585, 6.95006
6.96084, 1.26091
6.05872, 0.0488054
5.20284, -0.072298
4.02627, 1.04204
4.03657, 5.97198
1.93115, 1.89363
6.10612, 2.8914
2.92841, 3.73753
5.87108, 1.11382
2.15421, 7.07853
-0.0987707, 0.962466
6.9745, 4.09725
3.0152, 6.95477
4.92608, 4.02888
2.85115, 4.93136
5.88239, 0.874952
0.955854, -0.120278
4.04163, 2.98977
1.90251, 0.991612
4.08298, 0.0358679
1.07808, 6.01748
6.90729, 6.23355
1.07273, 3.80523
4.92373, 2.04779
1.08819, 3.79428
3.23753, 2.05611
2.77858, 1.92035
4.95559, 0.938841
5.93495, 3.24182
6.19025, 6.0707
-0.0670203, 6.0274
1.06399, 3.81042
4.09473, 1.05549
3.1369, 2.12178
0.173589, 1.17372
5.00973, 0.869591
1.11738, 1.0292
6.24317, -0.150209
3.94838, 2.04454
3.96185, 2.06012
4.91199, 4.09645
5.88049, 6.93543
3.23598, 0.304643
1.02191, 2.09549
6.2315, 0.918052
1.06734, -0.405733
4.09215, 4.07519
0.913239, 3.18512
7.26609, 6.10691
-0.15589, 5.06004
0.110265, 3.84345
1.95044, -0.309848
4.06662, 4.0047
4.03137, 2.0069
4.08611, 3.75273
0.922525, 4.0252
1.89575, 7.03937
3.93042, 4.06498
1.14937, 1.99537
3.0029, 5.00282
4.93698, 0.213327
3.95053, 3.91176
5.12325, 6.97973
6.03357, 6.22705
2.03523, 4.85753
6.01374, 1.05585
6.919, 2.96967
2.85978, 4.92742
4.91712, 1.92466
0.939404, 2.96455
1.78358, 2.01707
6.9208, 5.81604
2.95286, 1.03113
4.12649, 0.991551
5.00475, -0.109473
0.779967, -0.00492179
2.91748, 3.09702
4.10394, 3.17553
2.90693, 1.0961
1.0568, 2.07941
1.06412, 7.01979
-0.283537, 5.01868
3.97594, -0.116342
4.02067, 4.15547
6.99783, 7.24606
-0.131307, -0.062495
-0.0144155, 5.17631
2.19719, -0.0868123
1.839, 6.97444
1.04465, 7.00244
0.0649447, 3.16262
4.25726, 3.13332
5.89907, 2.96604
4.16075, 3.00168
2.05846, 0.905933
7.02716, 0.996198
0.973978, 1.96004
2.10132, 2.01693
2.89948, -0.000541063
1.04928, 6.0651
1.90188, 2.97427
2.9253, 2.96612
2.07265, 5.93275
6.93849, 0.783066
5.99557, 4.24464
6.08221, 6.3366
6.83156, 5.8531
6.15499, 3.99279
1.14186, 3.88641
3.69221, 2.09389
2.16877, 5.09779
-0.170789, 0.890879
7.03114, -0.0502385
0.968215, 5.16417
1.92025, 0.066577
4.94207, 0.0582363
7.0482, 0.134378
2.0673, 5.92065
2.90554, 0.917858
3.10493, 2.9971
-0.153103, 2.97379
0.104052, 7.13434
6.02248, 1.14381
3.99295, 6.84227
2.20299, 5.945
6.95393, -0.121862
0.0260712, 0.984255
7.02364, 3.29338
-0.124653, 1.84324
3.95602, 7.06248
4.91685, 1.83763
3.09939, 5.90425
0.906871, 3.03163
2.139, 0.960604
2.89896, 1.94316
-0.0399135, 7.01619
3.905, 4.03188
2.15479, 2.05527
5.22587, 0.872523
2.85333, -0.0864235
1.86616, 3.00318
6.77903, 3.03335
7.0159, 0.94804
2.8026, 6.94899
5.859, 4.83708
2.97765, -0.0536417
0.18822, 5.93952
6.10172, 6.03981
1.3614, 2.96281
5.14905, 3.90838
3.08599, 3.25912
3.12768, 1.8829
0.0647159, 3.26115
5.06744, 3.87774
2.10072, 0.0433577
4.14156, 3.9733
6.21877, -0.0560979
5.11698, 6.16032
5.25285, 0.00408897
0.0836022, 6.05425
1.92081, 2.06585
3.97208, 3.08303
3.90449, -0.0229652
2.02586, 2.95083
3.97203, 7.25452
5.2124, 7.01444
6.90513, 6.91889
7.02867, 5.95828
4.83635, 2.97523
-0.0178307, 0.610909
4.97867, -0.0372586
6.39965, 2.95772
4.02935, 4.05284
3.83607, 5.8619
3.82547, 6.33989
0.952176, 1.89658
7.20675, 0.043384
6.22195, 2.93414
1.81022, 3.03468
0.866054, 1.0917
4.15951, -0.186008
2.11829, 2.03255
0.949358, -0.0501126
4.60884, 6.02852
1.99762, 3.11595
0.836792, 6.91797
1.09537, 2.89016
3.87453, 5.14646
0.104006, 5.09432
4.84675, 2.99202
2.99812, 3.06463
5.96793, 1.08668
6.15031, -0.207972
3.95134, 1.90831
3.82591, 6.03157
4.00566, 4.24416
1.96994, 5.03203
7.18468, 5.76316
4.0008, 3.07424
0.952768, 6.98855
0.128732, 1.88761
2.97492, 1.98565
3.00117, 6.09346
0.0746401, 2.07267
7.19401, 0.870681
7.05502, 2.09119
7.00225, 1.6684
5.87203, 3.94698
4.84496, 2.09094
5.76439, 6.1342
5.13699, 3.07703
1.89737, 3.19158
-0.149615, 5.89807
5.99524, 2.06498
1.25198, 3.95313
3.02298, 1.12019
4.96302, 4.83118
3.08714, 4.77391
4.98284, 0.904827
3.94998, 0.825299
3.03796, 5.84608
-0.0107042, -0.230075
2.75438, 6.96523
4.90551, 4.11344
6.92004, 2.00494
2.9046, 4.93583
-0.091786, 4.78472
6.82484, 5.26254
4.88178, 3.81812
2.12724, 1.96249
2.97738, 1.1347
1.83752, 1.72845
4.12386, 4.65554
6.96039, 6.96713
6.01149, 7.19856
7.03117, 0.824637
0.980137, 6.98853
4.95712, 1.08361
2.95456, 1.20089
-0.0437787, 5.02444
0.0641258, 6.03899
-0.0752978, 1.92414
6.11545, 2.04156
3.12668, 4.89218
0.984719, 4.10665
2.96872, 2.90952
4.76939, 6.87487
3.12204, 4.0507
-0.0316947, 4.90048
6.9954, 1.83513
-0.19884, 3.95043
6.04176, 4.09867
2.09278, 0.886921
6.10474, -0.0753707
6.93588, 5.91922
1.95233, 3.18944
0.10687, -0.0494158
5.92126, 1.87648
6.94804, 3.89446
4.96941, 0.226768
5.04889, 1.08066
0.167915, 2.86696
1.88299, 6.86672
3.91601, 5.29064
2.96492, -0.0436356
3.92213, 6.022
5.11804, 6.05206
4.92239, 0.132671
-0.0501242, 3.82252
5.80887, 4.85452
0.995902, 5.95807
4.02491, 3.17261
1.10105, 2.80558
3.0503, 3.11863
3.88107, 4.83173
4.03605, 5.2272
6.90064, 2.87195
5.04422, 1.98308
0.905569, 5.02822
6.9111, 2.07593
5.0137, 6.9287
3.02108, 3.91947
1.89117, 1.81262
1.62417, 3.87021
6.06875, 5.91171
4.07511, 5.87249
4.93727, 7.07497
-0.0595515, 0.943235
-0.144415, -0.0205668
5.09095, 6.15675
-0.0922832, 3.97188
4.82799, 4.12165
0.0270968, 0.054838
3.87165, 6.96381
4.94929, 3.13319
3.02084, 6.12445
6.92913, 0.961183
5.96577, 7.1463
3.94737, 4.00349
0.850596, 5.02003
-0.173302, 6.1275
-0.0420822, 1.75701
4.06941, 3.07419
0.0961673, -0.0200758
1.04275, 6.90346
6.94276, 7.09879
1.28423, 4.07501
3.08609, 6.92556
3.12104, 6.03655
0.993514, 3.96557
4.11532, 4.04044
1.81793, 7.12677
5.76465, 3.04836
3.2712, -0.0784547
4.70968, 4.01619
5.92681, 0.903537
7.11789, -0.0566022
3.94942, 3.80421
5.16457, 0.0809961
1.1785, 2.13481
3.91105, 1.92883
0.0550345, 0.849245
3.79438, 1.96664
1.00192, -0.147993
4.9212, 6.74537
6.07432, 3.22961
5.04663, 5.03417
1.05185, 0.773798
0.0414989, 1.89264
0.0943899, 2.08974
5.1752, -0.025428
7.0055, 1.34828
1.96886, -0.0965695
3.77127, 7.16016
7.2241, 4.96002
1.09614, 1.05548
3.01512, 6.15686
2.06988, 6.18261
4.02989, 0.654201
1.96758, -0.181548
7.06584, 3.79107
7.13559, 2.0272
1.23625, 5.79182
7.15978, 3.21546
4.04366, 5.17139
5.85397, 1.11728
4.01783, 5.93432
1.00916, 6.97204
-0.0540646, 3.09642
-0.023879, -0.155423
1.85544, 6.82801
7.31524, 6.80015
6.96875, 1.03638
0.879109, 5.95683
3.20978, 3.10995
6.01115, 7.11861
2.84132, 0.989497
3.01034, 5.06381
5.16012, 1.12471
2.86092, 0.928554
2.90998, 4.96218
4.7762, 7.13981
4.21189, 5.99494
3.77946, 2.93557
4.94123, 3.80603
0.779244, 0.917989
5.98478, 5.03951
7.09174, 0.0515278
2.75282, 0.983657
4.93339, 1.11104
6.93806, 2.88027
1.07846, 2.9357
3.17702, 4.01645
5.99539, -0.219403
5.92534, 7.28254
5.06046, 6.12832
4.907, 0.87301
5.17978, -0.0531102
2.05411, 0.986651
3.87343, 7.05483
2.93793, 4.92997
3.91262, 3.05422
-0.118774, 3.92937
5.90731, 1.07526
6.96082, 5.16035
3.95804, 3.04873
1.11422, 2.0811
0.885901, 6.01301
5.26997, 1.02881
4.10589, 1.07859
0.844319, 6.87246
5.96634, 5.17507
4.10419, 0.920548
0.920651, 0.987816
4.97323, 6.8646
6.00821, 2.78724
5.00946, -0.0684486
-0.237938, 1.11181
6.04772, 3.85316
1.0458, 0.98585
1.04268, 5.08453
0.113208, 4.9935
2.73781, 3.09282
4.77353, 6.90209
2.93778, 0.0108176
7.00552, 3.87779
0.0263226, 7.05326
5.24391, 5.00643
0.819429, 2.89312
2.99635, 3.03613
4.17368, 0.315155
4.07101, 5.10511
7.13101, 2.76713
-0.0966706, 2.90579
0.0588096, 0.799475
2.14158, 0.979921
5.99192, 5.88746
4.74627, -0.0511691
0.91763, 5.96169
0.986052, 2.09077
4.86867, 4.74757
5.01546, 6.94954
2.30762, 2.09368
7.22443, 1.06281
6.86499, 5.10786
4.03964, 4.02939
4.06492, 5.94399
6.04204, 3.04695
7.06032, -0.0167607
4.26991, -0.0517789
3.9318, 5.04201
4.82716, 6.979
3.00517, -0.0278354
7.18659, 5.89573
6.17623, 3.95062
7.22976, 5.19823
0.74603, 6.03684
1.88242, 7.03432
0.0204573, 6.94879
4.936, 6.15108
6.93557, 4.9682
3.78604, 3.04316
1.01932, 6.04508
1.92657, -0.406712
2.07629, 4.03014
1.12162, 5.99002
5.95401, 7.12465
6.02145, 6.02586
0.304021, 4.05741
2.00066, 5.01228
2.97869, 2.76916
-0.0542002, 1.96978
7.00502, 2.96249
1.04858, -0.170221
3.0224, 5.13424
6.06666, 0.962812
6.97071, -0.0292296
0.902802, 3.03801
2.80676, 2.97
4.17012, -0.00683092
5.85207, 6.75566
1.77238, 2.05288
1.18376, -0.0652192
1.93232, 4.98856
6.91448, 7.07177
1.74642, 6.99965
2.96905, 7.09801
2.14564, 2.9718
3.06155, -0.0631304
1.03668, 0.71231
1.19316, 5.23231
2.92848, 4.92501
7.12148, 5.99237
5.87847, 7.02733
1.12813, 1.94176
0.018585, 5.01376
6.19335, 6.13471
2.8716, 1.96292
5.24821, 0.105788
0.00760564, 4.70292
2.06883, 5.21135
2.00148, 3.92915
3.08564, 3.85162
2.97513, 2.99555
7.24589, 1.68258
3.85091, 0.0195879
2.91842, 7.25973
-0.0146922, 2.8244
5.02775, 1.07416
6.92072, 2.90726
2.12039, 6.93374
4.07129, 6.93396
2.02658, 7.13586
4.99056, 4.98105
4.85879, 2.35214
2.016, 0.162997
6.12031, 4.93715
0.102822, -0.142528
7.01364, 1.0162
1.00245, 0.826629
2.80494, 6.96764
-0.0173112, -0.135554
0.0481104, 2.86702
5.03239, 5.91762
3.7151, 6.00872
6.7004, 7.01956
0.891022, 5.05278
3.03515, 2.08392
-0.24823, 0.0462863
0.970344, 5.15903
4.89701, 3.1549
0.964089, 6.98665
1.02411, 0.979212
0.98882, 0.0574791
4.00929, 0.00215834
5.01765, 5.93597
-0.0184094, 4.93958
6.01917, -0.194098
5.23508, 4.21955
6.98735, -0.0826289
2.90247, 1.06863
2.03705, 0.19779
0.0539235, 3.00511
5.04915, 2.05729
4.12549, 1.89924
7.13572, 4.94923
6.74592, 7.06516
6.04758, 3.08555
3.01883, 0.983502
1.98529, 3.8151
6.73502, 5.02451
5.05093, 4.96409
4.06552, 4.89016
5.14936, 5.05021
0.000737339, 5.97907
4.08205, 1.90192
6.87401, -0.187151
6.14021, 5.07835
-0.00608011, 3.98889
3.23757, 1.03334
2.79118, 1.92792
3.77483, 6.10515
6.89238, 6.84549
4.99057, 3.91929
4.08327, 4.72846
3.19897, 5.15365
4.06078, 3.99425
5.03018, 6.96903
4.97514, 2.88414
-0.178228, 3.96287
4.07735, 0.881107
1.98547, 3.14677
2.78376, 6.86161
-0.140269, 2.02989
1.9407, 1.18193
1.03186, 1.11337
7.05448, 5.08903
5.09373, -0.158366
4.16853, 1.92116
-0.129283, 0.126413
4.74057, 1.15145
7.352, 2.86266
5.04426, 2.12159
0.882632, 7.14153
0.0687189, 2.08623
2.85867, 6.82375
4.91285, 4.84209
3.12381, 5.87082
4.05264, 6.95672
6.85121, 1.19289
6.00009, 0.14736
2.99728, -0.0798934
3.93362, 0.0445527
2.07749, 2.91678
2.90825, 1.8651
5.7403, 2.90062
4.95878, 4.93083
2.97664, 5.13143
2.9309, 3.97004
1.07794, -0.181392
4.25915, 7.20359
3.8187, 3.9852
5.96659, 0.877528
0.0504723, 0.906707
2.12139, 1.80141
4.93469, 0.952494
6.91331, 3.90201
4.19631, 0.0917597
0.234324, -0.100565
6.86513, 5.94311
0.86801, 4.12382
3.80242, 1.71519
1.92749, 2.0579
1.03274, 2.96989
1.94951, 5.25617
7.07801, 1.95664
5.10879, 5.92025
0.788023, 1.02892
3.06413, 5.82375
0.880939, 0.96714
7.16284, 1.27824
-0.010557, 4.855
4.83217, 1.16196
5.89282, 0.904181
0.0346305, 5.91731
3.87309, 2.86072
0.0168538, -0.216629
2.04468, 5.9636
1.92545, 2.87686
3.03865, 6.04095
5.00183, 0.000600534
0.911124, 4.08172
1.06279, 1.97846
3.86402, 1.97405
7.09506, 6.83112
-0.0990973, 0.0480063
6.95622, 1.98169
0.145847, 5.82453
1.90523, -0.116528
1.95107, 4.96003
2.92652, 1.99228
0.127353, 6.1152
-0.0527327, 4.93899
3.04746, 2.16534
6.09772, 1.06792
4.11408, 3.8235
5.04379, 6.23119
6.87554, 1.94546
-0.060949, 6.02897
0.0380648, 4.02764
7.05259, 3.91137
4.08673, 1.04007
4.85014, 6.83892
5.94715, 0.072324
1.84206, 5.20369
3.01137, 2.81536
3.74301, 3.26767
6.15262, 3.0739
1.97242, 3.07413
5.88597, 6.9078
1.99624, 2.92514
1.15184, 2.07214
7.1156, 4.94254
3.93351, 1.03013
2.05582, 3.87478
4.8337, 0.98164
3.96209, 6.93395
4.9883, 2.92433
-0.0624751, 1.77456
4.93141, 6.86026
6.73029, 0.00621545
2.05231, 1.16245
0.175424, 5.02761
4.0905, 0.0958907
5.12572, 3.77888
3.05789, 5.95346
1.84279, 4.98988
1.92657, -0.00544521
3.90898, 5.84553
4.01911, 3.04885
4.20437, 2.893
4.86235, 6.00289
2.29942, 4.2834
4.97927, -0.0123202
4.90826, 6.15386
-0.0384405, 0.888953
3.08984, 0.808954
-0.0532874, 5.99834
0.0619778, 6.97748
5.01316, 0.0915514
4.13611, 1.06697
2.5411, 5.98668
6.17878, 6.01106
4.9949, 4.02196
3.07458, 4.01514
6.00293, 5.01832
7.01561, -0.164209
5.99234, 3.12748
2.90994, 1.82241
6.86733, 2.88754
3.89259, 4.13772
7.05527, 1.07318
6.75972, 7.04753
2.99794, 5.00192
4.99743, 2.91563
1.97072, 6.12973
4.01562, 6.13281
5.89032, 3.16404
2.01496, 7.06989
3.20946, 0.123088
1.98381, 4.17512
6.9329, 6.03875
-0.0663743, 6.06272
2.01281, 0.0300078
2.15084, 5.9984
1.71086, 6.73004
0.862251, 5.34456
5.93713, 3.87912
6.09311, 4.99343
4.07085, 6.89496
2.86712, 1.92175
-0.06522, 1.0948
1.89053, 0.0243851
3.90882, 7.21818
4.13534, 4.99835
4.11629, 3.09943
6.01786, 6.83131
0.993133, 2.98889
6.93651, 0.924736
2.9804, 2.8332
4.02352, 2.16395
6.95463, 1.98347
3.9471, 6.02033
6.82706, 3.06354
7.06536, 7.00413
6.0573, 7.01678
0.0213828, -0.231234
1.16547, 4.84103
0.801196, 0.993381
-0.101624, -0.101217
3.10561, 0.00888722
3.02882, 0.340084
0.95504, 2.98887
5.98764, 1.18757
2.0891, 6.93243
0.947863, 5.20989
5.7315, 3.93966
3.88698, 0.165252
4.16783, -0.265478
3.07173, 1.85388
5.9243, 3.09154
4.0534, -0.0605493
4.9241, 3.92339
4.99399, 2.15308
7.0666, 2.73796
0.087695, 2.93511
6.95866, 2.05328
4.22782, 0.0116927
5.92213, 4.9382
6.02435, 0.103635
5.96977, 2.1283
1.06268, 7.00984
1.99857, 6.87688
2.02658, 4.91144
3.97396, 5.01498
5.07079, 5.96885
2.81724, 2.94322
3.12696, 2.79065
1.95121, 7.08266
0.705718, 0.978425
2.0141, 4.91104
1.03268, 6.33725
3.9445, 3.89771
2.26355, -0.0918856
5.06132, 2.01364
3.7903, 0.0145898
5.97599, 6.95261
2.02703, -0.0480804
5.89901, 1.11083
5.97165, 6.11954
6.97434, 2.96274
3.97451, 5.0689
3.76913, 2.18184
2.05251, 5.06125
-0.151194, 7.08224
6.91523, 0.0828936
2.03368, 7.08237
1.07979, 3.93356
2.07334, 1.14244
0.927345, 2.96884
-0.179715, 0.964561
1.95825, 5.95677
7.09806, 4.9453
3.13523, 3.98483
4.15873, 6.28782
5.98574, 1.9358
4.09992, 5.99586
5.92432, 4.92963
2.93561, 0.103854
3.93244, 1.12678
1.12514, 2.97405
3.02146, 4.88488
5.81493, 1.05469
4.94776, 3.81412
1.9549, 4.20014
4.9724, 0.876726
4.00536, 2.1681
5.14955, 2.96744
-0.151643, 6.98753
3.97442, 6.26057
5.99495, 2.02327
3.87919, 0.877818
0.95633, 4.93941
0.913441, 2.02528
5.1843, 2.0791
5.26923, 6.05541
1.8756, 5.04865
0.152729, 6.85255
0.0539023, 3.95666
3.92411, 5.85362
3.32394, 0.0517803
1.04648, 0.148305
4.0158, 2.04102
1.88257, 6.96665
4.02331, 2.7995
4.22011, -0.00507216
5.02573, 2.93953
5.84171, 2.89517
2.01422, 4.02842
1.98048, 5.88486
4.06063, 1.8387
5.02184, 0.060958
5.06289, 6.85428
2.98262, 6.12642
7.09005, 0.970526
4.95878, 0.750791
3.91388, 1.15003
2.93022, -0.150376
0.0664493, 4.03553
4.96964, -0.168069
7.01607, 6.82167
3.02435, 2.97084
5.10562, 3.13939
7.31861, 3.8178
3.01923, 5.94467
6.01267, -0.0835416
5.24919, 1.99083
5.89272, 4.16584
5.14084, 3.8584
2.9303, 6.77519
1.67477, 0.0193714
2.86637, 4.05232
7.07733, 1.12082
3.94647, 5.94945
2.9933, 0.954112
2.02981, 6.13276
4.99622, -0.205568
5.03439, 6.01395
5.14316, 2.15453
7.03983, 5.92466
1.0335, 0.996167
7.15807, 2.94978
4.10832, 5.72992
1.0883, 5.0238
-0.0325187, 5.30027
1.86324, 0.0137671
4.03641, 4.90056
3.87564, 7.17796
0.0209325, 3.88074
3.12817, 0.833593
3.88005, 2.80405
5.2186, 3.80535
-0.0321791, 1.18326
4.98769, 4.0561
1.09436, -0.299563
-0.0815016, 5.10235
5.88038, 1.94457
4.02497, 0.0777403
4.95209, 3.07437
4.12753, 6.96984
4.74053, 6.06035
7.08848, 0.9919
2.97293, 4.0155
4.87314, 7.04403
6.07474, 1.14623
-0.0199143, 1.11008
5.88901, 5.11793
1.03761, 0.178126
1.92984, -0.0504018
3.04705, 4.22689
3.9697, 1.97618
1.79443, 2.78625
1.8266, 2.12697
0.0116717, 2.94586
6.05161, 0.971583
3.97169, -0.0248849
2.17267, 0.0414013
4.98724, 4.09701
7.0939, 1.93105
-0.070032, 5.08695
1.0124, 1.00813
-0.0230863, 4.87508
1.85043, 6.01595
0.0108114, 4.04822
6.0328, 2.0641
6.12096, 1.14418
3.24425, 7.08987
2.89737, 3.02395
3.96705, 0.0799834
2.14827, 4.12983
4.21587, 1.98605
1.96651, 1.11861
2.81774, 4.90287
7.00951, 4.89327
2.89345, 2.14595
1.78091, 1.16615
7.05729, 0.821783
1.89278, 3.97687
0.838787, 5.12775
4.80332, 0.124959
2.95491, 3.09075
0.810063, 2.00545
5.07225, 5.26401
2.02415, 1.97594
5.89747, 0.00107195
4.07152, 2.05355
0.799709, 0.923831
0.197189, 3.7864
4.08129, 4.91923
6.83733, 3.98976
1.02255, 3.14549
6.10127, 2.99964
6.06064, 1.91034
3.05531, 1.0014
0.152735, 3.88237
6.31797, 2.76149
2.99681, 0.0319653
5.96722, 3.82068
6.81909, 2.99482
-0.114226, 1.92673
2.18087, 1.88941
0.952758, 3.90314
2.1241, -0.132734
2.01936, -0.00612295
7.01443, 2.1236
3.96366, 6.10956
2.87839, -0.0086523
0.143685, 1.9836
6.94515, -0.116539
2.94146, 4.75561
-0.144788, 5.16274
0.0244241, 0.960808
6.05401, 3.90676
0.0553311, 2.01631
4.9127, 5.01487
2.70693, 7.05711
4.80321, 6.10786
3.84392, 7.15645
6.96563, 6.11471
4.03723, 1.95813
5.07941, 4.09077
3.07729, 7.22558
5.97817, 6.1062
-0.168227, 2.02935
4.96191, 1.89203
3.83535, 1.91117
2.21219, 7.15528
7.18973, 7.08033
5.9031, 3.71743
2.92615, 6.03933
3.03793, 7.10663
7.01723, 2.89857
5.9392, 4.23051
7.18084, 5.87132
3.89399, 5.12946
5.95623, 0.803503
5.964, 0.0624387
1.90837, 5.11973
4.99333, 4.02314
1.93052, 1.26357
-0.0374501, 3.05261
2.97749, 5.03521
3.03546, 3.9139
5.09532, 0.941435
0.18603, -0.0362548
4.80589, 6.031
5.79935, 3.7805
-0.0183719, 0.991823
4.10148, -0.192388
4.12376, 3.89636
6.84813, 6.9617
5.81125, 0.141224
7.14935, -0.168736
1.87424, 4.88565
-0.206951, 2.03914
3.8074, 5.92351
1.82872, 5.86476
2.04758, 3.90419
1.94442, 5.30303
2.81001, 1.02236
2.16087, 2.96369
2.98045, 5.82266
5.05356, 1.079
1.00601, 6.88496
2.23734, -0.00151573
3.88462, 6.92736
3.94579, 2.81659
0.903761, 7.28277
1.19074, 4.7955
6.07731, 0.94051
3.41001, 1.8583
3.2014, 7.22132
6.01306, 6.113
1.20351, 7.05318
5.96583, -0.17767
7.22774, 0.102253
4.91808, 7.07194
3.0698, 4.98796
6.16501, 6.17853
0.119738, 4.22698
6.9827, 1.96588
5.01156, 1.19358
6.02146, 3.95393
3.18633, 7.00525
0.990867, 0.873978
2.08351, 1.01203
1.96237, 3.07398
1.80304, 3.86024
0.1297, 6.08571
2.00291, 4.87095
0.161389, 6.18207
-0.15887, 1.10383
4.9448, 3.02803
4.78351, 6.16471
1.91179, -0.147684
6.84046, 2.95343
1.05805, 3.03031
2.97555, 4.90556
4.04793, 0.826559
7.02602, 0.980385
4.92841, 6.12563
7.23873, 5.01772
6.78887, 2.04292
-0.0701583, 2.13761
2.85845, 7.07672
-0.0288412, 0.0282172
0.0138894, -0.0384175
5.79445, 2.3103
2.86717, 2.04493
3.97441, 0.813
4.21917, 2.99116
4.17149, 7.04633
7.10466, 3.96451
2.92644, 5.97152
6.87238, 5.01053
6.91532, 2.02715
3.02569, 4.22909
5.08311, 4.97644
4.07967, 3.9452
2.1303, 2.09913
4.79097, 6.08275
3.09014, 5.93465
3.91931, 3.11408
2.99313, 1.92188
6.0048, 0.113607
-0.059896, 3.05041
5.00199, 0.846903
2.29572, 4.95553
1.25954, 3.10295
1.92599, 6.07547
6.97973, 2.93827
4.80121, 2.22349
2.12093, 3.87251
0.0512476, 5.0976
3.96705, 6.9766
3.03841, -0.0628948
5.23522, 2.08829
6.12264, 5.0237
2.85135, 0.0354892
4.1161, -0.28135
6.74287, 1.19581
2.63011, 3.13603
7.07505, 2.76399
2.13414, 1.87567
6.06465, 4.02653
5.69725, 3.28608
7.22729, 0.0902577
6.95916, 7.26674
3.09463, 6.94813
5.05323, 3.14651
6.08601, -0.318234
7.28679, 3.96062
1.00038, 2.96051
2.01096, 1.95193
1.94508, -0.0990767
-0.0861986, 0.0707021
6.89272, 3.90821
0.941188, 1.16172
0.995955, 0.143513
2.00573, 6.10868
0.975488, 4.96278
6.09691, 1.02626
7.06711, 3.9628
2.23643, -0.0668585
2.96415, 3.74669
3.85983, 0.00811014
6.03052, 1.02624
3.68494, 1.12876
2.80876, 0.871964
2.90535, 5.1353
6.12454, 2.82632
0.0405968, 1.96212
1.06038, -0.122882
3.66602, 7.09205
2.28556, 1.06666
3.93758, 3.89736
2.18079, 0.975552
6.07733, 1.17713
2.03607, 4.9747
6.07861, 2.99506
7.04239, 5.86037
2.82433, 5.7203
5.06644, 2.97911
4.84574, 5.92969
6.16764, 5.07968
3.78846, 3.92741
7.06998, 0.924331
0.923667, 7.13222
4.01015, 5.13666
7.12217, 6.14024
1.85138, 3.98703
2.98642, 5.85399
0.91336, 5.9065
6.16428, 3.86767
1.93266, 5.97358
7.01284, 3.06445
0.000468478, 4.71379
5.77496, 3.07264
1.96623, 4.03074
1.87906, 6.09474
3.78937, 2.01456
2.71353, 3.08593
1.07687, 0.926596
0.973836, 1.95306
0.202532, 4.00522
7.12192, 2.97598
0.185925, 1.08781
4.72239, 5.03894
4.24018, 6.97823
6.92354, 5.02796
4.13308, 2.16292
6.93025, 7.29191
6.10158, 5.89885
0.186335, 2.98065
0.91026, 2.81171
5.03786, 4.8805
2.91038, -0.0231682
4.75719, 4.95697
2.09105, 5.07299
1.84107, 6.12944
1.24307, 2.06303
4.15463, 4.95727
4.00423, 5.91413
6.2413, 0.929778
5.91691, 5.83048
0.883054, 1.97344
4.09612, 4.00119
6.00068, 2.01195
3.82125, 0.183466
5.88428, 4.89817
2.93646, 0.881226
2.90482, 0.941123
3.13413, -0.00895366
7.16086, -0.0280756
3.00487, 6.99827
6.98583, 1.95955
5.06068, 2.05382
0.18063, -0.0300556
2.155, 2.95075
1.26379, 6.93584
1.97079, 6.05069
6.92044, 3.93616
5.00447, -0.302434
3.88105, 5.12508
5.93685, -0.0102099
-0.00895227, -0.0521812
4.88221, 4.07128
4.91045, -0.143812
0.93907, 1.9094
0.0944256, 2.04968
4.93193, 3.09663
4.96624, -0.139212
4.0151, 0.931848
0.924099, 4.94781
4.83954, 3.80112
4.8005, 4.96886
5.01984, 4.81847
3.17097, 7.03742
0.900025, 5.08793
-0.0150722, 0.838557
4.80541, 3.96356
3.92572, 0.0146353
7.2506, 2.89892
1.02795, 6.7728
6.89458, 0.109248
1.02465, 4.99957
6.77338, 2.01642
5.8834, 0.947337
6.9541, 5.86222
-0.0262713, 2.90263
3.94143, 0.911534
0.0143387, 5.99262
7.18708, 1.09053
5.04006, 1.93705
3.86059, 0.987917
6.06128, 7.22398
2.93919, 4.01763
6.96153, 2.12463
3.07821, 6.04733
2.03967, 2.06301
-0.110949, 3.08167
1.18045, 3.0492
6.3088, 5.00628
3.94946, 1.01703
3.14213, 1.8875
6.96408, 0.972802
0.757949, 0.00587849
3.80189, 1.9202
0.10905, -0.202354
6.87826, 3.13473
7.05882, 7.00124
6.09782, 6.08942
3.03187, 0.764568
1.85944, 6.97964
-0.0206054, 1.96169
6.0388, 5.83376
1.84711, -0.138812
2.06064, 7.06309
0.85423, 0.200635
0.794511, 4.97029
0.0792304, 5.79556
3.10794, 2.7425
3.99814, 4.88415
0.0689826, 0.889348
3.12664, 2.98522
6.02757, 5.2292
-0.0263347, 6.89487
4.99593, 3.9423
7.18163, 5.93202
1.04353, 4.75384
3.8217, -0.0529485
0.173466, 6.1309
4.88335, 0.01291
5.0309, 0.0887752
3.06873, 5.03938
3.93427, 1.07871
-0.135803, 3.36494
4.13099, 2.14652
5.90223, 1.82182
0.986846, 0.990181
3.98116, 4.98307
4.17274, 6.13222
6.12512, 0.0879939
6.95599, 1.05328
-0.0678737, 5.05892
4.89673, 1.11125
6.06884, 4.19387
4.05424, 5.93752
6.1813, 1.88697
2.07464, -0.0760257
3.97626, 3.11401
-0.263576, 2.92997
5.29055, 3.05814
6.15486, 0.172783
6.14523, 0.131849
4.99408, 1.79362
6.12848, 0.84663
6.89521, 0.946599
4.10589, 6.0603
7.16105, 2.82063
2.07796, 4.0104
0.0881224, 4.01715
1.9942, 4.99472
3.92654, 0.0894855
3.71388, 3.97104
1.32645, 0.0738971
0.0587516, 6.92369
1.86342, 2.91155
2.96433, 1.83283
3.09534, 0.149584
0.0538424, 4.95017
6.92429, 4.12051
0.977232, -0.210045
7.03141, 6.06469
0.254314, 1.88134
6.939, 2.95927
0.900138, 0.921872
4.19481, 2.08179
0.990177, 6.22015
3.78458, 0.77389
4.01869, 2.23785
4.09516, 5.05736
0.792624, 3.16961
2.88254, 1.10404
2.99344, 7.20589
0.00298491, 6.11138
5.89157, 0.836626
1.04714, 6.95529
0.910028, 6.94427
2.09225, 1.71176
2.92568, -0.011013
0.899728, 0.940396
7.01891, 5.06012
-0.0030126, 4.06724
1.17755, 3.0793
-0.0396271, 4.97621
5.7271, 7.02435
3.1576, 7.06249
1.02068, 4.02892
1.13217, 1.98348
-0.0199938, 5.99736
2.94841, 0.0670722
2.72576, -0.0669522
1.82098, 7.00403
3.93459, 2.22199
2.98108, 4.02295
2.08977, 1.94304
4.85266, 1.97508
5.93206, 4.95372
1.89501, 4.24623
6.041, 4.08478
1.0535, 3.05655
6.12938, 0.953908
2.82273, 6.02926
5.07273, 3.9565
1.84326, -0.0153667
7.02296, 0.786379
0.0109711, 6.0618
3.87159, 4.03671
6.0147, 6.01828
3.02218, 3.14341
5.26281, 5.1367
0.188704, 5.01431
2.88158, 0.934958
5.93781, 3.07107
1.91049, 0.0195401
3.04713, 2.80325
7.09173, 0.0985776
5.04274, 0.961898
5.94972, 2.0407
2.9102, 4.06
1.03344, 2.04958
4.04934, 1.65935
1.8057, -0.0257142
-0.172, 0.910562
3.3821, 3.08644
3.39847, -0.055209
2.02077, 5.14877
0.130986, 4.18565
-0.0654951, 2.90897
2.25644, 6.0242
1.93087, 5.82223
5.0931, 4.886
5.89145, 6.07563
4.80794, 1.99824
5.97611, 0.122617
0.132738, 1.82556
3.12166, -0.100416
2.03553, 3.03343
0.0408124, 4.04079
0.881333, 3.06408
2.03211, 5.96464
2.97181, 5.00331
1.02806, -0.0690326
2.91198, 2.94848
1.21125, 3.0225
6.81824, 0.237407
-0.186013, 3.05088
1.17424, 5.08896
0.752137, 7.2789
2.77075, 3.88839
4.903, 4.06512
3.11091, 2.95799
3.17229, 5.95407
4.99551, 1.9719
7.00078, 6.75951
0.133514, 5.09304
-0.0823749, 1.12979
4.05149, 5.83026
5.26566, 1.13391
4.70599, 6.73633
3.97642, 5.02044
6.94151, 4.82598
6.84598, 5.86004
6.0577, 1.93394
2.81233, 6.10661
6.95865, -0.0929572
1.0371, 0.095917
3.85921, 0.976143
1.12573, 5.87146
0.91122, 1.79373
4.88257, 2.03203
5.01318, 4.93885
1.92801, 6.01537
3.05183, 1.90687
1.18838, 5.02401
0.109196, 4.79785
7.08199, 4.87791
3.10693, 5.94029
0.884622, 0.182447
3.92665, 6.03277
3.04492, 4.02068
2.06537, 5.98109
5.11773, 6.91668
6.8048, 6.82252
3.16824, 0.775662
1.66098, 6.05687
1.83902, 2.0711
0.950786, 2.01785
6.01677, 5.97637
3.02633, 1.15587
3.02951, 3.24932
2.87773, 4.12179
0.979456, 3.01345
5.93041, 6.85103
7.06461, 1.87834
2.94567, 0.127957
3.97145, -0.146598
4.8795, 6.22952
2.04546, 4.88074
5.99761, 6.76342
4.32356, 3.88282
4.10001, 3.81624
1.89501, -0.136014
4.05464, 2.91674
4.84529, 0.817465
0.936959, 2.87614
2.9854, 6.0244
7.28507, 7.16854
0.0946556, 0.662168
3.7671, 2.96277
4.82643, 4.19932
1.02839, 1.0959
3.95862, 4.96334
7.21268, 6.0183
2.90715, 4.81504
0.833954, 7.05886
1.85281, 2.97496
2.96196, 6.94428
4.13206, 7.15147
0.906776, 1.05477
1.97637, 5.88049
-0.00246717, 1.08535
7.0518, 4.00681
3.17278, 4.09243
5.97688, 3.04027
6.87424, 5.15025
1.04707, 3.10273
0.870433, 1.82801
2.1809, 6.1796
7.13672, 6.03635
-0.132644, 1.1056
5.02895, 6.0411
0.90527, -0.189393
4.99324, 0.11472
4.06597, 1.01579
6.94232, 5.9558
2.01172, 7.00067
2.0247, 7.07866
2.92137, 5.25916
4.2389, 0.918427
0.956173, 1.99677
0.820956, 0.821675
6.96469, 1.79834
-0.105209, 0.00394884
4.04625, 6.95614
4.81092, 2.82086
-0.00952323, 2.96382
6.11614, 7.08257
1.94049, -0.024838
5.11051, -0.00941189
1.99974, 3.98699
3.77405, 6.06004
2.02137, 1.16129
0.888679, 1.83228
1.07656, 2.96728
3.14926, 5.23259
6.01637, 1.10567
0.109364, 0.954176
7.1038, 5.15768
0.831277, 2.01063
-0.0459848, 5.97
3.06009, 6.07632
1.82132, 3.27182
5.97727, 1.90482
6.86135, 6.81747
2.11562, 6.00947
1.89834, 0.0856039
6.05713, -0.11914
5.02987, 1.04523
4.01385, 4.87767
6.88373, 6.95108
2.21075, 4.06992
2.19587, 7.1334
1.16282, 6.0735
1.08491, 3.87091
2.95844, 4.21327
7.06944, -0.0129625
4.30066, 7.12721
6.01392, 5.96773
3.92737, 5.00402
6.7944, 0.0401996
1.0598, 6.92994
0.958586, -0.0189792
0.804236, 6.11717
-0.070493, 2.95874
5.82695, 1.07535
3.12499, 4.35801
1.98445, -0.13211
1.83583, 5.8681
-0.0652189, -0.00925165
4.08256, -0.0130437
4.95936, 2.79722
0.773701, 2.0872
5.10275, 2.82721
0.953254, 4.09024
6.99697, 2.15729
3.02117, 5.0427
-0.103487, 3.77394
4.8648, 7.00392
6.93202, 2.96309
6.06703, 3.83264
4.36447, 5.13587
6.17832, 3.1583
4.1701, 7.09537
2.75428, 3.0065
3.94291, 1.37284
6.02463, 6.99866
6.00394, 5.7835
5.07116, 6.73716
4.16059, 2.98228
0.887933, 2.11836
4.92614, 0.965903
2.10089, 4.07046
4.17962, 1.134
4.96243, 1.05792
6.00424, 1.06987
5.79262, 5.79928
3.07665, 2.22911
6.11955, 4.96744
2.94476, 1.83616
7.0794, 6.17285
7.16089, 0.133755
6.07746, 0.90873
3.00508, 1.10942
-0.178816, 0.106994
4.06091, 4.88915
3.17019, 0.0889705
0.782395, 5.87937
6.88798, 4.89697
3.00162, 1.92415
0.127216, 5.94765
-0.351091, 3.95063
-0.0292394, 1.88654
6.85501, 0.178389
2.97883, 5.1128
0.861814, 2.17416
2.91258, 5.71268
0.112098, 5.1043
4.02258, -0.0882431
0.124303, 2.02193
3.00401, 1.90693
3.91744, 0.82932
3.11615, 4.13382
3.019, 5.74576
3.04962, -0.102596
7.02075, 4.79374
2.80888, 3.00861
3.79771, 2.99946
4.95153, 2.86088
4.02327, 3.99123
0.0623302, 1.05991
7.07046, 3.02802
3.06137, 5.9269
0.244902, 7.02135
0.111895, 3.88127
6.94394, 6.94159
-0.152612, 6.2028
0.062621, 1.88937
-0.11099, -0.191073
2.78781, 6.86744
-0.264357, 1.12085
5.20494, 1.84021
7.08776, 4.0877
7.19131, 4.91077
4.07109, 5.18738
1.02698, 2.0126
7.08899, 3.96192
4.02489, 4.0658
1.92134, 4.88344
3.00068, 4.98244
1.57951, 1.90299
0.853887, 2.94912
6.19211, 3.82868
-0.0667806, 3.82696
5.22027, 2.94356
6.86393, 7.10373
3.93108, 3.15053
4.0088, 1.758
7.20397, -0.0501626
0.864343, 4.01776
2.78307, 1.03159
-0.080032, -0.0418776
2.95584, 5.89239
4.97586, 0.993715
7.12959, 7.10782
2.15747, 7.05561
4.97438, 5.93494
3.00611, 6.12978
1.75666, 7.12819
2.03716, 4.93907
3.08638, 6.94222
5.13669, 1.99258
0.109194, -0.0496867
2.83213, 5.86418
0.93329, 0.919803
4.02338, 2.30686
1.18657, 2.16035
5.84155, 7.2697
1.0804, 5.1061
0.061818, 1.18466
4.9936, 0.933692
2.00514, 5.12341
3.79978, 1.16584
7.07419, 7.00906
4.87197, 5.03275
3.0776, 5.89535
1.34433, -0.246907
3.93156, 1.05597
1.13269, 3.81676
5.90303, 3.03673
7.0818, 2.77141
6.01847, 4.9868
2.01105, 4.08136
0.808246, 1.8027
2.90745, 5.23336
1.97368, 1.2015
0.184644, 5.00387
7.11146, 4.00012
5.92777, -0.012275
4.85278, 0.91109
6.92304, 5.99158
2.98254, 6.92172
2.04297, 5.93319
4.05604, 4.90049
0.113201, 3.98951
6.08936, 1.01385
0.85386, 3.98271
1.91577, 1.91007
7.00877, 5.98128
5.87159, -0.202776
2.83517, 7.09874
2.90827, 1.66412
-0.101725, 2.19537
4.71198, 7.02951
1.22476, 4.92612
3.02248, 1.94837
0.948444, 3.08887
4.06471, 2.04965
2.14387, 4.02583
5.19256, 0.167924
3.19902, 3.93325
5.89916, 0.798742
5.23019, 1.04961
3.87789, 5.13241
1.96445, 1.9429
5.96617, 3.08462
1.05367, 3.06155
4.94644, 5.12667
0.9565, 3.07523
2.84723, 2.9086
6.93135, 2.36473
1.11218, 4.97265
1.85145, 1.03657
3.26897, 5.80675
1.91525, 6.11943
1.02063, 4.15888
0.881459, 0.0983221
1.01979, 4.87156
1.86519, -0.0612696
4.03374, 5.99339
2.05922, 6.84397
-0.0474027, 6.94141
5.15376, 7.02497
3.07009, 2.99226
-0.0600844, 3.98039
0.0829251, 2.28126
4.22888, 5.11886
7.17413, 0.108439
1.15102, 4.02795
5.21464, 2.92856
3.87, 7.03059
4.08134, 6.24149
7.24131, 4.99229
7.01051, 1.01115
2.03413, 5.07694
-0.136038, 6.08266
6.96763, 6.02778
2.87917, 3.92931
5.12587, 3.98846
3.06849, 2.01782
-0.00915445, 0.0482452
6.80586, 6.77937
3.06094, 6.06012
4.13965, 1.96603
4.88402, 7.15748
3.89795, 0.06485
3.87986, 3.05919
7.11832, -0.000759939
2.10215, 3.95901
5.04125, 3.97605
2.92428, 3.1443
5.77777, 4.8352
6.89113, 0.818552
3.79284, 0.928321
1.83376, 6.73392
0.166748, 3.06281
2.85227, 0.00321154
-0.120081, 7.09308
3.98502, 0.945451
0.771073, 3.95377
6.05515, 5.9356
2.97283, 1.19333
5.0063, 5.41378
2.92777, 3.87383
6.02372, 7.22174
5.04291, 3.90254
-0.094444, 0.918214
2.23556, 5.9693
6.93673, 0.0824732
2.07217, 2.16161
0.0432653, 6.76474
3.9937, 6.09287
3.84244, 1.26644
4.04984, 4.80371
3.95234, 4.08245
4.00505, 2.06708
0.820381, 5.03488
6.84467, 0.864629
5.83638, 3.89898
1.04183, 0.0301601
1.84072, 7.01822
6.84539, 6.98018
6.03993, 2.83085
5.02321, 6.94465
5.99584, 7.145
3.03014, 2.96976
4.08205, -0.202189
2.95341, 4.07641
0.81537, 0.989706
3.96219, 5.77422
6.88256, 0.911802
6.03514, 5.01069
4.10819, 6.94908
4.07212, -0.0662012
5.87017, 1.08666
1.11261, 7.11546
5.11798, 3.03794
1.11322, 3.95828
0.90876, 5.01733
1.88988, 4.10403
5.83747, 7.10236
5.03581, 1.12458
1.95815, 2.94302
3.9536, 2.87925
5.816, 1.87865
3.00979, 4.08388
1.22403, 2.86986
0.884565, 3.98703
4.98418, 5.13004
0.800657, 4.93759
0.90974, 3.13671
6.94202, 3.14659
4.00085, 6.84726
1.86211, 3.86057
0.939845, 4.96193
0.0808309, 3.09928
4.61821, 7.02797
7.04367, 0.165183
3.76924, 3.94388
5.68744, 4.98304
6.84016, 5.85304
-0.0697733, 5.00807
6.07436, 1.93667
-0.243123, 0.12674
0.836665, 1.00503
4.27953, 2.99704
4.86232, 6.18436
2.92883, 5.20044
2.91885, 2.14881
2.9111, 3.0367
-0.17815, 0.954458
2.04406, 5.13661
3.11338, 6.91775
2.16378, 7.07343
3.03705, 3.12339
3.00032, 6.07894
6.86685, 5.08844
3.89706, 5.0701
-0.0616325, 3.6425
2.89258, 6.26156
6.81783, 5.83559
-0.0426608, 3.12374
2.89906, -0.103983
0.0886202, 1.15595
0.00522565, 7.05275
1.93605, 4.0053
7.03091, 1.25426
7.0058, 1.0091
4.06221, 6.01639
-0.228102, 1.07036
0.870737, 3.96552
-0.00401548, 3.94536
4.88939, 1.14426
4.94692, 4.83606
7.04152, 2.07211
7.08596, 4.15004
4.87138, 0.0458197
5.95303, 3.11916
1.93146, 1.03461
6.96464, 1.96421
7.14943, 5.04313
0.919582, 6.92291
4.79449, 1.92831
6.30064, 2.93083
6.14602, 6.91944
1.01842, 4.81895
2.11684, 3.08948
7.15697, 2.8942
6.91176, 1.88257
4.97023, 0.117173
5.99641, 0.0413775
2.07863, 3.09423
0.892589, -0.00789764
2.07762, 0.940549
5.94523, 6.99742
3.03307, 4.916
6.89745, -0.0400708
7.10184, 2.97776
1.14786, 2.13252
6.05482, 5.9221
5.1874, 4.15768
6.88442, 3.12962
3.13179, 0.919878
4.00807, 7.1691
2.90642, 7.03515
2.93132, 4.97452
7.03369, 1.91157
2.84861, 0.212494
3.97257, 3.75531
3.1123, 3.72722
1.98136, 0.924967
1.92629, 5.29654
6.07108, 4.05421
5.05804, 0.173585
5.03252, 2.96661
2.14051, 0.781464
5.04137, 5.05265
7.1511, 0.0205081
1.81256, 4.05333
0.969565, 3.26524
0.222398, 0.949695
5.96558, 7.14071
-0.117612, 3.96851
1.99336, 0.94712
6.92423, 5.17406
5.91391, 4.92306
4.97762, 4.07729
6.85682, 0.589781
0.895006, 0.926304
4.01771, 7.08474
1.95226, 6.04209
5.25432, 1.13165
6.86508, 5.13338
3.06066, 0.110897
4.98851, 4.73238
1.82571, -0.0423711
3.92613, 4.91759
5.05307, 0.00588509
0.873051, 2.90453
1.95148, 6.08971
0.0365714, 5.12235
2.91777, 3.09322
1.97922, 5.12923
0.127001, 0.045605
5.02846, 7.03052
-0.141566, 6.17633
-0.173568, -0.224726
5.11849, 1.95453
7.08788, 5.10703
6.00054, 0.143157
6.22531, 2.06956
7.04441, 5.92298
6.01237, 3.15907
-0.118121, 2.9728
6.00581, -0.119688
3.05286, -0.0193423
3.09015, 3.94191
4.0036, 1.12251
4.99739, 5.79674
7.08786, 5.90153
5.8163, 6.97796
7.37383, 6.1484
0.906168, 1.08751
6.81937, 5.98631
0.971578, 3.79227
6.08953, 6.81865
6.02224, 6.12224
5.88489, 5.99784
4.04717, 1.81369
3.95646, 5.68761
4.04677, 0.947005
4.00389, 2.15566
5.25247, 2.17926
6.00256, 1.2693
6.98413, 0.74346
1.99721, -0.129082
4.1302, 1.04934
6.15667, 4.22922
-0.0523794, 5.01916
2.07317, 1.07704
0.321476, 5.15732
5.06306, 0.802359
4.92346, 2.07634
5.75394, 5.87834
5.86105, 1.97231
5.92855, 2.99646
6.97821, 1.1729
0.932166, 6.00147
3.90068, -0.152897
1.9531, 6.07409
5.93845, 5.05547
1.92823, -0.110392
-0.276367, 6.21912
-0.103542, 6.20252
0.723425, 2.06994
1.86741, 7.15478
2.03812, -0.0539144
5.94683, 1.15465
-0.127844, 3.98225
3.97235, 6.01812
6.12557, 6.81403
7.26512, 1.22149
-0.306014, -0.107489
5.86227, 4.96037
1.86672, 3.10139
-0.181392, 0.913745
4.84952, 0.991968
-0.0974377, 6.08376
4.90541, 7.02484
2.9375, 6.02444
5.21026, 2.01246
4.06681, 3.9617
3.02335, 1.75082
7.07735, 4.95549
4.11965, 1.08796
6.96162, 4.03321
3.11817, 6.12096
1.01478, 1.03177
4.12313, 5.0696
4.81538, 4.02451
4.05395, 6.95352
0.0522162, 3.97484
6.93337, 6.04483
3.90058, 2.23028
0.0183152, 4.90083
4.87065, 4.85856
0.105772, 2.9156
7.06615, 7.00318
5.65566, -0.061817
0.0545698, 6.01909
2.30591, 3.90028
2.20269, 3.81974
5.00978, 6.02994
1.03691, 5.07004
1.28164, 4.88567
2.93039, 4.89153
0.776433, 5.11888
-0.35027, 4.9471
3.04717, 2.92204
3.01743, 0.947657
7.00513, 4.96091
6.17817, 3.96348
4.89413, 5.8486
3.92482, 5.17159
6.8862, 4.08394
4.85669, 7.20184
0.84892, 6.12557
6.68431, 4.02536
0.0203495, 6.87142
0.104573, 0.137432
1.90871, 3.1081
0.0685045, 0.0227662
5.28045, 5.90433
6.92526, 5.87141
3.98439, 5.02741
3.88027, 3.90349
1.78093, 2.10717
1.98076, 7.07714
3.03918, 0.873222
0.923246, 0.211532
7.08423, 3.87435
3.08161, 7.05543
4.93791, 6.13863
7.23556, 5.13618
5.92638, 6.98193
6.03883, -0.0965301
5.10326, 0.0445135
-0.0257795, 5.80416
6.10152, 1.934
5.97035, 5.99216
5.1465, 5.10771
7.02801, 3.00469
1.03783, 1.06466
5.91429, 7.12548
4.95263, 6.08484
7.06568, 5.15182
1.02167, 4.17265
5.11342, 4.15586
0.0760114, 2.7274
6.22163, 2.00089
6.82654, 5.88513
5.10347, 0.929166
1.08769, 7.06147
1.8688, 5.8727
5.77403, 1.06354
5.18705, 3.92741
-0.193213, 1.03535
0.984693, 2.0761
2.97256, 1.96849
0.794946, 7.11359
6.10253, 3.00142
5.0823, 6.94958
4.04763, 7.19258
1.93511, 2.62749
5.94754, 6.99898
5.01138, 7.08037
5.85875, 0.917376
1.05965, 7.0119
2.96901, 6.24257
2.0677, 2.95316
5.97857, 2.88397
3.92504, 1.9267
2.94365, 5.11319
5.94762, 0.878954
0.00736395, 1.10221
5.96608, 4.82644
5.94895, 4.94899
5.05794, 3.0772
7.15553, 2.82553
0.145526, 4.96477
-0.174403, 2.18438
1.99307, 5.14874
5.88591, 1.09249
6.17965, 4.04005
7.10491, 5.88944
-0.161983, -0.0215215
0.0203488, 2.98711
4.23047, 6.83938
1.09879, 2.86055
2.85939, 3.94929
4.8751, 4.27401
0.0810685, 7.04136
0.152887, 4.99603
0.058465, -0.186638
0.0391878, 7.04425
1.88727, 6.96376
-0.0612377, 7.03065
3.99649, 5.93968
1.0254, 6.08519
3.09031, 0.0659261
-0.0175648, 3.14456
-0.163885, 7.00601
2.02882, 7.00167
-0.120243, 2.03352
0.0377596, 0.900669
3.96691, 5.35204
0.0373586, 5.95412
7.01046, 1.15226
5.90824, 4.00304
3.02395, -0.0122376
0.0239186, 0.974018
3.09236, 7.04707
1.85927, 5.92013
4.91486, 3.15301
6.02787, 0.87444
2.84859, 7.09247
2.16421, 6.93311
5.10472, 3.87091
1.13384, 2.84983
0.248996, 6.89257
3.90669, 3.04199
2.1445, 4.63133
6.2146, 5.12966
0.0475866, 4.06245
1.18152, 0.147256
7.04166, 3.24163
4.88535, 6.72227
5.9475, 3.86147
6.05529, 6.7806
5.02198, 3.89127
5.9505, 2.90939
4.90712, 3.92919
-0.0512424, 2.082
3.9603, 2.69189
0.991072, 3.22133
3.18063, 3.85154
4.90091, 6.01882
5.94155, 0.115529
6.04537, 6.03706
5.96689, 2.7556
2.08949, 6.14217
6.11825, 2.8245
2.10742, 2.94087
3.31712, 0.0192381
-0.272816, 3.98921
6.07374, 3.95112
1.95664, -0.228172
4.95318, 6.88909
3.92661, 6.01412
5.91051, 6.99087
5.91012, 1.86112
6.1013, 0.805132
6.11649, 0.224438
0.909362, 6.9139
5.13178, 5.95305
4.85546, 0.0195568
5.0959, 4.96925
0.989383, 6.01318
7.06978, 3.09852
4.99705, 7.04293
4.20853, 5.05808
1.78951, 2.92722
1.02155, 6.25846
5.03246, 2.99511
4.94114, 4.99702
7.01942, 3.87969
0.791035, 2.92119
-0.0650778, 1.07057
2.09343, 1.12245
7.09056, 5.03577
5.08773, 2.08222
6.95335, 1.01068
0.142306, 3.20733
1.18503, 1.04062
5.04762, 4.2299
1.22417, 6.88804
6.99287, 1.73589
0.0278336, 6.87562
2.07901, 1.68709
5.00787, 3.97971
7.124, 0.113986
3.97295, 7.00611
3.18038, -0.149078
7.07559, 0.955231
4.96411, 2.00922
7.00832, 4.1077
3.97996, -0.138013
5.88731, 0.16149
7.05483, 1.23824
3.98772, -0.23111
0.133461, 3.02614
1.2053, 7.19966
6.95195, 1.07417
3.22103, 5.9571
0.0010519, 2.9972
3.09291, 1.25254
1.01628, 3.95004
2.027, 3.96774
2.11783, 5.00479
3.00235, 1.15339
2.98496, 6.07236
3.98183, 2.8532
6.01007, 6.95184
6.94208, 7.07193
2.02918, 1.90605
1.85123, 3.06831
0.848925, 5.02809
1.98275, -0.0579081
3.112, 4.94296
-0.0884227, -0.0566206
6.93129, 3.9978
1.01403, 1.20171
2.8817, 6.07113
5.82987, 4.9231
4.90702, -0.0724011
5.11198, 6.04421
6.96434, 4.01942
5.0271, -0.013908
4.88647, 7.1366
1.17497, 7.06352
0.163372, 4.89637
3.82641, 0.0865515
6.77558, 6.96688
4.78068, 5.97836
1.0725, -0.204612
4.16875, 2.03263
2.04166, 4.86534
1.09001, 2.03615
-0.0523242, 2.15921
1.0525, 4.91385
5.99409, 6.15049
5.11866, 6.96197
4.11554, 2.79863
3.92268, 7.16471
7.15798, 2.92051
1.27768, 0.119576
6.74133, -0.0469231
6.97433, 4.1294
5.96739, 2.90974
0.0412236, 3.76844
-0.0949148, 6.96448
6.03888, 1.06765
-0.171612, 2.87935
5.995, 1.02394
4.87732, 2.73784
5.85929, 0.981341
4.05196, 1.03135
3.97092, 1.97634
6.03318, 6.16625
4.03414, 4.98452
3.95523, 4.27328
0.127906, 0.88237
1.78551, 0.850699
4.91938, 7.00497
4.01424, 3.97017
6.94049, -0.104707
0.00498188, 7.09009
4.99733, 1.97313
4.94118, 2.87952
0.112116, 5.26481
6.89779, 4.20331
4.06983, 7.22074
-0.0941506, 2.75241
4.02433, 0.0219473
3.86332, 4.04932
7.04994, 0.0615082
7.03327, 3.08328
6.11625, 2.9534
4.975, 5.21583
5.94523, 3.06633
0.0210012, 0.938862
2.02541, 3.72789
5.05024, 4.8893
1.90176, 5.95552
6.12558, 7.05165
3.93714, 6.09516
3.07843, 5.83633
1.86308, -0.0237509
4.16091, 1.89837
0.720544, 3.80416
-0.0549307, 7.00327
-0.0301422, 2.93887
-0.0708919, 6.07518
4.04962, 0.851391
-0.115096, 1.90884
1.03828, 1.77464
5.06956, 3.99777
3.07868, 1.28448
6.01357, 5.13684
6.01339, 3.91961
5.90731, 4.84325
5.16656, 1.93476
5.83353, 4.84013
6.70252, 5.03644
5.9474, 1.93818
3.88318, 1.05273
0.28814, 5.95173
0.952789, 2.94427
7.03791, 4.02501
4.14229, -0.22771
6.94254, 4.93741
4.96718, 1.8726
2.88253, 4.84149
2.10452, -0.0955732
6.04253, 1.03957
7.05424, 5.11797
6.96015, 2.04641
2.91413, 2.96605
2.07966, 3.12205
4.88376, 6.98641
7.03252, 6.09385
3.88808, 4.14435
5.84917, 0.0707412
6.92196, 2.03108
2.91866, 2.9127
4.01852, 2.99948
2.16401, 1.9518
2.05341, 0.860993
6.91456, 6.92027
1.97083, 3.90924
0.0143019, 6.02382
5.11123, 6.92224
7.00118, 6.99677
3.97003, 2.08335
5.8415, 1.86365
-0.000293859, 6.02873
0.841217, 1.01217
3.13648, 3.02904
1.78626, 1.1958
5.98516, 4.90174
1.06299, 4.02604
2.01621, 2.09286
1.08339, 0.97353
7.04898, 5.06904
1.1605, 2.98021
-0.0266499, 3.14625
5.89848, 2.00482
2.20935, 0.037954
7.11337, 5.06109
2.95451, 4.87673
0.867492, 7.11332
3.79445, 2.93489
6.12007, 6.14989
5.86896, 0.0574606
5.28055, 2.01092
0.879001, 0.903145
5.15022, 3.09718
-0.143432, 2.01288
2.85317, 6.06191
3.04171, 2.02025
4.87917, 5.02212
3.89046, 3.11454
3.12574, 6.84719
5.09507, 2.11713
6.1136, 0.936825
2.88003, 6.77836
4.88173, 0.033792
4.84413, 5.91174
7.09679, 3.10476
3.16352, 2.03536
1.86651, 1.56955
3.86176, 3.9319
-0.167265, 1.08842
2.21742, -0.0812418
5.94237, -0.0446532
3.99409, 1.77289
6.14662, 6.05145
6.92407, 6.10829
6.91202, 1.00058
2.88684, 3.89201
1.18675, 5.80216
2.02585, 4.99805
4.03171, 2.8038
3.95646, 3.76784
3.98722, 1.10707
4.76279, 2.3165
2.20351, 1.88644
2.96376, 1.03875
5.05861, 3.14782
4.03684, -0.0920788
3.03242, 4.11086
-0.204895, 0.882945
7.14896, 4.84655
6.09541, 4.24392
4.93808, 5.94379
6.08287, 5.02169
5.01823, 6.06362
5.91461, 0.9561
-0.155245, 6.98573
3.88077, -0.0527051
5.14696, 6.16609
3.72408, 1.15223
5.01786, 0.044818
3.92588, 4.15943
0.320305, 1.08372
1.81874, 2.8993
6.96885, -0.166529
2.07402, 6.8712
7.17218, 7.07796
1.92272, -0.0570088
3.95514, 7.22366
0.938757, 1.04895
3.99559, 1.86628
2.07949, 4.01758
5.78464, 1.11338
2.9063, 4.77492
-0.0641308, 4.93359
3.94016, 3.06215
2.22351, 5.80825
4.91183, 1.97828
3.05359, 6.83034
2.0062, 6.94568
-0.26328, 6.18707
7.14307, 5.98175
4.90864, -0.227553
7.04405, 5.83201
4.8643, 1.12578
2.94561, 5.10312
0.861234, 1.17245
3.99107, 2.86023
2.02773, 1.13792
6.98677, 6.87653
5.03089, 5.95144
4.83626, 2.97944
0.062048, 6.93963
0.898619, 0.810354
6.00511, 3.9381
6.98638, 4.02356
-0.00897473, 5.88862
5.96478, 2.8989
3.16008, 0.82991
7.04705, -0.159272
2.85722, 3.89843
2.84343, 2.01759
4.99901, 5.0092
2.9477, 4.18771
6.87594, 4.09168
3.82365, 4.06769
0.802244, 7.02552
1.97744, 0.945575
4.07464, 5.98682
0.921422, 3.92067
5.09448, -0.0372554
6.06716, 1.96829
5.17555, 6.90304
-0.104554, 1.13793
1.12934, 5.06856
0.0305134, 1.22789
3.12298, 3.03875
3.96527, 7.0037
3.94211, 1.19654
0.947718, 2.10401
0.692503, 5.09899
0.968849, 4.13685
4.08654, 1.23274
4.88345, 3.18199
6.09924, 6.98763
5.16853, 4.6745
2.86921, 1.07054
0.20772, 5.89958
7.00292, 0.960539
1.87285, 4.79072
3.95158, 6.02407
6.11001, 1.88623
6.9808, 3.03437
-0.0092825, 1.8729
2.10038, 2.92936
-0.0852272, 2.98892
5.02839, 2.23572
0.994001, 4.98435
3.83092, 1.17589
5.94577, 7.03286
6.08355, 5.25848
2.87033, 5.11684
0.0399379, 6.79943
6.16015, 0.881259
6.04505, 2.2452
1.08893, 1.93874
4.17159, 3.9396
1.05485, 4.89509
-0.145994, 1.76371
1.99452, 3.93453
3.73695, 3.98868
7.01217, 0.0203562
2.96117, 5.81005
3.08597, 6.94919
1.96227, 6.18968
-0.018847, -0.225243
5.97071, 6.82988
3.77656, 6.10557
3.28344, 2.16905
7.10388, 2.90531
4.22261, 6.11873
1.81199, 6.96714
0.731869, -0.102755
0.932662, 2.89342
1.89955, 2.97641
3.99587, 4.04584
3.80841, 4.93175
1.99103, 0.0927045
4.07352, 5.82704
2.91893, -0.172808
3.98662, 1.94604
-0.0466389, 2.10651
0.109249, 3.03837
0.939385, 1.82645
7.03767, 2.14185
4.14027, 2.99281
4.87288, 3.02682
5.88531, 6.9523
2.98132, 5.94375
6.99255, 4.99386
6.97057, 7.00484
2.9571, -0.0105332
5.9567, 1.96605
0.182913, 5.0786
2.22147, 0.933264
5.10092, 1.92384
6.02517, 0.890985
3.15554, 4.07607
3.97329, 6.15479
1.82571, 0.2663
3.0557, 3.06142
5.05661, 1.0199
5.20546, 2.01595
6.17783, 1.8365
0.97698, 6.06002
5.98773, 4.02455
3.67195, 0.00775129
4.96345, 1.94874
1.75099, 4.13615
5.85051, 4.90821
3.01883, 7.01475
1.07233, -0.0395891
5.07245, 2.24061
1.95117, 5.94788
5.91369, 3.93813
4.85128, 2.97399
7.00821, 6.17417
-0.0462164, 5.01823
6.71795, 3.1268
4.06089, 2.05653
6.92502, 6.9805
1.15357, 5.98638
6.10666, 3.01238
0.928435, 1.03988
2.95904, 0.976932
3.30791, 0.942893
5.05891, 7.25277
2.17961, 2.06934
5.02634, 1.13189
-0.102498, 6.11485
0.0118005, 6.05889
6.05466, 7.11896
0.790968, 1.86432
0.91228, 0.118455
0.122045, 6.09776
6.96679, 5.13355
2.86038, 2.15957
4.00244, 5.99641
5.9966, 3.80244
2.11294, 2.09579
3.92695, 0.0374751
2.03886, 5.83685
6.84122, 5.06706
0.0843532, 6.21242
7.02367, 0.202453
0.0182097, 0.270788
4.02547, 3.22574
6.01468, 4.89274
1.95402, 2.9037
1.84602, 7.12525
7.14654, 3.85595
5.85667, 4.03607
3.96566, 7.07091
1.08982, 5.67697
6.15821, 4.96244
1.94635, 5.16059
4.13602, 3.04844
3.08015, 5.82987
-0.177378, 5.01267
2.05961, 0.0151906
7.13547, 4.15937
7.01355, 1.01108
1.90577, 5.01652
2.97709, 0.988467
1.04916, 6.88058
6.02113, 1.96614
4.00787, 2.9431
3.23847, 5.04301
0.981105, 1.16088
1.97754, 0.89749
0.840429, 2.8328
3.81643, 0.191873
5.81242, 4.93312
5.02247, 5.16788
2.91726, -0.228295
5.08261, 3.85151
5.15616, 2.97836
1.86972, -0.0959182
0.945972, 2.1916
1.06371, 6.91358
7.18869, 5.98164
1.04638, 2.33543
6.1109, 4.17699
-0.030449, 2.08012
4.13146, 0.896628
0.866123, 4.01039
0.0832778, 4.13195
1.08101, 1.94292
0.980862, 7.24512
2.08797, 3.16565
1.81857, 5.12911
5.06035, 1.95231
5.9627, 7.13028
1.83087, 4.0608
0.0243915, 2.94009
0.10273, 5.25834
2.99108, 7.01148
0.00835352, 0.898133
0.014033, 4.96644
5.11174, 4.03294
-0.170839, 4.96323
3.06618, 6.94895
6.73669, 5.68296
5.17377, 5.99926
5.17442, 4.94904
4.13832, 2.11277
3.05337, 3.96628
1.09823, 6.14218
7.08959, 7.04192
7.1151, 1.05536
3.04277, 0.00336721
3.06096, 2.07046
2.19962, 6.82199
5.21634, 4.13969
0.923947, 5.12893
-0.0544453, -0.0507662
1.77989, 3.97467
1.97834, 2.91537
3.98176, 0.652133
6.02946, 2.92864
2.01831, 5.98809
5.92715, 1.84516
6.93359, 1.17362
0.915068, 3.12258
0.841369, 5.0174
2.03522, 5.11433
2.03785, 7.0752
5.90178, 3.14825
0.855374, 3.99586
5.22427, 5.84188
0.962231, 0.98253
2.04625, 0.803063
0.745703, 2.86847
2.01493, 2.94069
4.95578, 6.0468
6.03549, 1.05378
7.02689, 4.92499
3.7732, 3.02426
2.84113, -0.157289
-0.0613597, 3.12398
5.99727, 7.10411
3.1544, 6.05909
2.22054, 1.92072
3.93228, 1.9502
-0.0442259, 3.17905
4.94835, 5.96337
6.72643, 7.12128
2.91039, 3.06324
-0.0951793, 1.87396
6.95453, 7.02871
4.83432, 4.88417
0.900374, 7.15091
0.955458, 0.911211
0.0890685, 3.89247
5.02892, 5.07637
0.0769298, 0.861194
0.850675, -0.0768093
0.933761, 5.96938
0.00965644, 3.95348
1.15987, 3.85015
2.85757, 5.94449
7.02589, 1.12533
-0.0301299, 1.74835
3.9369, 5.1355
2.87185, -0.0694913
3.16926, 6.02466
1.81069, 3.09151
5.86616, 5.81927
4.88872, 2.93912
4.9414, -0.0229905
4.16405, 1.94926
5.95752, 7.07593
5.95276, 0.892243
3.08909, 3.95098
4.95713, 4.08854
0.990919, 6.99591
5.01686, 4.79898
0.896667, 5.57221
4.29426, 4.94445
4.90294, 1.99492
6.97783, 2.91101
7.18718, 0.0313578
1.79856, 2.78781
6.89942, 1.07172
0.968599, 6.95758
0.938045, 5.70205
6.13219, 2.00357
0.112779, 2.05206
-0.149492, 2.0909
2.01638, 4.26317
6.84363, 1.02636
1.11804, 4.07423
6.00252, 5.11871
2.06577, 1.91251
6.07745, 3.0138
7.00111, 5.91031
3.95886, 4.8355
4.1306, 5.08071
1.01521, 1.72757
0.830537, 4.9891
7.04698, 2.16497
4.1166, -0.110457
3.83459, 2.05958
3.70209, 0.266723
5.89057, 2.20329
6.08973, 3.80346
0.943679, 0.113205
-0.1493, 4.15491
2.86619, 7.09594
0.905617, 3.0092
7.17261, 1.28417
6.26697, 6.08229
0.8435, 3.14765
0.0229022, 0.162575
3.03042, -0.061039
5.88913, 4.14334
4.83274, 6.91677
6.78926, 6.02419
5.85981, 3.98613
7.11607, 1.97331
6.83552, 3.02371
6.18853, 5.22097
6.08804, 3.04148
0.97168, 4.9088
2.0245, 3.01058
7.01246, 3.28069
0.12535, 5.9279
1.9585, 6.25525
1.86833, 2.9336
4.99412, 2.88434
2.01375, 3.02237
2.04742, 3.12929
5.07742, 0.80277
5.93236, 6.72075
2.0291, 1.11537
3.91626, 1.14518
3.0839, 7.06223
5.81197, 1.02086
1.05643, 1.14625
4.02834, 1.16957
3.00372, 4.29969
1.07513, 2.12063
3.10446, 7.13989
3.14638, -0.217054
4.11796, 4.97162
6.19994, 5.9864
2.89208, -0.149968
0.0310636, 4.09495
5.00626, 2.09748
3.04149, -0.113626
4.28946, 4.10586
6.07016, 6.10037
5.94731, 1.23198
7.07478, -0.0298184
1.06189, 1.18197
5.09842, 4.97927
0.118847, 7.05419
-0.021262, 0.185427
1.61711, 1.98537
1.96394, 1.17708
5.02219, 0.0947848
6.02667, 2.17301
5.7395, 5.84955
2.86409, 3.08692
7.15928, 7.12351
4.93892, 1.83653
6.02914, 3.95729
3.88293, 1.17361
0.0252349, 6.13433
0.0919929, 6.92918
6.88958, 5.88762
7.1516, 0.094606
0.0647034, 6.08656
2.86518, 5.85595
1.01763, 1.02717
7.00599, 7.13533
0.037778, 4.92598
3.01235, 1.03216
2.02277, -0.0197319
2.9445, 0.842537
3.02461, 3.04746
0.21415, 2.32081
2.80503, 7.16868
2.90774, 2.08688
6.87434, 1.19207
0.133226, 5.10531
0.113615, 7.2402
0.116751, 4.81882
0.0339079, 3.87526
2.78935, 0.944182
3.9401, 0.978784
3.18462, 6.87393
7.03167, 5.53142
2.85129, 1.86347
5.88758, 5.92251
5.96904, 1.16728
1.93905, 3.9339
4.78759, 5.09822
3.97483, 3.05073
1.90455, 0.0729055
2.96915, 4.98513
5.8132, 0.983605
5.23362, 5.68563
1.08258, 0.049076
0.210871, 3.22883
1.04439, 4.94246
3.03769, 2.87911
5.72555, 0.947239
4.09461, 1.94922
3.90604, 4.05469
-0.167478, 0.151336
-0.125357, 3.01331
2.09557, 5.98339
2.85604, 6.01057
5.80636, 5.0606
3.07234, 5.88489
4.03056, 5.95526
1.9675, 5.91831
6.08975, 1.89862
6.98261, -0.0753996
2.16992, 0.853442
5.12219, -0.0925653
4.70102, 2.9822
3.16148, 6.84808
7.04065, 3.30868
7.07995, 3.89619
3.98237, 4.98244
-0.0462425, 4.26227
0.921479, 5.14719
3.89468, 2.95969
5.07129, 1.40093
7.11185, -0.18381
3.88111, 1.89104
5.09581, 4.0806
0.890152, 4.86242
6.17311, 3.01051
1.99218, 1.11682
6.98744, -0.0841686
3.15168, 4.954
1.81907, 2.96049
4.02477, 3.85697
7.13838, 2.01115
6.98319, 1.92092
4.18458, 2.04689
0.927031, 5.14746
0.839584, 5.01791
3.1102, 4.08647
5.92083, 3.79441
-0.0268059, 1.93356
5.96728, 6.99294
0.901718, 4.95514
5.26138, 4.68916
1.02152, 1.09386
6.95512, 4.98666
5.14856, 3.64891
0.00377948, -0.00358059
5.80264, 1.10943
3.86207, 1.92314
1.02739, 2.98045
0.97658, -0.0885572
1.05781, 1.03579
1.94427, 3.86785
-0.00647193, 4.02281
1.13877, 0.0270468
5.04448, 2.02104
2.88159, 0.0901021
6.01506, 5.07872
1.87731, 2.95865
0.109022, 2.79954
5.02867, -0.140174
4.06391, 1.94118
0.974728, 1.93419
1.08858, 1.93753
5.17097, 2.96791
1.8218, 3.90581
5.98649, 2.89153
6.98992, 6.15633
2.82043, 4.01966
0.0687601, 6.08296
0.0690352, 6.12354
2.3799, 5.89148
0.0324401, 6.76334
1.14373, 6.9229
4.16842, 4.11486
3.76691, 4.00492
4.1118, 2.00563
3.16144, -0.0795274
3.80532, 3.90481
2.05808, 2.24404
4.26074, 4.13793
6.09538, 2.05396
6.28726, 4.96148
-0.0369044, 6.68894
3.15984, 2.97495
1.20437, 0.988591
6.04173, 6.98357
2.8934, 6.08022
6.93056, -0.198376
4.0264, 2.95122
4.85767, 5.93474
5.00593, -0.07303
1.95002, 5.98843
4.98372, 1.70639
-0.093606, 7.14198
4.03248, 5.95271
4.87975, 5.73399
7.06795, 0.947493
4.90078, 3.15909
6.03161, 2.06114
4.93957, 1.03992
5.96663, 4.01252
4.15718, -0.0896118
3.07614, 6.95599
3.10152, 5.18303
6.09386, 6.07871
4.99469, 1.15278
1.01194, 7.1069
5.84933, 2.17895
2.93001, -0.309432
0.133109, 1.95917
5.03556, 1.88021
4.99901, 4.843
2.02621, 3.85237
1.03566, 1.9947
5.21714, 5.04669
0.0454995, 5.87018
1.1645, 1.15843
0.233366, 6.07238
7.17635, 3.90421
0.975954, 5.09358
6.03868, 3.18628
4.15136, 3.10739
2.14948, 4.16781
1.90609, 0.969873
2.97979, 4.06756
2.1413, 0.921
7.03489, 2.90222
5.07087, 5.04438
3.85389, 4.05744
5.01921, 2.83491
4.01262, 4.25887
1.8674, 3.29738
5.91122, 7.00509
6.90648, 1.0716
4.94248, 1.11073
1.82035, 1.78774
6.79762, 3.96168
5.95606, 4.11849
5.05523, 3.04866
4.87246, 3.8864
-0.12674, 1.75461
4.02957, 4.14754
2.83218, 3.9905
0.878243, 1.9832
-0.0216563, 0.12535
2.9788, 0.857008
4.11053, 3.09011
4.06629, 0.906047
0.129251, 5.83623
2.98471, 1.03612
3.93942, -0.00200698
7.06751, 0.142707
2.06364, 0.932955
0.899019, 1.11443
3.91508, 0.848006
1.76997, 4.08767
7.23068, 0.155226
0.0981344, 6.04802
2.06634, 3.99974
5.05518, 7.02341
3.08726, 2.99117
2.0194, 1.0164
5.19257, 0.0445904
4.96407, 6.14971
1.69494, 4.97928
0.260518, 3.97723
1.10459, 1.21743
0.206023, 0.941037
7.03435, 5.12799
3.03853, 2.06554
4.90661, 4.8574
4.3237, 2.70861
0.91839, 3.96909
7.13484, 1.9227
0.0690126, 5.95953
2.99396, 0.112983
2.86572, 4.98093
-0.249521, 2.87612
0.731266, -0.191206
1.85436, 4.96098
4.99875, 5.87727
0.995021, 4.34927
7.0381, 4.74369
2.98006, 0.918777
-0.0173466, 3.88628
2.0308, 5.18033
5.9583, 1.16536
6.89392, 4.78404
4.98836, 2.09916
1.09607, 3.96875
5.9956, 3.0581
0.148059, 6.13001
1.90862, 3.18117
3.21729, 3.72353
0.116811, 5.19053
3.23712, 2.87555
2.00132, 3.03489
4.92113, 4.02174
2.76707, 4.07265
5.00042, 5.10925
6.86221, 5.00444
4.87452, -0.120406
3.98503, 2.04652
6.94693, 6.9532
2.82542, 4.90925
0.191031, 6.981
5.07083, 3.09575
0.796012, -0.0667755
2.96628, 2.05594
5.10292, 2.05069
4.85792, 5.94062
5.02321, 6.90167
0.0273401, 7.14213
4.91651, 1.90869
4.09085, 3.18048
6.90903, 3.01479
2.80274, 0.151265
0.71566, 3.09871
6.11231, 4.91479
6.17317, 6.89638
0.0534712, 0.830423
1.07157, 2.69675
1.08408, 5.99451
4.79103, 6.9766
2.23154, 4.05777
2.83479, 0.961849
7.16301, 5.12161
4.05944, 2.87599
6.00524, 4.82092
1.02685, 2.06005
6.05061, 4.06599
1.06399, 4.1852
0.00477705, 5.0388
7.26038, 1.20714
2.11498, 4.15418
2.98481, 4.98036
4.96768, 2.79419
1.00274, 3.86278
7.13792, 6.73363
5.82805, 5.99761
-0.0411957, 4.80727
5.83242, 6.82582
4.98855, 2.88052
1.03691, 3.96702
6.95086, 2.63101
6.07111, 3.29416
0.969129, 2.13625
5.93076, 3.1104
1.05792, 3.14775
6.03642, 1.99984
5.0391, 7.04809
7.1372, 5.11988
1.14039, 5.22319
4.08415, 3.00231
4.94557, 3.97855
-0.0190471, 7.17614
2.84854, 1.96019
1.11043, 5.91666
7.01874, 0.972127
2.08205, 1.10626
3.17681, 0.817432
6.80311, 0.929754
2.81943, 1.74115
0.897895, 1.95664
-0.0321913, 1.06261
2.95247, 2.07662
4.87894, 0.994915
2.99758, 0.962727
4.95349, 4.87046
3.04341, 6.97091
-0.0779351, 5.9174
6.1427, 1.18861
-0.100952, 2.21128
4.89176, 4.94353
1.58731, 4.12379
3.87161, 0.205748
3.03582, 1.10804
4.00197, 6.92057
3.93673, 1.34707
4.11556, 5.98473
3.97157, 1.05677
0.96232, 5.16032
2.01439, 2.93385
1.92921, 1.9687
0.884354, 3.97572
1.14894, 4.78627
1.21658, -0.133215
3.18743, 7.05364
4.89541, 3.85881
3.71289, 3.8521
0.106617, 5.92104
6.03526, 7.01114
5.976, 0.00845884
-0.0237666, -0.17553
3.79291, 0.119796
3.06569, 6.16152
1.98782, 5.92079
7.02811, 7.20575
1.85616, 3.97347
6.19108, 0.11743
-0.147547, 1.12683
1.06101, 5.80954
6.17373, 0.792325
0.0729812, 2.12752
3.82324, 1.91091
0.986533, 4.18843
5.83165, 5.14664
0.833498, 4.91044
5.73967, 5.2261
4.16199, 4.9909
2.18517, 3.95945
6.83128, 0.141806
4.14455, 3.85995
7.33654, 6.95177
2.96579, 4.0148
4.1551, 4.10975
6.9644, -0.108502
4.97213, 0.0505368
3.84918, 3.93373
7.07704, 3.01745
1.03059, 4.03818
0.0566105, 1.86868
0.0171852, 3.14501
1.98212, 2.0585
3.97163, 0.842728
5.92784, 4.92804
6.01327, 2.99226
2.7865, 0.953035
3.00061, 3.05217
1.01756, 4.0872
1.97485, 6.1112
5.97775, 4.93935
6.06189, 7.15878
5.00702, 7.16418
2.98816, 2.09597
-0.0386056, -0.0362293
6.03767, 6.07726
0.149018, -0.109673
5.08507, 0.889293
5.90407, 6.99253
3.30651, 7.06483
1.92713, 1.79613
4.75736, 0.0542086
6.0956, 1.06502
0.0502526, 0.98171
4.90284, 3.10001
1.09326, 1.9598
6.95788, 1.87102
0.947403, 0.0291002
6.99986, 0.904893
3.14496, 3.07743
6.93388, 7.05298
-0.020691, 3.01153
2.90416, 0.170756
0.926077, 5.04026
3.06233, 0.0912809
5.86078, 4.03512
2.97224, 3.84627
2.09851, 3.23233
6.02156, 7.20661
1.95501, 6.07271
4.07493, 4.09552
1.94182, 0.782105
0.974865, 1.95558
0.976189, 0.958308
3.97736, 0.157555
0.949745, 5.83601
3.28215, 4.97048
7.0828, 6.93353
1.12572, 0.92054
-0.00581889, 6.98488
0.868922, 2.20137
5.67017, 4.22928
2.91894, 6.66233
0.150597, -0.00540045
5.80585, 3.95294
1.0525, 3.97233
6.22966, 1.04283
2.05615, 2.26637
0.958881, 2.01364
0.102646, 3.9954
-0.0264734, 3.02329
5.92536, 3.93843
1.94324, 5.00303
0.125454, 0.112122
1.07156, -0.0290394
3.00437, 1.84744
-0.185706, 1.00154
6.04505, 6.87881
3.01165, 4.04298
1.06626, 1.98228
-0.0312054, 6.25623
1.82056, 0.923769
6.82852, 3.84443
5.17362, 6.03492
3.96774, 4.71769
5.78175, 0.829654
5.97029, 0.922269
7.13035, 0.9299
2.11667, 3.06159
3.94357, 2.93167
3.89159, 3.11907
3.09146, 6.71745
0.913592, 6.002
2.96433, 4.9914
4.14934, 5.23578
6.0199, 0.0933227
4.13135, 2.8921
5.9323, 7.02499
7.19865, 3.03831
1.93764, 7.0979
2.87394, 0.0879974
0.757805, 0.132888
1.95283, 2.19265
5.68958, 4.91672
4.00234, 5.01899
0.951078, 0.085838
6.02878, 6.85716
5.03886, 4.83048
7.06191, 6.00917
2.00536, 0.843334
3.05282, 3.89759
5.8008, 6.11857
6.13163, 6.99505
0.0499647, 0.0752097
7.21321, 3.00393
2.99333, 3.05486
0.114761, 3.09019
-0.0747945, 0.0161562
5.16461, 4.99876
-0.143244, 3.08407
-0.045749, 4.97204
0.0459016, 1.07043
0.00738472, 2.09095
2.11281, 2.85769
0.0359731, 4.22304
1.2554, 1.10977
5.93422, 7.14819
0.802962, -0.166478
0.955088, 5.92239
2.10025, 6.20531
5.05352, 7.22672
5.06005, 4.89775
5.93841, 7.00304
-0.256913, 0.902453
-0.0217532, 3.15021
1.98734, 1.07193
5.0509, 6.69655
5.05431, 2.97375
4.98092, 6.96113
6.85164, 1.09011
-0.102491, 0.872782
6.88777, 2.90991
5.78979, -0.0739715
3.15925, 6.94399
1.79555, 4.03603
1.20682, 4.04594
1.95267, 5.08993
7.11357, 0.963222
3.97565, 0.0343857
0.17267, 2.11534
7.01004, 6.11137
3.97902, 5.9199
1.09099, 4.96571
5.89603, 0.96343
3.14759, 5.94774
1.93284, 5.78139
1.88673, 2.93694
1.88072, 2.80746
5.08568, -0.134495
2.94192, 3.08145
2.80211, 3.91959
4.96546, 3.02395
1.24667, 7.00314
-0.0759562, 2.97717
6.13869, 3.88178
0.0679154, 2.09304
-0.0393242, 2.94133
3.07609, -0.0135014
5.91699, 3.15092
3.85439, 2.91852
2.925, 6.02194
5.1139, 6.85786
5.92484, 4.88561
6.26016, 3.97497
5.98892, 3.01416
5.81909, 3.92553
4.01632, 1.17552
2.82346, 5.08109
4.97777, -0.165379
0.957081, 0.825952
3.89796, 6.20134
3.92661, 6.09919
3.91277, 4.05899
5.02834, 4.25456
6.01602, 4.96549
3.18671, 6.02441
0.964856, 0.633392
6.15608, 6.07238
6.91042, 2.05062
3.84264, 4.0445
5.99494, 4.04988
3.86124, -0.0472201
0.993137, 3.06783
6.11302, 3.98665
7.19629, 6.89984
2.05222, 1.94742
7.09588, 7.11562
0.70551, 0.14936
2.19767, 5.05454
2.98701, 6.9304
6.13651, 4.89807
1.78974, 2.24883
4.27534, 6.73932
4.92734, 4.01393
-0.0014645, 0.112043
0.0982416, 4.07997
5.0311, 4.98685
2.04042, 1.05141
3.95737, 5.1469
4.03872, 5.16032
2.98571, 6.94837
7.12505, 1.06878
5.94382, -0.173448
2.15108, 0.0619961
3.11908, -0.225656
5.93102, 1.1318
2.90124, 3.16856
6.65352, 3.94098
-0.0528255, 7.14533
1.88936, 4.01555
2.90685, 2.92545
7.14535, 4.05827
1.05154, 4.15598
0.0145316, 3.93882
6.71312, 6.14531
5.9995, 1.20863
6.93824, 1.18429
4.93269, -0.0952047
7.13869, 0.975857
3.05886, 4.93809
1.95122, -0.224132
2.96043, -0.198005
5.00161, 2.09084
2.96051, 2.05362
0.0785661, 6.09521
0.940644, 6.00517
3.18898, 6.94704
6.83513, 2.0269
6.03661, 4.13755
-0.0173598, 4.76994
4.87285, 2.06118
5.98861, 2.90245
2.03324, 3.84063
4.87935, 7.29217
-0.194966, 1.09767
-0.250199, -0.130103
-0.00357525, 2.97063
2.86799, 6.86951
0.0832962, 1.1459
-0.160692, 6.05463
3.17954, 7.17265
-0.106564, 0.912803
7.23456, 0.0528215
3.16366, 3.97418
3.14092, 3.20662
0.152228, 4.19799
3.19232, 7.03439
2.92921, 5.99209
1.1523, 6.87332
5.03408, 6.64647
6.00746, 2.20522
2.96456, 5.02559
6.05997, 2.08547
5.93114, 0.875514
3.8148, 5.93943
7.02155, 4.06662
2.10786, 3.00949
6.96152, 3.13138
2.16256, 1.98449
5.10514, 1.71336
2.97, 4.9902
2.03889, 0.798832
2.21152, 7.12236
-0.0143589, 1.8728
1.03505, 5.94876
2.82459, 0.914341
7.0779, 6.03784
4.98415, 6.38343
4.12593, 5.06668
6.93578, 3.92395
2.85943, 2.08245
0.780828, 7.03129
5.87801, 5.95949
0.917388, 2.02431
4.86892, 3.04592
2.06697, 2.97817
0.111982, -0.0510491
0.963219, 0.992244
5.05345, -0.00483459
1.06515, 5.02767
3.96528, 6.98344
5.24395, 5.00409
7.11928, 7.09786
0.987213, 3.00591
0.951615, 7.03889
3.08371, 0.927923
3.09381, 4.96695
0.00409289, 6.93581
3.8966, 4.93537
7.14658, 5.16495
0.0996395, 1.97467
5.91574, 2.82324
1.80617, 6.90475
4.06559, 0.0338843
1.87934, 2.98195
1.97918, 4.98332
3.08242, -0.0359865
5.97826, 6.69612
6.19371, 4.01576
6.09715, 1.01413
3.08661, 7.14283
0.197257, 0.937232
0.163651, 7.13951
5.89485, -0.00638772
4.06367, 1.15649
4.01525, 3.05146
1.08242, 4.96234
2.06091, 1.77512
0.0199201, 4.87126
2.95014, 1.03427
2.19926, 2.95399
5.32028, 5.97292
2.89016, 2.93272
7.08822, 1.00506
0.0724384, 6.89512
4.03213, 3.24228
1.92628, 0.369751
1.13199, 5.16804
1.00516, 4.08427
3.0428, 2.97275
1.81964, -0.0595516
1.0214, 3.0824
6.8356, 3.96841
4.90541, 7.12411
3.78637, 3.89987
5.07867, 1.6955
6.01011, 2.11613
0.11442, 5.09475
0.134322, 7.09266
-0.110401, 1.10668
3.97198, 3.18916
6.91463, 2.8742
6.18814, 2.12498
0.966624, 4.99056
5.01496, 5.10359
1.99259, 4.07159
2.10361, 0.00497297
3.94654, -0.0772724
2.96103, 0.0380386
2.01229, 0.0977528
1.99909, 6.04073
2.19891, 4.03727
2.66358, 2.9798
6.01694, 3.13946
-0.236182, 3.08625
1.07037, 4.00982
1.87792, 1.8992
1.98868, 3.99314
2.24464, 2.01919
4.19356, 1.03552
1.98021, -0.0872495
-0.146887, -0.107977
1.00612, 6.27916
0.934093, 5.89914
3.90138, 6.12741
1.17483, 6.88034
7.02341, 0.898894
1.92894, 3.96018
0.0432721, 3.10056
-0.000427371, 3.16958
6.12295, 1.0394
5.16293, 3.1701
1.02202, 1.98863
6.83406, -0.13108
6.92573, 7.07618
3.87594, 5.85968
6.20209, 1.76184
3.16295, 0.925285
4.29295, 3.89571
3.01876, 3.78593
1.17182, 2.89012
4.05883, 2.9723
4.24264, -0.0416075
0.904664, 3.28452
7.14566, 5.11311
6.05039, 3.01456
0.743932, -0.0220782
5.11535, 4.11446
4.87168, 1.94723
1.14961, 7.06422
-0.115726, 6.08033
4.86231, 3.03567
4.15779, 3.83976
2.02945, 0.182185
1.87408, 5.13309
6.1178, 7.0537
1.22101, 3.07219
1.98719, 0.86869
5.03204, 0.108267
4.95541, 4.94401
2.0324, 2.19757
1.05502, 5.15534
4.0043, 4.89377
5.94099, 1.77866
4.23232, 4.01281
2.9467, 2.896
0.0519683, -0.00238884
4.79839, 7.03835
1.18043, 6.83072
4.93477, 3.03635
3.14232, 0.850429
0.215628, 1.09552
0.869932, 1.75811
1.01011, 5.19199
4.81958, 6.15026
6.01838, 1.88033
0.136008, 1.15621
5.15671, -0.034083
4.89698, 0.987154
5.93366, 3.85084
1.85064, 3.02714
3.01557, 0.930725
2.91273, 2.15107
4.93338, -0.0777637
4.06153, 4.18949
6.08812, 5.97665
3.93899, 1.05084
3.98854, 5.20916
0.289823, 6.93758
0.994244, 0.0496534
0.917971, 5.98034
6.05157, 6.00661
6.00537, 0.153183
3.9894, 7.01881
4.10243, 2.98249
6.11816, 7.0019
2.01076, -0.0333179
4.11263, 2.87599
-0.00491587, 5.84736
0.704495, 4.93906
2.9747, 4.76873
3.95663, 2.05713
4.00278, -0.0616907
0.959797, 4.997
2.70276, 4.94006
7.02351, 4.00474
0.797266, 5.89525
3.8864, 0.873995
5.90438, 6.78312
4.88042, 5.97038
3.19043, 3.99242
1.08466, 6.13765
0.0390965, 4.84331
6.06646, 5.89796
2.04545, 4.23398
3.04578, 5.58915
0.123975, 7.08528
5.73096, 3.93429
6.12542, 2.94408
3.01919, 3.14028
-6.51384e-05, 3.14029
1.9348, 3.00932
2.0347, 0.115114
2.88846, 2.00811
5.1376, 5.88873
0.181626, 2.84795
5.15123, 4.12359
3.78062, 5.09787
1.10113, 0.0471738
4.00593, 5.06523
6.9312, 4.02301
3.1521, 0.0156215
-0.0428197, 5.03776
1.80809, 3.94641
4.80362, 2.02607
3.0179, 5.06553
0.159062, 3.00218
4.80629, 0.0566532
3.89871, 7.24818
3.05187, 0.013746
2.99003, 5.91703
0.934678, 3.0382
2.98671, 3.13183
1.00266, 3.80215
2.87177, -0.0912327
-0.10714, 1.64564
6.08736, 0.157438
-0.0508665, 1.02521
2.9083, 4.99656
2.01591, -0.0574321
1.00959, 0.146284
6.04174, 1.07091
6.06163, 4.00941
2.0011, 0.0720308
6.96913, 6.92138
0.994287, 7.02059
3.96627, 4.93984
2.96291, 6.96495
7.05881, 2.24286
2.96486, 3.98282
4.05084, 7.12378
6.0422, 1.04253
2.86552, 3.88285
5.92936, 0.901397
5.0221, -0.0966831
0.157601, 4.93337
5.01829, 6.80268
0.967648, 6.9699
7.03537, 6.98345
1.15386, 3.21492
3.95617, 1.13179
1.844, -0.177191
5.97242, 6.06372
0.113527, 1.01784
2.10218, 1.78408
0.128204, 4.82372
6.95632, 6.74408
2.07909, 2.84689
5.11419, 1.05611
4.83226, 5.95881
5.9991, 4.85049
-0.331313, 1.70487
1.95608, -0.027431
4.04215, 6.98129
1.93858, 2.01183
0.202454, 6.16071
4.0007, 6.15014
6.91586, 5.01722
6.12258, 4.00911
-0.103784, 2.91509
5.94035, 3.07552
2.03275, 2.0451
6.95318, 6.10202
4.8309, 4.9559
1.28226, 4.0562
1.01688, -0.024634
3.86972, 0.968237
-0.0964896, 5.96806
5.11149, 5.09519
6.78745, 6.92327
0.966386, 5.91081
3.9413, 2.88023
5.95506, -0.0102361
6.17998, 1.18432
0.157401, 6.74509
2.91577, 7.07879
1.97706, 2.01307
3.01625, -0.0233636
6.04539, 0.0517702
2.96384, 3.96678
2.73929, 2.18358
4.13001, 6.04399
1.88155, 4.92617
1.0037, 4.82772
7.03646, 3.12557
0.92253, 3.87273
4.70958, 2.00208
0.0145874, 6.17191
0.129229, 2.96487
0.252277, 6.06281
7.10529, 5.07565
6.88851, 4.09064
1.83036, 2.88161
3.91777, 0.880753
2.04941, 2.96164
5.23264, 0.0609482
1.89023, 3.16288
2.94281, 1.8551
0.879676, 5.07648
1.04372, 2.88975
6.37516, 5.94306
3.89686, 5.76903
4.92715, 2.2268
2.13815, 3.94068
3.2085, 0.117768
6.01386, 5.1419
-0.100428, 5.72716
5.92038, -0.0127772
2.94187, 3.90862
4.2488, 4.05281
2.89241, 2.05418
5.02271, 5.90307
1.05266, 1.1692
6.16968, 2.23502
3.96727, 1.08229
5.97883, 2.07532
1.22464, 1.13872
2.89079, 6.88691
4.05897, 7.00488
1.85947, -0.336995
5.96093, -0.00564095
0.896121, 4.87505
0.0371821, 4.87117
7.04282, 5.01333
3.96593, 4.16844
3.94367, 0.923246
5.9397, 2.96927
-0.204809, 3.8786
5.0059, 7.14569
4.0852, 2.84936
-0.0550658, 2.06249
3.09531, 4.10409
6.06798, 1.06716
0.983055, 1.88266
6.10792, 6.90553
1.90113, 6.01331
3.86493, 6.99631
1.13117, 4.00792
2.01233, 4.89585
0.943684, 4.90025
4.88159, 6.81701
3.21158, 6.91154
6.96631, 4.97507
1.16456, 3.07189
5.9186, -0.0633697
3.10895, 2.98066
0.0455328, 1.08084
1.07637, 0.99376
1.95838, 4.95148
1.90441, 4.89726
6.09741, 0.774399
5.87954, 5.0438
2.02433, 2.07358
0.994621, 0.932206
1.26881, 5.22539
1.02509, 7.07364
5.87443, 0.948263
3.05984, 2.99141
2.08497, 5.90659
5.06402, 6.12674
6.96262, 6.99858
-0.0439447, 3.10903
2.02429, 4.13005
-0.0311348, 0.0946708
2.92803, 2.86315
6.98038, 6.03912
-0.0392728, 4.81763
3.79756, 0.227879
7.01999, 4.01589
4.86485, 1.91415
6.82291, 0.935296
3.8296, 5.13339
2.16671, 2.85669
7.12883, 1.82348
6.98544, 6.14304
0.963282, 2.91701
2.15545, 3.13516
0.994291, 5.0601
7.03092, 4.13
2.15435, 2.08567
6.94867, 2.97796
6.23816, 5.00327
7.15521, 0.97051
5.12318, 3.09204
1.96337, 2.02855
6.16081, 4.95797
5.90294, 2.99114
1.99573, 6.97699
5.78538, -0.0392381
4.19933, 4.13651
0.981846, 5.25387
6.1963, 6.05524
1.84794, 5.84677
5.97527, 0.905421
0.175895, 1.08769
6.09556, 3.04394
4.02521, 4.05989
6.06205, 1.12402
2.77086, 4.12109
2.17535, 4.96568
4.01705, 1.95685
3.80853, 2.93482
0.994782, -0.159855
-0.08753, 0.864758
2.05561, 2.26018
0.73032, 5.82452
2.94153, 7.25814
-0.0221381, 6.03658
6.91648, 4.90025
1.01844, 3.03056
4.13949, 2.92386
4.02295, 3.71465
5.97606, 2.14728
0.867806, 0.145115
-0.10299, 0.0697831
5.89875, 5.09743
7.10365, 4.97064
4.90979, 1.97996
-0.111496, 0.881472
1.77294, -0.241092
5.92556, 4.95673
3.81986, 1.13279
4.89647, 6.95098
2.96945, 5.98058
2.16956, 0.0709881
-0.0858986, 6.02939
1.06621, 0.917086
-0.211775, 3.09876
0.91801, 2.98864
2.96517, 5.65491
-0.165448, -0.0518591
2.13633, 4.01706
2.88276, 6.0976
-0.0749616, 2.87824
5.92533, 1.90834
0.116433, 6.70734
3.89151, 3.77444
2.02178, 1.1234
2.96049, 6.05877
1.944, 3.78898
5.79355, 1.98536
1.96142, 1.12136
0.817568, 5.13307
6.86001, 3.90268
7.09948, 5.90551
4.01781, 0.0666625
5.19731, 0.0498703
5.74335, -0.0196727
5.05078, 6.87286
0.161023, 7.177
2.15559, 3.93205
6.9186, 5.93056
3.90652, 3.13189
5.99383, -0.0427654
-0.0281597, 5.26615
0.117095, 4.91876
5.13987, 3.90097
3.24198, 4.94442
4.99997, 0.854459
3.09723, 3.11202
5.93121, 4.00831
2.90442, 1.95236
4.81461, 0.141515
2.84842, 6.09267
1.06143, -0.0971784
4.97384, 4.78049
2.93487, 0.918802
0.940696, 7.16681
4.96603, 2.02351
4.0227, 3.89363
6.86303, 3.96116
5.89663, 7.10783
4.95595, 7.00747
0.252553, 0.261698
6.85082, 4.89331
2.94612, 3.98409
3.22269, 3.81969
2.05689, 2.89797
7.05716, 6.10753
2.00847, 0.120402
2.86948, 2.00055
6.1578, 4.97194
5.12103, 5.95564
0.176702, 6.72925
1.67579, 5.78991
5.99572, 4.0981
5.90638, 0.889842
2.99986, 6.06538
2.13658, 0.979873
3.03628, 0.950831
6.18095, 2.88783
5.63009, 3.0941
0.979604, 4.92248
2.89685, 4.93214
5.96668, 2.00306
0.967479, -0.036559
2.9848, 7.06859
4.88758, 3.17161
1.98018, 4.98824
-0.0552961, 0.949584
4.71676, 1.00255
2.88448, 6.71856
1.12362, 3.91459
4.25104, 1.21602
6.9965, 3.97965
6.99563, 1.76262
3.08833, 3.92072
6.00052, 4.72598
6.05419, 7.05079
2.89942, 4.13709
1.02566, 6.05623
4.80429, 4.95044
6.04935, 1.79586
6.73784, 0.130529
6.09444, -0.0932671
0.866831, 6.84652
6.95214, 4.16478
6.06959, 7.13876
0.135821, -0.0218556
3.03851, 7.03463
2.82202, 4.94045
0.0629887, 1.94451
6.90311, 2.99965
3.03621, 2.10088
5.10928, 6.74992
2.13554, 5.89002
7.11755, 5.11519
1.89428, 5.87273
7.09466, 3.09009
6.09436, 3.143
3.70911, 7.24704
2.86005, -0.110735
-0.0664898, 6.83641
2.99956, 3.83816
-0.122493, -0.239684
6.74715, 1.01844
2.16123, 1.1306
0.847787, 4.8185
0.101942, 4.93481
4.20173, 1.15954
5.02647, 6.05841
4.86025, 0.941203
2.86768, 6.91574
4.05169, 0.011797
5.0089, 1.94417
0.940659, 2.02465
4.01057, 1.91223
2.11756, 5.89471
6.96747, 4.01667
-0.191333, 5.05902
6.78059, 5.88546
4.03906, 5.92677
4.21178, 7.12088
2.90641, 2.93644
5.12124, 1.96894
2.86101, 4.90435
-0.133011, 7.24101
7.25482, 2.18556
7.16281, 6.0118
2.8373, 7.24912
6.90925, 2.9918
4.96494, 2.19328
-0.0531071, 1.04548
4.73151, 7.07615
3.92411, 5.22486
1.9221, 4.17382
-0.0813884, 3.9325
3.00815, 3.82219
5.14353, 0.15412
1.91536, 4.16178
5.04817, 3.90537
4.92689, 0.905578
3.98799, 3.15245
6.08052, 5.10465
6.87542, 6.0792
5.1251, 7.20907
3.88001, -0.189154
5.80106, 1.12357
5.03807, 6.11809
2.0308, 4.12232
1.01121, -0.108978
1.02297, 3.12197
3.17366, 0.904026
3.08763, -0.105885
1.96977, 3.06617
-0.189215, 2.15757
4.93108, 4.16156
6.98647, 4.1496
-0.15626, -0.244971
1.06861, 1.97468
7.08879, 4.28668
6.04248, 3.91238
0.1732, 3.31698
3.98567, 7.19756
0.0108837, 0.950152
6.90715, 3.25426
3.07468, 4.82642
4.10194, 1.92344
4.09871, 4.86362
2.87255, 0.973269
5.98298, 5.28854
2.01879, 7.09576
1.75335, 5.76459
6.8191, 5.03951
1.05761, 3.96817
6.06371, 1.04733
0.0164609, 4.06604
-0.100359, 4.04644
3.91745, 0.954509
4.73921, 1.00014
5.0324, 3.98834
7.06055, 6.01886
4.93922, 5.1205
-0.22091, 3.81789
0.0282349, 0.143391
3.94119, -0.00875393
2.01137, 2.0044
2.09092, 2.96428
1.84674, 2.90704
3.85539, 5.91027
3.92964, 0.0779215
1.03793, 4.99396
5.85221, 0.940551
2.11079, 2.95391
3.95997, 7.07486
3.87287, 2.95366
-0.0957833, 7.03176
5.06966, 4.91097
2.15042, 6.92179
-0.0856444, 7.09881
4.98745, 2.6877
5.79477, 3.98264
1.17489, 6.37825
-0.153928, 5.10443
2.04964, 6.79626
1.08373, 6.13401
4.01703, 2.92453
1.96758, 2.96467
4.13971, 5.87724
7.0565, 3.01824
3.07296, 6.05199
2.6668, 1.95179
4.90998, 3.13585
1.09426, 3.10262
2.9294, 0.172713
2.09343, 5.81566
5.06947, -0.159135
4.8916, 6.00452
5.00862, 5.87271
5.1428, 6.08412
0.885423, 6.94354
2.08345, 1.91147
0.815988, 4.0901
5.05119, 7.01213
6.97279, 6.95189
7.10222, 2.76702
0.149433, 0.958489
7.08542, 2.24567
6.84319, 6.05482
0.114527, 5.9107
4.99284, 1.94727
2.07674, 5.81219
5.01029, 2.79478
5.74336, 4.0926
7.14606, 7.28233
6.13252, 3.03129
4.98012, 1.01974
4.05258, 0.111437
7.06982, 3.89423
5.92687, 6.83521
3.9197, 6.03945
0.797966, 0.00740621
3.27552, 1.0909
-0.0792014, 2.11906
1.97713, 1.21187
0.92562, 4.75076
2.98003, 5.83125
1.93226, 0.142549
6.14567, 1.00089
5.81073, 2.97318
2.99673, 3.87914
3.95277, 4.96006
5.9044, 2.99176
-0.207563, 6.96663
6.81136, 1.04028
3.01655, 5.9584
5.91906, 6.23447
5.94218, 5.10834
3.12877, 1.11231
4.89894, 1.77971
6.98154, 4.99917
1.99487, 3.88551
5.82579, 6.09365
0.0343777, -0.129092
5.02647, 6.02175
6.97045, 1.94044
6.9925, -0.0743253
1.89812, 2.09507
0.903998, 1.76528
4.20412, 1.03646
6.73284, 1.94329
6.88899, 7.05458
3.12949, 0.0758178
5.7622, 4.07323
4.10374, 3.04311
5.9144, 3.04587
4.06668, 1.00566
1.03765, 6.13338
2.02013, 3.936
7.04239, 1.97027
0.068101, 3.05446
5.77995, -0.0884901
-0.106459, 0.933623
0.949521, 2.83285
5.04166, 1.01655
3.80507, 4.85351
2.77742, 4.88036
5.89231, 5.77391
-0.135122, 2.97464
5.04405, 0.206759
4.38979, 6.90736
4.0146, 6.92299
7.06753, 5.05989
0.720872, 2.76724
3.96382, 1.73239
-0.0291276, 6.96376
-0.0344208, 1.81115
0.669153, 0.842101
6.90644, -0.179214
6.06081, 2.14195
5.91687, 0.0309052
6.08093, 6.20169
1.14109, 1.19361
6.19717, 1.08984
7.16652, 6.31672
2.86704, 4.14459
4.92401, 4.95478
6.84833, 3.95544
0.13861, 3.86054
7.00184, 3.10827
1.01953, 3.10659
-0.0549951, 4.94918
3.10152, 4.09621
4.12218, 5.13264
1.90942, 0.0369023
0.0124867, 0.0106861
6.09176, 1.79127
6.23712, 4.94927
0.907958, 1.77985
6.78015, 6.8351
5.97976, 6.89316
4.88575, -0.0190046
7.18157, -0.218735
2.8074, 4.93737
-0.0505205, 6.00178
2.84013, 0.905218
5.08653, 6.89259
1.16398, 7.10646
5.89363, 3.04679
5.01012, 3.00218
1.91168, -0.2911
3.12119, 6.93534
3.91725, 1.82664
0.0443112, 6.98726
5.069, 3.86595
1.99994, 7.25845
7.13478, 6.07525
0.194248, 6.20828
0.96914, 5.95089
6.94844, -0.219204
0.0406335, 0.90509
4.08014, 3.11091
2.93662, 3.03996
2.09442, 1.03133
4.85365, 5.00642
0.961452, 3.83963
3.15742, 0.195357
3.96798, 1.90189
5.98716, 7.13276
0.798513, 2.00339
7.04098, 1.85911
7.15711, 7.1637
2.99805, 4.02913
3.82595, -0.0280803
1.74888, 0.806454
7.07171, 5.06893
6.03938, 0.103111
-0.0263383, 6.00762
1.136, 4.13965
5.74129, 5.90418
3.96057, 6.04766
0.0426607, 7.06241
6.02585, 2.83632
1.01559, 0.0771117
2.85925, 2.12904
0.958514, 1.93539
2.34862, 5.03489
5.20542, 3.16994
6.09726, 2.24509
3.05078, 6.17995
2.17575, 5.10223
2.0024, -0.363844
0.138769, 1.09718
6.94702, 6.9973
-0.00043126, 7.10756
4.08957, 2.03273
2.01185, 1.90145
1.84749, 0.875408
5.146, -0.0462217
5.00436, 3.85944
0.11926, 3.20306
1.0202, 3.91444
0.943792, 7.05768
7.00741, 0.941035
1.11112, 3.00837
0.745601, -0.0856941
3.15975, 0.983079
3.07456, 5.21053
5.05207, 3.29682
7.06451, 2.15366
3.07983, 1.86755
0.777077, 0.120798
3.935, 4.39884
0.947686, 5.06341
3.10536, 2.02542
3.86773, 4.86745
0.843081, -0.0163864
7.0122, 7.20751
4.00886, 4.86585
5.86924, 3.96735
1.79282, 2.85787
5.94674, 3.8351
-0.0103515, 0.990736
0.879469, 2.12212
0.0792538, 4.01234
4.14402, 2.95589
3.90909, 2.95411
4.849, 3.84862
7.01487, 7.11029
3.94886, 7.19006
-0.093039, 2.0134
4.91163, 3.954
3.9626, 2.14424
3.99886, 2.12604
4.04318, 6.02634
0.100669, 0.0693162
3.09799, 5.92
0.965543, 1.89818
4.31915, 3.6905
1.92839, -0.161457
6.13201, 5.08235
1.88725, 6.96661
6.02178, 2.03159
6.03464, 1.08032
6.88624, 3.94151
4.22141, 2.85571
3.04928, 5.99025
6.16039, 7.04339
-0.119203, 5.34942
0.0390784, 1.75397
2.92261, 5.24593
3.01221, 2.02584
7.07109, 6.22867
1.99562, 5.9428
1.92684, -0.113792
2.10084, 4.15085
5.08291, 5.10281
5.94792, 1.02388
3.80426, 1.81975
2.03515, 1.97141
1.02791, 5.97777
0.0713198, 4.21027
6.02713, 5.02781
0.057434, 0.87911
4.15494, 3.80119
1.05269, 5.9536
6.82512, 6.08312
3.2296, 3.13284
7.22357, -0.0186599
3.00283, 7.09323
3.95256, 3.2173
1.99505, 1.84736
5.94611, 2.97572
3.95262, 3.8763
0.950363, 5.93532
-0.0653573, 1.74905
5.14537, 4.92479
0.0445813, 6.0323
0.936265, 3.03651
6.98004, 2.0402
0.0569446, -0.271275
5.06975, 6.98585
5.84179, 6.96302
7.00828, 4.70168
3.88149, 3.6956
1.04004, 5.0051
0.820852, 4.20369
1.90967, 5.79076
7.1742, -0.129193
4.97651, 1.86961
2.12209, 3.80736
5.89547, 0.984315
2.01548, 1.0323
2.89136, -0.00741032
1.18672, 1.98061
5.95778, 3.85125
7.02731, 1.97794
4.99527, 0.119322
4.16557, 0.936079
4.03845, 7.03696
7.1482, 0.014644
4.87957, 6.11395
4.01875, 3.96541
1.92614, 1.09374
5.86475, 5.09505
2.9526, 1.97163
5.97633, 7.13743
0.733522, 4.88527
5.92067, 6.84933
5.20109, 6.85779
4.06957, 6.01797
4.0124, 0.170994
6.77807, 0.11773
7.05354, 2.9809
6.91435, 4.78066
3.1303, 7.03694
1.95578, 0.0154013
6.8841, 5.0833
2.12475, 2.90141
1.79789, 6.02811
5.91954, 0.819149
1.78335, 5.99746
0.960816, 4.28134
2.95531, 3.16068
5.8991, 4.92368
2.99902, 4.99061
4.84756, 5.82881
2.04595, 6.23244
0.0106483, 0.258875
6.89643, 2.04709
0.032511, 3.05239
2.85862, 0.905887
2.0673, 2.82523
6.00676, 0.0111775
3.00389, 6.10873
-0.123439, 5.03684
2.06244, 5.01034
6.92203, 1.09953
5.02638, -0.042157
6.13303, 5.88048
5.31273, 3.14163
1.7975, -0.257907
4.97829, 6.92993
4.05322, 6.96934
6.97347, 2.0742
0.000471143, 0.824542
0.801185, 1.24574
1.99937, 7.24055
-0.00653025, 1.19506
0.654313, 5.84423
0.196426, 4.17807
2.03408, 0.840965
3.10718, 4.12481
0.957986, 6.90743
2.01049, 6.87765
4.99808, 3.04496
3.8914, 0.77312
3.81382, 0.206145
1.03777, 7.0304
4.96287, 2.08072
2.21704, 4.88604
5.01474, 5.70796
1.8569, 5.1644
-0.0956336, 5.01742
5.96443, 2.08008
1.02805, 5.89073
4.04004, 3.80098
3.96006, 6.90477
4.02558, 5.13172
6.16315, 5.00606
4.85545, 7.06166
6.01146, 7.10366
0.897609, 5.00047
3.82447, 2.84454
-0.0863523, 5.05581
2.03803, 0.11132
4.8907, 6.95664
5.05257, 5.99504
0.92416, 2.20126
3.87693, 0.972601
3.1124, 1.81249
5.87093, 0.0678226
-0.0753553, 5.83006
7.00825, -0.172628
0.929079, 3.17292
1.8511, 6.02653
3.10502, 2.14899
5.90893, 6.89726
-0.254744, 2.21696
1.02623, 6.92808
4.96342, 6.86887
0.895998, 6.04599
3.906, 3.90695
3.9957, 1.87676
2.73483, 3.11241
4.13191, 6.17938
1.06672, 0.00873217
5.08098, 5.08021
6.95765, 5.02256
1.97223, 6.12376
6.93926, 0.0248385
6.89123, 6.08381
0.133102, 2.05885
6.02829, 6.05331
0.962946, 4.9442
0.980429, 1.85159
6.057, 4.93393
5.009, 1.90373
1.12845, 6.24705
0.0793952, 2.0466
6.9624, 2.72001
0.0105989, 2.15647
1.13917, 7.19578
5.00553, 3.96772
2.03842, 3.89711
0.921609, 5.04691
6.03208, 6.91576
3.15591, 6.98129
-0.0163149, 3.06048
3.979, 1.02385
3.10346, 5.93653
-0.111155, 3.15456
5.10131, -0.0968774
3.04579, 0.096594
7.07689, 2.99361
2.07667, 5.11277
4.92933, 4.0216
0.35047, 0.996883
0.322835, 4.10812
-0.0212809, 7.00769
3.01486, 5.1805
1.08404, 6.72226
4.01026, 4.8984
0.102334, 6.97087
2.10324, 4.88903
4.82122, 0.0826584
5.07795, 2.90277
5.81931, 6.79968
6.05575, 3.1781
0.180884, 4.92131
2.96661, 7.11357
2.93263, 4.91136
2.98735, 2.82584
2.10726, 0.992318
5.9535, 4.07205
4.06014, 7.09271
6.81992, 5.88723
6.07214, 6.93236
1.98528, 4.05675
1.04205, 6.03413
4.06345, 5.11447
3.00871, 2.9519
1.01641, 6.84615
3.12091, -0.0590242
4.8426, -0.211615
-0.0360898, 3.87133
0.0535962, 1.92689
1.90247, 1.02462
0.178121, 2.00053
6.97286, -0.00862181
4.09263, 0.881395
3.07247, 3.87951
6.02275, 5.90645
-0.0729499, 2.92635
4.84004, 5.94842
1.96449, 6.1391
2.15961, 0.998936
6.13072, 7.02179
7.22735, 0.0837474
0.190591, 5.01706
3.06617, 4.04971
1.86182, 4.08474
6.94691, 4.13002
1.05335, 6.91321
6.15994, 0.908312
7.07948, 0.0234966
5.07914, 4.20273
6.81597, 2.96037
0.892632, 3.89084
3.98671, 5.03654
5.76146, 0.930741
1.98306, 6.93794
0.195154, 3.00707
2.07326, -0.0110694
5.99116, 5.17219
5.07189, 4.02539
1.07487, 4.7697
3.85668, 0.0349254
6.97725, 5.07362
2.78919, -0.222831
0.865844, 2.86947
6.02549, 3.88496
4.90795, 6.91251
4.01514, 6.9817
3.09471, 4.12426
3.86339, 2.9811
5.76909, 4.16282
3.04029, 6.90762
7.05098, 5.03134
0.820394, 1.05499
-0.0788276, 2.8997
1.98908, 2.08277
6.14267, 6.84735
0.0628092, 1.93735
3.14445, 0.869424
2.92309, 3.87503
1.97129, 4.09959
5.9383, 7.16721
5.2535, 7.01241
6.86847, 3.81983
-0.269413, -0.208508
0.934223, 5.07111
0.809872, 6.01292
1.14069, 0.115991
4.11969, 0.980013
2.02336, 7.10949
0.0731436, 0.970086
5.12872, 3.86687
7.01745, 7.0526
2.80346, 2.71826
3.87685, 6.31737
6.21844, 4.21107
0.971026, 6.05794
3.8283, 6.07341
2.92857, 7.02919
0.146074, 3.92659
6.06677, 4.0346
4.06226, 6.93393
3.19526, 4.97799
5.16437, -0.105886
3.89424, 5.80613
-0.183116, -0.0518729
1.95792, 1.80118
7.02433, 5.80983
0.923674, 3.92689
0.0901379, 5.06291
0.005783, 6.06757
2.11282, 5.09802
1.02398, 2.85055
2.00238, -0.186511
3.23611, 0.0471185
6.93933, 6.04067
5.04669, 7.09502
2.63516, 5.06313
3.07586, 3.09678
3.10079, 4.96994
3.9721, 0.761738
0.872086, 6.99607
1.88239, 4.88985
5.09508, 0.108099
1.98168, 1.89877
4.025, 1.97276
1.94155, 4.02897
2.05261, 2.85147
0.024459, -0.0973003
7.16037, 7.07181
7.15201, 5.0829
0.908899, 1.99476
-0.0801883, 7.10116
-0.0386615, 0.962283
1.86555, 4.02107
0.956864, 6.9064
4.00679, 0.131107
3.90796, 6.94028
1.01824, 7.14557
6.94987, 0.826804
0.711754, 3.02878
2.10757, 4.02985
0.260236, 5.32205
0.101792, 1.03502
-0.25891, 6.85696
3.94276, 2.7725
0.00405911, 1.78214
6.99129, 3.04948
4.97519, 2.05049
2.00615, 2.97156
-0.119511, 5.94898
5.18528, 6.91091
2.03836, -0.136168
4.18956, 6.10259
1.83525, 1.88069
5.082, 6.11858
1.00954, 4.04186
0.00354531, 0.024323
2.04519, 1.10107
4.95247, 6.15509
5.18383, 7.0994
5.17686, 3.00543
5.93046, 5.13657
6.95244, 7.15688
4.89173, 0.916062
4.8575, 5.94923
2.02063, 7.17085
1.0854, 0.879784
0.967647, 5.76584
3.15991, 3.05619
6.19863, 6.76943
7.22139, 2.01674
1.0932, 1.10967
6.01085, -0.0809745
6.0897, 1.10268
6.90903, 2.02314
0.906581, 3.21921
5.11622, 1.95614
0.0418004, 1.00981
7.29904, 4.9582
6.04821, 5.0137
4.01849, 3.95897
4.13425, 6.10067
5.0903, 3.03811
2.1873, 6.28207
3.89612, 2.87814
3.84636, 1.91967
1.89876, 5.1341
7.0885, 5.8686
-0.271537, 3.07456
2.78908, 6.25539
7.07584, 5.85787
7.25037, 3.94457
3.98147, -0.0340726
4.10756, 4.04435
1.20404, 6.11904
2.95929, 0.924109
2.11473, 6.93875
5.17952, 4.98408
2.72306, 6.11979
6.10175, 0.367431
-0.154713, -0.266011
1.96923, 1.81361
2.01496, 4.91396
7.00406, 2.9048
0.786327, 5.22004
-0.0772704, 0.891611
5.0351, 1.01166
3.03172, 3.79307
3.00738, 3.04798
5.0393, 6.18943
6.90645, 6.13228
0.0365556, 1.0691
-0.0647445, 2.90318
2.85205, 1.09261
0.878058, 3.29289
3.83567, 3.13841
7.25879, 0.973968
0.18335, 1.76868
6.97276, 4.37129
2.91139, 6.77214
2.07307, 2.06293
2.89414, 5.96494
5.04765, 5.0347
6.90649, 2.01474
-0.0375585, 5.03485
3.90113, 0.026653
4.70533, 2.92297
5.10338, 6.773
5.89057, 2.03156
3.8945, 1.13707
7.20663, 3.08734
6.88217, 6.92323
4.13628, 4.94553
5.89835, 2.08513
3.92996, 6.91793
4.1683, 6.9688
-0.170024, 7.1189
5.87182, 5.94471
2.90955, 2.04366
0.0265495, 2.91993
1.07176, 5.09064
5.8823, 7.06373
-0.0369826, 5.00065
6.8166, 0.198826
5.03499, 4.96608
2.99866, 7.08067
6.13977, 2.97676
3.04721, 1.11723
4.86677, 5.81522
6.98865, 3.01189
7.10444, 0.997115
2.05722, 6.04426
4.93264, 4.94587
0.915518, 1.98306
4.92333, 1.95609
6.13138, 5.02708
6.04211, 1.1363
6.98215, 6.88152
2.92985, 2.0372
3.18241, 1.08359
1.94336, 2.97479
-0.039737, 0.981229
2.80515, 2.13734
7.05436, 1.00367
6.83444, 5.92141
2.98065, 1.01754
1.91544, 3.95844
7.07527, 0.898725
3.14425, 6.06534
1.62555, 3.90962
5.7318, 6.93389
7.0204, 7.12862
6.94975, 1.94467
4.07756, -0.102214
3.19011, 0.567912
5.81246, 5.8279
7.22605, 1.74803
0.0032465, 6.99873
4.02203, 3.16024
3.00423, 2.12392
1.90581, 7.13272
1.8939, 6.99668
1.09645, 2.97803
7.0583, 1.16329
3.1196, 4.73796
6.93986, 6.09101
6.97409, -0.0614741
1.90391, 3.1226
0.0293229, 3.84171
0.974101, 4.95926
0.867454, 6.0877
4.02281, 7.00389
2.02028, 7.00737
1.95324, 7.02093
3.21969, 2.05807
1.04944, 4.89985
6.09783, 3.05774
2.95053, 0.870463
4.1175, 2.92155
5.82966, 6.12783
5.07369, 2.82819
4.0731, 7.00883
1.93582, 6.06136
0.954538, 2.89276
5.83044, 4.86469
6.01811, 1.10215
1.93331, 7.09669
0.22527, 2.00976
3.15889, 3.7845
-0.196785, 5.8695
2.12046, 7.24018
3.96979, 0.920615
7.08453, 4.83263
0.0241164, 1.94737
0.048738, 5.8119
4.82477, 3.70698
2.8578, 6.68349
-0.0335262, -0.0941262
0.864758, 6.1039
0.983983, 6.83747
1.01608, 6.16597
4.11679, 5.00106
1.86662, 1.20307
-0.140414, 4.06598
6.95908, 0.0608583
7.02506, 0.912871
-0.164845, 0.933446
6.14302, 6.01273
2.07214, 6.1328
7.18702, 1.03411
4.72365, 7.02751
3.0909, 3.99275
6.0538, 3.89917
2.90346, 0.987024
6.99922, 1.96686
3.99189, 4.91547
7.03761, 5.99199
7.14015, 3.99606
4.04236, -0.0814392
4.07204, 3.89739
4.05463, 3.81661
7.2119, 3.22836
3.90937, 2.09091
7.0821, -0.0746273
3.85802, 5.02809
3.97688, 0.949699
4.03975, 5.93515
4.00071, -0.187463
3.18982, 6.94476
0.967017, 6.01071
5.13476, 4.93479
6.03865, 0.0306102
2.13644, 2.93191
0.158818, 5.18912
4.87032, 5.92147
0.162917, 1.20623
0.897796, -0.175985
6.10289, 4.2863
5.06937, 2.97711
0.901469, 7.01909
5.14639, 3.03784
2.9639, 4.97545
2.2082, 6.79426
-0.0861356, 1.03668
5.16132, 4.07334
2.13993, 3.88667
1.90934, 6.27901
2.04986, 2.06354
4.00793, 6.27673
5.94761, 1.00189
3.23393, 1.96951
0.668289, 6.87454
1.07114, 5.07369
4.99677, 1.18648
1.18085, 4.11379
7.08743, 2.86516
7.13043, 3.17787
4.15214, 6.12126
0.0960808, 6.96603
3.9351, 5.88672
0.0284133, 1.90664
5.9269, 5.98075
1.98094, 1.13917
0.905535, 2.00606
5.07794, 3.21621
3.22687, 1.25326
4.07871, 3.98274
5.02893, 2.11068
5.19391, 3.1501
6.07655, 2.97857
5.98853, 2.02219
6.06404, 2.98524
1.08571, 0.971456
7.06656, 1.12716
-0.130243, 6.11226
4.97643, 0.013458
6.205, -0.0714861
2.98139, -0.268947
4.02485, 4.07762
0.220741, 1.10851
6.99409, 6.89401
5.02974, 5.08794
0.963866, 1.05691
1.12281, 5.85795
7.04158, 3.01325
6.99558, 7.17624
3.91829, 4.10115
3.98457, 1.11213
0.037283, 6.05443
6.09684, 1.22995
2.59665, 3.90584
1.83358, 5.34135
5.02416, 2.07325
4.90532, 3.02944
3.01627, 0.112047
4.84437, 4.95526
5.0182, 5.96616
2.06755, 0.0122241
5.22383, 6.04226
4.03506, 7.02487
4.0114, 2.94736
-0.0160544, 1.18345
2.16186, 3.11808
7.05583, 2.9966
3.26593, 1.00132
3.83864, 4.16572
4.08843, 1.0393
6.08432, 5.78648
-0.192569, 3.05337
-0.0257845, -0.058862
1.20478, 0.806372
3.05909, 6.01043
3.98162, 4.94188
5.8593, 2.13812
0.34862, -0.0784699
4.95702, 6.88451
4.97913, 6.06461
0.907624, 0.995002
7.03448, -0.0675265
2.80394, 4.09804
5.18783, 4.97157
4.96106, 2.09289
2.80508, 4.06784
-0.282173, 0.974623
4.14493, -0.0910264
4.98127, 3.87767
5.66546, 5.98757
2.05004, 4.97478
1.22484, 2.0303
1.93431, 6.82994
2.06374, 2.05413
3.80577, 2.7625
1.81031, 6.90132
6.06632, 4.01657
1.95817, 0.0873085
5.91578, 4.97489
-0.115926, 3.05727
6.05861, 6.96211
-0.0669907, 2.06636
0.959528, 3.02584
6.12565, 0.95946
6.07474, 3.88603
4.04342, 0.789715
5.02014, 6.97739
3.07767, 1.03702
3.96382, 6.05497
1.08403, 0.119889
-0.124439, 4.10409
1.0748, 3.01986
2.64417, 1.0996
6.06466, 2.91568
4.93549, 4.0992
6.00413, 7.03297
7.10134, 3.87058
7.04569, 5.03411
2.97965, 3.99528
3.85809, 2.1542
3.08435, 6.80671
2.07082, 0.943648
4.09936, 7.14833
2.05586, 1.99048
-0.11333, 5.10961
4.11775, 4.07805
1.96919, 6.13699
5.942, 0.845025
3.92674, 3.84947
7.20831, 6.01199
4.93598, 5.94153
4.97467, 1.7339
5.98087, 1.84167
1.83821, 6.06702
1.08066, 5.89254
-0.0102453, 4.01807
7.15867, 3.89222
5.00605, 1.19118
0.00354422, 6.85528
4.74413, 6.07139
7.05166, 0.0666034
1.81793, 2.13975
-0.237476, 6.93975
3.85731, 4.01056
3.06404, 4.98817
-0.186049, -0.10558
4.06954, 3.16211
0.0350288, 5.00936
5.93045, 3.64235
2.94463, 0.916755
-0.13392, 6.83222
4.15413, 0.1674
6.32588, 5.06758
-0.115366, 0.0664695
6.80209, 3.10146
4.96786, 2.90053
4.044, 5.03725
3.23652, 6.9496
6.02755, 0.998116
0.82039, 0.963276
3.99515, 5.84474
5.03071, 0.791558
4.95754, 5.08201
2.74017, 2.97718
1.9487, 6.97142
2.83425, 3.20205
4.20967, 1.05786
4.96754, 5.88544
0.160792, 0.00181487
2.00714, 2.98878
0.0157194, 1.04983
5.99667, 4.88797
1.85005, 4.12271
3.95154, 2.00455
3.11007, 0.885713
6.07098, -0.149522
2.88887, 7.31292
7.18683, 6.02799
6.89414, 3.1011
5.08095, -0.203257
6.79329, 5.06591
5.69911, 3.02453
3.26415, -0.0504611
3.76285, 0.911593
6.98897, 3.05472
2.02613, 6.05848
4.72592, 2.79703
6.97566, -0.23197
3.79338, 0.0431214
6.97512, 4.04702
6.04176, 1.99624
4.95076, 5.08559
5.91764, 4.96248
3.95589, 6.23631
1.16029, 6.02776
0.994753, 5.9861
4.76393, 6.18007
5.9753, 5.754
5.10715, -0.0685588
7.12976, 6.01836
3.00751, 3.02395
1.94159, 0.0908336
2.85281, 7.01639
1.89133, 0.0124441
2.835, -0.152447
3.04465, 4.85159
6.84506, 6.02138
6.07394, 6.77815
0.0251038, 7.16177
1.92319, 1.98951
5.16308, 0.00623879
0.993587, 0.252198
-0.0592763, -0.0410068
6.20728, 0.919183
2.15582, 1.98913
2.13848, 1.16852
2.19552, 2.95077
7.15902, 3.16728
1.04783, -0.17777
7.02214, 0.259182
1.82721, 6.16879
1.17488, 2.7616
2.98636, 4.97713
6.06778, 0.824864
3.09368, 5.99594
7.1899, 2.21744
0.0800505, 6.95306
4.13018, 6.85923
2.84405, 2.10953
5.05286, 3.01956
-0.102672, 5.02151
0.789092, 2.2665
1.97012, 4.02401
0.967199, 3.90586
1.01909, 6.92673
3.94981, 0.272945
5.37261, 6.13325
7.05963, 3.07724
6.11605, 4.0032
5.95736, 7.06193
1.07319, 5.70348
0.111468, 2.00579
2.02311, 1.85312
-0.176458, 4.01161
4.02039, 4.85493
0.754661, 5.00075
6.98047, 1.29517
-0.0862182, 2.1112
4.77244, 1.94557
2.88494, -0.0768245
3.86609, 1.84164
2.97296, -0.0594391
2.97213, 7.05181
2.02147, 7.11216
6.01584, 3.93065
0.994817, 6.13702
2.01254, 0.794085
5.02846, 7.18707
7.06413, 2.94934
1.90741, 6.91331
2.1276, 6.0141
3.06222, 5.97557
6.03799, 7.1738
3.97002, -0.0672059
4.16693, -0.0436607
2.24068, 0.150549
5.87671, 0.966721
5.98264, 2.0562
4.82502, 2.01559
1.68381, 7.08135
4.90038, 5.84107
5.91969, 5.92846
5.0047, 3.08106
5.85436, 3.96155
1.7993, 7.05851
1.86286, 5.18571
3.1579, 1.86256
1.94169, 6.11478
6.91433, 5.12241
2.01894, 2.8723
4.05379, 5.8939
4.77322, 1.85482
1.92168, 3.05444
7.24982, 3.24221
6.04181, 0.0563796
1.0666, 4.12571
3.1191, 4.04916
-0.0473228, 0.865877
4.94229, 5.18511
6.16905, 0.254697
3.063, 4.02546
4.99731, 4.88023
5.00268, -0.0107533
4.04539, 2.13001
3.00727, 2.07962
0.118494, 7.28158
2.90654, 5.94921
1.99511, 4.87632
5.15403, -0.0224915
1.93424, 5.21692
4.08211, 6.86159
2.08621, 5.01201
5.1307, 6.95942
3.98158, 5.96179
4.98144, 7.04216
4.02068, 1.94428
3.06289, -0.0485842
6.10885, -0.0475317
5.9514, 0.976634
-0.097361, 0.00281121
0.769224, 1.00909
0.963169, 4.07721
3.95612, 4.90228
6.14151, 2.95221
1.32876, 3.01743
0.0259712, -0.0162499
2.88796, 1.13302
0.101784, 4.03208
1.91299, 0.0770535
6.94944, 1.85466
3.03007, 6.90152
7.04717, 6.09795
5.98614, 5.07138
5.09206, 5.10438
7.00068, 6.09149
0.113527, 2.16006
1.05555, 0.260891
-0.00465354, 7.16512
5.07404, 1.03814
1.93097, 0.0867344
3.90385, 1.86283
5.75329, 3.98166
0.877019, 5.25536
3.0823, 1.80123
4.04798, 4.20717
2.82016, 0.0748224
3.75807, 2.97198
1.99555, 1.15037
6.96844, 1.87109
4.06072, 1.70993
6.19073, 4.89016
5.00365, 6.07314
3.00473, 1.88985
1.84915, 6.12251
3.01763, -0.0843357
5.93393, 5.92905
6.1738, -0.201526
1.68874, 0.0896351
0.638632, 1.68263
7.06845, 2.00798
6.89053, 5.98559
3.10552, 2.9112
6.97449, 7.06361
2.02575, 5.84795
0.122201, 3.95739
6.02654, -0.0203516
5.97892, 2.0689
0.00682629, 1.90277
1.04232, 4.92758
3.22987, 4.02831
3.08286, 1.03883
3.02862, 4.92885
1.92664, 2.06258
0.861031, 3.9626
7.10715, 0.798669
0.167247, 6.94684
5.97675, 7.01983
2.01245, 7.13569
2.90426, 3.88388
0.0383074, -0.0890485
7.06287, 2.20327
4.97202, 5.15501
0.909672, 5.92003
3.91228, 5.24713
0.190113, 5.27135
1.75954, 5.07982
6.8752, 3.83907
-0.0961022, 2.29823
3.13634, 7.24832
4.02134, 1.58702
2.01674, 0.209305
2.10004, 6.10176
5.81318, 5.05064
2.02183, 6.09784
3.13851, 7.06849
5.08802, 0.190322
3.03171, 7.07953
0.115458, -0.00590129
2.13758, 2.90157
4.05632, 4.02003
3.06247, 0.976109
0.125447, 6.02738
-0.0243362, 0.848935
6.03243, 7.04226
6.04141, 6.16163
1.85126, 5.93912
0.86484, -0.263276
3.94629, 2.01871
1.93786, 1.98909
6.04142, 5.95546
7.21562, -0.140664
1.0831, 0.820686
2.78424, 1.12573
-0.205769, -0.0653679
3.09673, 3.88473
-0.0923744, 7.01798
6.00906, 3.7905
2.02667, 3.09653
5.9724, 1.03174
2.99972, 3.73284
4.79711, 6.94998
1.87725, 3.78366
5.18961, 1.81484
0.861218, 6.93278
6.13639, 1.97165
3.59771, 2.95594
1.92827, 5.14118
4.75751, 5.75686
2.97543, 2.96123
1.10111, 0.17023
1.08073, 6.15998
2.89266, 7.00368
5.91752, 2.02921
4.98062, 7.23759
5.11271, 0.917902
4.02935, 1.92203
6.92102, 1.01056
1.9756, 4.75406
6.7442, 4.98899
3.88435, 4.03528
7.14482, 5.00124
1.97388, 1.19746
0.90575, 3.94836
7.05106, 6.99396
5.08664, 2.91903
0.0911525, 7.01971
2.03395, 4.00388
1.97784, 0.15275
5.91268, 5.19574
5.90375, 0.00354747
0.761999, 2.95921
0.00756286, 0.856837
4.10837, 5.03786
4.16836, 7.0753
0.940461, 4.91266
4.04472, 5.89044
6.95533, -0.0612351
7.04288, 4.93887
6.24141, 0.0991818
0.0659468, 3.08608
6.92628, 0.996102
4.08472, 6.97433
1.05999, 7.06381
6.80507, 0.822685
6.90508, 3.14317
5.03556, 2.07552
7.15801, 3.02496
5.92528, 5.05207
5.04234, 4.86593
1.18758, 0.0202504
2.14745, 2.0809
3.96484, 0.972655
0.233227, 1.17717
4.93278, 3.92157
4.96784, -0.157128
0.956572, 2.84054
1.80516, 0.106812
2.87164, 3.88211
6.71271, 4.09794
2.8455, 1.00064
1.92983, 5.12561
5.12431, 3.18907
1.0932, 1.89452
2.72759, 3.08891
1.06848, -0.0025633
2.82356, 2.95685
1.08332, 4.91797
0.131352, 0.96956
4.14859, 0.888453
0.966413, 2.89921
7.12733, 3.01797
0.778495, -0.0259535
7.33122, 1.11063
5.942, 7.03179
0.174925, 1.14188
2.97254, 4.94111
3.99346, 5.99955
1.09764, 3.95175
0.889897, -0.0975843
6.10974, -0.0135559
6.11346, 1.06148
6.92296, 6.68172
4.93595, 3.09951
5.03188, 5.12862
6.79024, -0.0762571
3.89974, 1.11577
5.17667, 1.9792
3.85892, 6.92635
3.18556, 0.92482
4.10757, 2.91644
3.19036, 1.9511
0.899845, 6.10135
6.06573, 2.89054
3.84285, 3.81133
1.17954, 7.03776
4.78958, -0.0917701
2.26044, 5.89392
2.94269, 0.989315
1.14931, -0.216003
1.90382, 5.85255
1.96424, 6.83754
1.01336, 6.97098
-0.0585654, 3.05613
7.35233, 4.09817
2.96281, 1.86012
2.89159, 0.947877
0.980985, 6.00243
1.0428, 5.1077
2.98692, 1.90042
6.79832, 4.84464
3.89178, 5.03323
0.823934, 3.05938
1.76753, 3.79879
3.84526, 1.9848
0.893885, 1.04299
6.05187, 3.89475
2.07894, 4.84094
-0.189768, 0.980042
2.19916, 6.94507
7.01086, 6.2369
4.97542, 1.04125
6.83105, 6.20756
0.278974, 5.08878
2.06207, 0.90496
4.90658, 6.12925
-0.0662032, 1.93019
4.09035, 3.02771
2.06048, 0.840804
0.14453, 3.88719
2.91377, 2.05072
1.00933, 1.85766
1.99069, 0.989537
5.02361, -0.105772
5.96642, 0.73412
6.91706, 7.03644
7.1659, 3.17205
3.0098, 0.949882
1.19588, 5.82735
4.80954, 0.00615032
1.93493, 2.07479
2.11039, 2.98759
1.88308, 3.01375
1.92486, 3.00929
-0.130897, -0.0863961
1.79639, 0.906956
4.09781, 3.17413
2.16475, 6.06617
6.98938, 2.06351
4.80799, 0.972111
7.17291, 6.76173
6.92501, 4.09366
3.82323, 7.04608
6.23107, 1.00641
-0.149077, 0.815311
0.941226, 2.21856
5.05529, 5.12427
7.25525, 3.99836
3.95943, 4.81022
0.00862964, 0.00673698
6.89189, 1.81522
4.84918, 2.19395
5.00633, 6.03031
5.10087, 4.14099
0.0370511, 0.0288572
6.1692, 2.93007
6.0117, 0.125372
1.19611, 1.24213
3.04588, 1.99643
4.21456, 2.93756
6.99706, 0.127204
4.00069, 4.01145
2.21538, 3.94099
1.98834, 6.85471
5.9344, 4.91807
4.73592, -0.04349
3.86965, 0.121697
4.82071, 2.04781
5.93588, 0.0274731
6.29393, 1.94663
3.95718, 2.81438
3.06275, 0.0258737
6.99157, 6.97078
2.8661, 3.0343
0.141383, 5.97785
6.92552, 4.05739
2.97669, 4.10338
6.68296, 7.08996
4.90989, 2.70561
0.0984432, 0.339932
1.93434, 6.09486
1.98986, 3.03549
-0.200335, 1.24016
4.0069, 3.96862
3.00717, 1.17152
-0.0834101, 4.02908
5.97212, 6.17886
4.92788, 1.04531
1.95557, 7.07174
3.17627, 3.73221
5.88552, 5.83837
1.00599, 4.96674
4.13048, 4.18479
2.06082, 3.95717
0.92965, 0.912995
7.10417, 2.08568
1.0338, 3.94463
7.04424, 6.99717
-0.0846477, 6.01763
1.00217, 5.9941
2.00886, 2.98206
3.24129, 6.13925
3.95682, 7.32889
5.82429, 0.0625912
2.9191, 6.94082
4.07241, 6.92872
7.09582, 4.9338
6.00182, 5.04813
3.97662, 2.12951
6.83422, 6.93577
5.90562, 5.07864
1.92484, 0.84313
2.09296, 1.09675
2.9198, 2.21446
6.91603, 5.0868
0.97311, 4.08923
0.0727716, 3.99505
5.91842, 2.98823
5.18817, 1.06583
4.94041, 4.92071
4.98104, 5.75756
6.15309, 6.96172
5.13439, 2.10987
2.89114, 1.04177
3.12065, 0.701055
5.30922, 7.11945
3.09749, 7.05291
3.91644, -0.164022
7.19393, 4.9897
0.168041, 3.68826
4.94, -0.0643344
5.14801, 4.02172
7.01409, 6.78166
5.9778, 4.93444
6.15104, 6.87859
0.180893, 6.01248
6.76117, 5.97494
1.04576, -0.0756866
2.02201, 2.15363
3.08326, 2.13342
5.95388, 0.95934
1.17478, -0.0675461
-0.0486167, 5.99613
1.99542, 5.9022
4.98496, -0.042878
0.0964296, 1.97372
2.91925, 7.04524
1.10253, 3.99002
3.00835, 4.86714
7.09339, 5.71873
5.12808, 4.96644
3.98916, 6.91767
7.1176, 1.10426
3.04154, 4.00525
5.12455, -0.0162012
0.0921024, 0.382686
2.94433, 5.10459
0.00484725, 2.95603
0.122339, 0.288232
4.98299, 6.9142
1.95169, 3.149
1.98846, 5.95355
6.03086, 4.00465
6.32424, 2.67627
1.07989, 5.81591
2.95698, -0.00970252
0.050663, 6.00253
5.88695, 7.01661
7.03678, 1.91895
3.89651, 3.0596
1.12565, 6.80607
3.96826, 6.98954
1.78836, 5.87896
4.86272, 2.02766
4.0001, 4.89049
2.15888, 0.016203
2.98766, 7.26634
7.1897, 6.03035
2.04817, 2.01933
2.9524, 6.95874
0.101445, 6.13333
1.82024, 2.07175
0.691413, 0.166128
7.03797, 2.14222
-0.120964, 4.13194
5.07395, 0.237331
6.96164, 3.93151
3.94327, 5.02936
0.319123, 0.778992
3.0692, 1.83452
4.10494, 4.02742
7.02493, 0.918799
4.81193, 4.85693
3.77365, 4.00185
5.00363, 3.05405
2.966, 0.0179489
5.02486, 5.12878
4.89788, 2.10828
4.77747, 4.7546
5.29904, 0.0622869
0.785619, 1.09997
7.09103, 4.82198
3.83088, 5.97775
2.14262, 6.90603
6.84771, 1.94645
2.03413, 6.83473
2.19803, 6.88816
1.13318, 4.1016
1.89989, 4.04449
6.98758, 4.07617
2.82092, 4.90953
-0.10669, 6.88782
5.10205, 5.09252
6.12761, 3.0004
3.85948, 2.13448
7.19481, 4.00997
5.90075, 4.09739
3.96701, 3.03318
-0.0480462, 3.06099
4.04159, -0.043888
0.117113, 1.01634
4.01867, -0.0389275
5.12522, 0.794188
0.0739889, 5.06849
3.02491, 6.29645
1.88942, 0.912268
2.27329, 6.21549
2.89212, 1.15499
4.80984, 6.16276
2.9269, 3.15112
6.84718, 6.95374
2.02334, 7.06605
0.0466279, 0.947235
0.804158, 0.986184
1.96748, 6.85723
0.0172582, 6.96607
5.99647, 6.06443
-0.00970637, 2.13861
4.98472, 2.08604
3.86904, 1.1776
0.875639, 5.01199
3.10702, 3.78504
0.0673416, 4.92954
3.88788, 5.87078
4.90979, 5.05392
-0.102184, 1.93675
6.01195, -0.0543581
5.02025, 3.10834
2.67509, 4.95673
4.0039, 4.08238
4.17213, 0.144422
5.10487, 5.10005
5.06418, 3.02349
5.12128, 2.95298
3.20031, 2.88908
1.15181, -0.000540549
6.9986, 2.02957
1.8169, 6.90632
0.132895, 1.07031
4.10211, 0.0638696
4.09937, 1.15324
1.0333, 3.03766
1.89167, 6.99124
6.8536, 0.122406
6.92923, 3.77409
7.03245, 1.25854
3.7889, 4.07694
6.14402, 0.0584146
5.13946, 2.99132
4.87057, 4.84207
5.83195, 1.89902
3.03254, 0.000645208
2.95003, 0.0262799
5.09157, 5.90064
0.939599, 3.83667
-0.0151101, 1.11898
0.117785, 0.220463
5.92759, 0.32122
3.17032, 4.77469
4.01883, 6.94404
4.06895, 2.05471
1.01167, 1.07986
3.91401, 2.29821
-0.0439736, 1.02827
4.75532, 3.98084
6.05514, 6.09999
1.01866, 2.16394
1.80463, 0.827995
7.02426, 3.82323
4.12284, -0.117586
4.96927, 2.87875
3.01736, 3.12944
4.03668, 3.10813
5.01152, 4.05907
5.74799, 4.12443
1.96175, 4.8467
1.06846, 0.947669
1.00185, 0.165269
2.96827, 1.136
-0.126924, 5.04951
3.02853, 3.17001
4.13981, 4.87169
0.0988795, 3.11248
6.92055, 6.26123
2.97957, 3.08834
1.83825, 5.94964
-0.326444, 2.96652
6.8138, 0.00937061
5.84821, 6.92541
5.93732, 2.79365
3.8814, 2.96899
0.977828, 6.11982
3.04084, -0.0406371
5.96486, 6.95498
2.14052, 4.21764
4.95898, 2.18206
1.11738, 2.76504
4.15984, 3.94401
1.91377, 5.89933
5.02719, 5.03657
5.94707, 4.94207
4.99805, 5.83223
2.97196, 6.00867
5.04015, 4.04327
2.92886, 2.15292
4.03587, 3.06513
7.11122, 5.88975
7.05216, 0.80758
4.94721, 1.76453
4.99388, -0.0133883
5.0911, 7.10132
5.05636, 5.92897
0.0632434, 5.79382
6.96587, 2.9167
4.99609, 4.31326
1.19951, 3.15369
5.05226, 0.0365068
0.916426, 0.198468
7.07496, 5.78741
7.07216, 0.155059
6.20725, 0.161846
4.89831, 2.06516
6.98578, 5.08699
7.07359, 7.0811
-0.0655787, 3.90075
5.89326, 1.95081
1.06973, 2.0255
1.81782, 0.995197
3.03879, 0.883568
-0.126634, -0.105083
5.06802, 6.12285
3.88882, 2.23447
1.06255, 6.08
2.89084, 0.916512
-0.0874459, -0.203136
4.96597, 0.854039
6.05101, 4.92424
2.08585, 1.05666
3.92261, 4.97989
0.108513, 4.95473
1.93689, 3.97789
7.0433, 6.07932
3.86338, 5.98004
6.82836, 2.77369
3.72547, 0.866074
2.86947, 0.0230332
4.80973, 7.04655
3.95511, 4.05386
5.72937, 4.87747
5.45781, 1.98729
2.12623, 1.00194
1.01476, 7.09942
3.163, 2.06539
0.747193, 4.9924
6.97865, 2.17515
3.98126, 0.0279444
1.12788, 3.04509
1.77414, 3.89058
6.06298, 5.86844
6.34242, 1.91399
3.85553, 1.87499
6.11661, 0.791965
1.95451, 4.15439
3.18721, 6.91698
2.05554, 4.83539
2.83144, 4.02608
0.752574, 0.0539752
5.05003, 7.00674
0.981202, 0.960659
6.1946, 0.161086
2.99731, 0.778236
7.00239, 0.00694249
1.9991, -0.110865
6.00908, 1.00246
5.11875, 1.20901
7.0073, 0.837543
1.03976, 4.77948
5.88471, 2.0365
-0.109695, 0.175917
1.05513, 1.8252
5.01219, -0.0654575
3.88273, 5.15649
2.08068, 5.1972
5.88489, 3.05127
4.21887, 5.09027
4.97335, -0.146471
6.8467, 6.18783
3.79105, 0.916691
0.0430941, 5.12435
-0.226682, 0.89242
3.11725, 2.08863
1.97281, 0.260029
7.18579, 2.27658
0.85278, 2.92907
7.018, 0.921749
3.19208, 0.0263142
2.05839, 5.9526
2.83385, 7.06515
1.04631, 0.854494
0.963326, 5.89367
2.14123, 6.97377
4.27126, 3.79978
4.01876, 6.95219
0.95403, 4.02184
6.89187, 1.16185
2.05018, -0.0791557
1.02706, 6.24024
0.233812, 6.0768
7.00819, 7.07897
2.94718, -0.0239053
7.08667, 0.887863
3.99646, 4.91021
3.78648, 6.96294
1.08073, -0.119591
0.890821, 3.1949
6.1668, 3.18327
0.962693, 7.17657
0.074907, 5.94643
1.03506, 4.98557
0.95107, 5.99213
1.23478, 5.95391
6.89832, 4.83395
4.16426, 3.08799
5.14223, 4.89609
1.94934, 7.24165
5.98011, 0.877883
-0.144873, 3.8017
4.17405, 5.03183
0.97261, 3.7767
0.94105, 4.83903
-0.00945265, 5.92467
7.20899, 1.99929
7.07074, 2.22676
5.91463, 2.02008
-0.0045945, 3.00937
0.75412, 4.1507
5.1459, -0.183652
7.10553, -0.00979602
2.78912, 1.03395
4.0571, 2.95496
1.03977, 5.83656
5.00332, 3.79349
1.77027, 6.93705
-0.0297502, 1.06682
4.10925, 6.04559
2.97519, 5.06064
-0.118347, 0.990921
4.04793, 2.88827
3.04059, 3.05212
6.11112, 6.03742
3.07758, 6.90839
1.13291, 3.94816
0.0216879, 5.92995
-0.0046928, 5.15793
5.13563, 7.13545
1.07407, 0.201883
0.751338, 0.953553
4.91678, 4.89236
3.89668, 7.03341
0.923222, 3.00142
1.92691, 2.0241
0.936986, 5.13202
0.176803, 5.87222
5.24662, 6.01591
3.05504, 3.01598
3.09481, 0.106572
7.04919, 1.99086
1.77438, 6.8836
3.21672, 0.972117
4.17344, 0.894436
0.191419, 0.876114
2.9814, 6.18471
5.16504, 6.99672
1.08797, 0.0217364
5.13546, 6.95581
3.06656, -0.0784187
4.99546, -0.00155896
0.218471, 1.76654
0.131159, 1.1313
0.991215, 1.07502
3.98239, 1.09755
4.88329, -0.1485
3.86969, 3.22628
0.976365, 5.87525
7.01957, 2.01447
2.81571, 6.89343
5.97204, 2.15569
0.816185, 4.12992
4.03387, 7.02029
2.94778, 4.91615
1.17748, 6.73874
6.85767, 5.85965
1.1682, 3.77725
3.93447, 4.01983
5.98679, 4.15099
5.90256, 5.8047
7.08268, 7.15351
6.01716, 5.82288
6.97088, 0.126122
0.990247, 3.77589
2.02748, 4.10216
6.90014, 4.9208
-0.0422145, 2.0832
3.99852, 3.90626
-0.117635, 1.11349
4.95852, 0.0682058
2.07198, 4.12566
4.91231, 3.04315
0.791824, 5.90834
2.08787, 4.9008
5.97528, 5.79001
2.11445, 2.01229
-0.212355, 4.965
0.980411, 0.858315
1.046, 3.91685
-0.125275, 5.99848
3.03898, 1.06996
0.95868, 1.95673
3.09906, 3.11273
5.05019, 2.13497
5.0426, 5.04418
1.96709, 2.06708
1.89641, 5.8771
0.155775, 4.01775
1.93209, 2.93564
6.1277, 6.80146
6.00128, 3.98247
7.15504, 3.08079
3.89853, 5.06375
0.0821864, 4.05604
7.05989, 2.93381
7.01718, 6.90624
5.93093, 1.03616
0.0174885, 4.11367
6.11203, 6.92716
6.18008, 7.14537
1.86192, 6.86063
0.914678, -0.00476273
-0.377932, 4.99916
3.82921, 4.12649
1.05194, 0.741056
1.03277, 5.1768
2.08066, 0.0149949
3.31773, 5.80181
6.10146, 2.8912
7.15878, 5.89692
6.9219, 4.16882
6.85909, 0.965284
4.90563, 3.97378
2.95322, -0.0821425
1.85671, 1.02177
6.0031, 0.859778
6.18317, 0.891958
7.11592, 0.0689806
0.0244105, 2.06903
4.09267, 3.11917
1.97365, -0.229344
6.84856, 1.0174
2.93222, -0.0505807
0.886007, 5.93601
4.15013, 5.0721
3.78188, 4.95337
3.96963, 3.15061
2.92781, 1.97133
6.33186, 6.95629
-0.00988105, 1.70152
-0.10614, 4.93688
6.93166, 2.95835
0.0390202, 2.15344
-0.141113, 3.79758
0.966922, 3.97995
1.95262, 0.96382
3.95258, 3.2361
6.9363, 2.00874
2.00892, 4.95926
5.02, 2.11185
5.90479, 7.09053
2.87255, 7.27448
7.00729, 3.04395
6.19631, 1.85149
7.04732, 7.20011
4.81931, 6.12235
3.22195, 0.942677
5.03572, 2.88514
4.19493, 0.0390511
4.08099, 4.91099
6.14471, 7.1298
3.93904, 4.03161
5.95011, 4.2228
6.16489, 3.16056
2.96935, 1.88836
1.09437, 2.85007
3.36503, 0.886377
4.08928, 1.98729
0.215191, 1.23313
3.90449, 7.11944
0.942345, 4.91593
0.0231551, 0.151906
7.09046, 5.8852
1.25967, 7.21681
4.13803, 1.80668
5.12882, 3.01857
5.97088, 1.10193
-0.14865, 4.97209
6.12164, 5.02355
3.09563, 2.99655
5.88038, 4.03585
6.04399, -0.130364
6.94, 0.100734
0.0761111, 0.0896132
5.85256, 1.2215
3.02767, 0.986079
6.8671, 3.12808
7.23918, 3.10134
0.961424, 4.01312
0.11007, 5.91066
6.79461, 0.0586198
5.05942, 3.98675
5.87739, 0.000859208
1.21989, 4.06738
6.87976, 1.98855
7.08124, 5.80709
3.06354, 2.23863
6.82952, 6.97648
5.79459, 6.14965
1.88861, 2.0197
6.83012, 2.01949
1.09619, 4.01448
6.02389, 4.90975
3.0332, 7.19786
2.0817, -0.225889
-0.105022, 0.881747
0.0452778, 3.03772
5.99551, 4.87326
3.1878, 5.81936
-0.0451639, -0.00675243
2.92447, 6.84423
5.98659, 0.0429384
7.19776, 2.8222
-0.128958, 3.90267
2.95567, 3.11773
0.814955, 0.885339
0.948442, 2.90399
4.07003, 0.92988
4.97195, 1.85903
7.02945, 5.7382
-0.077498, 1.06144
-0.175119, 3.07194
1.05083, 3.99972
4.87169, 5.91666
5.01196, 1.86347
0.768706, 5.12316
2.15688, 6.28021
5.0983, 0.122923
7.04236, -0.0540569
1.86132, 3.91659
6.04369, 5.83309
3.97707, 3.87076
6.12204, 0.0793495
6.76578, 4.9982
1.11471, 3.08622
6.08893, 2.05762
5.02823, -0.100801
1.99267, 3.92397
1.85446, 7.12341
6.09285, 4.88481
0.924356, 0.010592
4.93219, 2.05443
2.90225, 5.939
6.76914, 5.99092
2.96444, 0.177481
0.878504, 3.99717
3.16942, 1.97414
2.00091, 3.74903
4.85812, 1.14744
5.05098, 2.74865
4.94132, 0.815828
6.99491, 5.85491
1.05197, 5.86203
2.23775, 2.99092
4.93628, 3.8687
0.0313728, 5.96906
4.94861, 3.09857
6.90635, 2.11368
4.11337, 5.97277
0.844552, 3.9743
6.16594, 0.805448
6.89968, 0.952543
5.14413, 1.14535
2.00549, 3.85675
7.02445, 7.01849
5.11871, 5.91582
-0.103496, 7.2315
5.72898, 2.96797
6.04037, 0.132228
0.000887005, 5.88321
7.03198, 6.10552
0.945936, 1.95267
4.05512, -0.15391
2.91104, 3.00878
6.89508, 4.87013
2.97563, 0.0822474
4.07937, 3.09265
1.93224, -0.120743
4.15337, 4.06441
0.777661, 0.991638
1.89377, 5.08085
4.11467, 4.94576
-0.0364084, 5.13558
5.89746, 3.93916
-0.224718, 2.91183
6.01043, 4.05854
5.0598, 1.99008
6.07372, 2.90696
2.16898, 5.88996
6.03298, 4.04111
3.01828, -0.0618859
1.97746, 1.87406
-0.048821, 5.9157
4.09291, 5.98031
1.89138, 4.91459
2.81609, 1.17855
7.03532, 2.77255
6.87981, 3.80707
3.09728, 2.07317
-0.207514, 0.0695524
3.95561, -0.080022
6.03853, 5.9003
1.21613, 4.83862
5.75391, -0.106236
3.88565, 1.89329
5.33981, 5.84665
5.01646, 5.87332
1.92597, 4.88959
1.35525, 0.949138
1.13196, 5.94311
-0.0357592, 0.763309
3.82649, 6.03053
5.08586, 3.98216
3.01866, 6.17064
4.89815, 2.98585
6.96505, 5.0007
2.22441, 2.06356
1.05562, 4.97893
3.95849, 2.03411
5.96672, 3.93844
3.82858, 1.07779
3.91782, 5.89346
-0.0976445, 5.18564
1.15431, -0.0734892
-0.0381436, 6.04119
0.82033, 6.1545
0.171007, 6.07003
7.10127, 4.72543
-0.0645181, 5.05524
1.92908, 3.82865
1.11077, 3.89148
6.79758, 4.03993
5.03636, 6.90984
4.86971, 2.82234
6.09317, -0.138736
3.07596, 1.09405
6.88798, 0.0293508
1.76894, 6.02362
6.97625, 1.09948
0.209553, 2.84634
2.22456, 2.03115
3.1615, 1.08271
0.161728, 1.02599
4.07546, 3.89455
6.8294, 2.98232
3.01314, 1.92739
4.01512, 3.94835
4.02646, 2.92536
3.98709, 7.03313
2.19399, 6.21814
3.91691, 1.85503
0.895589, 5.03659
2.06712, 0.0595153
1.79557, 5.02824
6.13856, 4.00195
-0.0487294, 3.87169
-0.0177592, 0.0652782
3.97315, 7.03566
7.03011, 1.93982
5.92055, 1.02558
2.98993, 3.88656
0.202091, 1.05399
3.95364, 6.06696
4.02813, 1.97818
0.985342, 4.99334
2.0815, 0.0412684
2.16546, 1.11862
1.09883, 5.13879
4.75848, 6.97959
6.0045, 4.95738
4.212, 0.878647
0.987388, -0.0979544
-0.25805, 2.21163
6.07881, 5.16207
0.156522, 2.08587
4.8596, 5.94706
5.1061, -0.076098
5.37756, 2.98028
4.00749, 5.14056
-0.0874834, 5.93513
3.03984, 4.04799
3.95716, 2.84592
7.07522, 5.9248
5.06199, 2.05162
5.69503, 6.11046
4.10141, 1.16059
7.01299, 7.17914
4.00823, 1.11336
5.11985, 2.15238
2.07577, 5.24435
6.14175, 4.96135
-0.0348412, 2.10601
1.98657, 1.08094
6.93095, 4.85475
1.8039, 3.14745
1.93187, 2.02625
6.84487, 2.09678
0.983785, 0.0196022
0.157866, 4.18993
7.10824, 5.82437
4.86592, 1.99563
1.03816, 1.01956
7.00238, 6.95342
7.05676, 0.0583153
0.13284, 4.90361
3.08067, 1.85498
3.00539, 6.02375
3.98359, 3.00104
2.21477, 4.02367
7.27844, 2.0268
0.0700049, 0.25757
4.87002, 7.07763
4.00971, 4.92065
4.05664, 3.03078
6.25055, 2.16381
7.0311, 0.0770656
2.05881, 1.92839
3.15051, 3.01953
6.04441, 6.19061
0.964763, 3.77818
-0.0681113, 4.00559
2.82806, 7.28739
3.99475, 4.03234
3.85432, 0.849363
-0.0505249, 3.05967
0.957214, 0.850641
5.04772, 6.00241
5.95657, -0.147886
3.05137, 5.91461
1.83823, 1.2063
3.91511, -0.0578363
7.21963, -0.282005
4.82698, 6.02574
4.93143, 7.16653
-0.23254, 4.90434
1.97122, 2.18406
1.06986, 7.09478
5.04318, 6.10257
-0.17994, 5.85404
3.17136, 6.09921
1.84221, 1.11768
6.92618, 0.879943
1.96937, 5.06582
2.23152, 4.8973
4.1463, 7.09214
5.04556, 4.96011
4.16336, 1.99544
1.94447, 1.92549
2.98301, 1.03466
4.08048, 1.17669
3.08238, 4.25859
5.70857, 4.86174
6.75879, 6.08957
6.97399, 5.03145
2.9673, 0.905958
7.0924, 2.96519
5.88435, 0.0730176
6.85054, 5.13473
3.95233, 2.96986
4.85475, 0.857534
2.0709, 3.1138
2.85702, 5.92682
6.71086, 6.05733
5.82782, 4.07541
1.07175, 6.19929
3.07171, 5.0451
2.04359, 0.221642
-0.0407563, -0.0500835
3.92492, -0.121179
4.93711, 0.742564
-0.0555003, 0.0477646
6.96121, 7.17642
2.14014, 5.97076
3.19473, 0.115009
7.02854, 5.058
3.11542, 0.913625
5.98949, 1.99463
0.109104, 2.95014
1.97885, 3.09787
3.99799, -0.255625
3.87113, 1.03074
4.03767, 0.166335
2.99851, 3.92253
1.8653, 0.994246
6.04596, 7.0086
6.96909, 5.0481
3.98658, 3.97623
6.94338, 7.03449
2.23441, 4.90929
6.98904, 1.07241
1.05119, 2.2332
6.0992, 1.95869
0.980518, 2.09464
4.02538, 7.12178
2.1097, 3.03398
0.0470606, 5.94406
4.15696, 1.05703
2.04116, 4.73229
3.88798, 4.15785
1.90714, 5.89538
2.13294, 2.00952
-0.163247, 0.0523973
3.08371, 1.78175
4.82099, 2.85704
0.0863895, 3.03771
7.01093, 3.18211
0.155306, 3.97258
6.98586, 6.76801
5.97714, 1.93172
1.03811, 3.95978
0.141947, 5.03182
6.08397, 7.11645
2.10074, 7.10412
7.15595, 4.02505
5.96757, 2.05964
2.15348, 3.05012
0.161915, 7.2925
5.97269, 4.87834
5.09572, 2.0262
5.04329, 5.97116
2.04937, 1.15399
1.97637, 4.97885
3.02745, 1.05747
6.04686, 6.00763
6.85502, 0.00740904
4.08091, 1.96095
5.9288, 7.14803
1.03397, -0.0580609
5.03099, 2.98979
7.03993, 1.84843
-0.0476912, 5.76862
0.0761044, 0.0217183
6.0245, 4.99175
4.85189, 5.10387
0.82432, 5.92056
0.835186, 5.07529
5.14128, 7.0345
2.89095, 0.157869
1.87619, 1.10313
6.98915, 4.968
3.20124, 6.9262
0.880887, 5.01561
7.06515, 5.07065
-0.0738024, 6.01063
2.03036, 1.99387
5.04546, 0.226417
-0.0724077, 1.70052
4.70008, 1.11971
4.04244, 4.22082
5.09283, 5.03731
2.80105, 2.83199
0.0192276, 6.86386
5.93574, 2.93029
6.07028, 6.97557
1.18289, 3.98817
3.86104, 2.91669
1.89367, 3.85564
6.98457, 3.96119
7.11911, 3.91013
3.94738, 0.988384
0.985997, 0.987884
0.0205882, 2.12497
2.10831, 1.94227
2.18555, 1.03986
3.77407, 7.11486
6.86824, 4.95122
6.91906, 0.149251
5.07172, 6.03837
4.87442, 1.99177
0.985265, 5.02987
2.78182, 6.92783
6.07168, -0.0767739
4.91487, 1.02179
6.02232, 5.84339
2.90833, 3.93766
2.1267, 2.97868
1.84994, 1.0149
2.82657, 2.81551
6.05685, 3.95315
7.29124, 6.95261
1.16253, 6.22308
1.06086, 2.97184
5.99918, 6.98511
2.97378, -0.121683
3.92932, 4.77789
5.03986, 0.980473
7.05236, 4.02588
4.80048, 3.85326
1.99828, 4.98262
4.88353, 2.08489
6.98332, 1.99265
5.8361, 2.10581
0.045317, 5.87375
-0.129517, 0.804646
3.17841, 0.240409
4.17835, 5.08234
4.0173, 1.06837
6.13636, 4.91689
6.92647, 5.10635
1.20992, 5.80473
5.89585, 5.79948
6.06121, 0.852653
4.92173, 1.12227
7.01982, 1.88805
7.19397, 4.95104
2.77785, 3.98704
1.11543, 4.19329
4.96191, 4.00571
-0.00331887, 4.09325
3.898, 1.9996
4.86751, 6.96925
1.0009, 2.10384
4.14307, 1.19067
3.09297, 5.11897
6.84411, 0.211431
5.0974, 3.88772
5.13072, 5.05963
-0.0382587, 6.96164
6.92326, 6.76598
2.19248, 5.95909
0.773209, -0.0828462
7.02533, 5.94364
0.185769, 0.190021
7.0194, 3.15946
5.06308, 0.0891145
6.91673, 7.17142
6.08999, 6.87346
5.20876, 4.96858
6.25591, 3.06378
3.93557, 4.21699
4.10723, 5.08379
0.141121, 7.06145
6.01535, 6.10293
1.9269, 3.18458
4.95373, 2.00618
4.11282, 0.0849141
4.83353, 6.16589
2.15805, 5.97281
5.06355, 7.02017
6.15465, 7.05519
5.76166, 4.00027
1.93622, 0.860602
3.01923, 2.92607
5.93084, 0.951413
7.10163, 1.95589
4.02365, 7.03132
5.07792, 3.97784
4.91055, 1.35331
3.99729, 1.18912
0.0234483, 1.00672
-0.107974, 3.01438
5.89273, 5.07702
3.08803, 7.06902
4.9776, -0.116572
5.15025, 0.995185
2.76637, 3.10766
5.87808, 1.12048
7.16444, -0.0679303
3.81694, 4.18971
4.08143, 2.23648
4.22967, 2.04583
0.987434, 2.99178
1.81718, 7.05151
1.02459, 3.77234
3.83443, -0.174352
-0.0591528, 3.98912
6.06118, 0.0611086
2.13584, 3.99055
3.87051, 1.84548
6.00103, 1.12013
5.0964, 1.92445
0.996908, 5.0058
1.21511, 4.13098
6.89153, 3.93945
3.19416, 0.147498
3.06287, 4.25545
0.605688, 6.98679
5.02666, 3.9084
0.0156406, 5.91958
4.82022, 2.99663
0.00676926, 6.07792
1.04914, 4.05171
6.05099, 0.838899
3.77771, 7.18539
3.06378, 6.04597
2.06944, 3.85717
5.86339, 5.05573
1.8833, 6.98095
3.7764, 1.07459
7.09671, 6.96015
2.02258, 3.951
4.89268, 0.761139
7.03822, 6.17656
1.82844, 0.879369
7.09829, 1.19612
5.99564, 0.0652917
5.8866, -0.0767865
1.18954, 5.97869
2.10698, 6.08995
6.01688, 4.09546
6.15606, 2.03898
-0.057463, 5.92699
1.11324, 2.26557
3.8358, 4.16409
7.0572, 6.97215
5.01037, 3.90567
-0.0502014, 7.20627
2.13993, 3.83394
6.97741, 1.21016
1.24531, 3.90438
3.19462, 3.88544
6.02112, 4.00729
3.16442, 3.07045
4.10241, 4.8728
2.14749, 2.07831
4.8119, 7.0093
-0.0927414, 0.108374
0.829499, 1.93338
5.95074, 5.01853
7.06404, 7.0307
6.02987, -0.320195
5.95758, 2.17779
7.08661, 3.06943
0.027108, 5.0068
6.07201, 6.92603
6.84915, 4.10272
1.01871, 5.89589
3.85376, 0.190232
0.94755, 3.78922
6.92087, 3.0267
6.08297, 2.11327
4.84602, 2.17779
0.0294107, 1.00365
2.89328, 6.06055
6.99945, 6.17624
2.82734, 5.02968
2.86613, 6.13068
2.0511, -0.116957
4.06391, 3.22084
5.08138, 2.12956
0.754542, 2.11699
7.10209, 3.98572
3.89956, 6.95514
2.00997, 3.24568
6.98009, 1.04443
5.38756, 4.0853
3.06333, 5.78366
2.05362, 4.9027
7.02058, 3.02827
6.97353, 7.13817
3.88694, 2.98222
0.81684, 0.937808
2.09502, 6.84419
6.12208, 4.9062
0.0165503, 0.118193
0.0961861, 4.97774
6.99522, 6.85324
2.02444, 5.80386
4.99137, 6.89583
0.0640084, 4.95244
2.92178, 2.0023
6.97123, 4.93587
5.82666, 2.98939
7.08815, 0.963073
2.99458, 5.93013
7.03988, 2.9417
0.883532, 1.04499
7.08451, 2.0553
7.14212, 4.8921
5.78282, -0.0226818
4.1439, 1.97792
0.140119, 3.14052
6.86831, 6.17516
4.83381, 1.72952
2.97994, 3.81256
6.00735, 6.05121
1.98437, 0.860379
6.28225, 2.93801
6.97764, 0.991017
5.96589, 5.10529
7.27624, 2.93018
4.17831, 4.86906
5.11725, 0.220947
1.95893, 4.94566
6.02803, 6.09165
1.32021, 3.29927
6.02706, 5.91219
5.0224, 1.13279
3.85787, 4.98899
-0.0878718, 6.13377
5.93936, 6.201
6.85652, 4.86625
6.26737, -0.190984
3.13343, 0.993334
5.89137, 3.09738
5.06607, 5.93316
0.220693, 2.90626
3.98367, 0.0560073
3.10911, 2.97114
-0.0718584, 1.96873
-0.0115373, 1.12099
2.92736, 5.29153
0.20927, 4.93486
1.94785, 2.21079
0.922119, 6.00861
-0.038734, 2.88093
4.97028, 7.02198
5.90462, 6.91883
1.90744, 4.89763
3.97998, 2.1355
0.826144, 3.02628
4.06098, 0.871913
7.03893, 3.99711
5.12246, 3.0668
1.11063, 4.93076
0.0768848, 3.03633
0.75506, 5.99835
1.99745, -0.0333626
0.00292703, 6.99784
6.75641, 4.90693
2.16588, 6.00944
5.17332, 2.84973
2.0014, 5.84969
3.92516, 6.8546
0.0981494, 5.80125
1.08696, 7.05085
6.03389, 3.16306
1.81408, 5.96649
0.09143, 5.89824
3.91274, 5.79211
6.23899, -0.00461285
0.965417, 1.91014
-0.13347, 0.905601
6.97455, 2.02177
0.0831936, 6.83456
1.0271, 3.96113
3.98971, 4.02872
2.21722, 4.85524
6.89183, -0.124566
0.147029, 2.95156
2.04414, 5.0853
2.9979, 7.10287
6.93492, 6.79938
5.91483, 2.93629
3.07255, 1.95062
4.91889, 2.22405
3.71393, 0.193286
5.91668, 5.96641
0.904218, 2.00593
4.14335, 5.1689
3.95468, 5.95651
4.91432, 3.09293
2.93517, 1.97907
6.84215, 4.97914
3.07099, 0.975458
2.11372, 1.86657
6.06125, 6.99098
7.09763, 1.90291
0.0975992, 4.13184
2.97728, 3.94461
6.23265, 3.90642
3.05114, 3.83837
6.97529, 1.99525
3.87418, 7.27245
6.96244, -0.060091
2.01203, 4.81727
0.210496, 6.90858
2.06897, 4.08498
2.94184, 1.07857
5.99414, 0.157683
3.89007, 4.99178
5.1269, -0.0811889
2.14963, 2.007
5.93678, 7.01911
1.0481, 3.03585
6.86448, 3.17752
2.88013, -0.167596
4.83388, 3.16676
6.97223, 0.135903
0.881383, 4.91686
5.88433, 3.88118
-0.0286974, 0.874222
1.9546, 7.12481
2.92846, 0.0491286
7.04428, 0.017673
0.940243, 3.94617
2.12605, -0.148846
3.94544, 1.96066
0.939487, 0.874613
5.96404, 0.0144793
0.940265, 2.12473
5.02702, 3.14211
6.88314, -0.167788
-0.126567, 1.85985
3.99175, -0.143152
6.86513, 3.72306
4.89662, 2.75347
2.07326, 6.91206
0.815488, 5.11608
2.07585, 1.03096
0.79424, 0.1083
4.09939, 5.88997
2.16179, 7.07443
5.10335, -0.135109
7.10795, 5.04948
4.07034, 1.87668
6.83313, 4.03551
-0.0593538, 2.98514
2.03331, 2.20581
5.13006, 0.154898
6.07942, 4.02048
2.06373, 0.0285712
-0.101151, 5.03796
5.99348, 3.78649
3.14572, 7.07582
3.82502, 5.27852
-0.0749779, 6.83586
-0.0926043, 4.14745
5.00327, 2.14461
1.88734, 0.0580851
7.0879, 4.22575
5.90013, 2.70614
1.22022, 1.0018
3.04699, 0.907139
1.99583, 3.02812
0.935377, 4.31385
0.984352, 0.76345
6.91563, 6.93877
2.7886, 7.09506
1.03251, 6.81184
5.92229, 6.9527
4.00115, 1.86244
0.915876, 4.175
1.91617, 0.944797
0.0767087, -0.1032
5.97177, 1.20174
5.93703, 3.75311
0.00586339, 3.12455
3.98336, 6.90041
2.00607, 3.96468
3.14185, 1.05077
3.85957, 6.9105
7.02604, 4.8682
6.08455, 3.07434
-0.0206, 0.100269
3.07839, 3.0867
7.09353, 6.22092
7.02423, 2.95756
3.78003, 2.87241
-0.110827, 4.84116
2.10244, 6.00481
3.28103, 6.16556
0.998237, 2.13274
4.05101, 3.22436
3.07173, 5.10075
5.05949, 3.68703
0.0768265, 2.00196
6.94043, 5.02096
1.85635, 4.96743
7.18639, 5.08422
3.09298, 0.854559
0.992564, 5.0331
3.72789, 0.945868
3.77569, 3.96845
0.0733023, 4.22426
1.1798, 5.07912
0.912777, 0.143085
1.02422, 5.02472
0.0859636, 6.78404
6.03623, 0.862232
1.90179, 5.03531
6.91683, 1.90416
0.0487231, 0.100043
0.0971076, -0.0407086
5.87826, 6.9481
0.0314248, 5.11166
0.0680872, 2.95747
0.0669461, 1.86765
7.07023, 0.0542429
5.02326, 6.96754
4.01416, 2.02573
3.07769, 3.13859
1.06165, 5.0676
0.912262, 2.01718
4.09987, 2.07494
1.90368, 3.97623
2.89751, 7.19212
5.20059, 4.96397
7.04028, 0.00195421
1.23893, 6.02055
5.153, 1.8991
4.85898, 2.90767
6.94451, 3.04164
1.10593, 0.867821
6.03779, 3.1016
1.13063, 5.02285
5.0067, 3.96682
3.97687, 1.89014
2.95529, 3.88878
0.86598, 6.0679
1.17503, 7.18117
3.99183, 1.22991
0.976414, 3.11085
2.87568, 0.147817
-0.288165, 3.98415
-0.0339611, 1.95607
4.85563, 5.84825
3.99059, 4.13465
4.93858, 3.1052
4.01915, 7.08951
5.06349, 6.01448
0.111091, 1.83914
4.8642, 0.938323
-0.0913823, 0.146413
3.98098, 3.16277
0.972888, 0.901419
5.99067, 0.0667943
6.08878, 4.03316
1.86086, 0.858293
-0.0891648, 5.01782
7.22045, 6.97747
6.97134, 4.79007
4.86707, 5.3166
1.03204, 4.89494
0.165758, 0.82448
4.82928, 1.13747
0.0135698, 2.0148
2.07742, 4.97302
4.98737, 6.89355
0.870239, 4.87095
6.91942, -0.021943
0.962167, 3.1931
4.03968, 5.89546
0.0386913, 7.11715
3.08118, 1.88942
2.91454, 6.92376
4.93494, 6.08907
5.99942, 4.02257
6.93347, 4.95398
1.06803, 0.98041
0.985173, 3.72566
5.78738, 3.07702
3.04639, 5.06144
0.0560449, 3.07223
3.834, -0.0838272
7.00076, 6.98288
5.05976, 6.77253
6.96679, 0.994802
2.08332, 5.93886
4.1411, 5.88952
3.8217, 4.15041
6.12229, 0.00468069
2.11454, 2.05927
4.02483, 0.0370362
6.99309, 3.12559
0.064745, 0.134266
0.0226841, 0.962696
2.03982, 0.887326
5.02713, 2.99901
6.92091, 6.82081
3.0464, 1.19033
3.07959, 2.0617
0.979538, 2.19606
5.05142, 5.89621
6.91876, 5.04022
5.03476, 1.82333
0.859748, 5.9384
4.83322, 4.85516
1.05812, 2.20279
3.93772, 7.10429
2.08096, 1.6852
2.93237, 1.01863
6.0222, 5.99279
6.00821, 3.9042
6.89289, 0.116817
6.12961, 0.888489
3.04189, 6.81381
0.182862, 0.136078
5.99992, 4.97166
3.96429, 2.05814
4.08331, 3.05518
6.78406, 0.99878
0.917627, 0.886453
5.00007, 0.876752
6.87073, 7.11881
3.97623, 1.07616
5.90871, 4.97889
5.99839, 4.07886
0.952255, 2.0902
-0.136485, -0.125441
1.97186, 1.99309
7.05697, 1.93002
5.04689, 3.03911
4.07594, 1.24563
4.04392, 2.98902
1.78983, 6.12164
5.91069, 6.8678
4.81686, 6.9924
5.82599, 4.99273
3.96201, -0.0627507
0.906833, 6.00734
6.88693, -0.3198
6.90176, -0.242086
5.99262, 4.17427
5.21011, 2.8978
1.91605, 4.05984
1.87585, 5.05724
1.95817, 1.98946
6.97727, 5.87955
2.94482, 2.0529
5.99768, 4.03285
2.15184, 0.923577
6.99887, 5.8876
1.92986, 4.10579
0.0134703, 0.0211746
7.12093, 0.830662
5.91671, 3.99693
3.93207, 7.1043
7.08784, 1.875
7.21222, 2.16418
4.83671, 7.01579
1.16006, 2.17554
2.88986, 6.0067
3.0508, 1.02291
7.11258, 6.18461
-0.134216, 1.94277
2.01927, 3.98338
3.88128, 1.06021
3.88941, 4.81143
1.15639, 1.04017
0.959014, 3.22193
-0.0421272, 6.95148
1.99773, 3.15446
1.84778, 0.0903003
2.91072, 6.10844
0.902004, 3.9408
6.84281, -0.101999
7.06668, 1.74032
-0.00495703, 6.92045
6.07516, 4.92931
2.19962, 0.938858
4.92932, 2.95265
1.81811, 1.9969
6.91733, 2.9246
6.94122, 5.0453
0.947919, 6.01011
6.23665, 1.75281
-0.000621545, -0.0271426
4.1066, 0.0557218
6.17572, 2.8989
3.03187, 1.97853
0.954847, 3.93696
2.6832, 2.11805
7.02652, 7.12361
3.08068, 5.27576
3.12814, 0.113896
-0.219559, 0.959563
1.97699, 0.104727
7.08167, 2.00261
-0.142796, 4.93783
1.06695, -0.123051
3.97698, 3.9152
0.930268, 4.93973
2.24192, 4.15678
-0.0170815, 1.75604
2.04854, 4.73307
4.96318, 6.13509
0.0323143, -0.151898
3.13567, 7.11928
0.157602, 3.88341
6.78444, 1.89237
7.01421, 2.06315
4.97774, 2.00177
7.0691, 2.00959
5.00094, 6.12455
2.93511, 3.98778
2.98709, 1.96791
1.85104, 4.06578
5.81916, 6.98875
2.99195, 7.28885
6.09134, 2.83551
3.87223, 6.76569
4.86247, 1.15083
6.86838, 3.15468
0.0535709, 2.08706
2.9387, 6.07366
3.05503, 6.14343
5.11425, 2.87976
4.04895, 3.97312
2.96103, 6.0068
-0.260523, 3.80364
5.96649, 1.09668
1.79186, 1.24721
3.09564, 4.94401
3.06605, 2.96824
2.1744, 5.96689
1.89481, 2.95469
6.11591, 5.85429
5.89806, 1.19843
5.76956, 2.19273
3.04518, 1.94278
6.87373, -0.0181556
5.04104, 1.85556
5.96673, 6.04256
1.86755, 1.82733
-0.0352842, 5.1052
4.00972, 5.95484
3.89677, 2.97764
1.05306, 0.778587
5.83833, 6.10055
4.00406, 4.92816
1.06773, 2.01492
0.834089, 6.8309
4.08526, 3.91577
2.04142, 2.94513
1.96384, 7.16394
3.9015, 0.937534
7.18051, 5.95143
2.06846, -0.035873
5.13498, 2.84688
0.845513, 1.10311
1.74331, 4.12627
4.1374, 1.97206
3.89668, 4.94179
2.93486, -0.190581
1.87309, 3.95676
7.08296, 1.01217
2.94892, 4.0662
3.02926, 1.91446
1.07146, 5.15755
1.91255, 7.20137
4.1787, 4.78132
2.09213, 3.04078
7.08325, 3.02595
2.00552, 2.12268
0.193243, 1.87033
6.94263, 4.13074
7.01246, 7.19694
6.01836, 1.07946
1.95825, 4.86417
1.05656, 2.98494
6.98241, 6.24095
2.92988, 4.15996
0.0783359, 5.97843
5.97767, 6.83571
5.99778, 6.93479
2.08222, 1.94085
6.02897, 5.94659
3.91431, 7.08943
2.85176, 6.98839
7.12297, 2.92553
4.85697, 0.957006
6.95805, 0.959144
5.70684, 4.0841
1.9584, 5.05186
7.02121, 2.26073
4.20525, 5.05031
6.17659, 5.99256
0.101721, 4.05525
4.0035, 6.16465
1.07836, 5.99685
3.93248, 5.08863
0.245525, 6.11699
2.8476, 4.19335
1.04161, 0.0185687
6.83884, 5.99681
4.05133, 1.00421
3.90153, 6.17596
-0.14191, 2.98529
4.87023, 7.11373
7.1151, 3.95685
6.9579, 2.80757
1.14166, 5.92383
2.94965, 6.03855
5.05044, 6.14709
1.19171, 2.12698
1.84818, 7.06356
2.79333, 4.14891
0.893542, 7.00279
0.0472881, 1.00628
2.01261, 2.02777
5.69905, 6.91619
0.834918, 0.895824
-0.0616538, 5.85203
2.07339, 6.87178
6.08624, 4.06921
-0.280383, 2.91713
5.89903, 1.91135
5.08348, 2.95016
2.97074, 3.03706
0.858531, 0.224493
4.17647, 4.1754
0.147508, 1.03372
-0.0634361, 1.09355
7.00405, 2.8393
3.8529, 2.98017
1.00531, 1.96191
6.96141, 5.98275
7.12209, 5.16685
7.07481, 5.2485
4.90575, 5.20109
1.03388, 4.79496
0.875376, 6.31078
0.835435, 3.83255
4.27443, -0.123595
7.06289, 0.0631634
1.82347, 4.90294
2.84433, 2.95195
3.76957, 4.04189
1.10278, 2.04667
1.13367, 4.8133
4.10033, 4.97465
1.99467, 4.27353
6.95711, 6.91876
4.00581, 7.10955
2.17933, 2.22225
7.12766, 3.14786
3.2286, 0.0524622
2.07635, 0.935526
4.07505, 5.04333
7.23828, 2.06564
0.0712759, 6.16661
0.89618, -0.162321
1.0406, 5.10078
3.94304, 2.04884
3.92138, 5.03071
6.84331, -0.0794647
5.88279, 6.96063
2.94674, -0.168997
3.04647, 0.108656
3.33956, 5.23374
6.93294, 6.92854
0.934926, 4.08823
0.849338, 3.18264
-0.188438, -0.0509381
3.0931, 3.03741
2.98311, 1.814
1.88167, 2.01632
3.63693, 7.12254
3.97009, 6.66623
1.93371, 2.03079
4.04072, 4.03585
2.85418, 5.85119
1.90054, 4.85513
0.909942, 5.30529
3.92697, 2.09599
5.94827, 5.83687
5.24657, 2.0328
0.847205, 7.07464
2.7641, 6.05383
0.617762, 3.30128
3.13578, 5.92154
4.10475, 0.103453
-0.138621, 7.03688
2.12617, -0.0750622
6.94569, 2.08498
1.02147, 3.90311
6.82641, 3.11613
6.98984, 3.81362
5.87144, 2.16282
3.07151, 4.00318
3.11924, 2.9539
4.94434, 1.93966
5.76899, -0.0330435
0.106751, 4.07774
3.03035, 6.84789
3.92159, 4.94273
3.1734, 7.10888
1.04739, 6.1341
2.04874, 2.84116
0.999681, 1.03185
0.0350266, 2.94672
6.01365, 3.13172
1.94558, 5.0397
7.02285, 1.1388
3.92034, -0.246547
-0.0509104, 0.149202
1.19799, 4.8399
-0.0759445, 2.03311
4.9202, 2.90616
2.28469, 1.11517
6.12935, 6.08345
5.94657, 2.92446
1.11597, 1.90052
4.16042, 5.85288
5.04159, 1.89414
5.99535, 5.0752
5.07821, 3.03589
-0.0722384, 0.196431
0.179832, 1.14001
0.131349, 6.03699
2.15462, 6.14402
1.0099, 4.98062
4.03362, 5.97402
4.00919, 5.34277
0.0499845, -0.0929996
6.80696, 2.17078
1.92791, 0.0378156
6.07937, 2.85099
-0.0236404, 7.10003
-0.185196, 0.0200207
3.01815, 2.11864
3.94242, 4.88
7.08167, 5.91828
3.31354, 4.14003
2.8532, -0.0692149
4.21998, 4.97535
6.05407, 7.06035
7.00938, 0.0512402
0.978378, 6.0178
2.16589, 3.38322
4.99672, 5.97529
7.13524, 1.99525
0.951177, 5.90062
2.98053, 3.04881
1.06045, 4.94079
7.09935, 4.09912
6.12028, 3.09069
5.88337, -0.0760144
5.00883, 5.87923
0.0248163, 1.9961
3.09769, 3.03499
4.03464, 5.15011
6.82741, 1.94251
6.86324, 4.83907
1.98418, 5.87826
1.1523, 3.94511
5.01913, 3.06556
6.06048, 1.01594
7.02298, 5.02424
4.02322, 4.02626
-0.0331791, 3.19151
3.85442, 2.91851
6.88742, 6.15669
5.06334, 7.0069
2.32092, -0.00329641
1.10519, 1.15275
7.08852, 3.08068
1.918, 5.94473
2.20613, 7.14043
6.98246, 4.03166
2.93137, 2.04321
5.14708, 1.99364
6.97739, 6.88549
1.11811, 2.17021
2.10474, 2.84078
3.10355, 4.86133
1.03877, 3.06917
0.147621, 5.93371
3.94795, 4.92996
1.07953, 3.02349
4.88094, 6.92951
2.04634, 4.13901
0.0852374, 3.01906
1.86705, 5.08556
6.00584, 1.88532
3.92902, 3.09021
4.02253, 0.840566
-0.111376, 2.98686
1.19543, 2.69147
1.86136, 7.0936
5.96233, 1.06955
4.85495, 5.87065
6.13105, 3.02904
3.01282, 3.91321
0.973506, 1.81344
2.03123, 2.92883
5.89211, 2.90645
2.99789, 1.97124
2.8852, -0.164294
4.12895, 1.11732
0.974649, 3.97872
3.85859, 5.02178
-0.0776871, 7.23217
5.11571, 7.08267
1.00042, 2.96667
0.87339, 4.86091
1.02622, -0.132011
0.178141, 0.068711
2.0934, 0.0661098
1.87137, 5.97711
1.11773, 2.88745
4.83559, 1.14258
3.06825, 1.04742
5.06091, -0.0667348
3.17119, 5.96843
1.9711, 5.80809
4.99721, 4.06009
4.99002, 4.07553
3.8953, 1.97448
3.94969, 1.29848
6.8096, 6.77197
-0.0773224, 2.00039
0.121033, 2.93788
4.10608, 6.19609
1.90622, 3.7915
5.06952, 4.99543
3.31352, 2.83312
4.98477, 1.79857
2.08596, 4.01919
-0.0623852, 2.02846
3.92666, 5.89151
7.06853, 6.14827
1.12462, 4.0152
4.16354, 1.07218
7.021, 1.22625
5.02987, 4.99904
7.02225, 0.921524
1.86934, 5.06067
0.00840679, 3.86257
-0.196367, 3.90272
0.0171802, 2.9772
3.82013, -0.0473507
5.72938, 1.8099
3.90609, 3.95824
6.12512, 6.90931
6.01464, 5.08399
-0.161121, 6.08404
3.21122, 2.79513
1.88104, 6.96323
3.95403, 2.89035
6.93027, 1.05683
3.94163, 1.01665
2.97588, 0.0864153
5.11275, 5.8921
4.01779, 2.8212
5.8732, 7.33219
6.06463, 0.938007
-0.156012, 1.98824
1.83734, 3.86852
0.8776, 0.157804
1.89007, 4.02357
6.8301, 1.98265
3.89896, 1.81068
5.11906, 4.08412
6.79046, 6.05256
1.8832, 4.1616
-0.187085, -0.138782
7.06155, 6.13112
5.85437, 2.79866
3.92418, 7.17159
2.24774, 4.98074
2.17977, 7.09596
5.0919, 2.22686
3.12516, 0.121264
0.885691, 1.00372
5.82577, 2.97187
5.94582, 1.82799
7.07518, 0.0263186
3.12601, 4.96109
4.08109, 5.06147
2.06478, 7.10151
6.84811, 0.836979
6.98104, 0.0322872
5.07024, 3.97805
0.149402, 6.01721
0.877752, 0.94292
7.10015, 2.97204
3.99831, 5.08728
3.02642, 6.95604
-0.220875, 3.21069
3.9818, 7.04888
7.08133, 0.0017571
0.882001, 6.85482
2.1757, 4.13551
2.84963, 6.78119
4.85954, 4.1996
3.99331, 4.22449
5.14202, 5.05553
4.00822, 5.10895
6.85747, 1.8748
2.95141, 3.78964
3.1534, 1.9148
3.84989, 5.79652
7.1159, 2.00954
7.20577, 0.0295065
1.96208, 2.05406
4.0753, 2.93443
1.07513, 1.85194
2.06787, 5.81157
-0.0886419, 2.0692
1.9278, 5.04935
-0.138021, 5.92677
5.06496, 7.15328
1.90429, 0.149426
3.02903, 6.91382
7.01946, 0.00100581
6.00546, 3.98822
5.83212, 7.12624
0.252857, 5.24141
1.1375, 2.09132
7.29323, 0.945027
7.02909, 4.26461
4.99063, 2.17901
3.0306, 7.18206
6.96196, 4.94801
6.02043, 5.76842
5.96465, 4.89832
7.07576, -0.203183
-0.0554219, 5.91505
3.03706, 6.88586
6.89629, 3.01209
2.26184, 7.02536
2.863, 6.08691
1.12751, 0.858255
0.83158, 0.0509831
-0.221974, 6.16258
7.20388, 2.09576
2.96121, 3.0924
0.00184401, 0.890684
0.215628, 6.07354
4.87424, -0.0114482
0.0405826, 7.08802
0.157514, 3.07778
0.086239, 5.79443
3.11813, 0.132225
1.94121, 5.78038
1.92361, 2.08199
3.10995, 4.06458
0.0889947, 4.96782
-0.0802645, 0.832466
6.03849, 0.827218
1.04921, 2.21599
2.11189, 5.96129
0.186516, 1.04972
0.867518, -0.00685751
5.01772, 1.00923
3.16329, 1.06055
3.17767, 1.93672
2.74361, 6.0916
4.02953, 3.94158
5.01509, 3.21602
3.88864, 1.96233
5.00595, 7.04921
6.05154, 6.88214
3.8862, 7.07314
4.13765, 3.79154
-0.145914, 4.19214
-0.284859, 2.06798
6.08966, 5.05947
6.38215, 1.14162
4.98899, 3.93307
1.92484, 6.0207
4.07039, 0.276014
6.05984, 2.98366
6.95896, 7.06134
0.735532, 1.99522
5.06427, 0.968667
2.81723, 4.05069
0.860085, 3.9261
2.02785, 6.98305
-0.0585717, 1.13846
7.09214, 3.97524
1.85653, 7.14928
5.99957, 1.08925
4.00687, 6.24345
6.02623, -0.354913
4.9765, 2.25721
4.96689, 1.06255
0.974363, 1.97369
1.80336, 6.92721
6.92499, 1.863
2.00983, 0.205566
4.04206, 4.94035
1.95729, 0.989017
4.97346, 2.98223
1.99058, 2.16107
0.919998, 6.04694
0.964925, 2.97654
1.15424, 0.986321
-0.1377, 2.00785
5.98115, 3.83926
5.14736, 1.10622
0.921296, 0.0815962
4.07651, 2.10705
4.95708, 1.29174
0.972161, 0.0817361
4.00851, 6.9939
3.92593, 1.99578
3.6877, 6.15227
5.86789, 5.96995
4.94238, 3.02084
-0.00502448, 7.12235
7.01488, 1.96632
6.97087, 2.01852
1.00093, 4.78544
5.83167, 4.9746
1.10475, 6.00345
2.24534, 2.83815
3.07523, 1.16916
2.10717, 2.22085
-0.0734204, 6.01707
4.9858, -0.0376558
2.89248, 0.152258
0.844134, 3.97046
4.77084, 5.04359
1.87481, 1.9583
7.00815, 1.20692
2.0706, 2.13596
2.81638, 0.183954
0.964151, 0.977945
2.8272, -0.142526
2.0707, 1.07748
2.93059, 7.06346
4.96087, -0.151601
6.11149, 0.109574
3.88138, 3.74814
0.854538, 2.06202
5.01716, 0.916635
0.908763, 5.10024
1.95534, 1.01431
0.90549, 5.92868
7.09651, 7.07521
5.00266, 0.907002
2.9777, 4.80031
2.16623, 3.18808
0.81991, 0.990158
0.0174433, 4.21624
6.19775, 7.02648
3.06566, 7.02301
0.994919, -0.277622
0.175233, 6.26272
2.17801, 2.98445
7.11549, 5.00266
4.92871, -0.0445463
1.98652, 3.8651
0.978339, -0.0300644
2.95241, 1.21276
0.119214, 6.03058
3.91099, 2.87913
2.00613, 2.22679
1.87865, 5.05057
2.92606, 5.12696
5.03926, 6.32105
0.982828, 3.74953
3.02056, 7.0616
4.0413, 4.7481
7.23968, 6.10161
3.01217, 0.974813
7.12606, 4.86942
4.9121, 2.90064
1.04102, 0.0380444
3.0976, 5.04121
0.69506, 2.04737
7.10198, 2.91196
3.00552, 2.06664
4.71989, 0.205144
0.133371, 4.91861
1.98064, 1.01794
3.02697, 2.92802
0.776486, 3.74842
0.08306, 3.89552
3.00889, 3.86121
7.1785, 0.91277
4.07003, 1.79163
6.99462, 1.07076
5.84002, 2.98116
-0.196254, 6.11889
2.79261, 4.78866
6.90216, 1.98828
4.0128, 1.88881
2.97061, 4.93908
3.009, 0.81937
0.854918, 7.01401
5.88527, 2.11483
5.9812, 2.95692
4.02572, 1.05
3.03151, -0.0395063
6.98222, 0.919376
4.05032, 3.04784
7.18874, -0.26656
2.02343, -0.0513722
2.04869, -0.110886
4.94095, 2.90376
2.06586, 4.21468
4.87517, 4.90554
2.21075, 1.01637
1.93746, 6.82689
0.717447, 6.97811
3.00038, 0.060644
4.89194, 3.06273
4.04653, 0.0222214
5.00107, 1.11458
2.11498, 6.84528
2.9338, 6.86331
5.01315, 0.893558
1.02767, 6.0756
2.97609, 1.95951
7.03593, 4.1593
0.717863, 4.03007
3.87557, 1.74934
6.04375, 6.92036
6.003, -0.107144
3.09327, 1.98974
-0.121974, 0.932324
4.18195, 6.96323
2.91424, 4.14212
0.751205, 7.04731
6.83376, 5.98499
3.01028, 4.89668
6.83154, 3.9761
3.80123, 5.82561
2.98574, 6.82686
5.86943, 1.74102
0.913876, 5.27918
6.11077, -0.0474374
3.9287, 4.92094
3.94426, 0.661048
5.23829, 3.1805
0.81537, 3.99739
0.177727, 4.80486
-0.354025, 5.13728
5.86305, 1.10587
5.09309, 0.881033
6.16836, 2.89742
-0.0632131, 5.96264
2.99586, -0.0137412
1.59502, 3.22887
7.09878, 6.7149
2.93003, -0.046652
6.97279, 1.04973
1.96021, 6.84515
4.06564, 1.91486
1.07728, 5.00633
1.9947, 4.80891
4.92998, -0.111675
4.93487, 6.16438
5.99558, 6.97861
2.86818, 3.98416
6.20296, 6.88912
1.2382, 0.114008
2.96664, 3.99355
2.01588, -0.100613
3.1783, 2.01941
2.88521, 6.02285
6.11777, 6.63406
4.01694, 0.959761
-0.0130245, 5.94973
0.0891408, 3.07723
-0.11909, 5.07234
3.93773, 3.99457
2.06938, 2.85392
1.98337, 0.0106431
3.05489, 4.89427
3.94899, 5.78914
4.8158, 0.0636313
3.03005, 6.00519
0.100633, 4.89211
5.75532, 2.07575
2.94404, 1.19552
-0.241391, 1.97389
1.90142, 3.149
3.15164, 4.02553
4.00735, 3.01976
3.03627, 5.28271
2.99528, 3.03892
4.98303, 0.0416712
4.00502, 1.08368
0.0136811, 1.01788
5.93603, 7.09196
0.922626, 6.96894
5.83356, 1.01226
2.97587, 4.06535
0.0868228, 2.13755
0.157436, 2.76856
2.69959, -0.0122168
6.90919, 4.1634
7.0124, 5.968
5.90118, 3.9571
6.83039, 2.92063
3.89379, 6.95332
3.93054, 5.70955
5.15221, 6.0685
4.96416, 4.04849
2.16853, 3.26033
1.30321, 3.12255
0.156574, 5.88125
1.08445, 6.92883
6.76983, 6.01608
4.08549, 5.08823
3.13962, 5.02812
-0.0389682, -0.160297
0.0226337, 5.31789
3.98398, 2.99364
3.12668, 3.9658
3.93084, -0.0469507
6.1109, 6.02384
4.90896, 4.88979
7.06088, 5.98776
4.09449, 3.14576
2.76967, 1.2646
1.85346, 1.95547
-0.104244, -0.0813616
4.04251, 6.37647
4.74422, 1.91266
6.09811, 3.14065
5.00069, 0.971422
6.05653, 4.03295
5.97543, 3.25494
4.93459, 5.10077
0.0432314, 2.854
6.04997, 1.07325
5.14226, 3.00219
1.01889, 7.20983
1.96769, -0.394007
5.20811, 2.88532
7.17055, 4.99543
6.10499, 0.0594297
1.0658, 6.82038
2.99331, 0.924082
4.88593, 4.87661
2.11894, 3.03806
7.2432, 6.9779
1.97986, 3.65694
7.08331, 0.998612
6.01578, 3.96392
3.2219, 0.0309492
4.98498, 3.81942
0.109254, 3.10729
3.06346, 5.14245
2.92661, 4.84589
5.97489, 2.89876
4.91693, 2.08968
4.06437, 0.91494
-0.0586246, 3.91024
6.76909, 2.9106
2.97794, 1.0248
3.93238, 3.90204
5.02145, 0.799095
2.86338, 2.9923
2.9291, 2.88419
-0.223518, 5.94584
6.14175, 0.887474
4.89576, 5.10823
1.01571, 4.16106
5.74541, 2.95362
0.991339, 4.249
0.0901475, 3.16849
0.853132, 4.87175
-0.139109, 5.02147
6.97019, -0.256288
5.10751, 6.06745
-0.101322, -0.0773671
-0.13947, 1.12808
1.04046, 0.108074
2.96227, 3.12609
5.775, 5.99514
2.23797, 0.167298
3.97667, 1.95379
5.80098, 1.03342
1.91956, 5.96982
3.92079, 1.92569
0.100521, 3.92891
1.10687, -0.0611968
5.89032, 3.04164
4.10108, 1.03793
6.89505, -0.088372
1.85939, 6.02529
6.16516, 3.85282
0.774152, 3.9831
7.06368, 0.876047
7.03712, -0.000997632
3.06284, 0.301216
0.166613, 3.87467
5.92537, 1.95594
5.00974, 4.79956
2.99903, 3.11484
0.965038, 3.0898
0.868258, 6.96319
5.96024, 4.1639
6.82502, 3.10872
1.03172, 4.89477
1.91573, 7.11417
3.15827, -0.00178918
4.91231, 5.10557
1.02917, 0.97026
5.24504, 3.0151
-0.0617625, 4.05692
6.97586, 6.97315
7.0564, 0.100365
0.956166, 0.0375722
7.05573, 6.09505
6.02141, 6.93691
6.112, -0.0176179
3.96525, 4.99656
0.771435, 2.92237
6.90591, 3.02767
3.22633, 2.06889
0.844479, 0.897282
3.00572, 5.89119
-0.00232257, 6.03581
5.88567, 0.936754
2.01267, 5.86398
4.97825, 5.96786
0.0240375, 0.951001
4.03219, 7.23113
4.96956, 3.96497
0.145191, 0.659741
3.11208, 0.142657
4.94641, 2.92337
4.05295, 2.11092
4.10841, 0.967609
6.00989, 4.04796
7.05292, 0.821151
5.85863, 6.20691
1.08167, 5.08004
3.10755, 5.92654
4.8716, 1.31824
4.76257, 1.92362
-0.196092, 2.09602
6.7593, 6.09556
5.6239, 5.95967
2.99843, 7.00201
1.82394, 2.99844
6.18103, 6.88197
2.01849, 6.91774
5.84049, 2.17932
3.96096, 4.96109
1.02353, 3.10444
1.75603, 6.038
2.06246, 7.23912
-0.120382, 5.1836
6.03169, 4.98437
-0.00120643, 0.0758256
2.96643, 2.02452
5.07396, 3.93027
1.87654, -0.0578294
6.98629, 4.97592
5.23094, 0.0122026
2.90143, 2.80947
5.14038, -0.0764817
5.15577, 2.88621
4.85266, 3.145
-0.16527, 2.96287
4.87929, 1.90605
4.98683, 3.14169
3.92225, 2.72001
4.99558, 1.94587
0.0578479, 4.10574
3.99171, 0.140735
4.12917, 1.20841
-0.0464093, 1.98795
1.99945, 4.08341
5.12726, 6.24203
4.90372, 1.10428
4.96005, 6.10088
1.90138, 5.03807
2.05676, 7.20545
1.244, 7.31836
6.14049, 5.28638
3.20905, 3.06021
-0.0534461, 6.06292
4.98742, 6.84476
7.16349, 4.92234
1.2253, 3.09042
5.81095, -0.017269
4.01814, 5.9687
6.9379, 7.06752
0.131687, 4.09851
6.26046, 5.93844
4.99144, 0.240898
3.00488, 3.90273
7.01005, 6.08784
2.93215, 3.98142
0.963542, 2.25333
4.10266, 0.0227607
3.20683, 5.07039
4.05692, 5.10022
7.15692, 3.96986
5.22248, 1.88998
3.81759, 4.02046
1.95485, 0.313616
7.17726, 6.08147
5.06781, 4.79514
5.01328, -0.00680032
1.109, 6.28686
1.3329, 2.78549
1.15477, 0.213881
5.19165, 4.00349
7.17325, 7.16455
0.906963, 3.06128
6.95304, 4.94935
2.87046, 3.88479
-0.0377614, 4.76221
4.86627, 3.09156
2.98515, 6.90861
3.96648, 2.84543
1.99188, 6.78185
-0.168852, 2.87217
4.11496, 5.13003
0.0834821, 4.96811
4.14837, 7.06456
6.04564, 2.10648
4.8359, 2.92506
0.865624, 4.98516
6.86393, -0.0760645
4.80466, 2.94571
7.02004, 1.05394
1.81279, 0.0413513
6.87731, 3.11958
2.96851, 1.82124
1.93172, 5.12105
4.35409, 3.9768
0.895765, 3.9141
1.02871, 4.17012
1.12685, 7.18436
3.05857, 2.11647
0.156738, 6.28486
2.96058, -0.10849
4.13715, 6.83645
1.06249, 2.19248
0.86163, 6.33462
1.88702, 5.24638
0.933318, 1.8921
0.0859625, 2.96331
3.88978, 3.85448
5.72241, 2.0001
3.12926, 2.17086
2.06092, 1.93893
3.89932, 1.97833
0.0242487, 0.736286
3.76049, 3.94491
3.87469, 3.83826
1.95263, 4.11379
-0.124924, 7.13273
5.8272, 6.8008
4.89305, 4.86056
5.03787, 2.09625
5.88884, 5.99393
7.03565, 0.881325
5.11617, 3.92972
0.048439, 0.992882
3.12288, 4.98654
1.00988, 5.92201
0.065688, 2.81184
5.12389, 1.92305
0.905833, 3.07651
6.95659, 1.93384
7.01359, 2.12355
2.10525, 3.0909
4.38007, 0.949273
5.9731, 3.82186
0.154823, 6.08034
5.14247, 0.915336
4.18512, 4.06961
6.07381, 0.886035
5.0464, 2.00549
1.95608, 4.11464
6.00765, 7.03274
-0.0138913, 4.2473
3.91627, 6.1359
2.94504, 5.11045
4.98612, 2.87106
2.19713, 1.11167
2.86762, 1.9186
5.24527, 4.07457
-0.22618, 4.01153
-0.11375, 0.0394453
-0.0384244, 4.8377
6.71299, 0.206978
0.0961697, 4.79967
-0.125263, 5.32187
4.1593, 3.15338
7.12863, 3.26155
1.04054, 0.0619911
4.85903, 5.16144
1.08567, 1.30018
5.79383, 6.943
2.14774, 0.845972
1.93534, 7.11068
3.95333, 6.08086
0.774077, 5.16352
6.0112, -0.00933522
6.05866, 6.9293
5.11558, 2.01926
1.9439, 1.89032
4.87823, 6.86024
1.00234, 1.08375
6.08172, 4.05574
1.8753, 4.23322
2.0439, 7.21551
0.85125, 2.99984
4.79227, 2.15361
0.113603, 6.87437
5.07464, 7.06258
0.0309759, 1.82873
1.2404, 6.88293
6.2764, 2.01706
7.11303, 7.19993
4.07603, 6.95556
1.98782, 6.06833
0.14501, 5.93797
0.873391, -0.111827
5.99814, 1.03254
4.03379, 2.12486
-0.0161297, -0.0413114
5.15379, 0.577358
7.05352, 5.98759
6.96223, 1.83093
5.95262, 3.03236
5.96279, 1.96969
3.08737, 0.00681694
7.20799, 1.94842
0.726467, 0.133635
1.97296, 6.93126
4.01548, 0.203553
0.966854, 5.98725
5.00884, 6.00177
0.169589, 0.907888
-0.137795, 5.02513
4.10244, 7.06874
-0.166157, 2.11834
4.96522, 5.96056
4.31786, 2.03624
3.07536, 6.92337
1.08899, -0.11676
5.99102, 7.06516
1.09376, 5.95026
4.83895, 5.13774
4.02319, 7.15402
4.83458, 2.96034
5.08288, 6.98434
6.90555, 6.15583
4.01599, 3.84458
6.93544, 0.00918872
6.01804, -0.100345
-0.0763608, 6.0283
5.99094, 6.87388
0.171486, 4.06792
-0.0844367, 2.97893
5.06548, 3.10004
0.9315, 1.85345
2.29295, -0.111297
2.88898, 3.92992
1.12599, 3.91749
7.10236, 3.81323
-0.123094, 4.92262
7.04239, 3.94067
0.0059916, 0.956838
0.900333, 3.04228
0.134144, 4.05729
2.97874, 2.01358
0.937372, 1.88289
0.910446, 2.15937
6.13932, 1.15769
4.02966, 2.00787
1.65423, 7.07287
7.09067, 4.13344
1.07663, 3.00256
6.99122, 1.10492
2.02151, 2.86925
2.67887, 2.01074
7.0476, 1.05091
5.85039, 2.8335
-0.197012, 5.10796
7.07208, 5.87611
1.10478, 4.08221
3.99848, 1.92153
6.04791, 7.06074
3.78033, 5.87637
2.05051, 5.12369
-0.0726112, 1.06183
0.874611, 5.9565
7.1406, 7.0258
0.881563, 4.94345
3.99614, 4.99571
1.89216, 7.03489
3.23746, 0.705519
4.01243, 5.69643
6.12816, 2.74347
1.68807, 0.933017
6.28531, 4.96824
1.94803, 6.1371
2.10405, 0.0365164
0.887676, 2.88342
1.36167, 7.09486
6.79716, 2.03542
6.80272, -0.0729746
0.853719, 6.91823
7.09376, 4.89323
0.14823, 3.92649
3.13505, -0.00440957
0.949252, 2.9771
3.10037, 0.20845
2.13747, 5.85601
0.803421, 3.96589
7.03117, 3.85804
4.14359, 3.09103
3.91417, 3.15382
5.79548, 0.900338
-0.147196, 2.80836
3.90314, 5.09792
0.020165, 7.17879
2.04595, 0.127356
-0.0963538, 2.0778
2.83054, 7.18438
0.0272985, 3.95842
3.18139, 4.20776
7.05878, 2.79429
7.05097, 5.049
4.90247, 7.20446
6.77298, 4.27471
6.21794, 0.132492
1.9737, 4.9863
5.00208, 4.93864
5.19274, 3.10582
0.957232, 4.02817
0.956761, 1.87453
6.92874, 0.888948
-0.177432, 0.876701
5.02511, 1.91319
-0.0562631, 5.95678
2.13338, 1.93273
2.82596, 3.12303
4.11775, 1.90994
6.59932, 0.971614
4.79996, 3.96085
4.05109, 5.03873
1.88195, 1.94579
-0.0839704, 5.77059
1.16418, 3.86514
1.16814, 1.91117
3.02556, 3.02664
4.93829, 6.22748
5.04224, 3.12636
5.08396, 4.73324
1.2385, 1.24637
0.0413461, 3.88888
7.06415, 5.02782
6.03548, -0.0641127
3.9978, 1.97335
0.907146, 3.0269
1.06999, 5.83305
4.08531, 6.9401
0.829971, -0.0221821
1.06908, 7.00645
2.91719, 5.83512
3.89532, 5.93973
0.0863978, 6.92073
4.98631, 5.99449
1.94889, 0.0819596
4.11057, 3.01826
1.99971, 4.1378
0.834559, 6.12338
6.09283, 6.81
0.223165, 0.854952
5.10117, 2.05774
7.1171, 4.92103
2.0002, 3.80713
6.75073, 3.09738
4.09278, 0.848147
1.79031, 6.98068
4.97356, 6.06283
1.15383, -0.168618
1.89174, 3.89832
6.92871, -0.198883
4.86048, 6.02139
5.96, 3.11112
6.99995, 0.257188
5.0102, 4.00665
0.794, 7.04034
7.11485, 7.05951
1.72397, 5.87234
2.02421, 0.966827
5.88391, 1.12514
1.91437, -0.0909482
5.02105, 1.89807
0.207135, 6.86573
2.88373, 6.83903
7.04015, 1.83108
6.28415, 1.71628
6.82403, 3.80012
7.04075, 2.01762
5.84706, 0.857216
0.953656, 0.0622431
0.197556, 0.746657
6.94736, 6.17093
0.927836, 6.1049
5.95759, 4.96896
0.965866, 4.97001
2.93466, -0.00906936
-0.226775, 6.07673
6.15484, 4.28548
6.96109, 4.16812
1.84898, 7.0062
7.17037, 4.86402
6.91674, 2.88661
-0.0971474, 1.00479
4.77766, 7.16922
7.3806, 6.11984
2.9246, 0.839662
5.97782, 6.91583
5.98138, 1.06394
2.92871, 6.10107
1.00212, -0.230205
5.93793, 3.99296
1.93342, 6.05458
2.95534, 6.96975
0.0294982, 5.97509
1.15502, 6.06976
7.00942, 5.03596
7.15671, 4.86283
0.149596, 6.25328
-0.0850996, 1.1069
0.787514, 5.99196
-0.0282583, 6.80342
0.0143703, 3.19483
4.00033, -0.224835
1.00631, 4.02873
4.98271, -0.0514705
3.05926, 6.02929
2.74579, 1.13796
4.88428, 0.793186
6.06803, 1.14058
6.78739, 6.00773
2.82008, 5.05482
7.05511, 3.20119
4.09617, 7.14252
6.03163, 2.27619
0.252235, -0.00112528
6.11664, 4.95422
5.21174, 3.77466
6.04071, 0.987326
3.18476, 4.2362
1.94102, 3.0505
0.878253, 6.1076
5.93751, 1.94605
7.04974, 0.832802
-0.0470226, 2.99495
4.95082, 4.86048
1.98696, 7.20062
2.85322, 6.73329
5.0546, 3.04321
5.06366, 4.30325
0.961213, 3.89706
7.07682, 1.79063
5.08145, 1.01863
4.03243, 5.2191
-0.190312, 6.91894
6.13639, -0.0473298
3.96594, 0.930688
1.98718, 5.91812
1.98105, 2.13112
1.00335, 0.88157
6.94336, 2.05686
6.08504, 5.90338
4.98187, 2.17976
5.95738, 7.17762
3.18528, 6.07638
4.02874, 0.896868
-0.00566449, 5.90498
4.96385, 7.18415
3.21861, -0.181671
1.04131, 2.88265
-0.0320545, 3.81544
4.85154, 2.07051
6.1012, 3.90854
7.11628, 1.00602
2.8222, 6.95409
6.83038, 4.14551
3.10253, 5.94069
7.11218, 1.05626
0.0457359, 7.03229
5.14722, 0.0997164
1.9344, 2.98019
3.08219, 3.93375
-0.172479, 5.97961
4.09288, 1.98991
3.15241, 5.09852
4.91415, -0.022651
0.873779, 6.96343
6.0077, 6.90998
5.9182, 6.18074
3.07455, 5.98189
2.12314, 1.91227
0.0983099, 0.03719
5.98336, 3.13037
2.081, -0.0261037
7.08113, 7.0931
3.21575, 0.109172
4.95193, 6.08233
6.94353, -0.0433352
-0.0804919, 2.97411
4.89885, 4.09262
0.111455, 6.20021
2.19841, 0.0810779
2.12564, -0.210912
3.07228, 5.96347
-0.0203152, 4.23805
3.96524, 1.89186
7.07475, -0.272487
7.01197, 1.93842
1.97145, 3.96453
3.91497, -0.0768638
3.01884, 7.10437
6.99779, 1.12187
7.22813, 2.84981
4.13988, 4.92378
4.70953, 4.85881
3.03779, 4.87433
1.98943, 0.871655
1.08986, 0.962199
5.03194, 1.07756
6.94, 1.76621
4.93937, 7.16667
1.74138, 5.1075
5.88787, 1.23744
6.13061, -0.209419
3.07044, 4.97342
4.99421, 7.05745
0.106374, 2.00781
3.12604, 7.10276
5.08052, 4.14183
-0.0538992, 0.248196
7.00102, 5.89616
0.0315809, 1.92814
-0.00996151, 4.8114
6.92783, 1.79964
7.1516, 3.94898
4.08592, 5.69433
6.9194, 7.02771
3.00016, -0.0259001
6.24506, 3.10792
4.02093, 6.16946
3.91613, 0.855693
0.826932, 6.14094
2.9576, 6.91038
0.160983, 2.95949
7.15141, 5.892
6.95568, 0.0661408
1.87224, 0.0450224
6.91713, 7.12722
6.23588, 7.139
5.12889, 1.91538
5.71327, 6.45756
0.951566, 2.94823
0.807137, 0.771308
-0.0771227, 5.33211
3.03392, -0.308214
1.1024, 0.123926
0.0872311, 4.99361
1.87205, -0.0745706
0.816856, 0.98927
3.06184, 5.05715
3.94774, 3.05872
4.79456, 2.9304
6.88429, 0.902334
5.9646, 3.06344
2.99664, 7.10047
2.96367, 4.93303
4.94518, 1.06492
2.11219, 6.14825
5.10311, 2.93047
2.90665, 5.95712
6.03638, 5.1033
2.061, 5.04959
3.09225, 3.84252
0.870595, 6.93731
2.97771, 2.94427
5.88575, 2.82527
2.02939, 0.844308
2.88716, 3.84731
4.03857, 0.0205176
3.21348, 3.99136
2.91561, 4.14954
4.05183, 4.82632
2.90894, 1.03829
3.07044, 4.96968
7.0625, 5.88544
-0.0756708, 0.887509
4.08986, 3.99471
-0.00575802, 3.08343
5.20568, 1.11582
5.96158, 3.85717
6.16375, 0.84735
0.845459, 5.94967
1.07023, 7.34161
0.0222892, 2.03394
2.99889, 6.12277
1.97346, 3.07215
0.0962802, 2.83206
3.9213, 5.07541
0.98969, 7.00422
0.958824, 2.965
4.08293, 2.94507
5.9783, 3.79219
0.0409438, 6.10836
4.15213, -0.138862
1.03264, 4.98196
7.0355, 0.104476
6.98164, 6.17803
4.07422, 4.96821
4.15013, 3.06078
3.01017, 6.9781
6.19768, 1.83444
0.00358307, 5.07001
4.14023, 6.89826
4.9335, 3.97582
-0.0340916, 1.97831
6.08389, -0.244856
-0.0385177, 4.22954
3.15992, 6.30197
3.04495, 5.08208
2.16677, 0.0168079
7.10996, 1.23611
1.94027, 6.92681
2.98321, 1.0099
5.94505, 7.18841
6.99357, 3.10992
6.73802, 2.98844
1.10336, 1.95817
1.88994, 1.91142
4.1863, 5.01115
2.09635, -0.0714937
3.0101, 0.0464653
0.924833, 4.04705
2.14608, 4.97611
4.18251, -0.0885563
6.01717, 2.68406
3.02546, 3.99638
5.14599, 1.0199
5.09025, 6.14593
0.914532, 2.09659
5.1556, 7.04107
3.02741, 4.97621
1.97142, 4.26981
0.986253, -0.0333857
6.98852, 1.93996
5.11567, 5.98002
7.19183, 6.98246
5.00479, 4.86432
7.00655, 1.87102
6.99264, 2.98261
2.93022, 6.86891
-0.241763, 1.02317
0.894599, 7.0311
7.03979, 3.9419
-0.0113247, 2.97173
3.94305, 3.90337
0.863588, 1.91134
0.126584, -0.114763
-0.206251, 6.10859
-0.0755035, 2.95153
