0.00611434, -1.52161
-1.57234, -0.305549
0.531127, 1.74056
-1.20062, 0.397199
-0.421432, -0.56
0.518698, -0.952113
-0.185357, -0.488372
-1.25907, 1.63931
0.0744291, 1.60756
-1.49373, -1.5228
-0.374669, 1.59403
-0.362685, -0.677627
1.69202, 0.290441
-0.492389, 1.69018
-0.639543, -0.59673
1.47794, 0.352649
1.95219, -1.49982
-0.528035, 1.39915
0.605368, 1.70062
1.24211, 1.70059
-0.751741, 1.58697
1.38903, 0.850101
-0.994438, -0.320201
-1.58966, -0.184937
1.40217, 1.34699
1.62507, -1.9331
1.64615, -0.695862
-0.0939089, 0.103611
0.459519, 1.50248
1.39335, -1.33518
0.216763, -0.459693
-1.63093, 1.43941
0.629614, -1.56651
-1.34458, 0.460532
1.3879, 0.361787
1.44091, -0.939585
0.866095, -0.135472
1.25621, 1.49753
0.278435, 0.809346
-1.30353, 0.626732
-0.653347, -0.0919828
-1.49094, 1.27687
1.38706, -1.78904
-1.29055, 1.267
0.437484, 1.42116
-1.35322, 1.64008
0.758675, -0.503006
-0.184785, 1.31059
1.22356, -0.236114
-1.75928, 1.83281
0.420581, -1.12852
1.28847, -1.32509
1.67766, -0.208873
-0.236441, -0.601349
0.676689, -0.432151
0.246661, -0.524105
-1.73139, -1.38815
-2.01893, 0.493445
0.478125, 1.64623
1.43266, 1.61572
1.82308, -0.606123
-1.4598, -1.39863
0.580718, -1.04197
0.0202668, 0.239783
0.0218712, -0.34633
-0.255854, -1.38752
-0.267627, 1.9869
1.23676, 0.213027
-1.17798, -0.310302
-0.949517, 1.46852
0.361256, 1.78007
-0.327458, 1.86314
1.40433, 0.450348
0.0663526, 0.404028
1.02916, -0.0623209
0.483588, -1.12771
-1.84815, -1.1872
1.72835, 1.67211
1.63965, 1.54209
0.311715, 0.825387
-1.58621, 0.595157
-0.615162, -1.34878
0.44687, -1.38212
-1.30188, -1.55283
0.652313, 1.8908
0.42608, -0.340597
0.674987, -1.73821
-0.366678, 0.559906
0.302865, 1.04548
-1.28556, -0.36268
1.5527, -1.29329
0.339304, -0.718075
-0.552676, -1.67258
-0.982882, -1.8158
0.754341, -1.41045
-0.530675, -1.15675
0.658126, 0.57049
0.495478, 0.0647036
1.91313, 1.36226
-1.89977, -0.495169
0.335269, -1.64218
-1.5322, -0.4265
1.36608, 0.902728
0.300421, -0.649277
-0.474206, 1.454
1.16962, 1.80017
1.17103, 0.776469
-1.47829, -1.80922
-0.453953, -1.48964
0.328339, -0.204316
0.699925, -0.441743
1.6086, -0.711061
-1.18581, 1.44778
-1.95936, 0.832032
-0.313967, -1.59806
-0.146625, -1.69812
-1.41758, -1.12455
1.45161, 1.30665
0.66848, -0.570579
0.478643, 0.908403
0.427267, -1.86528
-1.53118, -0.895234
-1.52177, -1.98781
0.464465, -1.00215
1.33326, -0.360879
-1.32725, -1.30361
0.32653, 1.87506
1.36958, 1.50654
-0.585711, -0.359371
-1.60759, 0.625584
0.169181, -0.0363735
-1.42016, 1.09382
-0.376446, -0.733613
-0.683047, -0.878737
1.50006, -2.02594
-0.333983, 1.28156
-0.637504, -1.71893
1.84426, 1.75665
0.766276, 1.33058
-1.03276, 0.202075
-1.29633, 0.575475
0.636061, 0.491284
-0.0897466, -0.793004
-0.482441, -0.232146
0.295324, -0.639271
-0.202282, 0.969058
-0.475657, 1.14377
1.67959, 2.40529
-0.925624, 0.264649
0.783602, -0.275131
-0.178989, 0.708928
0.320665, -0.492615
-0.505353, 0.42787
-0.349901, 1.53047
0.325852, -1.58364
-0.305568, -1.45393
-1.41105, -0.196205
0.469536, -0.561955
-0.575247, 0.678664
-0.39372, -1.45515
-0.53489, 0.244071
0.416426, -0.216952
0.314794, -0.174505
0.876152, 1.32211
-1.47594, -1.57646
-1.57022, -1.10088
-0.593091, 1.82556
0.184355, 0.151224
-1.61549, 0.582765
-0.908549, -0.0804317
-0.409395, 0.351731
-0.767516, 0.232563
-1.23929, 1.64524
-0.881735, -0.764212
-0.575834, 1.54046
-1.46027, 0.81815
-1.78176, 1.63945
-0.55861, -0.609117
-0.357471, -0.338872
0.610605, 0.416401
-0.471905, -0.0385107
-0.404971, -1.57983
0.0680889, -0.638108
-1.27134, 1.23552
1.5751, 1.56623
0.408411, 1.62448
1.63085, -1.75815
-0.314075, -1.33809
1.48324, 0.305824
0.82571, -0.227275
0.300916, -0.339903
-1.45735, -1.24703
-1.46248, 1.48138
0.36732, -0.77988
2.44079, 0.723015
-1.44635, -1.34661
-1.81759, -1.20687
-1.61992, 0.398953
-0.43319, 1.24842
0.972251, 0.298957
1.02141, 0.44538
1.31652, 1.21377
-0.590273, 1.05721
1.6421, 0.434005
0.292937, -0.62475
-1.36117, -0.397097
-0.571497, 0.324323
1.7894, 1.52744
-0.292131, -1.60246
0.46699, 1.42432
-0.244809, 0.913386
-1.50296, -0.236949
1.79671, -0.274914
1.81161, 0.778698
-0.753759, 1.34615
-0.627767, -1.18816
0.477047, 0.157155
-1.57457, 1.37161
0.147594, 0.5849
-1.65963, -0.0386228
1.00287, -1.62389
0.0189217, -0.220726
-0.756342, 1.33696
1.65057, 1.47274
-1.15734, 1.40558
1.55839, 1.47811
-0.823594, 0.39259
-0.490465, -1.9693
-0.802508, -0.507522
1.36865, -1.38783
-1.45753, 0.454578
0.205932, 0.2683
-0.140805, -1.72304
-0.483845, -0.349019
0.759556, 1.56866
-1.81928, 0.114398
0.420704, 1.31633
-1.24963, 0.400275
-1.06645, -1.61025
-2.16736, 0.660942
0.409839, -1.22958
-0.307773, 1.50915
1.72588, -1.58149
0.0779476, -0.384765
0.440726, 1.61916
1.93823, 1.42173
1.23728, 0.414423
-0.220206, -0.501944
0.414709, -1.58487
-1.43284, 1.78692
-1.13934, 1.42176
-1.51252, 0.31641
-0.155546, -1.9099
-1.41176, 0.376773
-0.305868, -1.25495
1.3153, 0.79027
0.239336, -0.518072
0.830109, 0.851041
0.574992, -0.81702
-1.86719, 1.08367
1.99859, 0.665493
-1.50978, -0.627887
-0.410321, 0.556307
-0.573367, -1.64225
1.06904, 0.561843
-1.37524, 1.45077
1.12182, 1.1625
-1.29171, -0.101315
0.355066, 1.40704
1.42672, -0.783964
1.6766, 0.737336
1.91412, 0.456868
-0.614829, -0.469203
-0.274418, -1.42668
-1.95121, -1.5514
0.387032, -2.00642
-0.74922, 1.39712
-0.607407, 1.43631
-0.397288, -0.569502
1.67053, -1.31269
-1.38208, 1.76124
-1.4857, 1.4325
-0.663883, -1.28223
-1.04541, -0.377406
0.317282, -2.18229
1.62207, 1.56789
-0.824048, 0.626618
1.64545, 0.490169
-0.246536, 0.487237
-0.720265, -0.535033
-0.91193, 0.587024
-1.51321, -2.12464
0.0551378, -1.80242
1.5363, -0.72792
1.75351, 0.0800105
0.378372, -0.677073
1.56196, 0.48311
-0.65787, 0.229873
-1.41291, 0.79839
0.929835, -1.19144
1.68899, -0.797682
1.31123, 1.28364
-0.650083, -1.57048
-0.693845, -0.251674
-0.317208, 1.36132
0.740785, 1.38374
-0.297986, 0.883729
-0.153774, 1.51483
0.515399, -1.60217
0.618648, -1.5977
1.73472, 0.440125
0.537481, -0.760518
-0.360435, 0.2976
0.800328, -0.520272
1.4872, 0.68406
-1.2791, 0.521562
-1.08384, -0.502197
0.587119, -1.1987
-0.209361, -0.55716
-0.745696, 0.526695
-0.261768, 1.08371
0.409401, -1.09481
0.553483, -0.39171
-0.557949, 0.586008
-1.65211, -1.3201
1.6998, 0.139561
1.51868, 1.16366
1.68245, -1.66224
-0.397896, 1.84883
0.988478, -1.89678
1.65167, -0.63078
-0.319157, -1.63547
-1.55187, -1.45014
-1.62529, -0.632306
1.61368, 0.613664
1.381, -0.908289
0.0319887, 0.233148
-0.160183, 1.62348
0.656398, -0.0865041
0.0659877, 1.55322
-1.49379, -1.60524
1.41166, -1.61662
-0.487999, -0.0872921
-0.54823, 0.658764
-0.650317, -1.43863
-0.386427, 1.93504
0.600239, 1.58368
1.56369, -1.55435
0.243949, 1.48633
1.29672, -1.21395
-1.69611, -1.91917
-0.538215, -1.4037
0.0148003, 0.548676
-0.659259, 0.445607
1.21781, 0.456779
-0.252872, 1.76154
-1.4099, 0.277919
-1.46181, -1.33481
-0.496992, 0.40715
-1.87393, 1.62957
0.810934, -1.81592
-0.978307, -0.842506
-1.37602, -1.0759
0.284655, -0.400708
0.361847, 1.93228
-0.28904, 1.86569
1.77078, 0.0569933
-1.89675, -0.7966
-1.78881, 0.317167
0.929978, 0.877599
-0.740401, -0.227319
0.564187, -0.689507
-0.511773, 0.714834
1.55219, -1.82337
1.76159, 0.076072
0.465883, -0.183926
-1.08797, -1.79459
-1.41413, 1.52084
-0.385322, 1.42375
-1.74517, -1.87068
-0.526659, 1.70457
-1.79946, 0.226551
-1.25877, -0.213344
-0.699535, 0.327697
-0.674869, 0.844728
0.620548, 0.48288
0.189996, -1.59077
1.27788, -1.40715
0.547399, -0.035652
1.07365, -1.15025
-0.996916, -0.589884
-0.96246, -1.55387
-0.196268, 1.0957
-1.51244, 1.18227
-0.727825, -1.65658
1.54172, -1.54189
1.43308, -0.585296
0.341246, 1.42493
-1.1623, 0.478253
0.48226, 2.03386
0.683359, 0.133975
0.734731, 1.50915
0.418443, 0.873463
-1.63218, -0.729993
1.38789, -1.12857
-1.46717, 0.72839
-0.429548, 0.314917
0.832823, -1.95119
-0.176727, 1.46605
-0.456996, 0.920969
-1.49065, -0.642386
-0.25966, 0.84019
-1.49649, -1.75943
-1.64738, -0.818118
0.648781, 0.804455
1.60657, -1.30112
-0.442982, 0.775813
-0.47226, 1.292
1.63806, -1.8041
-0.417458, -0.395594
-0.390313, -1.75762
-1.52848, -1.29428
1.32449, -1.35885
-0.803943, 0.843721
0.298804, 1.72681
1.50731, 0.493741
-0.795463, -1.26724
0.539573, -0.787743
0.791922, -0.967403
-0.262829, 0.453915
0.813383, 0.224158
-1.40158, 1.42992
0.770968, -0.705353
-0.75675, -1.31208
-1.136, 1.16249
-1.32533, 0.548208
0.73617, -1.20256
-1.33408, -1.53316
-0.384814, 1.39157
-0.153467, -1.75694
-0.655067, 1.54021
0.547664, 0.179719
1.48324, -1.42629
-0.613005, -0.405832
0.133648, -1.24431
-0.621005, -0.398828
-0.28125, 1.49875
-1.75224, 1.02786
1.50083, 1.23825
-0.0879096, 0.110674
-0.104526, 1.66619
0.540292, 1.45528
1.72382, -0.648302
0.709674, 0.691879
-1.66955, -0.59249
-1.43431, -1.32752
-0.69159, 1.57573
1.6868, 1.65149
1.44916, 2.03584
-0.170623, 1.30525
-1.83203, -1.53453
0.641539, -1.38526
-1.89843, 0.429522
-0.571781, 0.304195
-0.750411, -0.322095
0.474097, -0.628501
-2.04558, 1.64783
-1.35049, 0.747353
-0.64386, -0.669525
1.40652, 2.01253
0.441561, -0.35804
-1.79139, 1.81204
-1.69331, -0.391082
-1.64821, -1.7094
0.445256, -1.66345
0.376217, 1.53528
1.02015, -1.72017
0.253846, 1.53224
-1.75721, 0.481125
1.26561, -0.748985
-1.34874, 0.704592
-1.42117, -0.195614
-1.38175, 0.547026
0.435804, -0.311567
-0.31963, -1.37166
0.308111, -0.275415
-1.59744, 0.768592
-0.696425, 0.732032
-0.621293, -1.33369
0.664558, -0.503315
-1.398, 0.499429
0.757354, 2.1438
-1.32137, -1.92815
-0.277924, -1.52931
0.437776, -0.769209
0.463405, -1.51642
-1.6386, 0.77186
-1.79411, 0.328976
-1.21901, -1.06503
1.2419, -0.995549
1.66866, -0.489268
-0.402017, -0.576838
0.43083, 0.303952
-0.633461, 1.66215
0.942798, 0.952716
-1.34052, 1.83764
-0.305639, 1.82754
-1.5386, 0.554061
0.324038, -1.74771
-1.66125, 0.55046
0.586511, 1.5989
-1.38156, 1.33123
-0.559443, -1.34973
1.56885, -1.7085
-0.942734, 0.448809
0.206611, -1.63196
1.24431, 1.52586
1.62143, -0.526607
0.913415, 0.221368
-0.0111516, -1.13237
0.141871, 1.50714
-1.29405, 0.734093
0.414208, 1.81658
1.52842, -1.96205
-1.40872, -0.549244
-1.4669, 1.46886
1.69027, -0.28559
-0.427757, 1.21518
1.37427, 0.318282
-0.34107, 0.731271
-2.03291, 0.607878
0.506401, 0.509662
1.38674, -0.232367
0.524006, -1.7861
0.501887, 1.03454
-0.0602804, -1.68841
0.500721, -0.498548
0.559812, -1.24696
-1.45816, 1.64944
1.64259, 0.994278
-0.618425, 0.604712
0.528145, -0.526914
-0.895593, -1.63023
0.6819, 0.363762
0.857124, -0.521098
0.299801, 1.73184
-1.4987, -0.320719
1.86873, -0.882723
0.587631, 0.353506
0.626575, 0.463361
-0.91262, 0.0231123
0.322172, -0.483895
-0.668068, 0.717186
-1.80048, -0.576963
1.1784, -1.23665
-1.75488, -0.8278
0.672787, -0.160547
-1.61663, 1.32467
-1.5795, 1.03533
1.42338, -1.36533
-0.676021, 0.758621
-0.631667, -0.749964
-0.522179, -1.34719
0.40656, -0.775645
-1.58065, 1.60251
-1.22264, -0.753139
1.30919, 1.83956
-0.238689, -0.455938
-1.236, -0.262186
1.6414, -1.71411
-0.622746, -2.21765
-1.18998, -0.0830726
-0.296303, 0.609811
-0.390342, 1.66405
-1.52703, 0.614981
-0.841496, 1.21641
-1.60938, -0.38569
0.43105, -0.243019
-1.34045, -1.44017
-1.40095, -0.649094
0.0717527, -1.55333
0.279933, 1.49436
0.566942, -1.81395
1.58428, 0.875014
1.45551, -1.75527
0.18368, -1.62765
1.64102, -0.292779
-1.8961, 1.6538
1.5626, -1.14481
-2.0899, -1.93236
-0.378414, 0.297707
1.84964, -1.01451
-1.32034, -0.265616
-0.795122, -0.025951
-0.522858, -1.48185
1.56358, 0.404577
0.577297, -1.10517
-1.52762, -1.64936
-0.685774, -0.452233
-1.50111, 1.61358
1.43818, 1.29596
-1.87975, -1.02571
1.28558, 1.78388
-0.665256, 0.461988
1.33664, -1.65839
0.651684, -1.08425
-1.36865, -0.242438
-0.279333, 1.64231
0.109376, -1.60213
1.26109, -1.60593
-0.418262, -1.09865
-1.70669, 1.52965
-0.564137, -1.50316
0.28744, 1.67123
-1.49123, -0.698664
-1.7546, 0.46787
-1.55259, -1.8641
1.55823, -0.807018
1.4883, -1.95641
-1.49681, -1.76902
-1.71569, -1.30558
-0.352537, 0.671256
-1.45861, -1.44474
1.18693, -1.494
-0.648997, 1.34774
-1.46523, -1.76546
-0.290488, -0.428266
1.63162, -1.49571
0.402506, 0.576833
1.73666, 1.57845
1.19077, 1.16494
0.270823, -1.56883
0.375112, -1.38035
-0.828149, -0.69915
-0.665622, 0.328637
1.41778, 1.34386
-0.476286, 0.683796
-0.474633, 0.444908
0.29287, 0.291571
0.321257, -0.487555
-1.52531, -1.2024
-0.411112, -0.738015
-1.70207, 0.783766
-0.207266, 0.448518
-1.42277, 0.460782
1.31239, -1.41368
-1.54194, 1.56516
0.528177, -1.74924
0.755239, -1.23857
-0.401479, -0.423595
0.507309, -0.0376548
0.304273, 1.2065
-0.51976, 1.62607
-1.82116, -0.434234
1.36307, 1.35332
1.16478, 1.536
-0.287807, -1.71234
0.282846, 0.40389
0.356063, 1.70666
1.35977, 0.973261
-1.54017, -0.914365
-0.457143, 1.03032
1.77944, -0.335837
-1.0635, 1.13693
0.388961, -0.461166
2.00587, 1.81324
-1.79273, 0.42512
2.11285, 0.503316
0.272935, -0.545057
1.54731, -0.750938
1.46238, 1.46494
0.409766, 0.0480232
0.46668, 1.33625
-1.36606, 1.17127
1.284, 0.462508
1.67363, -0.388706
-0.606714, 1.6707
0.27758, -0.237487
-1.48617, -1.93093
1.28863, 1.42883
-0.652299, 0.904398
0.534786, 0.268346
-0.844872, -1.44478
0.169752, -1.64481
-1.10011, 1.46237
0.817859, 1.29122
-0.569079, -0.802471
-1.51758, -0.339348
1.55419, -0.666651
-1.5699, -0.405881
1.62122, -1.24086
-0.612876, 1.30376
1.3743, -0.684969
-1.49041, -1.39604
-0.412066, 0.612617
1.29852, -1.70101
-1.64702, -0.644297
0.472766, -1.4723
0.38065, -1.43993
-1.65963, 0.0338479
0.13661, -0.0197612
1.40948, 0.641281
1.97963, 1.4921
-1.41541, 0.766652
-0.395128, 1.30886
-1.3717, -1.44661
-0.470181, -0.286102
-1.64804, 0.747305
0.565084, -1.48084
0.136914, -1.52189
-0.382174, -1.15529
0.685854, 1.11015
0.264252, 0.266061
-1.46898, 0.591692
0.352846, 1.6766
1.78243, -1.58762
0.936787, -0.745015
0.278179, -0.280929
-1.41048, 0.498998
0.559693, 1.19635
-0.649722, -0.677969
1.4051, -0.441571
0.672346, 0.762154
-0.30626, 0.524751
1.08876, -0.344193
-0.913614, 0.418772
-1.3932, -0.141457
-0.388919, 0.281016
1.64682, 1.04689
1.38965, -0.343299
1.18755, 1.93536
0.566523, -0.965897
-0.203727, -1.69512
-0.351803, 1.17695
-0.368349, 1.54665
-0.660562, -0.414504
-0.836847, 0.0598943
1.79953, 0.659022
-0.857774, 0.541129
-0.141892, 0.194033
-0.911667, -1.54744
-0.360847, 0.741806
0.417398, -0.461303
-0.424738, 1.58035
0.33599, -1.33101
-0.444762, 1.86572
1.70056, 1.69526
-1.5233, 0.528176
1.75362, -1.10541
2.02059, -0.306783
-1.65506, 1.6509
1.76853, 1.27845
-0.438634, 1.43144
-0.640232, 1.59481
-0.726059, -0.645044
-0.334089, 1.53244
-1.84859, 0.453011
0.783609, -0.707683
-1.44399, 0.174414
-1.12012, 0.538282
1.80018, -1.46192
1.45053, -0.570332
0.585108, -0.417544
0.496468, 0.551666
0.585915, -1.46041
-0.304662, 0.805003
-0.466749, 0.43164
0.338712, -0.373816
0.942533, -0.770457
-0.503918, -0.295475
1.9058, 0.750843
1.35529, -0.168607
-0.370026, -0.377093
-1.30245, -1.53004
0.43398, -1.75223
-1.33173, 0.525113
-0.796899, 1.6538
-0.751147, 0.232049
-0.64914, -0.685872
-1.29282, 0.0815431
-0.107855, -1.18155
-0.524236, 0.291297
-0.548251, 0.218541
1.17788, -0.65466
-1.09596, 0.229629
-1.93148, -1.84339
1.60877, 0.483086
1.39582, -1.14231
-1.96365, -0.681336
-0.278701, -1.65328
-1.32718, -0.304651
0.198011, 0.663114
1.64807, -0.346396
-0.110569, 1.04347
-1.9803, 0.330029
-0.641474, -0.310159
-1.54489, -1.77665
-1.586, 1.55615
0.256118, 1.51605
0.391322, -0.71407
1.28212, -1.39959
-1.59646, -1.46119
0.536933, -1.78395
-1.4265, 1.17978
1.49601, -0.517715
-2.25272, 1.23389
-1.54542, 0.479584
0.538861, 1.53714
-1.08487, -0.712081
1.8242, -0.595565
-0.613241, -0.746391
-0.585586, 1.79341
-1.79594, -1.99551
0.962103, 0.65354
1.40586, 1.62454
1.62628, 1.36875
1.12303, -0.565853
-0.355418, -1.53887
1.24132, -0.28469
1.60511, 1.41794
-0.315337, 1.8276
2.02914, 0.421551
1.51238, 0.267631
1.54565, 0.382841
-0.117732, 1.05572
-1.66315, 0.662783
1.56938, -1.38748
-0.503843, 0.427649
-0.187148, -1.44793
0.735626, 0.0545516
0.522421, 0.637889
0.418143, 1.216
0.19222, -1.10077
1.65222, -0.387367
1.54823, -0.273624
1.55821, 1.80286
-0.558516, 1.51892
-1.34342, -1.8446
-1.15618, -0.556306
-0.708804, 0.390316
-1.15395, -1.53718
1.69795, 1.59639
0.163088, -0.742466
0.514553, -0.267446
0.757923, -0.340941
0.447502, 0.813027
-1.03776, 1.38039
1.27897, 1.47873
0.451926, 1.49118
-1.35095, -0.477776
-1.50463, -0.285332
0.726924, -0.60164
-1.56929, -0.477749
1.36334, -0.397147
1.518, -0.594129
0.2312, 1.63667
0.800472, 0.384798
-1.48324, -1.68856
1.48361, -0.2675
-1.86639, 1.80258
1.27353, 1.52008
1.54742, -0.30664
0.455618, -1.12474
-1.54686, -1.63508
0.236371, 0.803884
-1.4762, -1.44245
-0.284929, 1.18743
-1.51128, -0.522211
1.13036, -1.56484
-1.1808, -0.362258
-0.577936, -0.838021
1.47712, -0.503317
0.564667, -1.51587
1.68292, -0.4905
-0.659003, -1.89618
-1.60825, -0.295114
-0.506865, -1.35725
1.116, 1.57932
-1.81317, -0.337949
-0.990691, -0.324004
2.05589, -0.354872
-1.52774, -1.76066
-0.846999, 1.379
1.47085, -1.369
0.490207, -1.16709
-1.63038, -1.6966
0.154746, -1.2615
-1.06192, 0.568678
-1.72794, 0.648713
1.46884, -0.154991
0.924476, 0.91467
-0.401396, -1.09189
1.6032, 1.27585
-0.241303, 1.45281
-1.84566, 1.58015
-0.753979, -0.772161
-1.54906, 1.19495
-1.4191, -0.920555
0.134609, 1.32432
-1.73113, 1.08946
-2.22327, -1.3379
-0.301249, -1.29463
-1.39955, 1.56383
-0.765668, 0.0800408
0.657988, 0.462529
0.76888, -1.59859
0.354791, 0.812845
-0.309041, -0.543589
-1.23401, -0.405684
0.446777, -0.660141
-0.258701, -0.533481
-0.253274, -0.0997091
0.896781, -0.542244
-1.44773, 0.50156
1.12381, -1.3126
0.0918806, 0.714252
0.677648, -0.722853
-0.0459806, 1.24831
-0.0335838, -1.6825
-0.66914, 0.128892
1.39382, 0.517647
-1.61425, 0.320148
0.0730668, 1.61764
-1.28872, 0.53225
0.122459, -1.60034
-0.750415, 0.061747
0.552668, 1.00737
1.68445, 1.81421
1.44468, -0.551145
0.0629719, -0.10203
-0.781038, 1.4812
1.86778, 0.661373
1.49645, -1.12763
1.68152, 0.0182805
-0.628296, 0.744455
1.52043, 1.54953
-0.316093, 0.895016
0.306049, -0.397012
-1.00872, 1.58974
-1.49335, 0.894428
-0.329, -0.3154
-1.62918, -1.56674
1.60646, -0.512361
-1.59466, -0.312032
-0.503643, -1.6027
1.21398, 0.942493
-1.37924, -0.330031
-0.462417, 1.75264
-1.43255, 1.96903
-0.965954, -0.169095
-1.36557, 0.624853
0.183685, 0.266357
-1.76606, 1.62123
-1.36484, 1.44128
-1.67423, -0.303521
-0.747591, 0.653045
1.01036, 1.56623
-0.46336, -1.51252
-0.718157, -1.09004
0.518952, 0.635022
-1.31776, -1.6369
-0.612475, 1.40111
-0.521322, 0.522881
1.09967, -1.53716
0.351888, 1.87274
2.0546, 1.08703
-1.50238, 1.46259
0.76423, -0.24762
-0.540924, -1.02688
-0.401027, 0.570919
-1.34382, 1.50467
1.15904, 0.30778
-1.56926, -1.39929
-0.300485, 1.65535
1.52242, -1.51371
-0.816939, -0.165657
1.26839, -0.242601
0.633601, 1.47548
-0.324106, -1.56182
0.698242, -0.431602
-0.624398, -1.38065
0.757191, 0.794145
1.67339, -1.40772
-0.437276, -0.713663
0.758481, -0.511387
-0.413851, -0.682434
-0.605798, -0.611454
-0.298028, -1.23931
1.22052, 0.216969
1.34192, -1.64609
-1.29321, 0.827607
1.04954, -0.95958
-1.6483, 0.59247
1.35068, 0.517769
-1.14941, 0.963963
-1.85114, 0.440908
-0.707521, -2.06283
1.56207, -0.534878
0.96144, 1.45927
-0.801859, -0.324729
1.61744, 1.48412
0.653425, 1.76331
-0.419228, 1.50221
-1.58488, -1.78679
0.359615, -1.50629
-1.63542, 1.6091
1.6373, 0.592935
-0.210906, 1.20483
0.431816, -1.54989
-0.582622, 0.0290378
0.62545, 0.507004
0.460093, 0.230995
1.54253, -1.63922
1.34731, 1.04406
-0.740197, 1.08343
-1.79227, -1.18957
-1.57473, -1.26376
-0.0899594, -0.241208
-0.422154, -0.830742
0.509583, 1.39986
0.183996, 1.62119
-1.7596, 0.771942
-0.57664, 1.28591
-1.70317, 1.53578
-1.40907, -0.534984
0.918904, 0.520676
1.31135, 0.302182
-0.596564, 0.543052
1.57434, -1.46075
0.696451, 0.68619
1.33551, 1.30343
0.462411, 0.41891
1.03716, -1.69756
-0.577683, 1.23608
1.60774, 0.591437
1.87103, -1.26556
0.881191, -0.169904
-1.44591, 1.53912
-1.84419, -0.653867
-1.47597, -0.200125
-1.62293, -0.735246
0.293637, 0.540852
-0.544782, -0.659197
1.5192, 1.00801
-0.63132, 1.74138
-1.51013, 1.10271
-1.92086, -1.06725
-0.782096, 1.49368
0.161343, -1.59821
-1.46872, 1.81141
0.810939, -0.67306
0.728109, -0.394231
-1.74344, -0.501664
1.32375, -0.46765
-0.14365, 1.81399
1.04347, 1.68113
1.68074, -1.06125
0.360538, -0.593649
0.00365965, -1.50296
-0.853286, 1.26817
-0.0600212, 0.199277
1.63065, 1.45335
-1.07201, -0.476043
-0.831714, -0.882193
1.6196, 1.2499
0.233167, 0.0398191
0.857004, 1.80199
0.616373, -0.611911
-1.9737, 0.176619
1.82139, -1.48458
-0.383493, -0.645232
0.211069, -1.61318
0.450148, -0.575991
-0.57052, -1.61288
-1.52137, -0.275711
-1.35702, 0.596697
1.27708, -1.46906
-0.51083, 0.411535
0.741251, 1.61032
-0.843833, 1.70406
1.53439, -1.77293
0.361661, -0.430569
2.06493, -0.197656
-0.944789, 1.81494
0.464828, -0.526316
-0.299307, 1.66382
0.570043, 1.45978
-1.41887, -1.62107
1.27716, -0.700658
-1.37276, -0.443523
-0.185135, 1.60212
-0.625015, 0.651961
1.13185, -1.57341
0.283633, -0.708116
-1.1482, 0.812059
-0.663601, -0.409163
2.036, -1.35552
-0.85123, 1.86187
-0.353266, -1.81408
0.710069, 1.27335
1.37119, -0.715763
0.529281, 1.4843
-0.561826, 0.0296267
-1.31618, -1.21005
0.37535, 1.06464
-0.213297, -0.777693
0.141851, 0.636224
0.24279, -0.631835
1.58131, -0.218321
0.477246, 1.39389
0.621366, -0.64717
1.68703, -0.163365
0.704778, -1.48391
1.5654, -1.90794
-0.894176, -1.54095
-0.463901, 1.64178
0.678501, -1.58825
0.273111, 0.657886
1.54652, 1.47558
-1.16112, 1.38814
-0.723566, 0.685404
-0.0349193, 0.806768
-1.82173, -1.5033
0.681388, -1.52321
-0.555934, -0.854634
1.59312, -1.43289
1.22901, 1.57996
0.755434, -1.71115
1.59772, -0.657611
-0.563858, 0.760851
-0.221914, -0.265553
1.68261, -0.437129
-1.37286, 0.455535
0.551305, 1.38546
-1.21773, 0.119356
-0.583704, 0.828265
-1.48982, 0.36676
1.51253, 1.16567
1.70725, -1.20487
0.518858, 1.15917
0.370108, -1.39577
-1.67106, 1.46545
0.448798, -1.62828
0.0695172, 0.363031
-1.72661, 0.103594
1.32296, -1.73452
1.8983, 0.359366
0.343519, 1.54683
-0.64785, -0.348745
-0.0466082, 1.89147
0.130992, -0.454209
-0.623456, 0.888989
0.988298, 0.313549
-1.7961, 0.105856
-1.45233, 0.583151
1.55835, -0.478336
-0.934501, 0.565264
1.82688, -1.27925
-0.671919, -1.57161
-1.61356, -0.432473
1.69181, -0.525467
-0.492303, -0.862034
1.98727, -0.508471
1.12007, 0.657675
-1.30488, -0.482802
-1.82195, -0.218561
1.73029, -1.55284
-1.40118, 1.04663
-1.21158, 0.434819
0.264828, 0.661143
-0.52471, 0.770684
1.10632, -1.00013
-0.683487, 2.18153
-1.56394, -1.72553
1.57185, 0.421008
-0.799504, 1.54084
0.535511, -1.63196
-1.17113, -1.76192
-1.46777, -1.40053
0.214376, 0.590463
-1.76069, 0.567799
-1.71874, 0.397378
-0.279723, -1.22026
-1.48421, 1.51483
0.542712, -0.297228
-0.306999, 0.407251
-0.326986, -0.528004
0.317183, -0.583573
1.89232, -0.552089
1.31061, -0.204784
1.2346, -0.454145
-1.65079, 0.191694
1.82279, 1.03717
1.34908, 0.693868
1.51293, 0.122955
-0.386693, 1.11185
0.679827, -0.866274
-0.706887, 1.60358
-1.83035, 0.234096
-1.61087, -1.2556
1.65773, -0.350708
0.0887044, -1.75278
-0.682791, 0.629281
1.75621, -1.13267
-1.79524, -1.23542
1.51905, -0.270339
-1.39514, -1.59614
1.2184, 1.42473
-1.67098, 0.354284
0.474954, 1.79451
1.46262, 1.64781
-0.229465, -0.904774
1.64147, -1.41207
1.21718, 0.434034
1.71883, 0.800143
-0.38786, -1.57711
-0.360892, -0.983571
0.621582, -0.0572155
-1.35103, -1.73226
-1.75229, -0.764669
0.229122, 1.03667
0.647749, -0.624577
0.459674, 0.383969
0.993609, -0.373461
1.53221, -0.62434
-0.510121, 1.56547
-0.411012, -0.388914
-0.592196, -0.436846
-1.58549, 0.547037
0.227229, 1.52785
1.47149, 1.54691
-0.596926, -0.629229
-0.100019, 0.876634
1.59229, -1.44151
-0.473257, -0.456679
-1.39233, 0.227061
1.47864, 0.175852
0.380135, -0.346329
0.469757, -1.64945
-0.830575, -1.46236
-0.329038, 0.395006
-0.44929, 0.332977
1.74767, 1.35718
-1.76165, 1.37808
-1.17804, -0.466525
1.26709, 0.406243
-1.1713, -1.49727
-1.74132, 1.1827
-0.48131, -1.96946
0.418419, 0.356202
-1.12964, -1.72835
0.970134, 1.74527
-0.695991, 1.69513
1.16048, -1.53822
-1.55228, -1.53554
-1.54171, 1.64812
0.0914403, -1.29112
-0.460631, -1.5014
1.52079, 0.683794
-1.44949, -0.455655
-0.619698, -0.181785
-0.720581, -1.41926
-0.160664, -1.03367
-0.723645, -0.425746
-0.293475, 1.25967
0.594949, -2.22515
1.51572, -0.605289
0.601638, -1.57968
-1.10424, -0.168794
1.39798, -0.216772
0.48133, 1.57591
-0.23241, 0.370064
0.278598, -0.386634
-0.26763, 0.653968
-1.68265, 0.555582
-0.0268877, -1.59985
0.434185, -0.68734
-1.53964, -1.25682
-0.652387, 0.204526
-0.482145, 1.15131
0.356429, -0.468142
1.36833, -1.59539
-0.288357, 0.774262
0.384773, -0.634268
-1.20073, -0.571088
0.600842, -0.699619
-0.256109, -0.57155
0.162529, -1.75064
0.334333, 0.287995
0.450671, -0.15956
-1.44534, 1.60084
-1.19347, -0.611121
1.22282, -1.5867
0.771097, -2.00966
0.547774, 0.570514
-0.107599, -1.78942
-1.61231, 1.25332
1.56514, -1.32531
-0.0544632, 0.248013
1.08722, 1.57325
0.899482, 0.791281
-1.1335, 1.20071
0.235956, -0.813708
0.610443, 0.367349
1.38546, -1.30011
1.098, 1.28535
-1.53802, 0.12434
-1.22213, 0.752623
-1.75969, 1.2211
-1.12476, 0.496761
0.682685, 1.34946
0.265306, -0.406697
-1.6321, 0.870286
1.53674, 1.44117
1.17393, 1.11568
1.53498, -1.69195
0.673182, 0.221774
1.48864, 1.50298
-0.211533, -1.10523
-0.742789, 0.54661
1.29482, 1.71915
0.401209, 0.497785
0.456144, -1.87907
0.725814, 0.616185
-1.97866, 0.359893
-1.76891, 0.545557
0.711136, 1.25407
0.106751, -0.306843
-1.75157, 0.616038
0.561435, -1.33413
0.175495, 1.38839
-0.736713, 0.127968
-1.37243, -0.379854
-1.27367, 1.11669
0.0613126, 0.363617
1.80694, 0.305012
-1.16733, 1.81525
1.79851, 0.0740788
0.807792, 1.76458
-0.207364, 0.388621
1.6418, 1.26317
1.53478, 1.30845
0.47274, -1.69657
0.33388, -0.529415
-0.315334, -0.228838
-0.258067, 1.68438
1.60902, 1.66063
0.525284, -0.722053
0.320992, -0.394734
1.23072, -0.799407
-0.0671075, -0.464746
0.609298, 0.241767
1.2742, 1.35035
1.33458, 1.45683
0.493649, 1.36216
1.37448, -0.680189
-0.470753, 1.34312
-1.48188, -1.01907
-0.693414, -1.19753
1.77932, -1.96662
1.46898, 0.467211
-0.719833, -0.536571
-1.35555, 1.54857
1.42006, -0.491543
-1.38343, -0.648557
-0.0925687, 0.149792
1.82498, 1.30323
-1.32052, 0.52103
1.57622, -0.335269
0.653003, -1.39001
-0.437599, 1.42325
-1.84152, -0.671575
1.88901, -0.182954
0.369929, 0.602662
-1.5075, 0.868388
-1.5907, 1.01658
0.331107, 1.45862
0.864392, 0.830365
1.35512, 1.32044
0.395353, -1.02177
0.316452, 1.20277
-0.656353, 0.700722
1.80201, -1.8816
-1.69098, -0.372238
-0.559416, -1.57504
0.379663, -0.31286
0.657833, -1.65994
0.496827, -2.0286
1.43464, 0.618587
-1.41607, -1.9192
0.673572, 1.64211
1.12597, -0.303409
-0.943598, -1.29885
-0.295379, 0.70909
0.31042, 0.723982
1.46919, -0.564707
1.50292, -1.05972
-1.32321, 1.68962
0.363562, 1.32679
1.96119, -1.58777
0.327309, -0.862394
-1.65454, -0.570022
1.3796, -0.277313
-1.35725, -0.942289
-0.746702, 1.43068
-0.81698, 1.56343
-0.444437, -1.42683
-1.13854, 0.654293
-0.485218, -0.240576
0.520751, 1.31151
1.34244, -1.93557
0.102398, 1.46341
1.50242, 0.951707
-0.18505, -0.315552
1.24587, 1.48841
1.48847, 0.463291
1.23377, 1.67976
2.02765, -1.63899
-1.3977, -1.39375
1.56383, -0.367301
-1.11828, -1.86372
-0.0573887, -0.171662
-1.54963, -0.205034
0.865092, -1.47575
-1.28522, 1.93181
-1.40265, -1.68829
0.474531, -1.96642
-0.668488, -1.57911
0.188616, 0.438268
-0.0931132, -0.143114
-1.42499, -1.35592
0.787476, -0.275524
0.740042, -1.13851
0.354382, 0.471233
-1.88261, 1.51365
0.950095, 1.57446
1.34537, -0.172033
0.401852, -1.07994
0.64657, 0.380331
0.978086, 1.57078
-0.169431, 1.6254
1.77055, -1.46702
-0.561563, 1.41117
-0.637817, 1.18493
-0.79426, -0.347244
-1.95174, 1.27103
1.49466, 1.38222
1.45189, 1.88332
-1.54962, 0.485266
-0.889933, 0.674947
-0.703138, 1.42975
0.429598, -1.56536
1.50193, -1.26135
1.22661, 1.69322
-0.279945, -0.621233
-1.12342, 1.71527
0.849472, -0.654033
0.381163, -0.457929
-0.751593, 1.19767
-1.50295, -1.69849
-0.367, -1.30755
0.238518, -1.46435
-1.39706, 0.907946
0.710454, -0.376169
0.45929, 1.51183
1.28098, -1.69668
-0.208398, 0.365482
1.51287, 0.615006
0.46473, -1.29142
0.35036, -1.83005
-1.27123, 1.75832
0.592646, -0.550265
-0.677756, 1.8561
-0.0457597, -0.291015
0.792116, 1.61602
-0.204494, -0.996836
1.71525, 1.53219
-0.263747, 1.44451
-0.320522, 1.70218
-1.12502, 0.570876
0.167353, 1.16701
0.480539, -1.40519
1.32135, -0.734301
0.545788, -0.122573
-1.43119, -0.163611
-1.51931, 1.59285
-0.312813, -0.438007
0.607806, 0.387742
-0.249518, 1.40565
-0.758555, -2.06357
0.658466, -0.190859
1.48905, 1.71842
0.472239, 1.25509
-1.76142, 1.60908
0.558314, 1.78813
-1.19258, 0.907921
0.553332, -1.23984
1.38423, -0.832748
0.175681, -0.828413
-1.55532, -1.54107
-0.955939, -0.342032
-1.72818, -0.382021
1.57434, -0.456608
-0.544741, 1.2066
1.39555, 1.37762
-1.65505, 0.336374
1.69524, -1.36733
1.73174, 0.446335
1.34695, -1.38098
-1.95773, 0.396123
1.63682, 1.16118
1.36657, 1.72667
1.54829, 0.170351
-1.23405, 0.594143
-1.78119, -0.0147426
-0.737896, 0.42675
-1.86636, 0.313049
0.668903, -1.72963
-1.36433, 1.26213
0.656884, -1.23426
1.23009, -0.985708
-1.64152, 0.177087
1.29398, -2.07531
1.36903, -1.86866
1.41852, -1.83367
0.604592, -1.35918
-0.48451, -1.46434
1.23962, -1.56395
-0.831297, 1.13049
1.48495, -1.5064
-0.790611, 1.01198
-1.41146, 0.86863
0.305996, -0.630895
0.525947, 0.865966
1.44833, 0.672439
1.61437, -0.896651
-1.36355, 0.118436
1.69961, -0.21184
-0.232601, 1.82823
-0.100631, -1.63685
0.30083, 0.668424
-1.97067, 0.44075
-1.0743, 1.56119
-0.104708, 0.0597686
-1.15505, -0.167161
0.411015, 0.23497
0.43929, 0.83434
0.661565, -0.394175
-0.240629, 0.689705
1.67653, -1.3159
0.445734, -1.27378
0.642351, 1.63643
0.476587, 0.497304
-1.51658, -1.78248
-0.642264, -0.504314
1.46763, 1.94882
0.35091, 1.74745
-0.479521, 0.889258
-0.00147464, 1.75583
-0.0221984, -0.45911
1.61814, -1.50841
-1.74388, -1.88651
-1.8235, 1.95125
-0.422136, 1.56828
0.961328, 1.83138
1.56273, 0.184996
-1.39287, -0.421601
-0.442833, 1.35968
-0.533295, 1.26583
0.294184, 1.11797
1.78371, 1.79191
0.387249, -0.983566
0.463866, 0.00828504
-0.80903, 0.510707
-0.468785, 1.2894
-0.593372, -0.283658
-0.0643481, 0.740712
-1.42365, 1.15885
1.02963, -1.06632
-1.39119, 1.43121
-1.61803, 0.351408
-1.42578, -0.378657
-1.22097, 1.82269
-2.00452, 0.476122
0.455825, -1.5757
1.55103, -1.83021
0.606464, 1.32325
1.36272, -1.49365
0.624926, -1.46074
-1.46376, 0.55488
0.488183, -0.566589
-1.21601, 1.72256
-1.4122, -0.152907
-1.43422, -1.27309
1.26044, -0.232286
1.06304, 0.370879
1.02478, -0.000834518
0.423736, -0.560984
0.129797, 0.389634
0.472823, -0.658534
0.554831, -1.65676
-0.599602, 0.424853
1.32619, 0.305409
1.64067, -0.646309
-0.181437, 0.221627
-0.737994, 0.307525
1.65103, -0.467263
0.637708, -0.357172
-1.58518, -0.721809
-1.57592, 1.3105
-1.64952, -0.856115
-0.117493, -1.9264
-0.838812, 0.385116
1.05076, 0.0889121
1.65746, 1.6231
-1.30783, 0.284134
-1.66164, 1.13619
1.46212, -1.52392
0.484404, 0.110308
0.25541, -1.23946
0.7858, 0.368069
1.56514, 2.07661
-0.624664, 1.68046
-0.774906, 0.504253
-1.73062, -0.116997
0.0474815, -1.56185
-1.14259, 1.25546
-0.596747, -0.769711
-0.4324, 0.805022
-0.235686, 0.589474
-1.67697, 1.54857
1.13533, 1.14593
1.37003, 1.21745
2.14127, -0.496913
-1.53405, -0.564329
0.27088, 1.71425
-0.543276, 1.57671
-1.41341, 1.50426
-1.86983, -1.94302
1.21807, 1.69833
1.31811, -0.457615
0.297223, -1.69003
1.55503, -0.287827
-1.48635, 0.846317
1.29173, -0.472062
-0.47293, 0.551469
-1.6428, -1.82196
-1.63674, -1.37422
-1.41007, -0.516764
0.486068, 1.95571
1.8885, -1.08602
-1.40069, 2.17816
1.72421, 0.1811
0.60305, -0.96722
-1.14704, 0.0190918
-0.7418, 0.447056
-0.596075, 0.723643
0.753791, -0.233327
-0.678182, 1.646
-1.55378, -1.09651
-0.475522, -1.7175
-1.51536, -0.875715
-1.75271, -1.57929
1.27679, -2.04119
-1.43889, 1.58897
-0.675914, 0.672773
-0.520346, -1.8976
0.472599, 1.37433
0.676375, -1.31317
-0.540266, -0.13914
-0.643148, 1.66823
-1.75441, -1.83035
1.24609, -1.63574
0.360377, 1.13615
1.11702, -0.588881
1.51996, -0.353284
-0.341682, 0.382953
0.819352, -1.33429
-1.5721, 0.811261
0.278974, 0.740649
0.540645, 0.0215327
-0.605582, -1.67057
0.288237, 1.43014
-0.619215, 1.81551
-1.59659, 1.58144
-0.720984, -1.32927
0.413729, -1.71101
1.2936, 1.42813
-1.16061, -0.688764
-1.05629, -0.570486
1.48903, 1.56605
0.56362, 1.48451
-1.14854, 1.51852
1.55373, -0.617582
1.17927, -0.589878
0.318108, -1.23105
0.320159, 1.24894
-1.2263, -1.44986
0.938397, -0.387363
-0.878872, 0.515681
-0.461197, -1.22793
1.21655, -1.42313
1.21658, -0.658748
-0.580302, 0.408537
-1.88805, 0.815125
-1.62548, 0.638246
-0.970348, 2.19069
-1.60611, 0.2045
-1.63252, 0.584745
0.250269, -1.0632
-0.0525066, 1.39906
-1.94469, 1.49988
-1.65338, -1.5037
1.68641, 1.08292
1.30984, 1.69764
0.0538004, -0.804024
0.899181, 0.755731
-1.50063, 0.462835
0.214968, 1.12815
0.321446, 1.91462
0.498801, 0.781511
-0.528765, -0.392519
-0.669797, 0.556852
0.895045, -1.83105
-0.411782, 0.978615
-0.245266, -1.28855
0.256111, 0.56078
0.748178, -0.782748
-1.58358, 0.162145
-0.218305, -0.828175
0.291435, 0.579296
-0.785305, -1.43053
-0.437696, 0.151084
0.670976, -2.00851
-0.423707, -1.46516
-1.81427, -1.55872
-1.71186, -1.53451
0.585209, -0.202888
-0.379486, -1.08608
0.687967, 0.280692
-0.831907, 1.44046
-0.937196, -1.20475
1.55003, 1.50625
0.940536, 0.190223
-1.43361, 0.90706
-1.42, -1.65832
-0.459611, -1.91321
-0.208308, 1.26589
-0.89587, 0.514569
-0.665261, -0.707579
1.60544, 0.335588
0.493932, 1.36758
1.26317, 1.70838
-0.290428, -0.268678
0.861764, -0.0280271
-1.33998, 1.77062
-0.883146, 0.687145
-0.483314, 1.38016
1.47575, -0.543357
-1.64653, -0.71286
-0.564083, 0.709698
-0.703393, 0.703404
0.89091, -0.691586
1.34845, -1.36735
1.43716, 0.382289
-0.724221, -1.5058
1.38693, -1.05077
0.823262, 1.75334
0.229558, -1.48055
0.990269, 1.63782
0.533043, 1.82111
0.491413, 1.17701
0.558482, 0.741822
-1.48156, -1.79705
-0.592484, -0.385814
-1.16982, 1.15677
1.45673, -0.244487
-0.4783, 0.36436
1.16497, -0.972016
-0.201419, 1.79931
1.00185, -1.35254
-0.0135172, -0.226526
0.583482, -1.52295
1.46374, 1.75316
1.73767, -1.49118
-0.161212, 1.76469
-1.58262, 1.87758
-1.23354, -1.24661
1.33275, 1.42612
1.87852, -1.12482
-0.299667, 1.23966
1.68179, 0.420403
-1.27328, 1.22433
1.73646, -0.794186
0.701639, 1.38066
0.50355, -1.47718
-1.11364, 0.227554
0.40052, -0.607562
0.699205, -1.07112
1.25818, -0.40142
-1.06992, 0.639436
1.58947, 0.371509
1.25943, -0.586473
-1.31454, 1.40984
-0.200783, -0.688984
-1.57173, 1.45096
1.35464, -1.18877
-0.376559, 1.03316
1.23548, -0.775979
0.982597, -0.759417
-1.69209, 1.60341
1.46636, 1.17705
-0.21532, -1.70266
0.571559, 0.320601
0.60058, -0.330671
0.633071, 0.555577
-1.31309, 1.69896
-0.534584, 0.437615
-1.73128, -0.706801
0.236289, 1.62749
-1.38638, 1.60742
0.496703, 1.57043
-1.33342, -0.225593
0.302132, -1.06605
1.12908, 1.5934
-0.625813, -1.28643
1.49918, -0.493162
1.45023, -0.532638
-0.387855, 0.231316
-0.556952, 0.441937
1.63102, -0.647711
1.45928, 0.398377
-0.0673155, 0.497911
-0.786222, 1.33584
-1.6051, -0.67013
0.360247, -1.73566
-1.78667, -1.58263
1.58574, 1.01403
0.998182, 1.30011
-1.48982, -1.29705
-0.386512, 1.41902
0.529932, -1.82278
0.401003, -2.08639
1.55383, -1.30631
1.48476, -0.435994
1.2776, -0.898072
-0.395115, -0.496343
-0.902127, 1.23371
-1.84778, 1.24534
-0.425637, 0.406654
0.378323, -1.54437
1.75921, 1.57905
0.372391, -0.814797
0.838302, -0.0353765
-1.5687, 0.0198485
-1.69609, -0.355251
-0.0948454, 0.509172
-1.16966, 1.6345
0.31783, 1.90228
1.88965, -0.84944
0.5187, -1.68187
1.47445, -1.65376
1.3166, 1.52434
0.332365, 0.643623
0.497254, -1.63342
-1.35525, -1.96999
0.381167, 1.44461
1.31945, -1.58976
0.857698, -1.79604
-0.373475, -0.401944
1.99034, 1.35002
-0.597369, -1.22824
-1.33556, -0.809714
-1.07289, 0.498385
-0.438922, 0.331994
0.219094, 1.47493
-1.48149, -0.423656
0.575623, 1.49873
-1.45425, -1.87867
0.274231, -0.500021
2.01729, 1.46576
0.792854, 1.60102
1.32911, -1.75097
0.763186, 0.558299
-1.36192, 0.0424939
1.26158, -0.512358
0.260012, 0.626615
-0.61146, 1.16507
1.48468, -1.54129
1.09529, -1.28305
0.980707, 0.623945
0.302746, 1.77166
-1.40544, 0.710349
0.346581, -1.17302
-0.318011, -1.70999
0.60649, 1.67584
0.706754, 0.289695
-1.3541, 0.474783
-1.55597, 0.65071
0.245087, -0.424815
-0.485746, -0.617107
1.01163, 1.18266
0.946557, -0.36012
0.273443, -0.392646
0.825214, -1.52843
-0.0762056, 0.590762
1.06571, -0.794423
1.60961, 1.27723
0.561758, 0.524665
1.23293, 0.473737
-0.791244, -1.28296
0.511502, 1.19958
-0.396138, -1.25241
1.73827, 0.566019
1.08368, 0.314182
0.148053, -2.09505
-1.6238, 0.483078
1.23675, 1.64986
-0.0956718, 0.359267
0.669023, -1.30641
0.645253, 0.517862
-0.282993, -1.70211
-1.88047, 0.355619
1.51943, 1.63074
-0.325552, -0.906141
-1.30714, 2.03183
1.3915, -1.31985
0.536333, -0.472008
-1.5171, 0.592828
1.1486, -0.110887
-0.532366, -0.737951
0.72775, 1.66927
-0.156464, -1.15023
-1.14616, -0.590826
1.33437, 1.41773
-0.564725, -0.481268
0.969776, 0.357164
1.1802, -0.446653
0.907548, -0.39895
-0.486196, -0.687365
-1.26766, -1.38056
0.547949, 1.54679
1.20034, -1.7728
-1.25742, -0.586511
-0.479614, 1.41444
1.58713, -0.619391
1.39385, 1.29395
0.620832, 1.57274
1.70092, 0.653964
1.36985, -0.641646
-1.34287, -1.02047
-0.63225, 1.19276
-1.56449, -1.45733
-0.415998, -1.35578
-1.31989, 1.91343
-0.198291, -0.569924
1.41453, 1.72398
0.525431, 1.086
0.652557, -0.374123
-0.553352, 0.194428
0.71391, 1.00801
1.77214, 1.2685
1.61966, -0.447174
-0.453047, -1.68443
0.34408, 0.589374
-0.155109, -1.43263
1.5338, 0.367247
-0.204763, 1.71867
-0.644203, -0.778167
-0.278993, -0.527351
-1.32682, -1.60091
1.1261, 0.559641
-1.24995, 1.50131
-1.86726, -1.64022
0.627566, 1.15398
-1.54752, 1.74644
1.39532, 0.463352
0.322355, -1.31913
0.391837, -1.7699
1.5903, 1.4759
-0.488045, -0.75653
-1.42819, -1.78147
-0.0499921, 0.281418
-0.522388, -0.00328507
0.34871, -0.137709
0.0716699, 1.39273
-1.453, 0.331228
-1.63168, 1.24699
0.147902, 0.655011
1.2462, 1.51955
0.529356, -0.525106
-1.44853, -0.592731
-1.29905, -0.600907
1.48709, 1.42644
-0.417353, 0.703657
0.491316, 0.165256
0.560323, -0.820575
1.27984, 1.51783
-0.60493, -0.508035
-0.353047, 2.07307
0.614878, -1.29758
0.586448, -1.13607
1.64113, -0.480023
0.22442, 0.802242
1.50733, 0.820042
-1.27991, 1.43386
-0.275049, -0.943022
-0.327741, 0.467635
0.729696, 0.406271
-0.291083, 0.276108
-1.19914, -1.2304
2.02549, 0.584004
0.475761, 0.682179
-1.32625, -0.484703
0.356201, 0.121189
1.91057, -0.513868
0.699639, -0.606303
-1.18007, 1.35198
-0.227461, 0.71643
1.92079, 0.182187
-0.427872, 0.90444
1.84972, 2.06714
1.54393, 1.81589
-1.61966, -1.34161
-0.299098, -1.46602
0.600103, -1.84802
-1.83581, -0.226834
-1.43072, 1.13948
0.678425, 0.379049
1.36979, -1.22625
0.338546, -1.65538
-0.418457, 0.36636
-0.451625, -0.187193
1.25471, -1.07955
1.54282, 0.175041
-0.505357, -0.917476
-1.59959, 1.60577
-0.0544677, 1.77816
-1.14299, -1.15112
-0.452019, -1.53386
1.65899, -1.20122
0.523345, -0.779529
-1.47902, -0.829713
-0.892236, 0.494419
-0.415019, 0.329518
0.676294, -1.38754
0.782125, 1.71913
-1.37563, -1.42301
-0.485377, 1.69521
-1.48327, 1.11841
-0.491566, -0.479786
-0.045162, 0.14029
-0.95606, 1.93312
1.45244, 0.00983213
-1.66633, 1.66873
1.68716, 1.57564
-0.8727, 0.621825
1.84672, 1.77307
-1.7183, -1.28881
-1.36681, 0.271877
-1.16681, -1.2926
-0.234974, 1.3686
-1.98816, 1.61657
-0.480298, -0.554914
0.0575059, 1.53679
1.22571, -0.969277
1.42691, 0.122659
1.68369, -0.687611
-1.45111, -0.541712
0.513213, 0.805361
1.78749, -0.783505
1.34749, 0.496077
0.193462, 1.40639
-0.596519, -0.620078
1.11605, -0.706865
1.93367, 0.45701
-0.391073, 0.372344
-0.501598, 0.939265
-0.591186, -1.3825
-1.19854, 0.486066
-0.817745, -0.448464
-1.15777, 0.463112
0.0394811, -0.439918
0.484207, -1.47228
-1.14707, 0.918812
0.828192, 1.30099
1.38369, -1.51218
-1.62613, -2.04438
-1.88213, 0.701966
-1.59609, 1.70311
-0.611062, 1.73112
0.561201, 1.34185
0.445427, -1.33758
-1.37088, -1.91003
-0.825084, -0.971768
-1.51916, -0.516582
-1.30192, 1.47089
0.698933, -0.363434
0.39087, -0.249118
-2.11038, 1.79679
-0.401648, -0.612027
1.09227, 1.51243
0.369076, 0.347446
0.329476, -1.51947
0.263243, -1.53779
-1.3106, 0.247258
0.420401, -0.0385809
-0.655008, 1.49838
0.443137, -1.17521
0.57085, -0.150652
-0.330379, -1.20908
0.214245, 1.84071
-0.744673, 0.15571
0.570059, -1.05294
0.616104, 0.57981
1.34269, -1.2844
-2.02086, 1.78748
1.35994, 1.55202
1.48046, -0.486562
0.682441, -1.88737
0.411938, 0.523197
1.44864, -1.78892
1.12852, -0.309719
0.676513, 0.103206
1.82177, -0.745516
-1.48529, -0.762906
1.29116, 1.19592
1.80171, 1.68469
0.992551, 1.64344
1.50419, -0.215741
-1.38667, -1.71828
1.78004, -1.52697
-0.344075, -1.4606
1.69919, 0.85184
0.418483, 1.83406
1.77367, -0.499161
-1.60286, 1.78757
-0.568306, -0.634915
-0.727836, 1.26599
-1.29448, 0.703314
1.61868, 0.188057
0.763949, -1.20317
-0.767403, -1.77367
-1.42773, -0.279854
1.82897, -1.7103
1.70353, 0.759157
-0.485164, 1.36328
-0.749955, -1.80822
-1.53419, 0.779399
-0.0113978, 0.313612
1.66221, -1.09425
0.95196, 0.640984
-1.75952, 1.69197
-1.68023, -0.198046
1.60365, 1.1931
0.474598, -0.55615
0.972451, 1.36632
1.01283, -0.541194
-0.993693, -1.2283
-0.933655, 1.50846
-1.43357, 0.936163
0.546858, 0.593865
-1.79986, -1.22756
-1.48541, 0.531037
0.406078, 0.349415
0.0416319, -0.699672
1.80169, -0.278866
-0.101549, 0.450065
1.4144, -1.47791
0.612891, 1.62615
1.71425, -1.71857
1.31698, -1.19689
0.677038, 0.721244
1.65113, 0.21755
0.575116, 1.52218
-0.585802, -0.550172
-0.246309, 0.874748
-1.79909, -1.62686
-0.621533, 0.319159
1.35362, -0.490616
0.419907, -1.40876
-1.09717, -0.528568
-0.710107, -1.30232
-0.620985, -0.7854
0.51846, -0.820085
1.96547, 0.523587
-0.413514, 1.13666
-1.53731, 0.409927
1.15786, -0.87474
1.42106, 0.600357
-0.81404, 0.762896
1.55664, -1.37211
0.368024, -1.82669
1.90914, 1.33952
0.22371, 0.610952
0.643402, 0.344599
-1.23636, -1.25762
0.557266, -0.49485
-0.00349661, -0.355226
0.564316, -1.11836
0.782729, -0.0187762
-0.657526, -1.42809
0.663494, -0.303467
0.854666, 1.35259
-0.758541, 0.576631
1.32271, 0.728949
-0.502442, 1.30706
-0.749191, -1.546
0.103228, 0.650975
0.711344, 0.269123
1.9977, 1.83034
-1.17522, 0.616804
0.635785, 1.30804
-0.698018, -0.178436
0.748118, -0.387324
-1.42016, 0.173934
-1.70498, -0.565501
-0.592099, -1.6686
-1.8346, 0.94091
0.646224, -0.689834
1.5083, -1.15663
1.37185, 0.456859
-0.70766, 0.705617
1.60229, -0.259455
-0.434346, 1.62596
0.960653, 0.488068
0.809363, 1.1464
0.716171, 1.77723
-0.0581096, 1.22622
1.3234, 1.46031
-0.0717087, 1.47341
-0.420318, -0.532719
-0.386094, 1.39202
-1.26954, 1.51596
1.61661, -1.68813
0.448679, 0.296524
-0.175963, -1.5516
0.550543, 0.5793
-1.48963, -1.02202
0.427554, 0.748809
0.717087, -0.275619
0.846629, -1.68011
1.89091, -1.92043
1.98092, -1.49126
-1.11418, 0.826628
-1.0463, -1.33749
0.606741, 1.58984
0.0432365, 1.86688
1.55865, 1.92141
1.19748, -0.51808
-1.49908, 0.573417
-0.349746, -0.578886
-0.620829, -0.679364
-1.2385, 0.975298
-0.610245, 1.49101
-0.123117, -0.0501072
-1.46874, 0.318684
0.958603, 1.4435
-2.07181, -1.69441
1.55608, -1.60601
1.64723, -0.455865
-1.67642, 0.551061
1.22062, -1.3374
0.425365, 1.6422
-0.343138, -1.6604
0.419454, 1.1184
-0.191493, 1.35748
1.62175, -0.466477
1.37073, 1.12245
-1.57984, -1.51493
-1.30615, -1.69121
-0.116613, -1.43953
0.420561, 0.686107
0.836709, 1.67866
0.839176, -1.38096
0.435497, 0.561941
-0.646536, -1.26276
0.783809, 1.9387
-1.26794, 1.55031
1.7354, -1.52395
1.53401, 0.331336
-1.6341, 1.80049
0.775505, -1.71469
1.48531, 0.551109
-1.66265, 1.16166
-1.5424, -1.374
0.401113, 0.704991
-0.708424, 0.988608
0.494209, -1.43845
-1.51364, 1.50953
-1.3994, -0.584681
0.19509, -1.73928
-0.391039, -0.744694
1.67849, -1.83815
-1.92268, 0.902883
-1.30267, -1.66752
0.37317, 0.886644
-0.457997, 1.83158
0.519192, -1.14906
-1.50445, -0.387687
-0.789764, 1.30101
-1.32817, -0.640812
0.244761, 1.46847
0.652557, 0.311201
1.24243, 0.276517
1.47654, -0.467795
-0.340439, -1.54394
-0.419887, 1.15023
-0.785163, -0.954333
0.134416, -1.73935
1.55081, 0.498733
-0.630002, -0.414976
1.52874, -1.74857
-1.76259, -0.936692
-0.0159731, 0.330223
1.56528, -1.83545
0.683135, 0.525875
-0.447443, -1.3125
-1.38043, 1.58217
-1.01995, -0.32763
-1.18014, -0.704221
0.653591, -1.6559
-0.989819, -0.213618
-1.62757, 0.308248
1.31379, 0.443106
-0.213312, -1.58782
-1.51765, 0.414389
-0.0994053, -0.977899
-1.26092, -0.524995
-0.788146, -0.397164
-1.39638, 1.64248
-0.428438, 1.17842
1.30111, -0.403522
-0.395735, -0.383108
0.464181, 1.71955
0.323486, -0.486948
0.688677, 1.49019
-1.48931, -1.61803
-0.765784, -1.67071
0.569939, -1.07623
-1.82714, 0.248194
-0.696446, 0.835833
0.800885, -1.31394
0.83716, 1.76994
0.451448, 1.15987
-1.89329, -1.80333
1.19795, -0.605555
0.631167, 0.478658
1.72375, -1.55324
0.754032, -0.737861
-1.73513, 1.53016
0.473609, -1.39165
-0.344726, -0.138309
-1.01493, -1.02462
-1.4374, -0.253113
1.34614, -1.63202
0.461307, 0.612443
-1.61527, -1.45232
-0.342229, -0.483344
1.21773, 0.0331145
-1.40399, 1.39763
-0.515975, 1.42017
-0.110492, -1.52631
-1.4654, -0.525617
-1.30059, -0.687115
1.49912, -0.630819
1.30282, -2.07042
0.3932, 0.752937
-1.68726, -0.620327
-0.402199, -0.577798
-0.780324, -1.77125
1.3594, 1.45908
-0.0322746, -1.51486
1.06867, 0.280047
0.146091, -1.67786
1.50121, -0.609379
0.487964, -1.47454
0.219362, 0.750629
0.587208, 1.17122
-0.51256, -1.08152
0.148108, 0.766573
0.488967, 1.56442
-1.44758, 1.31031
-2.07043, 1.42497
-0.533957, -1.4094
-1.40244, -1.39095
0.163572, 1.55241
-0.405571, -0.605985
-0.977211, -0.190878
-1.19918, -0.849089
-1.0373, 1.43883
-0.734942, -0.298216
-0.986919, 0.573908
-0.583529, -1.19005
1.56915, -0.445038
-1.77513, 1.51124
-1.728, -0.626587
0.750706, 1.36474
-0.28153, 1.74403
-0.445163, 0.365084
1.84006, 1.72705
-0.685806, -0.0351159
0.346414, -1.61715
1.43092, -0.419172
-1.15658, 1.77904
-0.698064, -1.84919
1.29027, 0.33985
-1.08816, 1.5535
1.39189, -0.477615
1.30133, -1.67864
1.05696, 0.317467
-0.594423, -0.281206
0.725819, 0.444628
0.443662, 0.841564
1.47245, -0.44303
-0.353108, 0.694959
-1.3907, 0.434132
-0.675382, 1.25483
1.64838, 0.412248
1.63666, -0.719317
1.40964, -0.524281
1.66004, -1.10146
1.72492, 0.279125
-0.947143, 1.27596
-0.407487, 0.651349
-1.7896, -0.989417
-1.28397, 0.506809
0.170448, -1.43785
-0.43818, 1.15746
-0.0162767, 0.542924
-0.418731, 1.20616
0.290029, -0.247052
-0.156072, -0.473018
0.270348, 1.18352
1.84794, -0.845045
1.46171, -1.86593
-1.56392, -0.0462861
-0.202337, -0.376546
0.934988, 2.11023
-2.12978, -1.46638
-0.42578, -0.365874
-2.01687, 1.37823
1.31946, 1.01006
1.27138, 0.706183
0.280298, -1.70586
0.561519, 0.454764
1.21912, 0.107409
-0.470762, 1.6821
-1.87872, 0.640918
-1.83969, 1.43256
-1.49534, -1.49631
1.52077, -0.796228
-1.52635, 0.961978
1.7393, -1.61031
-1.4817, 1.27834
0.916988, 0.585665
-1.48677, 0.271953
0.899385, -1.42556
-1.19979, 1.29767
1.92078, -1.20812
-0.787406, 0.433546
0.0994345, -1.25841
0.668025, 0.430555
0.312847, -1.58651
-1.47215, 1.34955
0.637872, 1.17251
1.44539, 0.456206
-0.313572, 1.2192
-0.748564, -0.150038
-1.64037, 0.424527
1.67284, -1.56099
1.92852, -1.48854
-1.08526, 0.442325
-1.06849, -0.356419
1.43799, 0.576374
1.76547, -0.362474
0.756871, 0.647714
-1.53278, 1.09586
0.908934, -1.27242
-0.627472, -1.72148
1.65725, -0.573422
-0.565249, -0.310819
1.73156, 1.27148
1.60011, 1.57336
-1.58738, -0.499851
1.65223, -1.40824
0.527013, 1.73157
-1.52961, 1.27551
0.222395, 0.560991
0.103762, 0.334701
-1.41366, 1.11352
-1.52095, 0.450134
-1.63594, -0.484422
1.26343, 1.72813
0.848089, 1.88435
-0.52529, -1.85962
0.422317, 0.358105
1.83013, -0.523425
0.713784, 0.3094
-0.881329, 0.70162
0.79889, -1.4293
-1.18346, 1.43295
0.466237, -0.663436
-0.0427986, 0.686791
1.35358, 0.19189
-1.75319, 0.411112
1.68445, 0.660396
1.21373, 1.39671
-1.65784, -0.801783
1.48394, -1.77805
1.69205, -1.67104
0.825011, 1.58675
-0.330081, -0.86711
-1.08429, 0.598571
-0.95777, -0.58916
0.356033, 0.308626
-0.470898, 1.15297
-1.2432, -0.641738
0.924116, 1.36149
1.57012, 1.8033
-0.638601, 1.23313
-0.341366, -0.474472
0.415246, 1.03861
-1.29881, -1.43947
0.30421, 1.42704
0.36365, -1.38062
1.77096, 0.143149
-0.449019, -0.71668
-1.50192, -0.465804
-1.50949, 0.251761
-0.334149, -0.391405
-1.37254, -2.05327
1.30314, 0.580035
1.30809, 1.41394
-0.453663, 0.251528
-1.63234, -1.54139
-1.41318, -0.870912
0.400688, -0.582042
0.66811, -1.3832
1.47845, -1.38154
0.0147544, -0.455532
0.461948, 0.741287
-0.518434, -0.520691
-1.22469, 1.38578
0.772791, 1.8272
1.4409, 1.35485
-0.099719, 1.65608
0.118816, -1.4053
0.465395, 0.527916
-1.09053, 0.613194
0.262116, 1.23045
-1.41408, 0.662069
0.92575, 1.36644
-1.47018, 0.207065
-0.57739, -1.50069
1.69054, 1.40571
-0.339837, -1.868
-1.54925, -1.56888
0.526317, -1.33451
1.28315, -0.44097
1.26188, -0.188027
0.554493, -0.55173
1.80452, -0.623634
-0.491201, 0.100521
-0.845827, 0.633605
0.545359, 0.892145
-1.46274, 1.62859
0.676938, -1.41234
-0.569945, 0.384986
1.43307, -0.00198846
1.57809, -1.43796
1.20536, 1.55403
0.919983, 0.665319
-1.88726, 0.598933
0.927598, 0.866235
0.604659, 0.448701
0.9134, 1.58426
-1.57148, 1.28973
1.44186, -1.37083
-1.48593, -0.181741
-0.610809, 1.33656
1.88303, -1.65207
-0.329999, 1.83358
0.653941, -1.38699
0.824116, -0.53492
-0.209473, -1.42273
-0.730957, 1.22688
-1.8643, 0.438672
-1.37809, -0.449125
-0.292783, -0.732815
1.40339, 0.769429
1.45961, -0.396969
-1.54465, 0.281085
-2.0216, -0.660799
0.705162, -0.912573
0.501114, -0.446919
1.34943, -1.56364
-1.42814, 0.873819
1.68986, 1.25959
0.22013, -0.703407
-0.708264, 1.35548
-0.442486, 1.92235
-0.540694, -1.0798
-1.86249, -1.30236
1.49326, -1.45443
1.81203, -0.59929
-0.71015, -0.908505
-0.405644, -1.48002
1.10623, -1.40963
1.37747, -1.43228
-1.04099, 0.235882
-1.84311, 1.03934
-1.87539, 1.56806
1.07361, -0.596367
1.81293, 1.52501
-0.357459, -0.401215
1.48336, 1.58623
0.389221, 0.519111
-0.518198, -1.97627
-1.56841, -0.0766864
1.90187, 0.573571
-0.674293, -1.72566
0.8665, -1.56074
1.64995, 0.0744395
1.47338, -1.85308
0.637616, -0.518657
0.11411, -0.323476
0.0977564, 0.816757
-0.468691, -0.288212
1.2918, 1.55097
0.58342, -0.742766
1.60151, -0.246006
-0.189463, 0.78421
1.32611, 0.659197
-1.61, 1.31713
1.38676, -0.686683
-0.38029, 1.61083
0.130718, 0.337389
-1.31238, -0.612873
1.62236, 0.353032
1.07284, -0.257031
0.212898, -1.09067
-1.54728, 1.3368
-0.797278, 0.459557
-0.267875, 0.254466
0.116557, 0.173705
1.88272, 0.616104
-1.54121, -1.5394
-0.454277, 0.81883
1.45152, 0.51093
-0.718504, -0.258376
-0.675377, -1.45215
0.160453, -0.728766
0.158787, 0.0341935
0.555359, 0.633061
-1.05757, -1.71832
-1.73951, 0.215378
-0.587499, 0.00907158
1.61152, 1.42954
1.54324, 1.6251
0.652005, -1.25813
0.867473, 1.52675
-0.476704, -0.583614
0.357051, 1.55029
-1.30244, 1.72655
-0.528443, 1.5636
0.782697, -0.511995
-1.51289, -0.855119
-1.15833, -0.372507
0.341725, 1.83789
-0.41596, -1.24838
1.37702, 1.59887
1.00346, 1.55746
0.326965, -0.626326
-1.56924, -1.88986
-0.605843, -0.542457
1.47476, -0.800599
1.03979, -0.831904
0.629811, 1.40571
-0.517187, 1.68939
-0.133127, -0.458681
-0.358566, -1.70036
1.27712, 1.63344
0.430556, -0.384439
0.130974, 1.39622
-1.7917, 0.38196
0.569316, 1.39284
1.38598, 1.76843
0.698691, -1.5061
1.58509, 1.61851
1.13031, -0.477488
1.72408, 1.4603
-1.12424, -0.616768
-0.797691, -1.44736
-0.300778, -0.878546
1.50336, -0.610991
0.445907, 1.01115
-1.38423, 1.32255
-1.42575, 1.54252
-1.24257, -0.520476
0.195669, 1.50992
-1.80527, -0.505529
1.5158, 0.730447
1.60127, 1.25573
-1.96382, 0.489935
-0.258961, 0.794844
-1.93614, 0.580236
-0.715262, -0.44377
-0.465936, 1.54959
-0.271423, -0.78563
0.254407, -1.94249
-1.345, -0.672855
0.495578, 1.67118
0.764271, 0.427143
0.791041, -1.31023
-1.80346, -1.67145
1.62364, 0.415461
0.527168, -0.607188
-1.48404, -1.49068
-0.698587, 1.3273
-0.322976, 0.41845
-1.26995, 0.377153
-1.88747, -1.49794
1.42194, 0.282279
1.53262, 0.645142
1.07596, -0.111098
-0.353996, 0.341683
1.79502, -0.400514
-1.66877, 1.37381
-0.713414, 1.36234
1.99437, -0.133476
-1.05111, 1.79557
1.21785, 1.38419
0.415643, 0.255227
0.45073, 1.29854
1.2232, 0.467777
0.244447, -0.114204
1.30663, 1.35527
0.251653, -0.600219
0.936226, 1.45242
0.895689, 1.40349
-0.727681, -0.548677
-0.825088, -1.42152
-1.58156, -0.454809
0.421741, -1.47936
0.374845, -1.33187
0.278576, 1.48222
-1.34293, -0.572475
-1.92316, 1.62914
-1.36293, 0.604724
-0.545278, -0.721051
-1.19632, 1.62121
-0.801701, 1.72168
-0.839385, -0.634319
1.51307, -0.143032
-0.719624, 1.44419
0.507545, 0.744069
-0.643868, -1.44628
-1.27604, 1.70738
-0.697905, 1.21323
0.991048, -0.779987
-0.471175, -1.22225
-0.374839, 0.27423
0.831107, -1.59287
-1.40063, 1.38871
-0.67096, -1.42234
0.794237, 0.708536
1.63098, 1.87517
0.0312248, -1.2538
-1.4094, 0.952112
-1.48659, 0.372513
-0.515506, 0.487689
-1.17593, 1.03947
0.0101807, -1.40893
0.318199, -0.582986
0.412431, 0.635588
-1.68069, -0.188289
0.336997, -1.1421
0.851599, 1.35538
-1.50678, 1.31263
1.38855, 1.39466
1.18386, -1.01102
-1.49459, -1.34569
0.0468112, 0.415708
-0.818655, 0.59889
-0.272993, 1.655
1.73356, 1.51123
-0.351373, -0.420253
1.22911, -1.50312
1.5, -1.00477
2.01953, -0.62517
-1.49096, -0.392314
1.43473, -0.841645
1.76153, -0.35897
-1.39623, -0.833732
1.40263, 1.87396
1.44976, -0.126339
-1.92793, -0.937074
0.597475, -1.76657
-1.36978, -0.46449
-0.643023, -0.547707
2.02953, -0.466843
0.767183, -0.658261
0.212825, 0.775934
-1.88459, -1.35839
-1.49446, -1.65939
-1.21011, -0.171052
1.56236, -2.05767
-0.75378, 0.586328
-1.85714, 0.739164
1.23424, -1.49908
2.32154, 1.71356
1.20988, -0.911026
-1.06092, -0.145138
0.350578, -1.12502
-0.852592, -0.850285
1.27523, -0.608759
1.78435, 0.290593
1.86433, 1.64868
-1.03452, 1.46603
-1.11312, -1.70658
-1.27669, 1.30325
0.6796, 1.41034
1.38244, 0.439214
0.408688, -1.40979
-1.46292, -1.84904
1.5738, -0.108921
-1.13087, 0.385086
-0.183242, -1.75623
-1.09891, -0.395624
1.62375, -1.09918
-0.327859, -0.262923
1.27375, 1.13104
-1.36556, 1.4744
-1.4177, 0.577203
-1.22133, -1.58582
-0.344231, -1.77038
-0.325419, 1.24609
1.74712, 0.534198
-1.51826, 0.42271
0.299002, 0.834814
1.19477, -0.896831
1.33023, -0.305878
-1.47849, 0.402292
-0.656635, 0.372983
-0.762832, -0.727005
-0.539581, -0.0797455
1.80128, 1.63152
-1.71901, 1.32927
0.149991, 0.697422
0.332117, -1.97153
-1.43674, 1.52107
0.86057, -1.55342
0.219226, 0.625875
-1.42676, 1.00296
-1.75886, -0.245993
1.45635, 1.67351
1.39307, 0.529694
-0.601963, -0.683247
-0.220298, -1.69482
0.463937, -1.09231
0.264203, -1.75745
-1.39533, 0.696328
0.345027, -0.742515
-0.788901, 1.61612
-0.686253, -0.464313
-0.338818, 0.890609
1.99207, -0.416034
-0.42008, 1.64129
-0.772777, -0.134937
1.17511, 0.0269202
0.102856, -1.5783
0.614593, 0.402075
1.73188, 0.939992
1.07176, -1.45594
1.9618, 0.174018
-1.16128, -0.292998
1.0367, -0.77482
0.333897, 1.28143
-1.41063, -0.668663
1.67284, -0.428028
-1.01476, 1.59489
0.715463, -1.32695
0.0783129, -0.938667
-0.351034, 1.25699
1.70938, -0.815126
0.464701, 0.64632
0.289045, -0.341732
1.85453, 0.750092
-1.48078, 0.241187
-1.75534, -0.0544028
0.636795, -0.587588
-0.4129, -1.83782
0.343069, 0.156079
-0.708599, -0.435594
-1.75493, -0.545623
-1.13846, -1.43653
0.398563, 0.136914
-1.60168, -0.269169
-0.262151, 1.34408
1.53406, -0.747313
-0.68258, -1.31842
0.514295, -0.187623
0.399391, -1.91309
0.356074, -0.955358
-1.12498, -0.267054
-1.56364, -0.360704
1.51036, 1.77012
-0.904003, -1.32974
1.6144, -1.84568
-1.17428, -0.0111299
0.79387, 0.624686
0.273553, -0.0975856
-1.43373, 1.19478
-0.482313, 1.25663
-1.41495, 0.782037
1.89697, 1.49381
-1.57688, -0.550866
1.27921, -0.0967778
1.50312, 0.567712
0.702911, -1.36885
-1.52734, 1.38471
1.43896, 0.578704
1.31068, 0.768022
-1.5289, 0.325284
0.80269, -0.600121
-0.335537, 0.0125712
0.536201, -0.778817
-0.20381, -0.421149
1.32296, -0.820791
-1.62751, -1.66134
-0.467903, -0.485545
0.633853, 1.63711
-0.611073, 1.75683
-0.29718, -0.411013
1.81352, -1.27434
1.57726, -1.24977
1.08674, -1.73187
1.52595, -0.523435
1.01084, -1.64802
-0.354155, 0.676114
-0.394071, 0.924085
1.64772, -0.437934
0.352106, -0.845499
-0.880165, 0.656672
-1.67812, -0.248034
0.52761, -1.51416
-1.82377, 1.47831
1.11013, -0.0185876
1.0818, 1.67311
0.014601, 0.663374
0.150333, -0.321301
-1.74889, 0.750781
-0.397288, -1.35444
0.155995, 0.106373
0.369286, 0.113903
1.38622, -0.65679
1.28043, 1.9989
-1.52607, -1.61618
1.29349, -1.78143
-1.70892, 1.60548
-0.22353, -0.657188
-0.656495, 1.02016
-0.224212, 0.472075
1.23852, -0.456605
-1.28414, 0.316538
-1.30254, 1.22445
0.57016, -1.91431
0.58795, 1.24984
-0.390262, 1.33457
-1.56073, 1.35576
-1.42925, -2.10794
1.5348, 0.402079
-1.56531, -1.61966
-1.36734, -0.724617
1.18016, -0.0890616
-0.250112, 0.882912
0.014208, -1.55495
1.30701, 0.180852
1.43026, -0.78324
-1.111, 0.281151
-0.546867, 1.13001
1.39128, 1.44829
-0.259761, 1.02314
1.29793, 0.363274
-1.50498, -1.52645
-0.511681, 1.43267
-1.3745, -1.66153
-0.442918, -0.342119
-0.151987, 0.60271
0.668841, 0.36593
-1.15518, -0.706529
-1.25932, 1.11984
-0.999626, 0.429685
1.78555, 1.24155
-0.128946, 0.489606
0.658268, 0.42683
1.46003, 1.78952
1.96803, -1.4283
-1.80657, 0.748511
-0.560366, -1.12542
-0.570459, 0.747562
0.397891, 0.464719
0.596386, -1.58522
-0.705004, -0.13051
0.901528, 1.36426
-1.18161, 1.84443
-0.0552823, 1.40072
1.51774, -0.681583
-1.91809, 1.21719
-1.03412, -1.43408
-1.57064, 0.560332
-1.63876, -1.74023
-0.534524, -0.439757
-1.12089, -0.626791
0.337475, 0.528338
-1.67462, 0.848317
0.115665, -1.32474
0.602105, 0.535139
0.0939814, 1.55881
-1.6759, -1.76547
0.693297, -0.209574
0.217064, 0.208449
-0.443886, 1.58886
-0.386403, -0.370053
0.139526, 0.110421
0.756787, 0.439685
0.759411, 1.88587
-1.30947, -0.87155
-0.78512, 0.695014
1.34695, -1.57766
0.919081, 1.04214
0.871332, 1.55542
0.275785, -1.59112
1.55035, -0.762422
-1.85633, -0.693913
-0.207905, 1.77067
0.493895, -0.433912
-0.452271, 1.25277
-2.06528, 1.32659
0.51407, 0.386839
-1.67325, -1.47041
-0.386316, -0.382509
-0.649261, -0.672527
-1.77863, 1.59693
-0.438919, 1.6925
0.979508, -1.32816
-1.52063, 1.68252
0.600564, -0.0743102
-0.221974, 1.51522
0.617882, 1.27929
0.70345, 0.750927
-0.623518, -0.114318
-0.435236, 0.487793
-1.50395, -1.2699
0.216778, 0.13976
0.321164, 1.42161
-1.55262, -0.427308
1.37759, -0.305511
-1.77874, -0.376074
-1.63056, -0.0659997
0.0948132, -1.10454
-1.70181, 1.64042
1.74592, -0.364083
1.47743, 1.14693
-1.45869, -1.80258
-0.458549, 0.781727
-0.323312, -1.32804
-0.780739, -0.689984
1.39313, 1.51845
-0.591763, -0.725974
-1.22945, -1.54554
1.8688, -1.35845
1.72049, -1.38371
1.58809, -0.245174
1.01746, -1.52306
0.294588, 0.402849
0.683354, 1.52188
1.57807, 0.364237
0.509563, -1.47231
-0.65359, 1.19707
1.92699, -0.583786
-1.27598, 0.413165
-0.409099, 1.40932
-1.35759, 1.26255
-1.84715, 0.526462
0.526413, -1.4377
-0.542892, -0.596397
0.327951, 1.78342
1.59482, 1.50162
-0.978843, 0.866991
-0.011341, 1.70308
0.842954, 0.285879
1.42744, 1.94565
-0.713608, -1.53951
-0.642721, 0.373642
0.587244, 1.42119
0.175901, -0.65923
1.20639, -1.25003
1.84666, 1.34322
-1.67586, 0.601286
1.55077, 0.396215
1.95721, 1.5605
-0.509189, 0.162403
0.309171, -1.77209
0.654904, 0.486305
-0.421086, 1.56304
1.35782, -1.09828
-1.19782, -0.634486
-1.51036, 1.74249
0.249629, 0.621223
0.124493, -1.62846
-1.54569, 0.397838
0.674095, 1.77662
1.42562, 0.738208
-0.199768, 0.669563
-1.36043, 1.73061
0.541764, -0.478927
-1.68255, -0.573715
1.9954, -1.36365
0.660956, 0.682227
1.79377, 0.495993
-0.819252, -1.30579
1.60056, 1.3547
-1.2007, 1.35585
1.60173, -0.528726
0.0620122, -1.0848
1.94938, -1.45623
-1.84956, 0.673733
-1.04118, 1.05557
1.67434, 1.68798
-1.40488, 1.64108
1.55573, 1.17088
0.413164, 0.317607
0.774623, -1.68299
0.193854, 0.560585
-1.57839, 1.06124
0.568917, -0.6959
1.38859, 1.46307
-0.81304, 1.81244
-0.457183, -1.09483
-0.445168, 0.585926
0.514045, 1.56777
-0.493067, 1.17925
-0.136567, -1.32517
0.145859, 0.826206
-1.79256, -1.16703
-0.603552, 0.526142
0.173756, -0.699924
0.284588, 1.67059
-0.670469, -0.576221
1.60079, -0.47595
-0.268083, 0.541895
0.164437, -0.490333
0.771158, -0.657752
-0.376626, 0.38365
1.4908, 0.42373
0.198857, -0.328243
-1.31424, -1.72267
-0.607628, 0.399504
1.53434, -1.02945
-1.54509, 0.362108
-0.190801, -0.934559
0.200361, -0.764717
1.34088, -0.564402
0.223704, -0.926279
-0.707719, 0.59925
0.388813, -0.272203
-0.825744, 0.511319
-1.39687, -0.654578
-1.5688, -0.142728
-0.52051, -0.893
-0.600699, -1.46162
-0.492299, 0.951599
0.499498, 1.48856
0.836637, -0.714718
0.529604, 0.294695
0.644792, 0.900728
1.51011, -1.74717
-1.54615, 1.63863
-0.586067, 2.00158
1.0365, 1.6011
1.62753, 0.68828
0.557736, 0.0483477
-0.163019, 0.67057
-0.312525, 0.293705
1.55086, -0.589467
-0.764018, 1.54927
1.1527, 1.478
-0.571465, 0.589327
0.517348, -1.50755
-1.07714, 0.0597982
-0.0549779, -1.68859
-0.430915, -1.51143
1.4092, -1.45556
-1.95736, 1.6444
0.444488, 1.4205
-0.579011, -0.325085
-0.927047, -1.1307
1.37659, 1.15434
1.57562, 0.48922
1.63761, -1.72122
-1.27442, 0.52466
0.333317, -1.78756
1.56775, 0.30317
0.636399, -1.76802
-1.11428, -0.608334
-1.38602, -0.656559
1.53355, -1.10297
-1.74072, -1.95575
0.223426, 1.23041
1.19263, -0.450104
1.78175, 1.25006
-1.37975, -1.03053
1.47546, 0.704727
-0.624502, 0.792704
-1.4982, -0.682068
1.62449, -0.658665
0.0953345, -0.703528
0.917862, 1.46557
0.460077, -1.48667
-1.08811, -1.80217
-1.51065, -0.481806
1.45356, 0.626263
-0.714277, 0.464193
0.526361, -1.36521
-0.510934, 0.622509
-1.58078, -1.1784
-0.460301, -0.651155
-0.196313, 0.592577
1.60326, -0.216586
0.367109, -0.650773
-0.650974, -1.51212
-0.532643, 0.116783
-0.459067, 0.181567
0.406577, -1.42406
-1.85739, -1.61438
-1.32184, -0.456228
-1.22536, -0.414499
-0.138856, -0.435224
-0.705467, -0.498275
1.5685, 1.75848
0.205849, -0.156464
1.81112, -0.0816955
0.476975, -0.414119
-1.61684, -1.37328
-0.249438, -0.631928
1.27079, -1.66967
1.12647, 0.224296
1.91258, -0.131945
-1.44304, -1.41669
1.41555, 0.204189
-1.5566, 1.47322
0.623859, -0.326338
-0.252552, -0.0992714
1.27849, 1.38858
1.21973, 1.4834
0.181857, 0.702331
-1.69493, 0.558215
-0.631195, 1.24346
-0.0815553, -0.775263
0.608039, -1.483
-0.739532, -1.60541
0.585598, -0.442618
-1.42426, -0.57755
-0.546199, 1.88684
1.20741, 1.89393
1.7373, -1.58003
-0.422536, 1.37413
1.25952, 1.51109
-1.41137, 0.388934
-1.45011, -1.42003
1.58608, -0.310336
1.31687, 1.26613
0.870487, -1.57142
-0.784186, 1.45666
-1.48421, -1.12177
-0.437232, 0.903722
-1.4322, 1.67199
-0.0693013, -1.58456
0.0762159, -1.74515
1.62652, -1.45488
0.49141, 1.4153
-1.2339, -2.03176
-0.623661, -0.626147
0.66284, -1.15472
-1.80384, -0.714418
1.74375, 1.55871
0.467866, -0.892328
-0.561791, 1.45874
-1.25417, -0.454114
1.14129, -1.61162
1.88709, 0.630073
-1.33763, 1.40187
-0.493982, 0.581719
-1.7006, 0.625701
-0.192147, -1.30042
1.23252, 1.71172
-0.362084, -1.5241
1.35723, 0.729705
1.62068, 0.361539
1.80302, 1.77399
-0.430323, -1.9128
1.26022, -1.39859
-0.720551, 0.513912
-1.51212, 0.155308
-0.296748, 0.207846
0.0312412, -0.814023
0.309975, 1.57989
-1.37579, -0.583837
-0.838102, -2.05385
1.42065, -0.48147
1.55566, -1.74718
2.04509, 1.49666
-0.202376, 1.77562
-0.990097, -0.762733
1.32903, 1.59596
-0.626391, -0.671593
-0.450647, 0.274188
-1.23136, -0.313117
0.380517, -0.744489
0.630744, -1.66453
-0.840265, 2.01465
-0.903489, -0.291436
-1.73134, -1.71409
0.47788, -1.42268
0.255296, -1.65969
-1.37386, -0.114841
-0.188464, -0.500142
0.648764, 0.297402
0.381252, 1.33391
0.550609, -0.476546
-0.580369, -1.66752
-2.02561, -1.31249
-0.171353, 1.43185
1.21118, -0.0389432
-0.770904, 1.87325
1.50039, 1.19468
1.76239, 0.0895332
-1.79393, 0.626265
-1.43983, 1.33779
-1.73029, 1.3871
0.50115, -0.127735
1.43286, -1.77363
-1.41698, 0.936918
-0.397891, 0.612432
0.927447, -0.503279
0.310575, -0.48982
-1.48242, -1.27074
0.158233, 0.469262
1.17634, 1.86506
-0.374002, 1.64167
0.189006, -0.685402
-1.72011, 1.15695
0.478133, -0.521706
-1.60514, 1.61214
-0.305059, -0.630567
1.42834, 1.28871
-1.69205, -1.59447
1.25586, -1.56523
1.7066, -1.83293
0.670044, -0.331209
-0.692595, 0.45129
-1.77913, 1.68625
-0.573261, -1.14615
1.55161, 0.37631
1.24691, 0.0034182
0.430097, -0.501465
-1.41646, 1.20667
1.75863, -1.68174
1.40526, -1.02413
-1.68331, -1.40545
-0.618903, 0.46523
1.82166, -0.552347
-0.155876, 0.610055
-1.47708, 1.18917
-0.888487, -1.36197
-1.31147, 0.0603726
-1.45366, 1.66092
-0.597358, 1.41734
-1.34596, 1.77711
0.343503, -1.57677
0.463194, 1.22301
0.0228588, -0.858909
0.112369, -1.64917
0.386795, -0.137568
-0.725384, 0.793896
-1.67281, 0.21904
-0.714305, 1.199
0.772409, 0.437557
2.26186, -0.311455
-0.303932, 1.20587
-1.12615, -0.99495
-1.60928, 0.38563
-0.513603, 0.137109
0.334452, -1.9577
1.0593, -0.30504
1.60255, 1.612
1.67103, -0.485342
-0.159799, 0.643157
-1.62921, 0.543739
-1.27376, -1.47754
-1.36394, 0.498188
-0.423567, 1.38356
0.526491, -1.88195
-1.20344, -0.757468
-1.90906, 0.296696
-0.505474, 1.34657
-0.52954, -0.855116
-1.47842, -0.168697
-0.567902, -1.51442
1.77041, 1.2343
-1.55973, 1.5133
-0.353312, 1.04119
0.6464, -1.33042
-1.55846, 1.58337
-1.78326, -0.333386
-0.446466, 0.628934
-0.717805, 1.81779
-0.28688, 1.5852
-0.31123, 0.413567
-1.24954, 1.51855
0.774631, -1.54838
2.08995, 1.28961
-1.90806, -1.12518
-1.57472, 0.487988
1.09983, 1.64461
-0.653589, -0.694763
-0.150721, -1.78926
0.770554, -0.382139
1.5142, -1.96184
-0.638607, -1.54777
-0.646134, 0.663384
-1.98621, 2.13568
1.6973, 1.40659
2.03923, -0.454496
-0.384756, -1.40789
-0.248161, 1.83834
-1.32048, -0.522181
-0.656918, -1.57796
1.77092, 1.90459
-1.55595, -0.460668
0.48521, 0.435196
1.22035, 0.11763
0.686621, -0.541381
0.14179, -1.32878
0.564519, 1.32545
-0.88185, 0.202752
0.670361, 0.408006
0.332878, 0.225045
1.38173, -0.0727134
0.203024, 0.579588
-1.32456, 1.68926
1.52663, -0.644821
-1.72025, 1.17068
-0.564063, 1.48595
-0.0686619, -0.108024
1.78518, -0.98292
-1.49231, -0.739388
1.06483, -0.16331
0.581828, 0.601744
0.939727, 0.89392
-0.277482, 0.16465
-0.646339, -0.530007
-1.51008, -0.0790743
-0.355087, 0.263624
-0.30261, 1.52124
1.40696, -1.82981
-0.080872, 0.541432
1.2721, 1.28563
-1.69351, -1.33012
1.58999, -1.90171
-1.63701, -0.338657
-1.65945, 0.427691
-0.140596, 1.24674
0.816571, -1.61386
-1.3511, 1.68324
-0.409995, 0.772867
0.230696, 0.507478
2.18815, -0.038273
-1.73156, -1.37116
0.281572, -1.79143
1.72655, -0.556181
0.590724, -1.70755
0.299082, 1.33748
-0.574098, 0.430261
1.34746, -1.63461
0.257599, -1.78492
-0.667744, -0.594218
-0.109802, -0.571516
-1.14994, 1.97282
0.309114, -0.492164
1.57933, 0.27119
0.853844, -1.83225
1.82795, -1.56385
-0.80382, -0.96487
-0.595197, -0.535321
-0.233739, 0.694055
-2.11891, -0.386051
-0.475924, 0.822086
-0.696334, -1.40323
0.597349, -0.537648
-0.584776, -0.468857
1.5161, -0.329843
-1.30614, 2.11923
-1.25052, 0.510986
-1.52699, -0.672669
0.338865, 0.474901
-0.637541, -1.14547
1.71032, 0.547969
-1.64678, 0.30132
0.647142, 1.76138
-0.612644, 0.651912
-0.436608, 0.173859
1.45183, -0.463759
-0.786277, -1.03931
-0.493214, -1.69258
1.58189, 1.46444
0.47584, 0.227912
1.42349, 0.299139
-0.215427, -1.17803
0.187445, -1.78283
-0.368724, 0.581416
0.155846, 1.57945
1.76404, -1.8382
0.618814, 0.636087
1.61931, -1.50709
-0.25497, 0.3578
1.68169, -1.39976
0.264974, 0.672222
0.408749, -0.598269
1.60913, 0.477048
1.3244, -0.360096
-0.240953, -0.412571
-1.2808, 0.504175
1.28801, 1.54246
1.47431, 0.62531
0.06404, 1.52731
-0.434978, 0.831215
-1.72611, -1.51256
0.395361, -1.23311
-1.62144, -0.134108
-1.59254, 0.690287
-1.55324, 1.28913
-0.478472, -1.2276
0.66651, 1.61408
1.21552, -0.639577
-1.71977, -1.27496
1.60242, -0.522267
1.56351, 0.345456
-1.37645, -1.37325
0.536863, 1.57001
-1.40839, -1.10513
-1.80434, 0.554155
1.00463, 1.65152
-1.59501, 0.299211
0.763097, 1.12444
1.5683, 1.56328
-1.54012, 0.623809
0.705408, -1.90241
-1.92303, -1.45755
-0.647836, -1.34287
-0.805045, 0.487877
0.755623, -0.195043
1.52938, -0.937382
0.548391, 0.733367
1.68776, -0.516199
-0.442769, 1.41845
0.396129, -0.355047
-0.524408, -0.370662
0.784862, -0.177102
1.51693, -0.284093
1.55572, -1.03858
-1.4294, -1.92032
-1.50357, 1.3931
-0.456859, -0.339374
1.54848, 0.722007
-2.01767, 0.252489
1.18482, -0.635598
-1.59274, -1.44462
1.40565, -1.31484
-1.1064, 1.1625
-0.397952, 0.261047
-1.5956, -1.25689
-1.39837, -1.18361
-0.0180925, -1.55944
0.513877, 0.302637
1.19638, 0.223646
-0.421907, 0.6848
-0.801333, 1.47278
-0.339303, 1.43027
1.31525, -1.55668
0.237197, 2.15389
1.58247, 1.08868
1.76132, 1.54979
0.772396, -1.56233
-0.569368, -1.14421
-1.60247, -0.46954
-1.70546, -1.31588
0.779291, 1.29775
-1.29306, -0.246805
-1.33333, 1.79066
1.41941, 1.62892
-1.82597, 1.53015
-1.15324, -0.0829542
1.37666, 0.707927
0.594575, -0.35156
-0.68932, -1.55027
-0.387797, -0.573306
1.62263, -0.298967
0.759803, 1.66273
0.937656, 0.81327
-0.857332, 0.843254
1.22678, 0.292721
-0.544859, -0.223368
0.503245, -1.99632
-0.382633, 0.479081
1.29759, 0.959564
1.59075, -1.55661
0.426473, -0.0115782
1.45043, 1.63029
1.40373, -0.300193
1.03574, -0.606008
-0.739241, 0.521554
0.864584, 0.393174
-1.40387, -0.510677
-0.176598, 1.33394
-0.747689, -0.144157
-0.0575793, -1.56483
-1.33545, 0.426144
-1.58273, 0.150012
1.70947, -1.66663
-1.52714, -1.72427
0.696876, 0.376509
-1.54401, -0.350205
-1.33947, 0.396753
0.752568, 1.38893
-1.40328, 1.73357
0.379083, -1.49921
0.649287, -1.37049
0.0356808, 0.25484
1.38505, -1.71736
-0.327678, -1.78123
0.441339, 1.39359
0.487968, 1.89294
1.38326, 1.59016
-1.99054, 1.73233
-1.44723, 0.616185
-0.382315, 0.421125
1.48254, -1.11474
-0.253937, -1.43422
-1.73239, -1.80933
-0.781621, -1.62212
-1.31871, 0.906207
0.706741, -1.38214
-0.672121, -1.79385
1.23508, -0.652644
-1.59153, -1.39331
-1.58426, 0.389739
-1.48952, 1.97551
-1.41517, 1.59145
-0.301828, 1.43687
-1.59623, 0.275629
-1.86693, -1.60626
-0.383524, -1.38337
-0.443233, 1.89348
1.20698, -0.603572
0.825038, 1.23777
0.023074, 1.38586
0.0525929, -0.554935
-0.277091, 1.27166
1.55814, 1.07385
-1.2371, 1.48487
0.393952, 1.85545
1.80225, 1.75396
-1.35702, 1.63486
0.247708, 1.61512
0.489125, -1.51372
1.45025, 1.20604
-0.0314125, -1.53418
0.582751, 1.50882
1.31263, -1.45713
-0.00127253, 1.10186
0.569565, 0.170394
-1.7176, 1.61948
-0.050655, 0.73006
0.591681, -0.198678
0.675194, -0.422587
-1.70489, 1.37861
-0.319541, 0.317431
1.34368, 1.82354
-1.48702, -1.33137
1.42412, -1.60143
-1.81642, 1.36392
1.43002, -1.55643
-0.648669, -1.21812
0.623691, 0.445697
-0.0683037, -1.42538
-1.6509, -1.19194
1.39912, 1.45257
0.225693, 0.81828
1.40036, 0.383029
-1.55013, 1.55471
1.23339, 1.10246
0.632863, 0.752982
-0.675311, 1.9698
0.726429, 0.165289
1.96268, -2.17016
-0.664095, 1.43842
-0.330845, 0.490463
1.3902, 0.4478
1.38005, -1.53109
0.691235, -0.542391
-0.485413, 0.6939
1.51616, 1.3164
-0.278585, -0.178668
1.19119, 0.924021
-0.0113662, 0.612806
-0.797954, 1.48665
0.45823, 0.47132
-0.325776, -1.76464
-0.548157, -1.23043
-1.27395, -0.0785974
-1.15571, 0.957247
0.535027, 0.231414
-0.84323, -1.41827
-1.00603, -1.59513
0.342255, -0.892567
-1.73154, 1.52538
-0.448227, -1.73893
1.51567, 1.42942
1.59446, 1.6049
-0.560039, 0.432991
-0.805196, -0.721034
1.51297, -0.273815
0.485361, 1.40821
1.0885, 0.417957
-0.957634, 0.2725
1.5258, 0.855448
-0.438084, 0.768694
1.4199, 1.39845
1.49356, 1.64105
-0.438575, -0.489137
0.976075, -1.25021
-2.06338, -1.68109
-1.31305, 1.38564
1.34978, 0.506825
1.59985, 1.18406
1.26807, 0.104527
-1.65591, 0.252973
0.681911, -0.721612
1.77026, 0.45544
1.44386, -0.322774
1.0459, 0.880134
0.33691, 1.42599
1.42136, -1.77604
-1.47766, 0.478907
1.50813, -0.550438
-0.653918, 1.68626
-0.482835, 0.498573
0.572944, 1.66194
-0.586268, 1.16106
-0.71472, 1.78798
0.884346, 0.820071
-0.929941, -1.655
1.5821, 0.620139
1.93969, 1.42281
-1.94489, 1.61098
1.2751, -0.173628
0.387778, -0.999285
0.391391, -0.530972
1.61358, -1.87436
-0.236896, 0.411996
-0.794368, 0.199208
-0.71801, -1.71159
-0.430238, -0.733809
0.287468, -0.261759
0.54366, -2.27999
-0.590502, -0.111085
1.61092, -1.04271
-1.55287, 0.488895
0.581096, -0.915495
0.606805, -0.182951
-1.41211, 0.615685
-1.86719, 1.20581
0.753492, 0.528744
-0.368817, 0.627151
-1.63295, 1.20272
1.73159, -0.42029
0.361075, 1.5
0.479917, 1.33475
-1.2246, 1.51134
0.406688, -0.423977
1.25511, -1.93192
-0.829283, -1.65113
-1.0655, 0.893799
1.70935, 1.37283
1.22548, 0.862563
-1.51497, -1.48259
-0.612139, 0.624579
0.279636, -1.4288
-1.76391, -1.81505
1.25111, -1.71777
0.729418, -0.608318
-1.59108, -1.21458
0.285251, 0.671981
-1.04054, -1.7287
1.46107, 0.609285
-1.37156, -0.672324
-1.54963, 1.35777
-1.34239, -1.46419
1.6864, 1.65325
1.68161, -0.205581
-1.79834, 0.646791
1.59798, 1.68665
-1.81349, -1.64441
-1.44401, -1.82526
0.501953, -0.29128
1.72518, 1.34365
0.511322, -0.574667
1.48138, 1.57626
-1.43853, -0.613526
0.508836, -0.302739
-0.882827, -1.7377
0.0883087, 0.454346
-0.463785, -1.67437
-0.439114, 1.41429
-0.629531, -0.443771
0.0930484, 0.500021
0.481065, -0.557164
1.16429, 1.36957
-0.447011, -1.20953
1.5941, 0.444704
-0.363448, -1.52185
-0.504755, -0.610053
1.6229, -0.322746
-0.695818, 0.684211
-1.47876, -0.856615
0.518912, -1.26152
1.60089, -1.85534
-1.69588, -0.705026
1.63577, -0.527567
-1.78933, 1.79905
-0.509203, 1.64524
0.330933, 0.47451
0.624775, -0.762187
0.960856, -0.596908
-1.38692, 0.521029
1.18173, 0.510463
-1.52649, 1.03927
-1.14596, 0.53613
-1.39216, 1.44555
-1.69406, 0.178298
1.32337, -1.62522
-0.695551, -0.62917
-0.296139, -0.524933
0.252127, -1.66611
1.48701, 1.48077
1.74311, -0.452901
-0.6629, 1.42931
1.57098, -0.347699
1.57303, -0.853762
-1.55374, 0.119541
-1.18926, -1.77331
1.4131, 0.655943
0.591757, -0.289451
-1.71258, 0.762696
-1.12961, 0.778284
-0.200129, -2.0036
-1.08594, 0.0512694
-1.29249, 0.883103
-1.69326, -1.41103
0.267814, 1.75517
-0.301292, 1.67516
1.66809, -1.50174
-0.557776, 1.98532
1.6056, 1.64507
-0.575394, 1.60316
-0.781733, 0.484198
0.617691, 1.55307
2.16393, -0.903542
1.71437, 0.42872
-1.70962, 0.403723
-1.23562, 1.8557
-0.907097, -1.01464
1.43583, 0.448838
-1.58927, -1.79255
-0.423996, -1.42523
1.61419, 0.677472
0.599906, -1.72827
-1.73625, 1.68867
1.13856, 0.637965
-1.50815, 0.409553
-1.15941, -1.22365
0.680939, -0.3023
-1.32632, -0.553447
1.66533, 1.54542
1.90181, -0.519898
1.22567, 1.3395
-1.60157, -1.28175
1.86656, -1.09413
-1.40283, -0.164549
1.48364, -0.698373
-0.221389, 0.365463
-1.72524, -0.444287
-1.5024, -1.43461
0.523773, 1.44653
1.60385, 0.00587286
0.710107, 1.23049
-0.0721804, 0.658056
-0.545018, 1.46689
-0.717766, -1.15678
-0.218481, -1.68592
-1.46368, 0.647214
-0.860331, -0.340716
1.76121, 0.398066
0.521685, 1.25239
-1.62174, -1.60407
-0.431366, -1.38576
1.67408, 0.467305
-1.61898, 0.434757
-0.105795, -0.36834
-0.677746, 0.436709
0.586077, 0.0976026
-0.0511881, 0.564311
-0.425302, -0.93082
-1.29033, -0.132596
-1.63225, -0.691342
-0.467061, -1.12997
0.818877, 0.694555
0.519957, -1.41421
1.61777, 0.451574
1.04765, -0.614816
-1.50917, -0.268599
0.651676, -0.70891
-0.156117, 0.370396
-1.07614, -1.52265
-1.73242, -1.57317
0.25699, -0.393062
-0.634653, 0.313428
1.35092, -0.143648
-1.59484, -0.731629
1.31973, -0.337804
1.7982, -1.01781
1.96767, -0.631118
0.717852, 1.84334
-0.514157, -1.12986
-1.79413, -1.47831
0.119755, 1.18688
0.487959, -0.134622
0.525118, 0.0926297
-1.19434, 0.450919
0.0392387, 0.574584
-1.75365, -0.291968
-1.30833, 1.68145
1.56588, -1.45102
-0.194734, 1.5466
1.74472, -1.37694
-0.525406, -2.01966
-1.69584, -1.96086
1.01986, 0.32421
0.99866, -0.789634
0.420908, 0.570982
1.633, 1.67069
0.477529, 0.318446
1.43799, -0.251539
0.515728, -0.437792
-0.899947, 1.70501
1.66488, 1.71236
0.286854, 0.80905
0.687718, -0.762752
-1.14178, -1.64534
0.219432, -0.33651
-1.33573, -0.514904
-1.62491, -0.726572
-1.59117, 1.75779
1.54152, -0.360314
0.707805, -0.611869
0.216171, 1.51614
0.340361, 0.406782
1.52127, -1.50735
-0.518178, -0.0804312
-0.0534108, 0.449465
-1.2524, -0.328689
1.68905, 0.457429
-0.4989, -1.43031
0.44643, -1.05037
1.46628, 1.61668
-1.39867, 1.62027
-1.64806, 0.651428
-0.556559, -0.625455
-0.763807, -0.52487
-0.410059, -0.221478
-0.704515, 1.39307
-1.4146, -0.909083
-0.601238, -0.761587
0.377758, -1.72906
-1.45755, 0.487535
-0.459429, 1.68743
1.51015, 0.422759
0.616783, -0.273589
1.46603, 0.71449
1.7755, 0.923103
-0.0143541, 1.54772
1.34014, -1.62591
-1.71781, -1.61135
-1.6162, 1.0912
-0.278309, 0.809803
-1.6183, 0.304963
1.58839, -0.46374
1.35266, -1.4731
1.60834, 1.69991
-1.5895, 1.48538
-1.13797, 0.0865237
-1.55814, 1.32646
-0.382245, -0.595717
-1.38448, -1.40035
0.265729, 1.98526
0.544117, -1.224
-1.55025, -1.47778
0.387206, 0.89996
0.346623, -1.15779
1.29166, -0.565275
1.51148, -1.33678
-1.3967, -1.79684
-0.694726, -1.26455
-0.388045, 1.321
-1.24335, -1.42317
1.0145, 1.38566
-0.416381, -1.03811
0.204724, 1.26918
1.64953, -1.48763
1.60412, 1.70443
-1.73979, 0.379013
1.20938, 0.611583
-0.948922, -0.28929
1.39681, -0.364892
-0.873692, 0.495373
1.67833, 0.611055
0.125024, 0.354631
0.62571, 1.52483
-1.4615, 0.404384
1.059, -1.30605
0.874982, -0.578179
-1.89485, 1.68551
-0.327481, 1.52466
1.74492, -0.344183
0.515445, -0.584509
1.37929, -1.2211
-0.53131, -1.69968
-0.82423, 0.745521
0.0862816, -0.373911
2.04749, 0.265206
0.992557, -1.83009
1.42508, 0.64196
-0.0742208, -0.261239
0.981612, -0.625941
-0.157863, 0.27013
0.686768, -0.361477
1.2477, 0.595605
1.56432, -0.405051
0.59993, 0.447471
1.76735, -1.74034
-1.31268, 1.12261
-1.41651, 1.44139
1.10707, 0.417453
-1.44183, -0.919694
-0.743258, 0.319502
-1.37397, -1.42957
-0.334436, 0.266496
0.295151, 1.32908
-0.592986, 1.60002
-1.44925, 0.559948
1.26702, -1.31986
-0.71524, -0.381206
0.451933, 0.951727
1.6133, -0.610858
-1.63324, -0.65875
0.164984, -1.99656
-1.7096, 1.61435
1.93243, 0.53821
-1.03154, -1.31171
-1.23283, 0.44946
-0.679363, 0.551164
1.53091, -0.693758
1.67585, -1.22964
1.58837, -0.846027
1.41217, 1.77162
1.56518, 0.70972
-1.3049, -1.02926
-0.662874, 0.365238
0.819884, 1.40121
0.509016, 0.970383
-0.704667, 0.545193
0.311818, -0.328039
1.58511, -1.84614
0.567327, 0.612271
0.514949, 0.537743
-0.886642, -1.99201
1.43591, -0.0768614
-0.182051, -0.216147
1.17488, 0.537808
-1.2289, 0.603125
-1.45241, 1.35066
0.391077, -1.43237
0.274117, -0.641174
-0.429595, -0.1985
1.62742, -1.88578
-0.398049, 1.37305
-1.45972, -0.401865
1.82876, -1.28046
-0.269301, 1.51707
1.70318, -1.5792
1.32103, -0.317056
-1.74223, -1.32845
-0.886915, -1.54219
1.9985, -0.282733
1.30717, -0.402731
1.50455, 0.331035
-1.73357, 0.273743
1.67853, -1.89803
-0.744621, -0.485168
1.82909, -1.64473
-0.416187, -0.190155
0.58657, 1.4872
-2.07865, 0.578137
-1.69984, -1.30755
-1.18056, 1.52776
1.44914, 1.76419
1.65215, -1.63949
-1.64357, 0.365681
0.683533, -1.16646
-0.789101, -0.816173
-0.800584, 1.60586
-0.886414, -0.538467
-0.970771, -0.246063
0.147758, 1.18205
1.15002, 0.577115
-1.46938, -1.55672
1.45856, 0.497048
1.07036, -1.71624
-0.939323, -1.83824
-0.329785, -1.83853
-1.29073, 1.84407
-1.8917, -1.51214
-1.5276, 1.51831
-1.52933, 1.30622
0.412754, -1.16987
-1.66562, 0.408918
-0.347235, 0.403159
1.59179, 0.10771
-1.26192, -0.35051
1.53484, -1.46481
-1.67203, -1.40195
-0.643833, -0.975964
0.44299, 0.680328
1.73743, 1.58189
-1.08253, 1.31676
-0.356957, -0.659003
0.373331, -1.56885
0.731266, -0.361889
0.549006, 0.362057
1.31609, 0.32373
1.52757, 0.347105
1.4275, -1.56395
-0.539551, -0.448332
-0.381269, -0.5857
-1.5833, 1.45266
0.684007, 1.9978
-0.551354, -1.36952
-1.43372, 0.671475
-1.55776, -0.7052
0.22776, -1.75734
-0.46465, -1.64
1.46738, -1.76154
1.07987, 1.48673
1.55931, -1.59699
0.471763, -0.951818
1.53609, -1.28426
0.196793, 1.50998
1.38824, 0.541411
-1.50656, 1.15504
-0.293218, 1.42488
-0.373429, 1.86519
0.00331905, 0.906165
0.394533, 1.60883
-0.70889, 0.906419
0.572485, 1.67909
-1.06968, -1.60949
0.383552, 1.49288
-1.79223, -0.481021
-0.416113, 1.43267
-0.420124, -0.851553
0.641628, -1.39803
1.81077, 0.86874
0.48788, 0.256462
-0.420762, -0.37188
-1.57838, -0.378618
0.32368, 0.223619
-1.65556, 0.438461
1.72674, 0.625102
0.249168, 1.04487
1.58874, 0.171454
-0.505607, -1.49609
-1.45837, -0.856011
1.1241, 0.522788
-0.323534, 0.372054
1.52379, -1.35266
-0.558167, -0.893079
0.275168, 1.49777
-1.83821, 1.57548
0.304524, -0.0176655
-0.426746, 0.940946
0.401869, 0.878272
1.60509, 1.64216
1.83237, 0.591254
0.395548, 1.66398
1.46664, 1.04129
1.50192, -1.63698
0.408001, -0.394251
1.93423, 0.737177
-1.19654, 1.69733
1.54635, 1.22178
-1.28883, 0.585044
-0.912256, -0.375933
-0.509082, -0.847462
0.543859, -0.111866
-1.2484, -0.114436
0.640422, -1.41845
-1.17208, -1.58722
0.564243, 0.856068
-1.36347, -0.157104
0.609679, 0.560918
-1.45011, 0.682381
1.18967, -1.90116
-1.44899, 0.521395
0.778677, -1.58125
-0.466367, -1.4164
-0.450199, 0.667893
1.64802, -1.36722
-0.918217, 0.30412
-1.29834, 0.597117
1.58794, 0.27344
-1.63149, 0.0642724
-0.33408, -1.24519
-0.727337, -1.48342
-1.13174, -1.7556
0.788239, 0.494592
1.90582, -1.29873
-0.272542, 1.58494
0.874319, 0.232443
1.36591, 0.205192
0.760566, -1.6702
-1.31909, -0.598381
1.50104, -1.59777
1.44462, -1.36634
1.73376, -0.447153
-0.187, -0.379287
-2.00964, 1.25543
-0.140523, 1.64073
1.89521, 1.57435
1.19945, -1.57074
0.0360396, 1.40287
0.468473, -0.637523
-0.813751, -0.933221
-0.627417, 2.07389
0.0601086, -0.221889
1.68273, 1.29531
-0.36203, 0.187663
0.476188, -0.675985
-1.90529, 1.14737
1.61039, -0.744871
-0.702111, -0.37045
0.480628, 0.798178
0.837936, 0.510881
-0.566478, -0.480835
-0.458696, -0.80122
1.2969, -1.43967
-1.20145, 0.483471
0.164666, -0.827204
1.43944, 1.52795
-0.65324, 0.992512
0.325192, 1.60835
-0.558995, 0.536506
-1.78161, -1.12847
-0.824966, 1.86511
-1.97921, 1.68581
-1.66272, 1.71988
-1.04351, 0.736929
-0.564521, -0.673391
-1.46547, 0.367562
-1.46811, 1.29853
1.45571, 0.557543
-0.58188, 0.536732
0.388942, 1.3332
-1.51583, -1.27572
1.47197, -1.85493
-0.884865, 1.98638
0.748137, -0.162283
-1.52394, -1.3678
-1.59867, -1.34218
0.508542, -0.741726
-1.87099, 1.21072
-0.450689, -0.503716
-0.473239, 1.60292
0.918611, 1.74621
0.183303, 1.51493
-1.30891, -1.75509
-1.63064, 0.550106
1.64096, -1.48817
1.30734, -1.51238
0.486419, 1.25885
1.56682, 0.500842
1.19034, 1.42867
1.52054, 1.40482
-0.503279, 0.530384
0.367599, -1.80176
0.626, -1.66608
-1.60873, -0.632642
-1.48015, -1.20394
-1.38839, -1.40073
1.48336, -1.71732
-0.428851, -1.80419
-0.825617, -1.18499
1.70148, 0.277451
-2.01709, 1.5643
-0.68643, 1.50866
1.78255, 1.47087
-1.07565, 0.707596
-1.39545, 0.485205
-1.21817, 0.278627
-1.18852, 0.910913
-1.54062, 0.541365
-1.12617, 0.538875
0.0309385, 1.66129
-2.0148, -1.11387
1.0248, -1.39661
-1.66664, 0.413704
-1.23109, -0.459696
-0.0431601, -0.0841177
-0.650707, 0.871345
-0.709333, -1.21094
-1.72248, 0.350852
-1.60166, -1.34557
0.963402, -0.909036
0.622442, -0.477774
-1.3852, -0.1251
-0.272124, -0.617049
-0.277235, -0.173991
-1.70088, -0.542868
-0.429069, 1.89092
-1.37774, 0.479426
1.37542, 1.4646
-1.51254, 0.903527
0.509551, -1.23416
0.178412, 0.514354
-1.89436, 0.317312
-0.325645, 1.49613
1.73341, 1.11722
2.1184, -0.097743
0.508146, 0.399048
0.403134, -0.253222
0.251059, -0.414942
1.29205, -0.631947
-1.44029, 0.52648
0.506214, 1.27811
-0.974067, -1.55594
-1.63314, -1.33513
1.51405, 0.826912
1.90246, -1.40638
-1.19236, 0.989588
-1.27385, -0.874194
-0.540075, -1.38359
-0.482742, 0.669253
-1.49843, -1.3252
1.14621, -0.900326
0.0552259, 0.44747
-0.98259, -0.25171
-1.63947, 1.47199
0.508178, -1.53478
-1.75413, -1.33264
-0.343797, 0.772932
1.5499, 1.48323
-1.96235, 0.700121
1.60052, 0.949988
1.63485, 0.575478
-1.80446, -1.05358
-0.327534, -0.260089
-1.52353, 1.24929
1.4724, -1.69737
1.95921, -0.397942
-1.66211, 1.31581
-0.822438, -1.62105
-0.730076, 1.59783
-0.792142, -1.34082
-1.29768, -0.223424
0.498655, 0.823209
-0.789563, -1.72355
-1.55769, -0.197059
0.478394, -0.289869
-1.53099, 0.950811
1.45191, 0.636806
1.02961, -0.98261
0.432506, -0.553438
1.02568, -1.63275
0.437783, 0.46808
-1.69174, 0.779516
1.56811, -1.35671
-1.61008, -1.32701
-0.833588, 1.29503
0.696169, -1.55826
0.670878, 0.508342
0.177622, 1.98326
1.54872, -1.45012
0.653872, -1.46524
-0.490419, 0.663456
-1.51274, 1.11022
0.338043, 1.43902
1.80666, -0.854549
-0.814936, -1.46965
0.897776, -0.381145
1.46324, -1.37913
-1.50139, 1.89225
1.4026, 1.39836
1.53331, 0.656753
-1.33787, -1.49232
-1.53994, -0.475165
-0.347749, 1.44489
0.151351, -0.606778
0.424418, -0.529972
-1.49699, 1.21367
-0.81321, 1.39833
1.51589, 1.54427
-0.669998, 0.717957
-1.23211, -1.46765
-0.454176, 0.668829
-1.91333, -1.66255
1.46443, 1.50022
-0.360955, -0.423308
-0.552086, 0.527654
-1.50953, 1.39811
-0.799614, -1.36888
0.572551, -0.66402
-0.8507, -0.463651
-0.0456236, 1.64785
-1.21896, 1.45284
-0.470989, 1.6952
-0.384956, 1.19642
1.58814, 0.972645
0.716993, 0.766117
1.36065, 0.372467
-1.9335, 1.36688
-1.53439, -0.822131
0.0638831, 0.805593
-1.02023, -0.966993
0.152306, -1.73447
-1.20736, 0.0341225
-0.418664, -1.28286
-1.44133, 1.6573
1.69062, 1.59237
-0.326221, -0.518516
0.464912, 0.630173
-1.91829, -1.45593
-0.252484, 1.72266
-1.36178, 1.54278
-1.84905, -0.499515
1.72605, 0.430977
-1.56918, 1.86803
1.56197, -0.993097
1.70674, 0.964228
-0.734577, -0.1365
-1.71433, -1.87808
0.346911, 1.50581
0.312318, 0.444257
0.394832, -0.158903
-1.32781, -1.64897
0.929962, -0.801576
1.16809, 0.314468
1.50842, 0.498719
0.396578, -0.404957
-0.559551, 0.753073
0.657454, -1.41784
0.624206, 1.76209
0.240106, -1.29308
-0.57882, -1.34594
-1.84272, -0.137102
1.2788, 0.843958
-0.608187, 1.3986
1.33595, -1.70171
0.895505, -1.70669
-0.611042, -0.14611
-1.57386, -1.68286
-1.75885, 0.445079
0.503838, -1.35362
-1.50474, -0.395808
0.728618, 1.07778
1.20707, 1.26697
0.653365, -0.498665
-0.216812, 1.81439
0.497044, 0.290935
0.566992, -1.8873
1.39045, -1.36999
-1.51639, -1.50619
-1.37544, 0.52036
-1.58836, -1.75769
-1.48171, -1.5969
-0.728458, 0.3489
-0.68541, 0.72844
-1.45144, -0.190056
-1.57364, 0.389165
0.533524, 0.568917
1.53, 1.4411
0.303816, -0.0695312
-0.779685, 1.92109
0.858238, -1.56632
-1.45218, 1.25356
-0.172888, 1.85317
0.903159, -0.440117
-1.2296, 1.16697
0.554914, -0.222906
0.654556, 1.63356
1.21873, -0.499922
-1.22577, 1.72732
-0.870004, 1.44136
1.33732, 0.34486
-0.513543, 1.43546
0.396895, 1.68497
-1.27699, -0.434053
-0.390081, 1.16821
-1.14586, 0.836949
-1.64396, -1.37941
0.676929, -0.625891
-0.412163, -1.21893
-1.42991, -0.555253
0.0420792, -0.234947
0.877113, 1.74652
1.50523, -0.154264
-1.3331, -0.491629
1.22694, 0.269745
-0.613891, -1.30719
0.377257, -0.437878
-0.527177, -2.07775
-1.28376, 0.430361
0.121859, -0.447609
1.74118, 1.63352
1.4096, -0.538623
0.429242, 1.65762
-0.206004, -1.43372
-0.58026, 0.552009
0.358022, -1.57131
-0.395809, 0.43358
-1.54042, -1.07459
-0.919947, 2.08277
-0.623686, 1.5542
-0.0653534, -0.112027
-1.47136, 0.459788
-1.65095, 0.764101
-1.03892, -1.41363
0.663494, -0.850709
0.49831, -1.14456
-1.35113, 0.135269
-1.04344, -0.60239
-1.76618, -0.334232
-1.99207, 0.838617
-0.467949, -0.248332
1.65634, 1.89528
0.501002, 1.15325
-1.141, 1.73316
-1.93358, -0.539638
0.3907, 1.68609
-1.50863, -0.534822
-1.38234, -1.34051
0.476157, 1.48793
1.12989, -1.4789
1.54922, -1.46501
-1.53355, -0.54816
2.18812, 1.20539
0.516532, -1.48717
-1.67886, -0.60838
-1.80536, 1.57062
-1.69433, 1.11428
0.427201, 1.18628
0.613801, -1.80077
1.71974, 0.435798
0.686235, 0.499516
-0.697452, 1.18101
1.65269, 0.353049
-1.256, -1.44347
0.970777, -1.00205
1.7054, -0.319976
-1.40027, -1.8114
1.24383, 0.534877
1.85173, 1.61447
1.89095, 1.41726
-0.83671, -1.49472
-0.574914, 1.65109
1.30888, 0.402022
1.56562, -0.314878
1.25356, 0.852042
0.61692, 0.185682
-0.615505, -0.665147
1.28042, -0.504561
0.775359, -1.58286
0.380106, -1.71128
-1.40151, 1.48702
-1.76711, 1.76886
-0.285368, 1.76564
-0.40808, 0.444758
-1.24374, 0.0135632
-1.63364, -1.46014
0.599453, 0.481403
1.81296, 1.97433
-0.284089, 0.845227
-1.45213, 0.485941
-1.51563, 0.99164
0.540815, 1.37488
-0.282709, 0.724423
-0.446355, -1.64158
0.139323, 0.83076
0.343415, 0.131813
-0.613563, 0.726281
1.00531, -1.64174
1.6616, -0.172791
-1.42046, 0.723914
-1.36015, -0.132717
0.408175, 0.663344
0.486178, -0.682706
-0.434161, 0.463022
-1.65327, -1.20994
-0.376047, 1.34815
-1.42771, -0.416642
-1.77917, -0.337325
0.407642, -0.0305195
-0.903139, 0.203341
0.884289, 1.28223
-1.44189, 0.0164038
-1.28929, -0.405601
-0.614476, -1.46894
0.38847, 0.560637
-1.60366, 1.63565
-0.636044, 0.0206537
-0.992568, -1.33792
-0.693188, 0.403383
-1.43139, 0.212747
1.46493, -0.173942
-0.598634, -1.02364
-0.119645, -1.318
0.777195, 0.541733
1.40437, 0.693984
0.616697, -1.84473
-0.882014, 1.72848
1.20401, -0.291746
1.45165, -0.659813
-1.65146, 1.86078
1.73438, 0.873973
1.53523, 1.40363
-0.760355, 1.31537
0.21193, -0.570426
-0.402558, -1.45608
1.42256, 0.539195
0.343218, 1.38333
0.991872, 0.849298
-0.84425, 1.78923
0.305636, 0.288134
0.217071, 0.350599
0.636433, 1.19318
-1.32341, 1.26086
-0.526493, 0.475386
0.346346, -0.694282
-1.63006, -1.78177
-0.888124, 0.0803682
1.66559, -1.11269
1.63601, -0.997175
0.571505, 1.66145
1.37951, 0.297852
0.411113, -1.31933
-0.101099, 1.61236
1.59097, -1.3569
1.4064, 1.58978
-1.54223, -1.05813
1.39794, 1.5803
0.899904, 1.30158
1.1941, -0.646506
-0.710309, -0.409562
-1.09091, -1.5915
0.896304, 1.8131
-0.28094, 0.458002
-0.108415, -1.61386
0.866445, -0.172206
-0.873239, -0.14276
1.34085, -0.411714
0.46114, 1.91933
-0.779935, -1.66162
-0.0454816, 1.38916
-0.366725, -0.344683
-0.626126, -0.641465
0.0368325, 1.24004
0.533404, -1.3325
0.0497078, -1.31115
-1.46026, -1.75351
-0.546132, -1.4118
0.351885, -1.51034
-1.45809, 1.95517
-1.36939, -0.480125
-0.381654, -1.11014
-1.79238, 0.639175
0.293331, 1.52592
1.45029, 0.553417
1.44684, 1.67584
0.532745, 0.696989
-1.28323, 1.73422
1.941, -0.328504
-1.68913, -0.0374185
-1.12797, 0.3411
0.281725, 0.0505144
-0.770991, -0.229206
-1.56818, 0.851558
-0.490059, 1.58536
0.874532, -1.38376
0.243423, 0.720084
0.37589, 0.602565
-0.868494, 0.705785
1.64598, 0.876307
1.35571, -1.84256
1.49299, -1.4016
-0.327167, -1.76292
-1.42143, -0.676131
-1.28902, -0.295881
-1.38486, -2.00467
0.114029, 1.22699
-1.62773, -1.51265
-0.400341, -0.353053
-1.13969, 0.220352
1.36961, -1.60611
-2.17432, -0.599934
1.58131, 0.86864
-1.7323, 0.535554
-1.43312, -0.929294
-1.47628, 1.68417
1.59231, -0.844867
1.50327, 1.03479
-0.79896, -1.4925
-0.496871, 1.44314
0.381933, -0.312075
-0.548331, -1.46318
0.761088, -0.192241
-1.50115, -0.103184
-1.83431, -0.812355
1.28997, -0.711169
-0.598806, 0.160342
-1.41434, 0.837746
1.48847, -1.24734
0.614701, -1.8595
-0.27823, -1.01707
-1.33236, -0.369587
-0.337854, -1.72186
1.30199, 1.57159
0.841447, -1.20513
-1.41302, -1.64458
0.638653, 1.52282
1.29785, 0.205661
0.889892, 0.619178
-0.240437, -0.456908
1.43691, -1.27117
-1.35721, -0.208368
-1.38805, 0.932184
0.458217, 1.54111
-1.14684, 1.29767
-1.3722, 1.05374
0.445055, -0.523392
-1.14266, 1.53556
1.69234, -0.352053
-1.36333, -1.12813
-1.55017, -1.63536
1.49518, 0.129431
0.627575, -1.72198
-1.18725, 1.71149
-0.749912, -1.09907
0.594182, 0.869697
0.382741, 0.551604
1.92805, -0.306514
1.37572, 0.0716165
0.160125, -1.76141
1.40722, -0.305499
-0.960376, -0.402157
0.844699, -0.565152
1.44631, -0.361105
-1.38421, -1.71664
0.628278, -1.64656
-1.45313, 1.17733
-1.56154, -0.730794
-0.844819, -1.6648
0.966713, -0.424754
-1.11167, 0.452521
1.7985, -0.382557
-1.21905, 0.179138
-0.305441, -0.424531
-0.737955, -1.50662
1.44913, -0.827807
1.23479, 2.04072
1.40709, -0.460005
1.51907, -0.636216
-0.337677, -0.451731
0.0582175, 1.01552
-1.07691, -1.06725
0.200314, -0.467267
0.413592, -1.20595
0.628102, -0.26443
-1.13971, 1.84728
-1.60953, 0.890852
-1.6024, -1.03909
0.568628, -0.435849
-0.337239, 1.63737
1.34159, -0.309023
0.622202, -0.244047
-1.00102, -1.53927
0.812925, -1.38846
-1.48198, -1.99995
0.323913, -1.03517
-1.21857, 0.25208
0.680314, -1.75956
-1.66719, -1.44792
-0.151932, 1.33401
-1.77013, -0.631459
1.58376, -1.43382
1.24478, 1.20092
-1.65959, -0.487113
0.40557, -0.587922
-0.702329, 1.74634
-0.630711, -0.954991
1.48266, 1.79759
-0.577544, -1.02084
0.337645, -1.28163
-0.783269, -0.422356
1.69613, 1.50869
-1.81046, 0.979123
1.58343, -0.777792
-1.64118, 0.89014
0.648812, -1.84919
-1.28051, -1.58195
0.403881, -0.683112
-0.945815, -0.200416
-1.53705, 1.49286
-0.27899, -2.10288
-1.25678, 2.02131
-1.81331, 0.319144
-1.47208, -0.197541
-2.06718, -1.64523
-0.784133, -1.4794
0.355528, 0.933837
1.40777, 0.0671862
1.54548, -1.41657
1.49767, 1.10921
-1.48378, -0.304683
1.51571, 0.766951
0.198871, 1.31357
1.48436, -1.67475
-0.484688, 1.69227
1.72038, -1.59951
-1.39179, -0.642894
0.404547, -1.56366
1.50532, -0.381313
1.46461, 1.89479
0.746335, 1.18141
-1.41976, -1.4984
-1.43573, 0.896764
-1.54264, -1.31046
-1.61104, 1.61956
-1.48001, 0.703427
0.999292, 0.787783
1.1309, 1.75561
-1.52666, 0.095725
0.564765, -0.259973
-0.0936229, -0.476982
0.392796, -0.752564
0.969798, -1.52222
-1.10575, 1.80389
-0.07767, 1.25914
-0.268201, -1.11066
0.78502, -1.91271
1.46429, -1.11616
0.964932, -0.514581
-1.24424, 1.51274
-0.516659, 0.160278
0.560288, 2.004
-1.59603, -1.74324
-0.408689, 1.73615
-0.454005, 0.0942388
0.853504, 0.322909
-1.93443, -0.847334
-1.5645, -1.24609
0.908761, 0.875639
-1.50161, -0.566871
1.41112, 0.857375
-1.59127, -1.17155
1.36635, 0.627383
-1.21496, -1.20128
-0.515193, -1.74828
-0.631017, -0.73366
-0.635798, 1.46692
-1.57546, 0.592144
-1.30566, -0.378506
0.281598, 1.31437
-1.54955, -0.334747
-0.550555, 0.416896
-0.0935381, -0.144257
0.647481, -0.370126
-0.739575, 1.35511
0.261053, 0.519063
-1.86373, -0.311079
-0.911194, -0.714509
0.423129, -1.44687
1.12785, -1.57493
-1.43983, 0.665094
1.75603, -1.41875
-0.0359833, 1.63394
-0.374238, -0.15626
1.33963, -0.435538
1.57246, 1.45627
1.40519, -0.22618
-1.1891, -0.458411
-1.5394, 1.6027
-1.33238, -0.113922
0.600125, -1.72715
-1.55003, 0.619354
0.756807, 0.250227
-1.41324, 1.74468
-0.453392, -1.53719
-1.4123, 1.33321
-1.64112, -0.00111684
-1.57233, 1.73858
-0.342834, 0.366732
-0.278601, 0.9078
-0.370283, 1.45034
-0.465746, -1.31285
1.02614, 0.337972
-0.757493, -1.20188
-1.35134, 0.0589497
1.37151, -1.56449
0.233702, 0.0692747
-1.39178, -1.5495
-0.559715, -1.87329
-1.32605, 0.288663
1.08201, 1.54178
1.71552, -1.63066
-0.845113, -0.805398
-0.419912, 0.721712
-1.37329, -1.89523
-0.8049, -0.152455
0.191771, -0.275446
0.479184, 1.58738
0.667672, -1.54297
0.995436, 1.85577
1.24511, 1.33519
-1.81674, -0.43562
-1.8067, 2.09008
-0.333678, -1.57239
-0.203147, -1.42872
0.298736, -1.33487
0.753018, 1.41926
0.454647, 1.77914
1.30306, -0.672116
1.5791, -0.337126
1.16742, -1.80654
-1.37764, -0.566363
1.29239, 1.36791
1.17054, -0.548881
0.302451, 1.88547
-0.661658, 0.651823
0.356861, -0.19448
-1.51825, -1.66745
-1.46112, -0.29938
1.54279, 1.29316
0.232987, -1.63644
1.90038, 0.997659
1.31662, 0.796962
-0.18685, -0.548357
1.69218, -1.27383
-1.62069, -1.03351
1.68753, -1.58489
-0.628036, 0.418256
0.4185, 2.07829
1.22628, 0.673401
0.868017, -0.729208
-0.589088, -1.47508
0.830378, 1.83909
-0.486312, 1.44227
1.95801, -1.4332
1.47599, -1.20604
-0.296416, -1.67907
1.73353, 1.5331
-1.43827, -0.475214
1.35858, 0.443677
0.163457, -1.51409
-1.4809, -0.674735
1.76588, 0.710658
-0.821512, 0.598215
-0.260862, 1.40997
-0.358595, -0.914222
0.461829, -0.777632
2.11459, 0.618667
0.0480636, -0.0927451
0.732096, -0.45175
1.62081, -1.78556
0.322494, 0.619587
-1.55393, -2.01003
1.61898, -1.50363
-0.613975, -1.43493
-0.62902, -0.602215
1.18735, -0.25839
-0.275929, 0.573373
0.108555, -0.756061
-0.481024, 1.66092
-0.583889, -1.51999
-0.78096, -0.660078
-0.514776, 0.4748
-0.718492, 0.745115
-1.46102, -0.574569
-1.28039, -1.28395
0.314918, -0.599222
-0.185468, -1.38672
-1.0392, 0.755316
-1.52783, 1.37875
1.11381, 0.530721
0.291303, 0.441918
-1.58399, 0.583969
-1.29663, -1.6163
1.98429, 1.81688
-1.58263, 0.844508
-0.541465, 0.499278
-0.658221, 1.44784
1.9453, -1.0696
0.764437, 1.85234
-1.70877, 1.22004
-1.48481, 1.40815
1.62244, -1.88756
-1.68978, 1.59359
-0.680719, 1.38807
-0.536679, -1.26651
1.2779, 0.0355826
-1.52278, -1.37702
-1.86643, 1.496
1.34019, 0.584606
-1.6792, -0.572424
0.654398, 0.0788684
-0.263752, -1.62474
-1.55984, -0.369653
0.596357, 1.3867
0.513119, 0.694829
-0.722807, -1.51653
0.241009, -1.15614
-1.01485, -0.374909
0.843809, -1.85493
0.561163, -0.537716
-1.54353, 0.701979
1.52643, 1.05558
-0.640068, 1.36807
-2.00674, -1.07123
0.0955267, -0.524243
0.843435, 1.71398
-1.86593, -0.45346
-0.586764, -1.23185
-0.38602, -1.28141
-1.43801, 0.651974
2.07644, 0.193821
-0.733623, -1.23045
0.962185, -0.670894
-0.520625, 1.65941
-1.19516, 0.512284
-1.76257, -0.424344
-2.00901, 1.42401
1.08053, 0.755097
1.23257, -0.703213
-0.738045, 0.428783
-0.476433, 1.20582
0.428834, -0.733428
1.62768, 1.31315
-1.34233, -0.343512
2.2406, -1.68573
1.52226, 1.33694
1.60194, -0.400702
-0.43583, 1.29266
-0.777648, -0.520397
-0.781657, 1.57526
1.29771, -0.689091
1.57118, 0.740543
1.05021, -0.204586
0.730659, -0.666329
-0.483678, 0.0731034
-0.427892, -1.98354
-1.39144, -1.7146
0.652342, 1.42135
1.35939, 1.7485
-1.41493, 0.242749
-1.65972, 1.46952
-0.589528, 0.910899
-1.48378, -0.154479
-0.154585, 0.171091
-0.626365, -0.516329
0.901771, -0.283133
-0.520142, 0.242421
-2.03899, 0.788065
-0.81283, 1.78274
1.59134, 0.0368293
-0.544748, 0.723265
1.56993, 1.57046
0.282403, -0.433464
1.16032, -0.372944
-1.25101, -1.30132
1.61855, 0.258644
0.434328, -1.36802
1.54379, -0.0504276
-1.98395, -1.4804
-1.55758, 0.484773
1.25392, 0.162188
-0.511642, 1.78347
2.02743, -0.761998
1.67984, -0.8654
1.24665, -1.66085
-0.604779, 0.615565
-0.529025, -1.65428
1.44681, 1.25834
0.108545, 1.38623
-1.37192, -0.367175
-1.56447, 1.20956
-0.634177, -1.78497
0.603164, -1.87867
1.83406, -0.708565
-1.39673, 0.649817
-0.488058, -0.110548
1.56665, 2.04607
0.37458, 0.247722
0.529239, 0.866182
0.296604, 0.497154
0.293534, -0.704621
-0.695893, -1.59734
1.03266, 1.67779
1.87983, -1.19108
1.1677, -0.370986
0.55061, 0.15203
0.26042, -1.54236
-0.366131, 1.35473
-1.45242, 1.34344
-1.32335, -1.65471
0.531163, 0.310074
-0.719457, 0.580335
-0.277741, -1.7906
1.70428, -0.460162
-0.565714, -2.053
-0.785718, 1.58166
-1.54757, 1.45258
-0.30198, 1.38102
-0.320788, 1.41339
-0.607245, 1.60216
1.3917, -0.388966
1.11186, -1.61546
1.29499, 0.0394898
-1.73832, 1.31941
0.809207, 0.690979
1.32918, 1.54531
-1.96253, 1.66213
1.61619, 0.00780509
-1.3481, 0.43142
-1.35477, -1.41588
-1.50843, 1.56536
1.2683, -0.231555
-1.79559, 0.277889
-0.5804, 0.583506
-0.811244, 0.0012306
1.63461, 0.685893
1.15208, -1.46525
-1.26527, -0.290234
-0.74227, 1.45558
-1.60991, -0.633536
-0.525001, -1.35803
-1.39681, 1.50584
-0.66385, 1.56028
-1.66333, -1.65265
1.40341, -1.34907
-0.285311, 1.72793
-0.524515, -1.59213
-0.336118, -0.0730287
-1.51697, 0.53577
0.461994, 0.150159
-0.751315, 0.553512
1.47702, -1.76389
1.1703, 1.32513
-1.63314, 0.812731
-1.40592, -1.05816
0.699538, -0.0597672
-1.41156, 2.00959
-0.564394, -1.5211
-1.79398, 1.81273
0.680083, -1.37709
0.685104, 1.58889
1.97843, 1.38399
1.08216, 0.680762
-1.50398, 0.596382
0.0889144, 1.29924
-0.0715419, 1.31879
0.789179, 0.857163
-1.39221, -0.0938079
-1.31516, -1.43109
1.6271, 0.560971
-0.715832, -0.192284
0.864331, 1.25736
-0.361974, 1.10184
0.508451, -0.975282
1.50136, -0.89746
-1.60815, -0.0805034
-0.74913, -0.41453
-0.608672, 0.524134
0.875618, 1.18221
0.237274, 1.49857
-0.881643, -1.46826
-1.53976, -0.387038
-0.0342592, 2.07461
-1.59801, 0.51536
1.786, 0.280688
1.59694, 1.49954
1.55876, 1.46136
-0.978996, -0.278496
-1.49572, -1.41799
0.582178, 1.25571
-0.463834, -1.20908
1.35672, -1.47181
-1.78979, -1.13213
1.54982, 0.585662
1.20522, 1.43788
-1.47163, 1.35496
1.59895, 0.210429
1.30291, -1.59025
-0.2999, -1.78499
1.71683, -1.677
1.69459, 0.784051
-1.79611, 1.17321
-0.726849, -1.24381
-0.167718, -0.077429
-0.293217, 0.184491
0.52054, -0.163625
0.419955, -0.392587
-1.57493, -1.73953
-1.44627, 0.297292
1.93111, -1.34419
-1.59998, -0.0955993
1.63065, -0.9569
-0.603155, 1.29463
-0.739935, -1.59105
1.90968, -1.33044
0.62892, -1.37426
0.981311, 1.91916
1.92722, 0.548603
1.78823, -0.611467
0.822391, 0.267401
1.57362, -0.280193
-1.3809, -0.531324
0.717234, 1.16932
-0.958398, 1.23166
1.85016, 1.24437
-0.482304, 0.416457
-0.720042, 1.17311
-0.169957, 0.795394
1.39552, -1.80026
-1.01839, 0.592335
-1.63847, 0.384352
-0.47583, -1.27929
-0.801851, 0.292437
0.674571, -1.43391
0.636664, 1.45414
-1.33627, 1.41661
1.7414, -1.62854
0.145694, -1.52429
-0.680993, 0.564599
0.31704, 0.477515
-0.430147, 0.501892
-1.34012, 1.18662
0.563017, 1.31364
0.291911, -0.380264
1.16262, 1.59758
0.601004, -1.49324
1.29054, 1.7711
0.45072, -0.631039
-0.455428, -0.522233
-1.46076, -1.54119
-0.152884, -1.15298
-0.901445, -0.175175
-1.05482, 1.32964
-1.17289, 0.0196176
-0.568765, 0.569721
-1.48929, 1.71424
1.38216, -1.78662
-1.43235, 1.66461
1.69624, 1.61241
1.47603, 1.61438
-0.527535, -0.434662
1.61524, 1.45046
1.76251, 0.601416
0.88227, 0.236904
1.58754, 1.58897
0.644298, -1.49863
0.569927, 1.84797
0.204665, 0.552895
0.317518, -1.87511
-0.513716, 0.496874
1.36667, -0.00895295
1.26101, -0.562134
1.32331, -0.56562
-0.732366, -0.841948
-1.42707, -0.587936
-1.07275, 1.24646
1.41241, -0.634502
-0.472972, -1.53405
-0.0736689, 1.94203
1.50522, -0.482475
-1.12904, 0.54684
-1.84522, 1.7222
1.50762, -0.448907
1.31311, -0.668386
-1.48968, -0.263774
1.2201, 0.0362294
0.138947, 0.548212
-0.434004, 1.37044
-0.805181, 1.82951
1.54863, 1.58279
1.68053, 1.30363
1.2979, -0.704731
1.38896, -1.84553
1.92562, -1.5372
1.42803, -1.16661
-0.859242, -0.253056
-0.449519, 0.605905
-0.441697, 0.894939
0.558529, 0.113755
-0.444167, -1.59979
0.355914, -0.342994
1.648, -0.137511
-1.65826, -1.56428
1.67872, -0.332526
0.6647, -1.28295
0.462379, -1.57946
-0.847732, 0.848215
1.498, 0.0391372
0.310408, -1.33954
-0.338488, 1.56591
-1.46955, 0.488791
0.721555, 0.909659
1.68962, -0.570664
0.56896, -0.551766
-0.499584, 0.231661
-0.342782, -1.23521
0.700527, 1.20762
0.336129, -1.72778
-0.692227, 0.162723
1.51402, -0.568131
-0.76856, 1.4744
-0.884742, 0.593131
-1.22943, -1.24332
-1.28982, -0.639088
-0.240123, 0.157829
0.622256, -1.12141
1.59073, 1.60632
0.639832, -0.388269
0.879866, -1.78839
1.57358, 0.3497
1.33723, 0.659989
1.54092, 1.1244
-1.27881, 1.8558
0.623012, 1.55973
-1.47658, 1.27243
-0.220343, 1.39255
-1.46364, -0.382942
2.03759, -0.795833
-0.471931, 0.390727
0.256867, 1.74416
-0.548378, 0.401609
1.45354, -0.707612
0.67721, 0.0462392
0.700686, -0.514664
-1.44356, 1.35581
1.82526, 0.582713
-1.16517, 1.57733
1.1755, -2.1718
-0.286532, -1.99829
0.751329, 1.90039
0.463063, 0.655456
0.416661, -0.921083
-1.53331, -0.419382
-1.58284, -1.31835
1.50841, -0.277213
0.595602, -0.280134
1.42283, -1.43542
1.5686, -1.57115
-0.580419, -1.64495
-1.83317, -1.97806
-0.500837, 0.49432
-0.678328, -0.208374
1.85378, 0.230868
-0.711855, 0.680265
0.234338, 0.651335
-0.923787, 0.375764
1.75601, 0.966719
1.16403, -0.360137
-0.427079, -1.86651
1.36193, -0.474001
-1.46252, 1.57324
0.542269, 1.47239
-0.562721, 0.547097
-1.85696, -0.643227
1.77658, 1.45785
-2.06502, 0.173033
-0.409353, -1.34933
0.747027, -1.25053
-1.54167, -1.29634
0.78049, -0.747086
0.754597, 0.394189
0.428879, 0.72639
-0.962372, -1.72509
-0.0489867, -1.65815
-0.389734, 0.378244
2.07535, 1.64082
0.193719, -0.572721
-1.38237, -0.62169
-1.2494, 1.26014
1.56401, -1.83307
-1.30402, -1.68445
-0.168106, -0.489074
1.07033, 0.62334
1.66829, -1.41634
0.311814, -0.425635
-0.917921, 0.528249
-0.302271, 0.467258
0.674035, -0.564541
-1.49541, 1.45478
0.827196, -0.253973
-1.4371, -1.30367
1.66161, -0.748714
0.751053, 1.42073
-1.38799, 1.36863
1.43228, -2.03944
1.1849, -0.345377
-0.667885, -1.34894
0.476133, -0.906123
1.91988, -1.42042
1.76001, 0.513993
1.49747, -1.41491
1.26354, 0.683247
-0.831736, 0.222489
0.396715, -1.77805
-0.656351, -0.354944
1.4573, 1.47508
0.398944, 0.398158
0.861687, 0.703768
1.32438, 0.511882
-0.293876, -0.48975
0.29395, -1.41974
0.188429, 0.584507
-2.06633, -0.73023
-1.91537, 1.9815
1.25726, -1.42253
0.789085, 1.62942
1.58553, -1.64398
0.583359, -0.303666
-0.414394, 0.834146
-1.65575, -1.52286
0.360543, 0.797067
-0.806226, -1.92167
-0.557987, 1.89568
-0.573151, -0.479761
1.48603, 1.28979
1.01704, -1.96301
-1.33831, -0.635664
0.79952, 0.359343
0.689632, -0.43057
1.33007, -1.75328
-0.60765, 0.0987668
-0.504427, 0.394723
-0.580259, -1.60122
-0.40988, 0.571335
-1.38506, -1.69169
-0.468603, -1.27026
0.698095, 1.9162
-1.70028, 0.718517
-0.777499, -0.232358
-1.4015, 0.390741
0.557808, 1.23278
-0.21791, -1.90327
1.84382, -0.663889
0.0395503, -1.58664
0.203901, 0.730825
-1.46099, 1.87384
1.56693, 1.6943
-0.402044, 0.51767
-2.13134, 0.112229
-0.381624, -1.70736
1.28662, 1.03931
1.1735, -0.53961
-0.306465, -1.41042
1.45422, 1.14832
0.347667, -0.762678
1.39145, 0.670867
0.178003, 1.41459
-1.4246, 1.53632
1.84255, -0.352286
0.445267, 0.478062
0.410216, -1.39728
1.59382, 0.439495
-0.430459, -0.0530818
-1.68522, -1.59145
0.547621, 0.446921
1.42617, 0.458493
0.262127, 0.926029
0.392058, -1.40674
0.962743, 0.323298
-0.10679, -0.737027
1.36806, -0.348341
1.89551, 1.79337
0.322082, -1.64561
-0.0185864, -0.461509
1.68093, -0.571465
0.498405, -0.468308
1.7406, 1.76334
0.462705, 0.521006
1.78026, -1.28424
1.28023, 1.77609
-0.718936, 1.53662
-0.385444, 1.01198
2.07899, 1.769
-0.561613, 0.717002
1.5771, -0.103846
1.48194, -1.53571
0.52738, -1.41833
0.17215, -1.41041
0.294287, 0.603881
-1.19595, 1.57207
1.22091, -1.53506
-0.722149, -1.44409
0.974235, 0.342533
-1.57001, -0.68104
0.265101, -1.54161
1.21772, 0.219799
-0.425138, 1.03114
1.61733, -1.13388
-1.57623, -0.575817
0.247285, -1.58258
-0.904827, -1.44356
-1.44608, 1.67147
0.679923, -0.796169
1.28405, 1.468
1.44182, 1.09842
-0.698963, -1.35188
-1.60777, 0.593683
0.456647, -0.43393
0.510955, -0.328525
0.577677, 1.73028
-0.496956, 1.22043
-1.34806, 1.64616
1.56598, -0.921686
0.367334, 0.734126
-0.171486, 0.772772
0.357681, 0.377795
-1.84459, -1.69125
-1.49386, 0.303679
1.47858, 1.78124
-1.71792, -1.84368
-1.2705, -1.4407
1.44004, 1.73706
1.73922, -0.507709
1.96809, 1.11028
-1.46288, 1.54561
1.36311, 1.57179
-0.356268, 0.146373
1.46725, 1.82325
-0.210439, -0.139891
1.70731, 1.74645
-0.546741, 1.37688
-0.621147, 0.482076
-0.848965, -0.248232
-0.830873, -1.67018
-0.341565, -1.45096
-0.452991, -0.289708
0.0944892, -1.47296
-1.48715, -1.38929
-0.706094, 0.38371
0.531742, 1.26321
-0.493624, 1.50381
1.90096, 1.7033
1.59863, 2.05174
-1.76436, 1.5129
-0.438693, -0.442449
0.703336, 1.37784
-1.77993, -0.634468
1.79967, -1.67025
0.635094, 0.000457994
0.354967, -0.759203
0.155955, -1.62192
1.75185, -0.738487
-1.23041, 0.776227
1.71357, -0.629097
-1.52275, -1.92755
-0.639059, 1.47458
0.538618, -0.854028
0.348802, -1.75601
1.72124, 0.456221
-1.27818, 1.60456
-0.219051, -1.44841
-0.313366, 1.47452
1.67769, 1.24924
1.12167, 0.373349
-1.27003, -1.76546
-1.66931, -0.498865
1.69508, 0.77921
0.675975, 1.00475
-1.76194, -0.359521
-0.563253, -0.694958
-1.42687, 1.39423
0.913119, 1.52983
0.518229, 1.10582
-1.29355, 1.69376
0.488994, 1.44423
-1.33035, -1.21679
-1.47261, -1.35451
-1.5853, 1.67553
1.60933, 1.15914
1.41942, -0.29107
0.389101, 2.06932
0.441786, -0.606978
-0.608534, 1.45283
1.43548, 1.2844
-0.78532, -0.507487
-2.20604, 0.317599
-1.41371, -1.59534
-0.972073, -0.491216
-1.21055, 0.235697
-0.304079, 1.56098
-1.37892, 0.314029
0.517008, 1.61355
1.64671, 1.58107
0.464084, -1.59082
0.561393, 1.27351
1.58544, -0.69772
0.537948, -0.573666
1.71853, -0.689989
-1.00495, 0.497822
0.66169, 1.00842
-0.598867, -1.35037
1.3334, -1.59463
1.4387, 1.64601
-1.60613, -0.24026
1.44402, -0.805588
1.76435, 1.59641
-0.903453, 0.410773
-1.44817, -1.35717
-0.902753, 0.772728
-0.0804218, -0.1406
-0.541589, 0.534796
-0.533597, 1.67966
1.54018, -1.20965
1.88369, -1.51603
-1.78377, -1.29817
1.12096, 1.85544
1.43535, 1.73806
-1.27728, 0.440245
1.67118, 1.27079
1.68105, -1.22987
-1.36641, -1.31943
1.4235, 1.306
1.47573, 0.284047
-1.53356, 0.29217
1.9003, 1.14536
-1.34848, -0.382349
0.526468, 0.498311
-1.44315, 1.40335
-1.23593, -0.602492
-1.44721, 0.952828
-0.497898, -1.10179
-1.34288, 1.11592
0.411008, -0.118632
1.28813, 0.603058
1.91359, 0.482093
-0.800859, -0.64829
-1.53747, 0.0652541
0.80515, -0.195473
-0.755984, -1.43276
0.49676, 0.293059
0.138966, 1.61579
0.398979, -0.0409362
-1.38359, -0.099072
-0.0742207, 0.765808
1.05842, -0.608362
-0.253693, -1.93952
1.29471, 0.578376
1.14556, 0.196272
-0.379492, 0.249671
-1.8022, 1.61513
0.184718, -0.41884
-1.07185, 0.218865
0.771446, 0.137673
-0.497206, 0.723151
-0.747189, -0.51225
-1.26205, 0.433653
-1.10146, 1.32815
-1.77046, 1.11108
1.33668, -0.421355
-1.28572, -0.341939
1.33036, 2.03119
1.20968, 1.14705
1.34288, -1.39915
-0.0218556, -0.875235
-0.678929, -1.47952
-1.70424, 0.424199
-0.494233, -0.346459
1.47911, 0.364898
1.68866, -0.842761
1.22694, 2.02438
0.678963, -0.481012
0.0220356, -0.539789
-0.670477, 1.60189
-0.408845, 1.74651
-1.84565, 1.31247
-0.542912, 0.531899
-1.19475, 0.345873
0.32894, 1.04925
-1.68426, -0.607875
-0.560535, 0.555326
1.43386, -0.4593
0.699868, -1.46601
0.532534, -1.85983
-0.8298, -1.11023
-1.51885, -0.472911
0.706444, -0.562923
-0.532223, -1.51343
-1.9661, 0.203306
-1.49519, -1.33177
0.471567, 0.0114529
1.43147, 1.82499
-0.162559, 0.843359
-1.27967, 1.45141
-0.660304, 1.25372
0.214841, 0.980089
-0.276372, -0.536595
2.29807, -1.57042
-1.18909, 1.4987
0.519763, -1.61335
0.324756, 2.0202
1.60999, 1.37266
1.44398, 0.287086
-1.36559, 1.50769
-1.49423, -0.912028
-0.729945, -0.459763
-1.57028, -1.59364
-1.29768, -0.357142
1.58459, 1.74601
-2.10939, 1.54283
1.67208, 0.489075
0.70254, -0.619339
-1.07408, -1.4676
1.73335, 1.57559
0.535613, -0.398691
-0.270964, -1.64687
0.342876, -1.33057
0.922526, 1.32133
0.378804, -0.491137
-0.251196, 1.74709
1.64249, 0.959608
-0.171714, 0.339515
-1.81659, 0.377852
-0.616071, -1.4956
-0.980268, 0.981025
-0.313085, 0.546855
-1.86768, 0.673119
-0.822022, 0.602732
0.570535, 0.750797
-0.73503, -1.08307
0.916286, -1.50014
1.39939, -1.55278
-0.446373, -1.6591
-0.603701, -0.301442
-1.55477, -1.31418
-1.55486, 0.569084
1.57195, -0.557181
0.0461345, 0.552052
1.6247, 0.434559
0.910495, -0.901834
0.311791, 1.57256
-0.719821, -1.41241
-0.641749, -0.618296
-1.3345, -1.61467
1.66509, 1.09501
-1.7594, 0.636377
-0.856379, 1.58549
-1.01892, -0.211033
-0.353629, -1.04738
0.661706, 0.58875
-0.412151, 1.02711
-1.56567, 1.79794
1.56773, -0.357144
1.60188, -0.814208
-0.2652, 0.0313195
-0.450686, 0.365639
1.44472, 1.68275
-1.53576, 0.296296
-0.82515, -0.67861
-0.250126, -1.85485
1.687, 0.201823
0.512011, -1.60556
1.54, -1.66778
-0.252297, -1.4697
-0.783467, -1.17391
0.568271, -0.132802
-1.7021, 1.72455
-1.32341, 1.41616
-0.494641, 0.49659
-1.50571, -0.546756
0.491966, 0.667188
0.796213, 1.12578
-0.520274, -1.30151
1.76893, -1.31814
0.00587546, 1.82087
-1.21002, 0.289039
1.39451, -1.45031
0.0296991, -0.373857
-1.34424, 1.5636
1.96343, -0.161291
1.63054, 1.42404
1.6258, 1.52041
-1.72379, -0.550588
1.85385, 1.34023
0.601933, 1.69694
-0.258564, 1.4218
0.712082, 0.138008
1.15086, 1.81194
0.382855, -1.41241
-1.17635, -2.02613
0.321586, 1.68862
1.30718, 1.60902
1.36192, 0.354136
0.47456, 0.685539
0.38011, -0.637462
1.71169, -1.75258
1.74484, 1.33236
-0.0582542, -0.713737
1.80477, 1.76843
0.601199, -0.201461
-1.28118, -1.69972
1.27122, 0.51492
-1.40974, 1.48363
1.36676, 0.591582
1.55856, -0.358316
-1.77178, -1.19914
-1.33994, 1.1667
0.424307, 0.400845
-0.55837, -1.58104
-1.75485, -1.44548
-1.34255, 2.07353
-1.00638, 2.16286
-0.0182507, -0.331118
1.25175, 1.67399
-0.265393, -0.357321
0.637382, -1.63927
0.538999, -0.575352
-1.41967, 1.45247
-0.478916, -1.0386
-1.46983, -1.50371
-1.36182, -1.30927
-0.382324, 0.789688
1.47272, -1.52398
-0.929516, 1.55856
-0.643478, 1.41132
1.68787, -0.385484
-1.04518, -1.70221
-0.305595, -0.254989
0.671199, 1.33749
1.55257, 1.66035
-1.43776, 1.54475
-1.69426, 0.547618
1.38831, 1.74331
1.81201, 1.86255
-0.132154, -0.633919
-0.473997, 0.836695
-1.33874, 0.534003
1.48144, 1.54917
-1.52339, 1.7257
1.75715, -1.61009
1.93501, -0.200478
-1.26843, -1.25224
0.30068, -0.503415
1.49536, 1.60839
-0.3405, 1.388
-1.40006, -1.06436
-1.50816, -0.533096
-0.664918, 1.68533
1.57291, -1.45646
0.624966, 1.2384
-0.630891, 0.635869
-0.45577, 0.642651
-0.296487, 1.54888
1.1014, 0.504636
0.55204, 0.216251
1.69731, 1.84053
-0.473941, 1.93905
-1.0438, 0.290387
-1.37938, -0.522309
0.70536, 0.734065
0.780084, 1.51032
-0.35702, 1.05782
2.23557, 0.48603
-0.769598, 1.18486
0.478132, 1.87225
-1.28712, -1.4945
1.31725, 2.01271
-1.79822, -1.48795
-0.420048, -1.69344
-1.38838, 0.238696
1.37749, -0.702594
-0.798351, -1.43676
1.18559, 1.42743
-0.543752, 1.41964
0.443483, 0.61603
-1.48994, -0.37349
1.38576, 0.282262
-1.50744, 1.67943
0.369615, -1.70958
1.59187, 1.10136
-1.50751, -1.60282
1.72083, 1.78743
0.846186, 1.72165
1.34276, -1.24337
-1.3836, -0.418342
-1.36537, -1.65682
-1.28706, 1.55458
1.50611, -0.417385
1.20078, 0.393208
0.316806, -1.44541
0.181793, 1.27026
-1.36641, -0.383006
-1.9265, -0.403469
-0.96903, -1.5274
1.29915, -0.149998
0.193408, 0.175066
1.44579, 0.172821
-1.83791, 1.16596
0.84794, -1.06481
-0.844602, -1.51084
-1.67643, -0.0405156
0.479771, -1.24583
0.477944, 0.504489
-1.81866, 0.773603
0.538286, -1.57952
-1.64189, 1.32824
1.48215, 0.450568
1.69723, -1.15801
0.308639, 1.68236
-0.238661, 1.7489
1.66199, 0.515072
-1.66628, -0.959167
1.40413, 0.161967
1.65928, -1.32962
1.74898, 1.4541
0.582446, 0.442902
-0.178886, -0.367165
-1.93324, 1.76972
0.284399, -0.519266
-0.417931, -1.47475
0.26084, 0.55036
-1.07743, -1.40823
-0.699204, -1.16138
-1.98641, 0.50519
-0.587636, -1.81509
1.68122, 0.628562
-1.6028, 1.71598
-1.16752, 1.45913
0.438715, 0.346149
-0.54525, 1.24063
0.446968, 0.158714
1.15544, -1.36051
-1.7875, 0.299823
-0.290864, 1.60263
-1.41317, -0.278267
-1.56622, 1.75495
-1.93584, -0.774912
-0.240946, 1.6568
-1.4692, -1.70691
1.693, -1.26093
-1.7793, 0.542631
-0.809978, 0.571436
0.17631, 0.453076
0.567077, -0.989138
-0.450225, -1.7786
-0.25516, -0.261119
-0.93838, 1.52179
0.998088, -1.85333
1.41619, -1.21224
-0.769884, -1.72568
-0.567635, -0.363125
1.87511, -0.475013
1.62955, 0.729514
1.81007, 1.47475
-1.23681, 1.26849
1.53241, -0.659793
-0.872146, 0.117373
-0.236734, 2.03263
-0.272535, 0.358762
1.39823, 1.01425
1.58781, 1.0741
1.13282, 0.345043
1.34626, -0.667723
1.66131, 1.34688
0.278367, 1.54304
0.328828, 0.72571
1.29507, 0.121533
-0.57737, -1.46278
1.77522, 1.44581
0.510492, -1.27045
1.44142, 0.48387
-0.383587, -0.0489054
-0.628577, 1.50554
1.68149, 0.454545
0.522205, -0.171479
1.56472, -0.569856
-0.680883, -1.65304
-1.70732, -0.425826
1.53199, -0.660848
-0.317974, -0.10237
1.31108, -1.40295
-0.754717, 1.95049
-1.34745, -1.63205
0.283047, 1.67823
0.40077, -1.21247
0.198001, -0.782736
0.432195, 0.45691
-0.717476, -1.47062
-0.533135, 1.51402
-0.515182, 0.509706
-0.841661, 0.713613
0.857499, 0.572259
-1.07134, 0.402251
0.07778, 0.550197
1.67122, 0.350489
-0.584771, -1.65362
0.115511, -0.886016
0.443026, -0.463822
-1.81493, 0.239449
-0.881529, -0.261358
0.637656, 1.15463
-1.3584, 0.618668
-1.52134, -0.490271
0.180322, -1.29062
-0.560099, 0.470798
-1.57918, 0.619229
1.70623, -0.885211
-0.0191418, -1.48354
-1.05975, -1.57724
-1.16335, 1.51343
0.629803, -1.24067
1.84722, 0.472517
-1.10001, -0.622535
-1.60562, 1.14974
-1.23239, -0.597428
0.595006, -0.660177
0.652899, -1.53411
-0.948685, 1.87353
0.487304, 2.05296
-1.64962, -0.471667
0.15787, -1.67252
-1.89885, -1.28434
-1.56362, -0.0846511
0.386028, 0.179893
0.679773, 1.36192
-1.86759, -0.396157
1.79075, -1.69026
-1.51521, -0.558592
-1.5487, -1.46043
0.505257, 0.209162
0.545204, 1.26936
-0.598187, -1.01195
0.507566, 1.24718
-0.254794, -0.171883
-1.48774, 0.418943
0.476945, 0.500254
-0.815618, 1.50539
0.784265, 0.558701
1.38117, -0.771659
-1.48213, 1.70016
1.41115, 0.0158854
-0.221702, -0.794909
0.691704, -1.45697
-1.76948, 1.60399
0.363342, -1.31928
0.556742, -1.7578
0.514388, -1.50336
1.70849, 1.61615
-0.274795, 0.492411
1.32957, -0.703538
1.67676, -0.415986
0.538783, 1.46864
1.66782, 0.458133
0.170789, 0.249084
-0.948752, -1.50517
0.340619, -0.225623
-1.18188, -1.2488
1.2489, 0.55621
-0.487265, 1.80355
-0.939421, -1.41647
-0.324616, -1.12827
0.365711, 1.46964
-0.378198, -1.70239
1.53086, -0.526263
0.512043, -0.726477
0.33155, 1.49523
-0.779692, 0.611066
1.59606, -1.44297
0.170587, -1.37836
-0.334807, -0.510915
-0.992168, 1.14841
-1.21254, 1.42182
1.13026, 1.4639
-1.10761, -1.06524
-0.422922, -0.298856
-0.584111, 0.553023
1.45733, -0.378522
-0.529753, 0.747474
1.17862, -1.53908
1.52559, -1.509
0.406513, -0.50382
-1.72114, -1.34408
0.296218, 1.41619
-1.47295, 1.09863
0.287159, 0.799564
-0.0133619, 1.8039
1.12625, -1.285
-1.40918, 1.47159
-1.31937, -0.278067
1.46871, -0.419455
-0.72013, 1.41752
0.490359, -1.29489
-1.48585, 1.97977
0.788453, -0.975551
0.297579, 1.27824
-0.96155, 0.614524
0.564979, 1.3634
-1.41893, 0.956308
-1.54783, -1.61196
-1.70903, -0.199631
1.50028, 1.68067
0.394781, 0.155427
-0.917803, 0.429946
-0.452905, -0.266876
1.50918, 1.36239
1.69459, -0.599474
0.0464027, 1.39632
-2.13301, -1.29784
0.172223, -1.69094
-0.211657, -0.611132
-0.76979, -0.288353
-0.581941, -1.15029
-1.44731, 1.67868
0.411882, 1.79766
1.65398, 1.75194
-0.976921, 0.712916
-1.28614, -0.641497
0.496849, -0.664877
0.670151, -0.14598
0.468437, -0.772328
-1.63181, -0.429874
1.57766, -1.05642
0.475382, -1.16973
0.541623, 1.49734
1.88125, 0.397319
1.51669, 0.466573
-0.366598, -0.361226
-1.95237, 0.56154
0.425912, 1.33665
-0.497584, -0.434904
-1.55653, 1.43666
-0.357716, 0.692917
0.104858, 1.76171
0.34749, 1.79741
-1.46426, -0.410355
-0.213837, 0.444838
-1.47299, 0.489284
0.718046, 1.6465
0.195616, 1.37496
1.15229, 0.61165
-0.663479, 1.10158
-0.391892, 0.60264
-0.552013, -0.43334
-1.8169, -1.48902
-1.02284, 1.5572
-1.49694, 0.77081
1.33687, 0.436302
0.324164, 0.499922
-1.77914, 1.80644
-0.57467, -1.24349
-0.522698, -0.719172
0.42398, 0.668353
1.47024, 0.369332
-0.811194, -0.634
1.21414, 0.396106
1.59664, -1.73584
-1.48085, 1.47381
0.16385, 0.364222
1.51678, 0.499182
-0.821516, 0.720425
0.152764, -0.75583
0.51447, 1.04064
-0.453086, -1.34141
0.946136, -1.86534
1.69705, 1.46195
0.781892, -0.54122
0.117458, -0.804983
-1.58962, -0.88149
1.72981, -0.795566
-0.317127, 0.535632
1.36237, 1.26757
0.47698, 1.4398
0.582536, -0.711074
0.696542, 0.453264
-1.55149, 1.70057
1.44474, 0.481683
-1.05424, 1.80038
-0.284227, -0.564315
-1.71954, -0.634349
0.36992, -1.59648
0.217911, 0.6177
-1.21036, -1.60611
0.283382, -2.04869
1.45487, 0.0961176
-1.09023, -0.125677
-1.13906, 1.15179
-0.0669458, 0.889104
-1.3457, -2.18481
-1.45607, -1.65347
0.615355, 0.648653
-1.12569, 1.50895
-0.642525, -1.25384
1.61737, 1.32166
0.291938, -0.191145
1.39266, -0.445163
1.11045, 1.04165
0.46294, -1.56004
-0.637196, 1.40813
1.14536, -0.734831
2.01144, 1.61668
1.07545, -1.68807
-0.296636, -0.539774
-1.4266, -1.24697
-1.09635, -0.40659
1.639, 0.0198457
0.480454, 1.64053
-1.43061, -1.93491
-0.715802, -0.734148
1.00243, -1.47363
0.269424, -0.283221
-1.37469, -0.476451
-1.06281, 1.10839
0.244556, -1.64213
-0.413878, -1.41992
0.42417, -1.20763
-0.764945, 1.09582
-1.24272, 1.56437
1.4213, 1.49832
-0.527493, -1.81562
1.39136, -1.83255
0.471293, 1.26392
1.57839, 0.965792
-0.257395, -2.01956
-0.521621, 1.38368
-0.628795, -0.380572
-1.26603, 1.56664
-0.469169, -1.66612
-1.44105, 0.284366
0.945518, -1.53888
-0.489449, -1.61032
1.42705, -1.62122
-1.34626, 0.531028
-0.634106, 0.234823
1.71073, -0.316065
0.679518, -0.00466909
0.273058, 1.11192
-0.556342, -1.61566
1.59718, -1.208
0.745258, -1.61894
-0.586692, -0.378653
0.134997, 0.686074
0.198605, 0.689673
-0.427367, -0.0291879
0.21888, -1.43455
-0.112315, 1.21814
1.4554, 1.29186
-0.539053, -0.478355
-0.317985, 1.64013
-0.453694, -0.331018
1.23809, -1.41674
-0.354928, 0.317735
0.460232, -0.677246
-1.5537, 1.38881
-0.36452, -1.29661
-0.426612, 1.20523
-0.479164, -0.480261
-0.670269, 0.554356
1.3482, 0.447125
0.584906, -0.440874
0.145288, -0.347484
1.60531, -0.310271
-0.696053, -1.57637
-1.11041, 1.41071
1.09036, 0.834595
1.23497, 1.01504
-1.32269, 0.84321
-0.536661, 1.47476
0.845669, 1.44716
1.1763, -1.42169
1.42923, 1.32551
-0.563698, -0.477175
1.40388, -0.554418
0.209145, 1.45338
-0.361205, -1.47314
1.69253, -1.50596
1.19013, -0.498645
0.328864, 1.16128
-1.42608, -1.60296
1.62789, -1.57569
0.446486, 1.62494
-0.508737, -0.249118
-0.536836, -0.599884
1.66864, 0.308702
-0.376024, -1.84379
-0.559998, -0.596201
-0.0315107, 1.54957
-1.1145, 0.141323
0.545695, 0.321548
-0.609451, 1.61339
-1.81638, -0.0207261
-1.38149, 0.305085
-1.2061, -1.13046
0.668003, -1.44672
-1.58373, -0.693106
-0.554077, 1.35003
0.109621, -1.61892
-0.598043, 1.09413
-0.153066, -1.4381
0.0789904, -1.2842
-0.441031, 1.93485
-0.725801, 1.68694
0.674444, -1.73953
0.865433, 0.329357
1.1908, -0.451212
0.145527, 0.455224
-1.73888, 1.36352
-1.46918, -1.49176
-0.373319, 1.04529
-0.374266, 0.689388
-1.35149, -1.47461
-1.69788, -0.280205
-0.344481, -1.63387
1.35036, -1.56606
0.102513, 0.39804
-0.174125, -0.866125
0.566646, -1.56899
-0.841024, 0.45743
-2.03797, 0.387009
-1.71991, 1.6123
0.975445, -0.28669
1.46545, 0.522814
1.78297, -0.12554
1.60369, 1.62475
-0.450134, -1.94708
-1.19306, 0.712242
1.61872, -0.785839
1.18229, 0.517666
-1.48365, -0.868562
2.04947, 1.61976
0.828267, -1.66459
-1.18754, 1.23928
-1.32481, 1.48274
1.13925, 0.589643
-0.506984, 2.08366
0.933051, -1.39275
1.40386, 0.666169
0.767568, 0.391407
0.184937, -1.49321
0.496111, -0.498409
-1.91731, 1.18767
0.769654, -1.51149
-0.707144, 0.305896
0.303896, 0.780123
1.68112, -1.61183
1.75665, -1.72329
1.75779, -0.536527
0.411762, -0.543473
-0.124331, 0.469754
-0.158076, -1.69908
-1.52521, 0.9036
0.568752, 0.507009
-2.08352, -0.200079
0.627045, 0.764924
1.15096, -1.12046
-1.75379, 0.475848
-0.0301307, -0.606796
0.0866104, -1.16243
0.658127, 0.557653
-0.285626, -1.41828
1.22883, -1.41342
0.685715, -0.674724
1.22662, -0.300543
-1.45982, -1.04454
-1.54845, 1.52716
0.246039, -1.60254
-0.460024, 0.367089
1.67072, -0.579889
0.764425, 1.36239
0.535335, 0.861084
-0.734285, -0.46067
1.58729, -0.278347
-1.16513, 1.36831
0.497407, -0.48946
-1.41839, 0.602095
-0.201376, 2.16794
1.35586, 0.633084
-0.355053, 1.08139
-0.137027, 1.60295
-0.673506, -1.60258
-1.85921, -0.546645
-0.521808, 1.19369
0.472798, -1.52778
-0.887599, 2.07921
-1.5638, -0.217717
-0.736436, 1.9055
-1.96633, -0.482121
1.56933, 1.0624
0.0993557, 1.65729
1.40797, -1.3571
-0.771714, 1.75387
0.02377, 1.40487
0.224738, 0.00987664
1.84099, -0.595469
-1.69405, 1.36828
-0.489908, -1.63707
1.27076, -1.12836
-1.44467, 1.76443
-1.48912, 0.95015
0.477589, -0.828526
-0.689481, 1.05424
0.176113, -1.7391
-1.28379, 1.288
-1.2215, 0.546153
0.611973, -0.603402
-1.32238, -1.68921
-1.86224, -0.261503
0.442794, -1.4609
1.24957, -2.14755
1.5431, 0.580828
1.45689, 1.45261
0.726863, 0.585552
1.46906, 1.21681
1.62592, 0.867376
1.53284, -1.81255
-2.25377, 1.41764
-0.502662, -1.122
0.356419, -0.675801
1.21263, 0.541429
0.650844, -1.48672
-1.59036, -1.51596
-0.478457, 1.38295
-1.71055, -0.367059
-1.25654, 1.15189
1.50609, 0.223104
-1.44524, 0.427106
1.46224, -0.53975
1.46698, -0.75845
1.80846, -0.869544
0.385803, -1.79129
0.644404, -1.56752
-0.268179, 0.5451
-1.69467, -1.61995
0.422319, 1.48883
-1.04302, -0.867125
-1.9576, 1.52242
0.62697, 1.5692
-1.34206, 0.566335
-0.838171, 0.341847
1.56149, -1.13657
-0.424383, 1.79045
-0.553674, 1.45449
-1.03746, 0.562606
-0.210654, -1.92241
0.665003, 1.34307
0.596758, 0.971054
1.01963, -1.75473
-1.25691, -1.68299
0.554138, -0.758365
-1.52134, 0.739345
-1.78725, 1.54187
-0.524113, -1.29593
0.520817, -0.761191
-0.743425, -0.397802
-0.0245568, 1.48053
0.556117, 1.48873
0.643702, -0.618227
1.1959, 1.33394
1.00771, -0.437332
-0.149088, 1.25336
0.0133312, -0.29477
-0.246661, 0.808523
-1.89331, 1.92118
-1.76187, 0.439574
-0.563561, -1.53391
1.40266, 0.18596
1.61036, 1.96517
-1.56417, -0.538062
0.592494, -1.70795
0.646613, -0.34176
0.111341, -1.59391
-1.22407, 1.18294
-1.56984, 1.47751
-1.72257, -1.49305
-0.854098, 1.43106
-0.249764, -1.40444
-0.334296, -0.754016
-1.49845, -1.86537
-1.59109, 0.373201
-1.50585, -1.32604
-2.02925, 0.691721
0.402547, -0.735616
0.807249, 1.10658
-0.497652, 1.42264
-1.4487, 0.482999
1.37519, 1.70377
-1.5905, 1.96357
-1.64951, 1.31597
0.723635, -0.563905
-0.160634, -1.83234
0.584686, 1.72091
1.53841, 1.64071
1.63202, -0.434697
1.16795, -1.77287
-0.815313, -0.0640129
0.445494, -0.58441
-1.14313, -1.62993
1.57841, -1.69498
-2.11371, 0.543669
0.254541, 1.07285
-1.64489, -0.140092
-1.51412, 0.0342769
-0.715909, -0.445933
1.52579, -1.2709
-1.75641, -0.884501
1.48458, 0.50006
-1.47061, -1.5671
-0.346373, -0.285832
0.766476, -0.689584
-1.03327, -0.277211
-1.60961, -1.56195
-0.897862, 0.76272
-0.829425, -0.35195
-0.398821, 1.45911
1.58307, 1.80919
0.535622, 1.55784
0.536304, 0.668263
0.554075, 0.705445
1.66175, 1.39473
-1.31661, -1.79816
-0.659643, 0.431126
0.766716, 1.21141
-1.15332, -1.45296
-1.31893, 1.72983
-1.69492, -0.413846
-0.744426, -0.195898
1.43451, 0.792282
0.732945, -0.632601
0.113867, 0.680795
-1.25566, -0.62107
-0.795701, -1.83898
-1.73377, 1.57285
0.486333, 0.323231
-1.58775, -1.34308
-0.726006, 0.259942
0.322921, -1.70594
-0.568909, 1.43874
1.46627, 1.32416
-1.33149, -1.3783
0.780951, -1.3407
-1.43966, -0.992475
-0.31008, 0.608025
1.53953, -0.422077
0.717138, -0.744598
-1.54595, 0.129603
-0.297242, -1.68065
0.77457, 0.525893
-1.52106, -0.0069081
-2.28971, 0.306964
1.13886, -1.51278
-0.707707, -0.833537
1.74164, 1.68478
0.434718, 0.617658
-1.59986, 0.748976
-1.22888, 0.193512
0.200606, 0.641788
0.522168, -0.797495
1.34969, -0.625131
-1.4033, -1.68685
-1.06254, -1.5912
-1.19832, 1.33569
0.736465, -1.15698
0.417692, -1.54905
1.31331, -1.57458
-1.32881, 0.131401
-1.59626, -1.5501
-1.23998, 0.244761
1.81944, 1.53515
0.340896, -0.597102
-0.525847, 1.9528
1.25638, 1.47298
-0.50498, 0.143767
-1.90048, -0.496912
0.220845, 1.39818
-0.80136, -0.418267
-1.4742, -1.42653
-1.33256, -1.91174
0.41376, 1.44167
1.07596, 1.07648
-1.55173, -1.00966
-1.42369, 0.191769
-0.429744, -1.39337
-1.81977, -0.164678
1.74284, -0.771874
-1.58584, 0.519719
-1.24387, -1.59582
0.621369, 0.884816
1.96445, 1.34885
-0.87868, 0.586373
-0.853399, -0.0158894
-1.3147, -1.45851
0.564237, 0.982455
1.92457, 1.70978
-1.88471, -1.69256
-0.5459, 1.5691
1.24086, 0.358189
0.458488, -1.55844
-1.50046, -1.01782
-1.93469, 1.56121
0.359056, -0.308458
0.592636, 0.572033
-0.821387, 1.61873
-1.82952, -1.95855
-0.483657, 1.49849
-1.62667, -0.428163
0.610344, 0.0958955
0.528858, 1.61941
-0.254323, 0.265951
0.937853, -0.699548
-0.278738, -0.585592
1.47572, 1.80731
-0.902973, 0.954261
0.149327, 1.78868
1.14445, 0.65051
1.01567, -0.786376
-1.76721, 0.754361
-0.346824, 0.983051
-0.957187, -1.3874
-0.386651, 0.377423
0.73862, 0.338079
0.945406, 1.21559
1.67516, -1.50566
1.46634, 0.479657
1.09009, 1.82764
-0.375579, -1.33168
-0.166455, -0.565484
0.229199, -1.36367
1.47825, 0.3501
-1.6015, 0.86224
0.434011, -1.19685
-1.5041, 0.319118
-1.60003, -1.3132
1.37263, 1.26861
-0.764238, -0.120913
-1.26455, 0.463011
-0.33376, 1.53088
0.740503, 0.170802
-0.486546, -1.72904
0.709286, -1.42885
1.19899, 1.26371
0.390046, 1.01398
1.37819, -0.448342
1.43844, 0.572242
-1.71681, 1.25242
-1.76707, -1.51894
-1.49154, -0.292256
-1.60431, -0.370984
1.99117, -0.394692
-1.74795, 1.41353
0.118169, -1.9676
-0.695379, -1.06296
-0.280551, 1.17162
0.452024, 0.50286
1.50007, 1.42305
-1.25631, 2.15747
-1.57132, -1.33594
-0.190055, 1.05996
-0.469799, 0.494457
0.552003, -1.64814
-1.33558, 1.20837
-1.70303, 1.89989
-1.59034, -0.62484
-0.296771, 0.898124
-1.37262, -0.801353
1.31373, -1.45113
-1.71111, 1.18268
-1.80565, -0.609249
-0.220425, 0.563277
1.63334, 0.529887
-1.42949, 1.25722
-0.671442, 0.505697
1.33365, 0.126121
1.31658, -0.186376
-0.72152, 1.74789
-0.554689, 0.415201
-1.59487, -0.522991
0.0462226, 0.0799228
-0.273955, -0.284832
-0.40693, -0.724563
1.71467, 1.64382
-1.52946, 1.56974
0.591611, 1.49672
0.60652, -0.554383
-0.394398, 1.68263
-1.49158, -0.814131
-0.890259, -0.0720362
-0.404555, 1.54172
-0.115124, -0.525925
-0.5816, -0.212725
1.29517, -0.332885
1.53105, -1.54482
-0.208097, 0.848187
-0.572941, 1.34094
-0.290529, 0.618018
0.330594, -1.75443
-1.63748, 0.513316
1.48049, -1.35842
-1.66283, -0.276415
1.46366, 0.749633
-0.443268, 0.0674052
-1.57918, -0.801319
1.46428, 1.67955
0.723483, -1.23242
-0.263696, 1.37994
1.44778, 2.06617
0.559615, -2.06361
0.403959, -1.44333
-0.353976, 0.719163
1.67822, -0.581358
0.0912299, 0.802767
-1.83468, 0.75519
1.42117, 1.45192
1.45623, -1.6401
-0.733337, 0.336272
-0.37247, 1.46176
1.58896, -1.83738
0.613977, 1.26529
1.71514, -0.793458
0.806438, 1.67923
-0.120637, 1.20269
-0.702794, -1.60583
0.360158, 0.352853
-0.463953, -1.33792
1.69272, -1.43162
-0.284648, -1.35522
-0.156525, 0.316609
-1.63955, 0.281389
0.475165, -1.33143
-0.487439, -1.56478
0.0792972, 1.90575
-1.33368, 1.51606
1.88809, -1.42518
-1.4643, -1.58585
1.41663, -0.757681
-0.538716, 0.906204
-1.34528, -0.390986
-0.151214, -0.924871
0.815016, 1.08355
1.52354, 1.84499
-0.973586, 1.29704
-1.39314, -0.343538
-1.73448, 0.456533
1.7113, -0.145551
0.981167, 0.212038
1.45576, 1.28494
0.637975, 1.25465
-0.633359, 0.211605
-1.17083, -0.653072
0.303393, 1.73131
1.17462, 0.516083
0.481374, 0.651532
-1.16781, 1.57911
0.641129, 0.528057
0.333437, -1.62218
0.594857, 0.74867
0.398512, 1.4622
-1.44553, -1.56137
0.88449, -1.93975
-1.55764, 1.62706
1.55407, 1.19925
2.04839, 1.29775
-1.5733, 0.223744
1.50316, -1.61132
-0.392123, -1.07678
-1.54389, 0.715625
-1.52114, -1.49352
1.93867, -0.629229
1.85138, -1.1722
2.00212, 0.379249
1.53718, -0.588799
0.977477, 1.67726
0.668196, -0.376263
0.52968, -1.41487
1.32492, 1.8759
-1.70027, 1.66663
-0.902195, -1.49704
-0.449268, -0.609112
-1.80533, 0.655091
1.47057, -0.425318
-0.346174, 0.104632
0.448984, 0.0250383
1.31263, -0.549736
-1.33905, 1.7414
-1.76489, -0.86939
-0.209788, 1.51553
1.48161, -1.31281
-1.59846, 1.53436
-0.0743176, 1.16086
-0.269627, 0.363352
-0.0645443, 0.641698
1.37523, -1.09012
1.58126, -1.65731
1.5083, -0.23679
-1.3092, 0.170835
-1.31977, -1.66599
-0.276475, 0.99344
-1.45918, 1.77723
1.33846, 0.0315759
0.505169, 0.452231
1.40556, -1.50825
0.457649, 0.485678
-0.615779, 0.454931
1.59015, 1.2522
0.689534, -1.50185
-0.570488, 1.52517
0.352379, 1.21984
-0.498616, 0.501059
-0.479219, -0.574776
-1.172, -1.23689
-0.29081, -0.68689
0.494157, 1.66064
0.12758, 1.50629
1.51379, 1.28332
0.195693, 1.56188
-0.666543, -0.359983
0.481592, -0.758253
-1.73149, -0.584558
0.530173, 0.736444
1.65463, -0.227154
-1.85267, 0.140809
-1.06553, 1.05864
-0.426068, -0.255203
-1.4254, -1.52414
-0.432816, -0.424911
-1.55876, 0.811279
0.771685, 1.50613
0.619494, -0.0139165
-0.360686, -1.23095
-0.725984, 1.65035
-1.20179, 0.701886
-1.46373, -1.45742
1.22096, 0.592187
0.909097, 1.14053
1.57431, -0.176769
-0.174263, -0.661148
-0.399283, 0.96166
1.75371, 0.486406
-1.27759, 0.224758
-1.67773, -0.939469
-0.34986, -1.2675
-1.73059, 0.156788
0.367197, 1.33023
-1.77508, -1.11215
-1.66859, 0.435053
-1.62, -1.2461
-1.63938, -0.251479
1.49108, 0.584644
-0.449667, 1.39587
-1.46065, 1.84219
1.30502, -0.505516
0.440126, -1.53122
1.74626, 1.24276
-0.29512, 1.69088
1.45795, -1.23812
0.857316, -0.0156681
-1.70577, 1.60201
1.11888, -1.49262
-1.2029, -1.56282
1.67495, 0.615353
0.143918, 0.57634
-1.3708, -0.666718
-0.305621, 0.628561
-1.17498, -0.887027
1.07678, -0.835919
0.640033, -0.492506
-1.42638, -0.192379
-1.04729, -0.256315
-1.52338, -0.980306
-0.0129989, -1.8245
0.187969, 1.40856
0.144739, 0.413221
-0.944925, 0.142257
-0.402401, 1.03207
1.72836, -1.17375
1.86631, 0.351085
-0.67799, -0.00116921
0.809007, 1.36701
0.288361, -1.42104
1.71891, 0.964529
-0.2937, -0.821604
-0.677608, 1.22721
-0.33292, 1.68733
-0.369899, -0.500377
0.351077, 0.851546
1.42351, -1.21102
1.41603, 1.10972
-1.46903, -1.53438
-1.46707, 1.41821
1.59592, -2.01348
1.53528, -0.578275
0.369481, 0.506775
1.42584, -1.39486
1.6565, 1.25499
1.39314, 0.481323
1.24805, -1.26126
-1.87018, -1.53915
0.461212, -1.3609
1.54596, -1.45183
-0.537937, -0.52938
-0.418296, 1.32947
-1.55809, -0.560529
-0.631252, -0.333864
-0.406231, 0.76116
-1.38234, 0.736416
-1.58177, 1.84355
0.0739986, -1.80876
-0.0508185, -0.780537
1.30638, -0.471601
-1.61255, -1.56194
-1.55176, 1.32009
-0.419511, 1.48972
0.266773, -0.574043
1.51266, -0.255336
-1.36944, 0.271115
0.122134, -0.57633
0.343279, 0.791354
-0.420539, 1.75423
-1.59798, 1.30068
1.80113, 0.313961
0.262895, 1.23626
-1.51549, -0.450825
-1.49288, -1.0727
-1.46606, -0.507831
1.76614, 0.732845
1.74046, 1.34363
-0.731842, 0.9198
1.1728, 1.37855
-0.662121, -0.626352
0.423553, 0.658168
1.84326, -1.72524
-0.306601, -1.28782
-0.383184, 0.435777
-1.40303, 0.510144
1.61862, 1.67986
0.247293, -1.4081
-1.63777, -1.79931
-0.647497, 0.0948803
-0.754643, -0.482404
-1.6884, 1.65662
1.58472, -0.804174
0.755846, 0.860489
1.51541, 1.95635
0.71662, 0.201778
1.30267, 0.585407
0.662666, -0.483254
-0.660466, -1.3927
-0.595946, 0.127313
1.35455, -0.539152
0.904266, -0.554281
-1.56095, 1.67825
-1.56795, -1.40255
0.829425, -0.618101
1.46768, 1.2765
0.854681, 1.09365
-0.400499, 0.684312
1.29938, -1.76919
-0.245059, -0.679094
-1.40419, -0.585542
-1.52587, -1.53672
1.36125, -1.88108
0.851379, 1.18188
1.25349, -1.2357
0.495369, -1.39359
1.64147, -0.756181
-0.606935, 0.777292
0.491389, 0.477008
-0.959282, -1.76275
-1.58492, 1.98653
-1.36872, -1.8052
0.425445, 1.56234
1.6145, 0.598961
-0.321564, -0.426148
-0.268312, 1.95693
1.72193, 1.32952
1.54455, -1.26045
-1.65139, -0.357867
0.361377, -1.086
0.645073, -0.25874
0.770897, 1.35103
1.57793, 1.72702
-0.303512, -0.256102
1.60988, -1.45806
-1.76441, 2.00813
1.59602, -0.10072
1.98116, -1.14507
0.559866, -0.629207
-1.65135, -0.902359
1.46361, -0.120978
-1.74101, 0.393989
-1.41299, 0.142763
0.818325, 0.22151
-0.501864, -1.64291
-1.81217, 2.06639
0.257004, -1.41657
-1.42393, -1.45832
1.28259, -0.745105
1.88562, -0.413402
0.18673, 1.30763
1.53965, -1.43353
1.03028, 1.24068
0.516868, -0.189125
0.59044, -0.717024
0.404248, -1.77891
1.34341, -1.25394
1.946, 0.241507
-1.06258, -1.32314
0.506762, -0.966654
-1.76675, 0.405261
1.5556, 1.53703
0.764349, 1.65699
0.160465, -1.39832
1.31342, -1.71732
-0.237935, 1.45536
1.66666, -0.432789
-0.821647, -0.52916
0.0186745, 0.364141
-1.40782, 0.915899
-1.50213, -1.34294
-0.442599, -0.526667
1.30326, 0.685276
0.532701, -1.55446
1.67036, -0.609616
-1.39934, -1.59886
-1.4646, 0.391305
1.24727, 0.494482
1.32942, -0.617658
1.39819, 0.465813
-0.987114, -1.18991
0.00206782, 1.78094
-1.35925, -0.182745
1.71735, -1.56157
1.63335, 1.17846
-0.574095, -0.0652457
-0.200927, -1.63608
-1.57226, 0.559895
-1.52805, 1.2087
0.151637, -1.61424
-0.546967, -1.32733
0.536783, -1.3469
-0.689938, -0.838483
-0.195896, 0.341285
1.02091, -0.671957
0.48886, 0.89479
1.22621, 1.54682
-0.200489, -0.3025
-1.76064, -1.16943
-0.990449, -0.5451
-0.858894, 0.440374
-1.31957, -0.758084
-1.16646, 0.0825854
0.741508, 1.32313
1.00349, -0.281493
1.50818, 1.58143
-1.26554, 0.821767
1.3739, -0.947531
0.711216, 1.41244
-1.59155, 1.21378
-1.78439, 0.701894
1.30639, 1.32363
1.57754, -1.36984
0.429227, -1.1333
-0.591111, -0.174202
1.9995, 1.40093
0.60769, -1.47692
0.301081, 0.307559
-1.62924, 1.33249
0.656105, -1.88314
1.12705, -0.777005
1.26583, -0.544923
-0.567589, -0.487256
1.33927, 0.489739
-0.61402, 0.929246
-1.16248, -0.480304
-1.71147, 1.50967
0.410831, -0.449944
-1.9956, 0.220777
-1.61383, -0.714716
-1.50627, -0.481169
0.587757, 0.767999
-1.46552, 1.9858
-1.43168, 1.73145
0.65269, 0.36572
1.49948, -0.583225
-1.19247, 0.541193
0.799868, -0.797414
0.730198, -1.68558
-0.518013, -0.0341857
0.59545, 0.211449
-0.38309, -0.142355
-0.782196, -0.485162
-1.63793, 0.473045
-0.96845, 0.481663
0.311407, 1.38181
1.85181, -0.623377
1.65049, -1.83295
1.27075, 0.18052
1.59249, 1.8987
0.0829284, -0.280922
-0.481509, -1.32333
0.155701, -0.271398
-0.297764, -0.233059
-1.63539, 1.35295
0.703898, 0.421456
-0.339096, -1.4578
0.532108, 1.56494
-0.547382, -0.45983
-0.378016, 0.27048
-1.60888, -0.388928
-1.32095, 1.53507
-0.367402, 1.49951
-0.0229794, -0.591933
1.46963, -0.705948
1.74383, -1.23564
-0.0905222, 1.30548
1.21364, 0.978871
1.65092, -1.15042
0.734958, 0.21081
0.69284, -2.15141
-1.43434, -1.10474
1.46519, -0.852789
0.475536, 0.158527
1.44897, -0.720332
-1.5758, 0.0457828
0.313681, 0.0459587
-0.106289, -0.227584
-1.86975, -0.110988
0.91886, 1.23583
-1.52382, 1.67137
0.875674, -0.89216
0.36008, 1.49274
0.303795, -1.87821
-0.435029, -2.14844
1.56288, 0.165297
0.912924, -0.156355
1.39061, 0.705936
-2.09036, -1.40701
0.161412, -1.64818
-1.29064, -0.205001
-0.300024, 0.967325
0.319169, 0.34515
1.108, 0.465599
-1.57167, -0.932897
-1.47296, 0.508275
1.79784, 1.3275
-0.508794, 0.705857
0.350064, -0.83861
0.217898, 1.54369
1.88223, -0.351453
0.640081, -0.11614
0.487913, 0.398388
-1.68096, 1.45951
1.77357, 1.17568
0.478487, 1.43142
1.32316, 0.912423
-1.72428, -1.38617
1.82554, 1.65736
0.606208, 0.387279
0.395105, -0.90317
0.0265793, -0.28467
-1.50718, -0.544744
-0.567428, 1.36809
-2.13246, -1.68403
-1.51963, -1.36177
-1.00775, 1.74201
1.47206, 1.43435
-1.16803, 0.288211
-1.47369, 0.469565
-0.134014, -0.324386
-1.47918, -1.14281
-0.172968, -1.33438
0.528701, -1.36245
-0.998747, -1.53049
-1.59792, -1.59881
-1.15712, -1.63474
0.445641, 1.70772
-1.71008, -1.46564
1.44641, 1.7569
0.648944, -1.63758
-1.41313, 0.989348
1.57068, -0.467588
-0.57446, -1.83693
1.48615, 1.64266
1.58167, -1.42269
-1.47503, -0.457458
-0.431906, -1.8098
0.713345, -0.927924
-0.423671, 0.768865
0.85951, 0.218425
-1.43279, -1.9849
0.328931, -0.451579
0.217805, 1.50794
1.9109, -0.521991
1.66259, -0.434585
0.511679, 0.600244
-1.46995, 0.0343014
-1.54609, 0.294389
0.618994, 1.4207
-0.748945, 1.97384
-1.36877, 0.329234
0.508157, -0.368811
1.55194, 0.392481
0.574968, -1.01268
1.69119, 1.41928
-1.50474, -0.242263
-1.60249, 1.23598
0.468842, 0.437386
0.188384, -0.360569
0.58632, -1.24433
1.67081, 0.91367
1.48234, -0.963721
1.43029, 1.16098
0.756605, -0.460685
-0.809543, -0.395868
-0.743476, 0.21311
-1.69818, 1.40175
0.452072, -1.86874
0.209473, -1.60027
-1.72541, 0.679751
-0.607701, 0.612225
-1.96025, 0.577334
1.44464, 1.63857
-1.33556, -1.78834
1.41937, 0.83525
1.50511, -0.601302
-0.440464, -1.85561
-0.290077, 1.77438
0.491164, -1.35744
1.12659, 1.93765
-0.240183, -0.774214
-0.424125, -1.698
-2.00297, -0.422972
-1.22153, -0.365039
2.1525, -0.475851
-0.521774, 1.78053
-0.938746, -0.575024
-0.558722, 0.277552
-1.14252, 1.9702
1.41217, 0.486395
-0.340099, 1.87679
2.12298, -0.384969
0.45983, 1.13753
0.709023, 1.40943
-1.15652, -0.628179
-1.31168, 0.562422
0.485743, 0.614525
-1.33406, 0.0800454
-1.24644, -1.56576
0.26046, -1.7793
-0.18886, -1.39715
0.446119, 0.574496
1.2224, -1.75347
-1.83811, 0.586311
-1.72555, -0.148368
-1.34345, 0.297451
0.038267, 0.551893
1.24073, 0.85945
0.991167, 1.00825
1.69306, -1.53975
-1.16941, -0.6911
1.29744, -0.737434
1.08296, -1.76996
0.0173374, 0.634937
-1.65369, 1.83866
-0.547042, 1.1361
0.243084, -1.30837
1.63236, -0.0960508
-0.564158, -1.42777
0.521127, -1.7949
0.226631, 0.270315
-1.13482, -0.730644
-1.1569, -1.2631
0.218542, 0.281511
-1.3019, -0.488377
-1.6015, 1.4674
-0.948559, -0.581456
-0.865585, -0.6167
0.105282, -1.71425
-1.46435, 1.72119
1.22629, -1.62967
-1.68011, 1.07173
-0.713065, 1.01702
1.03143, -1.43933
0.847107, 1.58898
1.71936, -0.202384
0.451094, -1.79403
0.105188, 0.19172
-1.10271, -0.576556
1.60768, 1.29183
0.751716, -0.41878
0.0367965, 1.41419
2.02702, 0.454208
-0.153076, -0.297115
1.88595, 1.8842
0.571278, 0.447019
-1.80405, 0.660607
1.71014, -1.37875
1.78916, -1.12646
-1.16021, 0.68924
-0.452082, 0.743747
-0.739814, -0.792967
1.46356, 0.793124
-0.425471, -0.582399
-0.318352, 0.4971
0.121597, 0.725726
-0.113141, -1.7931
0.338457, -1.84533
0.519333, 0.402463
-1.39057, 1.39589
-0.342496, 1.5993
0.99694, -0.235274
-1.69179, 1.49849
-0.17802, -1.83489
0.733715, -0.584244
0.931855, 0.181176
1.80724, -0.12158
-1.16751, -1.53309
-2.05493, -1.54108
-1.68927, -1.58989
-1.6347, -0.454897
1.68351, 1.52381
-0.426268, -1.46895
1.59851, -0.159657
1.61113, -0.381069
0.628932, 1.47985
-0.6329, 0.321399
1.49321, 1.22934
-0.524912, -1.54765
0.915582, -0.281579
0.971188, -0.56728
-1.78579, 1.52266
-0.841893, -1.78909
1.24956, 0.374881
0.555077, 0.573386
-1.99077, 1.84683
0.77964, 1.63839
-1.85196, -1.46401
0.488138, 0.727329
1.43909, 0.797084
-0.461931, -0.646658
-0.574741, 2.05984
-0.399538, -0.393614
-0.224892, -0.398986
0.771335, 1.55043
-1.74545, -1.30186
-0.598119, 1.61332
-1.66085, -0.648495
1.42331, -0.532345
0.407575, 1.18691
0.23232, -1.53311
0.519043, 1.37909
-0.55956, 0.672611
1.66666, -0.468024
-1.78391, 1.35234
-1.18133, 0.785222
1.33946, -1.22554
-0.552883, -0.939551
1.76748, -0.49644
0.163975, 1.44781
-0.647368, 0.323495
1.07569, -0.0544775
-0.701945, 1.60408
-0.712649, -0.511012
1.67027, 1.40794
0.32127, 0.659614
-1.31883, 0.474734
-0.286902, -0.542831
-1.75977, 1.1346
0.731266, 0.710092
0.323173, 0.41492
-1.60398, 0.413287
0.304675, -1.54359
0.502012, -1.91941
-1.54541, 0.673671
0.519665, 1.53981
1.51905, 0.447273
-0.503321, 1.68535
1.48937, 0.56269
-1.15844, -1.41873
0.634782, -1.60649
1.08421, 1.08929
0.348818, 1.4109
-1.74033, -1.27714
1.23143, -0.0983429
0.378528, -1.38406
0.537212, 0.759484
0.890004, 1.69976
-0.124397, 1.3342
-0.843811, -1.26662
1.30909, -1.65978
1.07344, 0.631997
0.631716, 0.351643
-1.4791, 0.495115
0.494345, -1.0829
1.42074, -1.75015
0.497522, 0.0438676
-0.501486, 1.70598
-0.726454, -1.70706
-1.58792, 1.31191
0.228267, -1.62951
0.0854754, -1.1756
-0.789403, -0.594418
1.3866, 1.76006
-0.965507, -1.34916
1.56259, -0.601665
1.15267, 1.20571
1.84065, -1.62553
1.28489, 0.447584
0.564282, 1.78094
0.0100564, -1.42291
-1.84831, -1.87556
-1.2198, -0.67752
1.6077, 1.28044
-0.329843, -1.70516
0.135925, -1.57017
1.076, 0.387532
1.27126, 1.86053
0.937712, -1.6478
0.160288, -1.39725
-1.37124, -1.56764
-0.97049, 0.500272
1.92095, 1.34169
-1.39323, 1.2584
1.32312, -0.0496057
-0.788323, -1.34684
-0.334371, 1.11283
-0.142718, -0.816638
2.02234, -1.15263
0.556231, 0.289075
0.628621, 1.78178
0.0115494, 1.39104
0.268292, 0.880031
0.809238, -0.800413
-1.94056, -0.423524
0.246006, -1.53709
-1.41736, 1.26425
-0.487796, 1.67977
-0.795102, 0.919889
-1.69322, -0.587719
1.3735, 1.36319
-1.4575, 0.0996524
-1.36899, -1.30407
0.385121, -1.89491
0.575241, 0.49227
-1.40004, -1.42672
-0.906409, 1.54408
-0.814792, 0.555904
-1.92083, 1.45331
0.521014, 1.77108
0.113398, 1.60412
-1.75903, -1.44186
0.118777, -1.54794
-0.400365, 0.655114
-1.75507, -1.66719
-1.32183, 1.84721
-1.39786, -1.64483
-0.286352, 0.671191
-1.66854, 1.37696
1.39091, 0.214714
0.330631, 0.718058
1.36633, 1.40284
-2.05567, 0.784507
-0.612045, -0.714631
-0.218018, -0.301193
-1.62328, -1.40726
-1.46706, 0.581004
-1.53856, 0.185824
-0.57599, -0.30105
0.939594, -0.60907
-1.87366, 0.590945
-0.124965, 0.461969
-0.624636, -1.47026
1.80141, 1.60139
-2.01987, -0.58682
-1.96435, 1.9023
-1.12258, -1.24301
-1.22291, -0.0777331
-1.38616, 0.38382
0.879843, 0.767014
0.547824, 0.483165
0.534227, -1.44681
0.671642, 0.665629
-1.36038, -1.77611
1.70429, 1.88258
0.497448, -0.250087
1.28622, -0.631765
-0.537845, -1.74417
-0.41473, 2.10912
-1.45825, 0.628186
0.464694, -1.00835
0.739958, -1.45644
1.43326, -0.451965
0.391206, 1.76653
-1.89296, 1.18773
0.824742, -0.388255
0.443022, 1.19609
0.552632, -1.55432
-0.470144, -0.548606
-1.58482, 0.247591
0.31623, 1.15896
-1.37946, -1.4849
1.8433, 1.74201
0.399245, 0.390577
-0.410001, 0.453176
-0.731331, 1.49974
-0.338409, 1.2588
-1.05727, -0.0626265
0.24205, -0.369642
0.686178, 1.27818
-1.88179, -1.37873
-1.49701, -0.295438
1.55173, -1.59868
-1.42627, -0.65124
0.601212, -0.347117
-0.203717, -0.0559178
1.31821, 0.493278
-0.17061, -1.6139
-1.69732, -1.40347
0.207171, -1.33179
-0.552567, -1.66278
1.58619, 1.49407
0.626064, 1.76686
-1.63459, 1.94734
-1.30405, 1.50745
-0.117997, 1.30694
0.00493781, -1.25904
0.445413, -0.608003
-1.57008, 1.27703
0.273928, 1.36833
-0.395301, -1.23906
-0.259977, 0.247168
1.26211, 0.427887
-1.74563, 0.764515
-1.40325, 1.55189
-0.463661, 1.50521
0.297484, 1.44855
-1.26631, -2.0762
-0.706207, 1.50673
-1.48649, -0.338287
0.186203, 1.13982
-0.345938, -0.0358742
-1.30744, 0.464141
-1.66283, -1.33273
-1.16812, 0.0369942
-0.857752, -1.23135
1.61692, 0.762519
-0.595351, 1.42165
-0.824271, 1.6707
-1.07246, 0.333928
-0.0899315, 0.370645
-1.6269, 0.659928
1.59402, 0.334353
-1.76847, -1.46112
-0.673139, 1.40876
-1.52932, 0.341507
1.63009, -1.49481
-0.888742, -0.84607
-0.274155, 1.37412
-0.365531, -0.687526
-0.340622, 1.70349
1.91035, -0.648265
0.621406, 0.419422
1.42963, -0.666897
-0.727479, 0.400447
-0.295319, 0.624497
1.29678, -1.37467
1.63677, -0.959115
1.65758, -1.37114
0.701339, -1.52354
-0.700536, -1.50695
-0.0146103, 1.33523
-1.48629, 1.35574
-0.340653, 0.593787
-0.300813, 0.602245
-0.539795, 2.23808
-1.29207, -1.45606
-1.59673, 0.5207
-0.846681, -0.234629
1.12585, -1.16319
-0.580226, 1.56207
0.357805, -0.627224
-0.502182, 0.924326
-0.450638, 0.764312
-1.65975, -0.104094
-0.0666431, -0.664431
0.828891, -1.77525
1.17177, 1.61169
1.50094, 1.26208
-1.71926, 1.26534
-1.56107, -1.24735
-0.323796, 1.35629
-0.316775, 1.57702
1.12476, 0.4187
-0.267026, -1.58958
0.640458, 0.151121
0.793567, -1.14388
-1.45518, 1.31854
-1.35246, -1.60555
-1.53192, 1.91669
-1.19705, 1.40823
1.94578, 2.07868
-1.65101, 0.0570941
0.10603, -0.227635
-0.365482, -0.400894
-0.197842, -0.770796
1.7892, -1.77002
-0.166944, -1.44541
-1.8291, 0.828853
0.519782, 1.50614
-1.41785, -2.10551
-0.41689, 0.263667
-1.40484, 1.37832
-1.82254, 0.573739
0.501985, -0.212146
-0.471453, -0.542605
-0.681904, 1.30287
1.68966, -1.28771
0.555727, 1.35169
0.582017, 0.801205
1.64858, -1.19028
1.54638, 0.513729
1.3365, 0.594025
1.11485, -0.795008
1.32027, -1.36145
0.391015, -1.57186
-0.513245, 1.57768
-0.839999, -1.14536
-1.37984, 0.719083
-0.058409, 1.02198
1.22452, -1.27675
1.10147, 0.534994
-0.601443, 1.32245
1.91974, -1.20274
-1.70465, -0.557684
-1.70994, -0.470256
0.251492, -1.68144
-1.7364, 0.624747
0.62991, -0.891905
-0.883586, -0.447626
-0.570789, -1.46258
-1.13985, -1.15892
-1.76184, 0.525105
-1.76716, 1.48955
-0.407933, 1.33658
-1.40697, 0.39094
1.39726, 1.33258
0.226519, 0.559985
-0.269889, -1.7461
-1.52091, 0.339627
-1.53172, -1.33182
0.289574, -1.50294
0.722486, 0.378598
1.77968, -0.550652
-0.861331, 1.12628
1.25009, 0.135385
-0.120498, -1.63714
1.71208, 1.64155
-0.595223, -0.765038
-0.114444, -0.959859
0.396491, -0.593757
0.443672, 1.4225
0.561047, 0.531281
-1.30816, -0.422892
0.213605, 0.511333
1.36449, 0.230345
-0.310603, -1.28043
0.539898, 1.4158
0.960809, 1.86782
0.35229, -0.368158
0.421031, -1.98443
-0.45704, -1.39736
-1.5041, 0.180115
-1.59225, -1.52913
-0.614227, -0.959072
-1.41682, 0.864331
-0.394198, 1.37742
1.61659, -1.45356
1.1948, 1.75266
-1.71237, 0.639359
1.65036, -0.283545
-0.481123, 1.51015
-1.52351, -0.25805
0.368988, 1.38167
-1.20876, 1.36008
0.808128, -0.170001
0.614788, -0.512064
1.88597, 1.45087
2.0284, -1.39586
-0.220438, 1.37699
0.247947, 1.16469
-1.29839, 1.74495
1.43143, -0.3864
1.91508, 0.372258
-1.455, 0.855925
-1.35457, -1.64244
-1.91038, -1.75423
-0.524446, -0.289295
-1.80067, 1.35902
0.628768, 0.572781
0.121356, 1.46657
-0.438809, -1.46959
1.77916, 0.451408
1.88662, -0.431532
1.33667, 1.95887
1.70716, -0.857346
0.635275, 0.763484
-1.39509, -1.21467
-1.28679, 1.44076
0.661761, 0.486153
1.26704, 1.37262
0.375614, 1.24089
-0.934193, 0.471983
0.236752, -1.31413
-1.43058, 1.12177
0.588315, 1.48524
-1.28977, -0.403144
-1.6898, 0.665451
1.49869, -0.782968
-1.17347, 1.26786
-0.771101, 1.55312
1.44725, -0.252973
-1.26405, 1.53952
-0.744983, -0.401454
-0.399142, -0.467405
-0.549039, -1.3553
1.40556, 0.49843
0.90907, 0.819207
-0.345899, -0.336641
-0.541809, 0.335826
0.788207, -1.34058
0.758362, -1.1647
-0.943239, -0.297726
-1.6244, 0.726191
0.244564, 0.366761
0.21191, -0.470363
0.58481, -1.41984
-1.80756, 0.661603
0.335227, -1.45736
-1.34943, 1.66495
0.720283, -0.650407
1.06289, -1.30837
-0.466914, 1.19775
-1.83547, 0.488337
1.76952, -1.2486
0.536269, -1.29822
-0.246787, 0.519628
-0.563896, 1.20612
1.51945, 1.46376
-1.6016, 1.97834
1.33592, -1.35261
-0.447161, -0.425073
0.511894, 1.41915
0.535248, -1.61473
-1.10024, -2.09072
-0.451084, -1.48204
-1.57398, -0.692852
-0.318905, -0.28016
-1.50175, 0.628576
0.9743, 0.203976
-0.699616, -1.26515
0.622963, -1.32283
0.372218, -0.912108
-1.2734, -1.52184
-1.83251, 0.621545
-0.355724, -1.4595
-1.94915, 1.2044
1.88427, 1.467
-0.380937, 0.859577
-0.645144, -1.18515
-0.431565, 0.191865
0.53023, 0.332176
-1.50617, 0.571602
-0.496921, 0.699657
0.413031, 1.73657
1.7529, 0.547162
-1.42916, 1.49301
1.11271, -1.50034
-1.34314, -0.138898
0.5389, 0.318674
1.51832, -1.36899
-1.67568, 0.995114
1.06266, 1.29637
1.2203, -0.610703
-1.21257, 0.469269
1.45209, -0.792882
0.430776, 0.496235
-0.809376, 1.11821
1.49254, 0.733393
0.201139, 1.70622
-0.583283, -0.706091
0.284903, -1.31142
0.866991, 0.160426
1.78107, -0.451953
1.4444, 1.32446
-0.553229, -0.14169
0.783809, -0.0285371
-0.567201, -0.980113
-1.79409, -0.584189
0.727772, -2.03612
-0.972775, -1.56314
1.21705, -1.77064
-0.644488, -1.48316
0.809502, 0.472417
-1.28966, 1.57906
0.502374, -0.27465
0.433447, 1.3644
0.560337, -1.33684
1.61038, 1.64086
1.36156, -0.564534
0.115333, 1.48113
0.38552, 1.47669
-0.807995, -0.0177126
1.34421, 0.929118
0.510448, -0.515667
1.55993, 0.455552
-0.569027, -1.49457
-0.423191, -0.714432
-1.45334, -1.70117
0.264756, 0.638128
1.60958, -0.282329
1.2943, -0.625635
0.695712, 0.357582
0.777177, 0.404372
-0.46391, -0.437272
1.58009, 0.173173
0.0324228, 0.5325
-0.427286, 0.51399
0.695235, -0.744977
-0.745251, 0.670149
0.782388, 1.73275
1.3492, 1.68481
-1.11605, -1.37124
-1.577, 2.0051
-0.6789, 1.37884
-1.73955, 0.829314
-1.44288, -1.55922
0.596532, 1.19137
-1.34716, -1.27201
-0.748378, -0.752164
0.542029, 0.749576
0.54818, 1.43076
0.47228, 1.58439
-1.24744, -1.11351
1.66306, 1.56631
0.271016, 1.72597
1.49735, 1.29832
-1.98645, 0.117449
1.64449, -0.57886
-1.76079, -0.513793
1.42418, 0.285807
-0.61021, -1.10277
1.58727, -1.33428
-1.50895, 1.13589
1.46672, -0.481808
0.436312, -1.77195
-0.0762862, 1.52635
1.48566, -0.46411
-1.61202, 0.992863
-1.24295, -1.21783
0.114725, 1.56547
0.479605, 0.744963
1.31044, -0.961355
1.77366, -1.43461
-1.41109, 2.2969
-0.844087, -1.48961
-1.73731, -1.66951
-1.37776, 1.57073
-0.405383, -0.491833
1.39756, -0.222964
1.75427, 0.87117
1.49496, 1.64689
1.4839, -1.4451
0.516031, -0.195321
-0.43991, 1.29258
-1.59571, 0.804997
0.794535, 0.334311
-0.768397, 1.5479
-1.36114, 0.428193
0.784759, -0.35066
0.42963, -0.0239484
0.482431, -1.49635
-0.192168, -0.334793
-1.49339, 0.295416
0.601328, -0.657246
-1.49638, 1.56948
1.7094, -1.47477
1.07894, -0.849012
0.927286, 2.30322
1.14812, -1.84022
0.411615, -0.550797
-0.986463, -0.97378
1.35251, -1.54826
-0.894499, -1.71449
2.10309, 1.21207
0.508104, 0.388736
-0.664589, -1.36041
0.477008, 0.389649
-0.57403, 0.507052
1.17826, 0.6945
0.665142, -0.762778
0.629287, -1.51607
-1.02103, 0.475077
-0.728239, 1.18212
-1.34845, 1.78473
-0.732458, -0.730082
1.43585, -0.464246
-1.41806, -0.882096
-1.92673, 1.47712
0.894622, 0.565998
0.260793, -1.19157
1.16191, 0.231902
0.404513, 1.44333
-1.2623, 0.621099
-1.24238, 1.09288
-0.599328, -0.448701
0.721662, 0.499855
0.697424, -0.478595
-1.80493, -1.44091
-0.557603, 0.282012
-0.453216, -1.30057
-1.60209, -1.46561
0.400102, -0.554036
1.69144, -1.43132
1.69048, 0.39077
-1.59809, 0.0260837
0.419632, -1.41298
1.10266, 0.597183
-0.580953, -1.34884
-1.33141, -1.78898
1.79176, 0.338738
0.887663, 0.464382
0.767069, -1.35146
1.60786, -1.87513
-0.620785, 1.62137
-0.257621, 0.155157
-1.90812, 0.681351
-1.04344, -1.60008
-1.55832, 1.31099
1.47759, 0.723466
0.55215, 1.717
-0.92636, 0.378341
0.435449, -1.01594
1.70627, 1.53128
0.463848, -0.791894
0.72547, 0.447105
-0.36614, 0.723425
1.47302, -0.546819
-1.58739, -1.28661
1.1537, -0.901741
0.785543, -0.741516
-0.388887, -1.43295
-0.296535, 0.648003
0.543736, -1.73651
0.311635, -0.544502
-0.495156, 0.523839
-0.62371, 0.608657
-0.754846, 1.55488
-0.613518, -1.74683
-0.224001, -0.849112
-1.66615, -1.32636
0.198755, 1.49325
0.557832, 0.764278
-0.670283, -0.966331
-1.40098, -0.81672
1.13152, 0.886726
0.56024, 0.962028
0.981458, 1.00657
2.13343, -1.29189
-1.37049, 1.49016
0.503209, 1.4364
1.47872, 0.510223
-0.366823, -0.392487
0.837178, 1.83437
0.127242, -0.449539
0.744948, 1.83464
-1.50583, -1.22713
1.73921, 0.430331
1.39475, 1.40455
-1.52667, -0.164168
-1.5886, -0.394719
0.538698, -1.46981
1.35218, -0.333075
-1.64604, 0.432651
-1.78647, -0.554704
1.49587, 1.67587
1.61196, -1.79887
-1.3987, -0.282062
-0.434348, -0.660223
-1.83343, -0.43555
-1.00631, -0.438906
1.6227, -0.183205
-1.61849, -1.09883
-0.149238, 0.174376
1.29161, -0.757758
1.92237, -0.483939
-1.47316, 0.613563
-0.65146, 0.987755
1.3456, 1.38704
-1.0586, 1.32729
1.84496, 1.59911
-1.71826, -0.71827
0.443566, -1.24311
0.551741, 0.382442
-1.41109, -1.96705
-0.643827, 0.405147
1.66786, 1.66851
1.42854, 0.635076
-0.501155, -0.922715
-1.36906, -0.51557
-1.22168, 0.388254
0.781775, -0.141489
-1.34068, -1.63698
1.89714, -0.446046
0.452848, 0.806268
1.62065, -1.43008
0.527821, -1.63423
-1.99149, -0.199283
1.84241, -2.03968
-0.48395, -0.321346
1.5059, -0.832911
-0.891095, -1.08502
0.377992, -0.321813
-0.314872, -1.32066
0.887969, -1.44797
-1.77197, -0.543302
-1.66427, 1.43264
1.16926, -0.363004
0.927673, -0.180884
0.188616, 0.491019
-0.419348, -0.436995
1.32556, -0.356889
1.49845, 0.487037
1.80946, -0.664854
0.0530143, -0.566427
-0.898049, 0.0435156
1.37275, -1.56896
1.03798, 1.69362
0.0384551, -1.58563
-1.49246, 1.67865
-1.61725, 1.37323
-0.361067, -0.669959
1.09474, 0.469658
0.635793, -1.80455
0.422157, 0.691651
-1.04222, -1.26342
-1.26679, 0.517282
1.43654, -1.27179
1.76635, -0.132372
-1.19561, -1.42764
-0.432155, 1.1538
1.39821, -0.583515
1.1379, -1.39122
-1.79891, -0.949479
-1.99252, 1.41988
1.44519, -1.36469
1.43384, -0.607431
-1.43793, 0.30981
-1.89792, 1.59974
1.32308, 1.69566
1.42489, -1.71938
1.16425, 0.731805
-1.11715, 0.586204
1.54341, -0.0118704
0.812208, 0.980452
1.40374, -0.9298
-1.82606, -1.82835
0.663959, -1.2383
-0.0315897, 1.20906
0.519235, 1.65223
-0.127743, 1.55863
-0.990738, 0.449703
-0.26466, -0.32478
-1.02469, -1.39099
-0.625187, -1.58547
1.51337, -1.49792
0.541018, -1.13454
1.52178, 0.771416
1.40403, -1.16234
1.38486, 1.98633
-0.0735522, 0.10899
-1.22667, 0.122464
-0.104711, 1.89644
-1.43545, 1.34569
-0.762843, -1.19804
0.699487, 0.563819
-1.3484, 0.749903
1.73921, 0.202407
0.768014, 1.38782
-1.7428, -0.679951
-1.45295, -0.501911
-0.573401, -0.938441
-1.29626, -0.987019
-0.767289, -0.945618
-0.279572, -1.1687
1.50855, 0.785223
0.860731, 1.68406
-1.53283, 0.816663
1.95575, 1.06011
0.493293, 1.69334
-0.441429, 0.327404
-0.763089, -1.22417
0.818408, 0.248981
0.829587, 1.38271
-0.532262, 0.558474
1.08252, -1.55243
0.629197, -1.89245
1.64405, 1.78252
1.78326, 1.38965
-1.9603, 1.6829
-0.207517, 1.21511
-1.75923, -1.94101
-0.251296, -0.930055
-0.551155, 0.231681
1.3517, 0.493331
-1.04081, 0.4009
-1.52687, 0.589858
1.07621, 1.69015
-1.47696, 1.23004
-1.24926, -0.369787
-1.26173, -1.38293
0.813457, -1.91242
-1.18358, -1.47069
-1.39871, -0.337948
-1.15727, -0.413543
-0.269186, 1.55138
0.56349, -1.16126
-1.47032, 1.0464
0.479927, -1.17404
1.0884, -0.574355
1.34241, -0.417709
0.226974, 0.627247
-1.16451, -1.11581
1.52866, 1.95423
-1.37259, -1.5984
1.85859, 1.48085
-1.43164, 0.377937
-1.53016, -0.658868
1.81265, -1.49557
-1.52861, 1.3946
0.821108, -0.0311386
0.513307, 0.489617
0.966493, -1.55422
-0.401377, -1.78005
1.46218, -1.41582
-1.31999, 0.377636
-1.83967, -1.60911
-1.88511, -1.3392
0.569968, 0.784315
0.0549348, -1.72847
-0.31202, 1.87891
-0.566167, 0.420488
-1.60168, 1.35514
-1.73224, -1.653
-0.785239, -0.585855
-1.6306, 1.68717
1.23693, 1.51592
-1.12697, -1.63877
1.65886, 1.87208
-0.562308, 0.660628
0.967501, 0.599033
0.446735, 0.288473
-1.70322, 1.78933
-1.44219, -1.09435
-0.305784, -0.635658
-1.63132, -1.81353
-1.7021, 1.46931
-1.07281, 2.13787
-0.715225, -1.58918
0.555524, 0.304543
-1.65202, 0.274005
1.29326, 1.49581
-0.719075, 1.76539
-1.31325, 0.356843
-0.875858, 1.86134
1.65362, 1.7867
-1.8743, -1.18524
-0.364536, 0.629037
1.3665, -0.430012
-0.411532, -1.49564
1.29999, 0.641297
1.34008, 1.59929
-0.240753, 1.49922
0.897572, -0.976412
1.58571, -1.31943
-1.34255, -0.671188
0.215219, -0.695556
0.746825, 1.80925
0.0615955, -1.59868
0.554585, 0.557145
0.537324, 1.42694
1.48056, -1.67277
-0.240663, 1.27616
1.15489, 1.59913
0.954682, -0.087308
1.45828, 0.189956
-1.69082, -0.306871
-0.950424, 0.862092
0.64808, -1.51154
0.55678, -1.2991
-0.11803, -0.949138
-1.8904, 1.15446
-1.20565, 1.50022
1.63313, 0.436458
0.37697, 1.82181
1.19898, -1.59532
-0.397952, 1.77108
-1.4991, 0.986427
1.21056, -1.67194
1.26817, -1.61897
-1.42043, -1.06218
-0.668247, -1.73201
1.31178, 1.57951
-0.718276, -0.681988
1.90546, -0.430035
-0.403121, -1.48083
0.557805, -0.22276
-1.44751, -0.644756
-0.371055, -0.234106
1.93153, -0.576837
-1.53455, 1.63547
0.453137, 1.55127
0.155463, -1.85297
-1.73693, -1.45504
-0.979147, -0.815319
1.80277, -0.19072
1.4142, 1.44737
0.869408, 0.453051
1.30888, 1.86755
-0.800956, 0.356481
-0.289952, 1.37383
-0.623498, 0.618747
-0.383132, -1.95669
0.161023, 0.688215
0.394242, 0.783068
-1.38912, -0.108124
-0.191958, -1.70286
1.2131, -0.267107
-0.516558, -1.14783
0.755383, -0.920705
-0.59652, 0.490015
1.96643, -1.65303
-1.38223, -1.44837
-1.67052, 0.82121
0.728041, 0.191276
-0.574809, 1.52832
-0.874108, 1.93814
1.34316, 0.528403
0.535818, 1.52574
-1.1411, -0.856342
-1.76525, -0.698767
-0.311307, -1.27551
1.23355, 0.922324
-0.330375, -0.513577
1.51195, 1.12109
0.641248, -0.722021
-0.549387, 0.333886
0.125477, 0.707489
-0.380623, 0.0484079
1.58875, 1.24468
-0.371566, 1.26662
-1.51874, -0.892266
-0.493532, 0.583065
-1.04363, 0.564111
-0.448148, 1.30316
-0.65281, -1.259
-0.275383, 1.2914
-0.485792, 1.44863
0.535018, 0.330285
-0.581634, -1.11551
0.686751, 0.607754
1.67293, -1.37095
0.468038, 0.365222
-1.23473, -0.712627
-0.66709, 0.555922
-1.74452, 0.652046
-1.40443, -1.12295
0.374186, 0.516807
-1.58066, -0.554393
-0.46966, -0.399598
-0.534705, 1.31706
0.416408, -0.335417
1.37114, 0.650149
0.893789, 0.617136
-1.37492, 1.83103
-1.49307, -1.67936
0.387257, 1.43815
0.844974, -1.8004
0.666988, -0.95147
-1.09432, 1.24288
1.41953, -1.58841
1.54802, 0.253617
-0.51118, -1.5254
0.66558, 0.342426
-0.234194, -1.03943
-0.401091, -0.642034
-0.337499, -1.50532
0.261278, -1.22665
0.557011, -0.718072
0.594453, 1.8872
0.753567, 0.261751
1.2157, 1.93883
0.164942, -0.732221
-1.60712, 0.80247
0.230605, -1.83363
-1.53051, 0.516008
1.32644, 0.688503
-1.28394, -0.366372
0.700382, 0.611325
1.51662, -1.28649
-0.759437, 1.50617
1.0315, 1.47295
-1.29266, -1.36265
-1.63196, -0.350045
-1.5285, 1.42179
-0.812422, -1.39865
-1.36493, 1.35328
1.06223, 0.411254
-1.29015, -1.57019
0.755695, -0.520755
1.83787, -0.955201
0.385122, -0.385905
1.40816, -1.0855
-1.24557, -1.03027
-1.77133, -0.527221
-1.59789, -1.41361
-1.13067, 0.281311
1.47726, -1.25066
-0.803858, 1.6022
0.36831, -0.565912
1.46732, -0.435595
-1.72036, 0.430262
-0.707007, -0.324148
-1.1852, -1.67853
0.375549, 0.346229
0.629842, -0.563301
-0.131361, -1.24376
-0.553376, 0.374899
-0.147378, -1.43395
-0.538021, -1.64313
1.45271, 0.510208
-0.41872, -0.894346
-1.77835, -0.375277
1.36046, 0.385622
-0.766229, -0.534318
1.49316, 1.54222
-1.37781, 1.13995
-0.495959, -1.54941
1.62026, 0.513377
-1.71847, 0.895194
1.41166, 0.603801
-0.239309, -0.865469
-0.749386, 0.737267
-1.54061, 1.45722
0.201517, -0.48894
-2.46981, -1.22501
-1.3839, 0.186592
0.561046, -1.55065
0.485384, -0.702596
0.589717, 1.63052
-1.50391, 0.311906
-1.62952, 0.314245
0.21938, 1.66278
-0.635007, 1.3891
-0.796369, 0.639007
-1.66848, 1.22651
1.61324, -1.01547
-1.53188, 0.7258
0.433197, -0.69942
1.19326, 1.79256
-1.74, 0.989269
-0.378232, -1.05612
1.33452, -1.57193
-0.254791, -0.233798
-0.490378, -0.505275
-0.257694, 0.550679
-0.576159, -0.868499
-1.74073, 0.362869
0.696902, -0.45119
1.38898, 1.41699
0.211316, 0.375198
0.569622, 0.393004
-0.799165, 0.153085
0.371197, -0.301226
-1.52161, -0.443878
1.35238, -0.35868
-0.0689611, 0.75829
-0.492694, -1.44355
-1.31646, 1.2414
-1.41944, -0.288586
-0.977021, -0.23178
-1.65262, -0.766907
-0.688895, 0.843407
0.0245125, -1.76211
0.180271, 0.312522
-1.00078, -1.48442
1.16178, 1.12708
-0.417313, 1.39402
1.1814, -1.36153
-0.487797, -0.183263
0.483238, -1.10104
-1.35993, 0.498781
1.58684, 0.184488
-0.150022, 1.64964
-1.46771, -1.5571
0.232708, -1.29767
0.495281, -0.326489
1.60369, -0.315009
0.420543, 0.543357
1.35462, 1.07306
-0.730636, -1.35057
1.64766, -1.35695
-0.767845, -0.220413
-0.617907, 0.370683
0.430709, -1.24421
1.21997, -0.595549
-1.36043, 1.73175
-0.379899, -1.42001
0.181176, 1.58496
-0.193355, -0.492298
1.42601, 1.25392
-1.47319, -0.16396
0.436786, 0.151761
1.19724, 1.34016
0.880902, 0.75355
-1.20906, 0.64941
-1.65757, 1.70532
-0.431423, -0.445283
1.50499, 0.889143
-0.404084, -0.923024
-1.16075, -0.780283
-0.714065, 0.905021
0.837852, -0.850588
0.457324, -0.591016
-1.61175, 0.413612
1.34946, -1.18955
0.619733, 0.657738
-0.200363, 1.32264
0.735223, -1.38935
0.665329, 0.150767
0.166713, -0.423516
-1.35545, -0.268311
1.73383, 0.909298
0.7619, 0.46102
1.58429, -1.77666
-1.85789, 0.29489
-0.369207, -0.429125
-0.610808, -0.907202
1.31019, -1.24634
-1.53439, -2.02004
1.5262, -0.699534
0.573868, -1.21472
-0.422207, -1.08368
0.604452, 1.43006
1.99505, 1.46806
-0.404689, -1.42128
1.22522, 1.58602
0.455748, 0.102007
-1.6203, 1.45754
0.720348, 0.69466
-0.320685, 0.662943
0.827904, -0.873956
0.32929, -1.41425
-0.510156, -1.42617
0.612093, -0.128114
-1.34804, 1.5286
0.424414, 0.825148
-1.59982, 1.39901
-0.625353, -0.796708
-0.24091, 0.556235
-1.55955, -1.36847
1.65756, -0.285903
-0.00162465, -1.57901
-0.0598362, -0.388685
-1.80784, -0.656804
-0.781388, -1.54665
1.83178, 0.777905
1.02267, -1.19421
0.939816, 1.2349
-0.974479, 1.29619
-1.46655, 1.99025
0.333787, -1.56421
-0.488838, 1.2829
-0.355685, 0.646946
0.336039, -1.82027
0.42706, -2.1225
1.85033, -1.7179
0.260484, -1.59945
-1.71718, 1.46307
1.4715, -0.271559
-0.437115, -0.570784
1.56976, 1.50295
1.77944, 1.28017
0.18513, 1.19363
0.00236472, -0.364994
1.77544, 0.111768
0.626443, -0.0117816
-1.6846, -0.679142
-0.834306, 0.270245
-1.70805, -1.4334
-1.77678, 0.128408
-1.48863, -1.28003
-1.15121, -1.52214
0.654636, -1.78884
-0.770032, -1.56635
0.815631, 1.30746
0.718742, -1.17018
-0.216019, -1.43029
-1.74901, 0.475878
-1.55388, -1.1863
-0.936271, 0.393763
-0.372402, -0.245211
0.410233, 1.27565
-0.775194, -1.34354
1.50977, 1.57098
-0.941249, -0.684909
-1.67812, 1.60878
-1.59958, -1.61635
0.519349, 2.04716
-1.5466, -0.481466
-0.457263, -0.484007
-0.0910733, 1.27717
1.33019, -0.356308
1.68026, -1.43342
1.68341, 0.376914
1.12186, 0.298645
-0.156084, -0.485267
-0.493001, 0.718355
-0.637186, -0.110557
1.08721, -0.5604
-0.851538, -1.32342
-1.02651, -0.248002
1.68311, 1.8593
-0.718469, 0.542299
-1.4147, -1.58553
-1.31211, 0.306351
-0.302581, 1.71612
-1.66994, -1.29942
-0.614773, -0.825333
0.337395, 0.941072
0.420334, -1.57986
-0.604211, -0.28784
0.150687, 1.68741
-0.896284, 1.94099
0.693331, 0.00359655
-0.271433, 1.54357
0.965695, -0.120808
-1.25881, -0.579699
0.729289, 1.18322
1.08741, 1.57
-0.0513241, -0.711747
1.47489, -0.508808
0.622135, 1.95771
-1.36006, -1.38239
0.435668, 0.549924
-0.582236, -0.607361
1.22779, 0.437315
-1.40675, 1.67381
0.715375, -0.0893966
0.132076, 0.78637
0.379004, 1.18213
0.503262, -1.56087
0.752307, -0.769988
-0.49467, -0.397146
1.3342, 1.51403
-0.485067, 0.623902
-0.367086, -1.22619
0.976234, 0.930853
-1.50192, 1.24087
-1.21609, -0.324489
1.83059, 1.66888
0.674936, 0.390229
0.177736, -1.41468
-1.83617, 0.546934
0.537227, -1.59972
-1.26816, -1.93542
0.0468027, 1.46589
1.55315, 0.0145728
0.339308, 0.642465
1.77783, -0.930011
-0.440768, -1.59628
0.334104, -0.645935
0.496672, 1.22481
1.34928, 1.84801
0.904599, 0.421921
1.40777, 0.558766
-0.89697, 1.86175
-0.715676, -2.25044
1.74145, -0.586839
2.00971, 1.45295
-0.670012, -1.74667
0.506014, -2.01461
0.994124, -1.62728
-0.346055, -1.664
-0.36408, 0.180121
-1.63175, -0.994922
-1.36537, 0.345378
1.4311, -2.13915
0.460574, -0.774911
-1.6398, 1.40423
1.81918, -1.53152
1.51213, 0.781404
-1.59862, -0.854538
-0.397095, 0.708028
1.75695, 1.16772
0.434562, 0.755408
0.594046, -1.30476
-0.505698, -1.2698
0.832481, -1.43954
-0.430804, -1.69666
0.483894, -0.610191
-0.432789, 0.202111
0.757668, -0.992293
1.68695, 1.8267
1.52409, -0.52798
0.275522, -0.101572
1.56275, 0.253569
0.503356, 1.66124
-0.31338, -0.585981
1.53963, 0.368027
-0.0303469, -1.74505
1.7187, -1.43024
-1.56862, -1.36042
1.56713, -1.46538
1.43278, -0.342445
-1.84849, -0.776036
-1.61653, -0.326742
0.262531, 0.394339
0.960725, -1.82102
0.337602, -1.27292
0.784343, -1.85068
-0.269336, -1.5714
-1.49608, -0.510412
-1.29263, 1.59663
1.63063, -0.100326
-1.96082, 1.37613
-0.599261, 0.122688
-1.82661, -0.0751598
-1.7687, -1.43693
-0.537553, 1.4691
0.656828, 0.547103
-0.640699, -1.38004
0.744188, -1.10807
-0.813279, 1.03823
1.99305, 0.99143
1.51464, 1.21921
1.50228, 1.46408
0.326783, -1.00647
-0.382757, 1.54748
0.133546, 1.89676
1.65355, 1.67014
1.36972, -0.639686
1.25691, 0.545334
1.20954, 0.716396
-1.08101, -1.54195
-0.403684, -1.66237
-1.51786, -0.868715
1.77991, -0.507666
-0.550243, -1.62812
-1.46725, 0.0989007
-1.90845, 0.571813
1.65394, -1.33276
0.342254, -0.780536
-0.883548, -1.30155
0.301217, 0.635071
0.504796, -1.00222
1.16036, -0.401725
-0.970647, 2.03572
-0.644374, 1.74619
0.500758, -0.873064
1.5619, -0.319047
-0.269627, -0.00881478
-1.26335, -0.446826
0.797929, -0.367031
-1.75526, 0.579344
1.11158, 0.602911
0.651988, -0.650676
0.708294, -0.0684759
0.288096, 0.328659
0.52918, -1.13086
0.435516, -1.13958
-0.755373, -0.365302
1.16627, -1.48
1.19267, -1.60644
-1.42136, -0.2387
-0.529979, 1.09235
1.1411, 1.56286
0.914882, -2.20796
-1.31222, -1.44997
-0.272154, -0.478758
-0.466154, 1.7333
-0.665187, 0.369142
-1.36708, -0.0677672
0.580068, 1.71941
1.03622, 0.592991
0.104151, 1.53591
-1.30574, 0.373617
1.88673, 0.185473
0.476413, 1.26097
-1.45732, -0.75589
-1.3277, -0.424098
0.41754, -0.0219185
-1.55885, 0.187124
1.78191, 0.0869946
1.00558, -1.55313
0.594711, 0.433284
-1.72787, -1.5792
-1.52099, -1.26344
1.80951, -0.330024
-1.31009, -0.448418
-1.67059, -1.47396
-0.0943391, 1.62092
-1.08581, -1.6153
0.922381, 1.14535
1.37022, 1.45505
-0.589443, -1.483
-1.89417, 1.79193
0.336541, -1.77632
-0.337549, -0.215186
0.93936, -0.313026
-1.5234, -1.05848
-0.570033, -0.469528
1.10001, -1.54026
0.349717, -0.633259
0.692494, 1.57046
1.25648, 1.13852
1.79489, -0.0419886
1.38098, -0.254001
-0.703813, -1.57701
0.617781, 0.417276
-1.67279, -0.398324
-0.549448, 0.249737
-1.83084, 0.229095
1.55708, 1.27288
-0.702187, 1.34922
-1.47469, 0.254433
1.68463, 1.03343
0.295144, -1.82156
-0.425232, -1.30306
-1.26464, 0.462815
1.37169, 0.652947
-1.30186, -1.58365
0.0548596, -0.028815
-1.57684, -1.67908
0.425464, -1.01238
0.284478, 0.605834
0.345404, -1.50809
-1.67237, -0.515307
0.356058, 1.65405
-0.341353, 1.73814
1.54349, 0.398702
-0.591476, -0.495866
-0.255096, 0.718623
-1.44037, 1.39527
-0.396737, -0.0848678
-0.131248, -0.464489
1.29506, -0.473972
-1.74629, 0.269434
-1.62051, -0.979044
-1.48837, -0.327936
0.805583, 1.72947
1.84061, -1.46335
1.58768, -0.33388
-1.55187, 0.0343197
-0.28749, -0.705342
1.51854, 1.72108
1.60631, 0.452338
-0.734478, -0.391245
1.29129, -0.54466
-0.553908, 1.66603
1.57676, 1.39357
-1.05937, -1.0371
0.807703, 0.404108
-1.47873, 1.47689
-1.44103, -1.32317
-0.0791913, 1.48102
1.59379, -0.299145
-1.34975, 0.531251
1.25076, -1.33318
-0.363134, 0.0799303
-0.624526, -1.96773
-1.5051, -0.166358
-0.450321, 0.443127
-1.18688, 1.48505
-0.0942735, 1.48301
-1.82942, -0.69563
1.61234, 0.176887
-1.18937, -1.60634
-1.6507, -0.67696
-1.83303, 0.0224198
-0.750245, 1.9019
0.469895, -1.72568
-1.93127, -1.58449
-0.983484, 1.18334
1.99556, 1.55428
0.0928498, 0.550388
1.59642, -1.3199
1.09095, 1.62888
0.829959, 1.68566
-1.18434, -1.30057
-0.927204, 0.494307
0.684431, -1.88025
1.57176, 0.552522
0.822955, -0.26994
0.294447, -0.889964
1.42395, -1.69647
-1.51471, 2.08456
-0.650554, -1.4744
0.21513, -1.74602
-1.38092, 1.58124
0.667111, -0.591423
-0.825731, -1.13642
0.537576, -0.741084
-0.511913, -0.116732
1.69199, 0.510135
1.29641, -1.49309
-0.506909, -0.901346
-0.222318, 0.517949
0.701567, -0.751258
-1.57549, 0.701864
0.574046, 0.499251
-0.00679995, 0.416543
0.967309, -0.389517
0.310102, -0.689949
1.29897, 1.52834
-0.913327, 0.412067
0.619276, 1.42727
-0.484336, -0.542823
1.4291, 0.901521
-1.33445, 0.937139
0.29611, 0.49499
-0.54913, 0.991574
-0.411707, -0.926025
1.5715, -1.20224
-0.589505, -0.605749
1.74524, 0.194547
-1.1763, 1.43353
-1.51651, -1.39632
1.34201, 1.92062
-0.220567, -1.80625
0.245548, 0.535578
1.06695, 1.38699
-1.7599, -0.431767
0.423675, 0.836196
1.71605, -1.09102
-0.552054, 0.647353
-1.63194, -0.397861
0.64256, 0.372857
1.10254, 0.668616
-0.438486, 0.55435
1.52846, -1.79254
-0.215304, 0.665204
0.36195, 0.412293
0.0949534, -0.166765
1.59332, -1.28143
-1.42481, 0.371617
1.52308, 1.01874
-1.23611, -0.817164
-1.49873, 0.421803
0.399517, -1.74446
1.07085, -0.669061
-0.920019, 0.517097
1.53122, -1.49209
-0.875678, -0.534541
-0.38685, 2.02875
1.38264, -1.13801
0.716283, -0.734697
0.227423, 0.589425
1.26405, 0.19145
1.78275, 1.56275
0.906068, -1.50987
1.43304, 0.223233
1.7518, -0.493094
1.36585, 0.615305
-0.865031, 0.233239
-1.80835, 1.08528
1.25388, -1.27124
0.806356, -1.70182
1.34249, 0.215221
0.553071, -0.536887
-1.60708, -1.35304
-0.421916, -0.940179
-1.24668, -0.00495034
-1.7915, 0.387614
-1.46334, 0.272654
1.41149, 0.474488
-0.585657, 1.5401
0.702105, 0.776333
1.80722, 1.1203
-0.649773, -0.923913
0.501123, 0.694608
1.7037, 0.381718
1.35328, -1.70298
1.24834, -0.679595
-1.39753, 0.489823
-0.359736, 0.74111
-1.56796, -1.66441
-0.438943, 0.825882
0.748472, 1.62361
-1.02391, -1.32775
-1.87173, -1.00067
1.99566, 1.57767
-0.57167, 0.507179
-1.37749, 1.56572
-1.4312, -1.14644
1.35977, 1.65691
-1.28307, 1.72606
1.22139, -1.14819
-1.5846, -1.44342
1.17832, -1.69844
0.670956, 1.23695
0.188625, 0.402559
-1.59323, -1.01659
-1.16134, 1.73916
1.48487, -0.382905
1.49251, -0.103259
-1.50257, 0.134816
-0.583087, 0.592668
-0.267713, 1.8602
-0.731171, -1.661
1.00584, -0.448268
0.490214, -0.376345
1.33125, -0.746321
1.55274, 0.70343
1.71194, -1.93194
-1.56475, 1.02272
-1.45995, 1.39519
0.612719, -1.50594
-0.258004, -0.753504
-0.591603, -1.54028
-1.48531, 1.73113
0.830872, 1.73083
-1.35753, -1.74062
-0.852151, 1.15696
-0.38291, 0.712703
0.62018, 1.0406
-1.29709, -0.155659
-0.24946, 1.67834
0.679588, 1.22546
0.434294, -0.40561
-0.621981, 0.492762
0.157071, -0.524721
1.64277, -1.74532
1.33262, 1.44681
-0.685915, -1.73942
0.0924816, 1.28216
1.15296, 1.69345
-1.93876, -0.0919652
1.33735, -0.493583
1.15449, 0.582084
-0.629968, -1.32166
-0.776003, -1.5939
0.406886, -1.47483
1.3207, 1.54867
-0.549146, -0.665119
1.49985, 1.67959
0.80815, -1.58668
0.399504, 1.22486
-0.302255, -0.388245
0.503608, -0.662689
1.36882, -1.38608
-1.39476, 0.657772
0.193082, 0.313394
1.8762, -0.612286
0.491708, -1.14661
0.413322, -1.61984
-0.519405, 0.557159
1.14501, 0.503755
1.7358, -1.53644
-0.00613731, 0.801378
0.84544, -1.68505
-1.15048, 0.780278
1.76284, 0.302535
1.93964, 0.817937
-0.773566, -1.59065
-0.59256, 1.45417
0.557113, 0.770756
-1.49935, 1.34385
-0.780218, 1.39482
0.240974, -0.391645
0.915623, -0.571168
1.0931, -0.108362
1.37952, -0.856264
-1.89287, 1.88548
-0.555155, 0.0735887
-0.731153, 1.75875
-1.53201, -1.51597
0.304545, 0.576243
-1.91858, 1.60621
-1.36057, -0.601923
-1.15138, -0.16169
1.09406, -0.52121
-0.610444, 1.99464
1.34162, -0.849015
-0.587105, 0.917014
1.13172, -0.710643
-0.358397, 1.72298
-0.389452, -1.00121
-0.12194, 0.699216
1.86489, -0.718265
-0.194327, -0.360894
1.16227, 0.203173
1.04842, 0.732539
-1.02774, -0.342752
0.620735, -1.01369
1.48435, -0.219817
1.7704, -1.32169
-1.73066, -0.478581
0.489721, -1.39065
-0.132519, 1.5959
0.650899, -1.54753
-1.67139, 1.77624
0.513579, 0.726287
-1.45083, -1.55804
0.999678, 1.10204
-1.13437, 0.721807
1.2834, -1.30029
1.83431, 0.0918462
0.955709, 0.43563
-1.18738, 0.377044
1.17185, 1.29111
-0.314543, -1.43864
0.175495, 0.645116
-0.344964, 1.94626
-1.3307, 1.57338
-1.55459, 2.16707
-0.100339, -2.10804
-0.91681, 1.34148
-0.766028, -0.515179
-1.44076, -2.01167
-1.33365, 0.497736
-1.61144, -0.0884526
1.80708, 1.64671
-1.6868, -1.52217
-0.72499, 0.682309
1.15904, -1.41726
1.41197, 1.64636
0.418842, 0.226694
-0.412152, -0.739678
-1.02279, 0.540829
-1.66317, 1.74218
-0.0994365, -1.16163
-0.931276, -0.344295
-1.71234, -1.41942
0.768072, -1.1037
1.11783, 1.50922
0.904885, -1.4174
1.45923, 0.868029
1.24611, 0.594027
1.42877, -1.55354
1.44894, -1.61895
1.4024, 2.03144
1.92416, 0.692334
-1.26621, 0.643612
-1.57249, 0.68807
-1.46185, -1.28528
1.83748, -1.60425
-1.65342, 1.34824
-1.33314, -1.61325
-1.29973, -0.72347
0.434595, 1.41517
-0.578538, 0.610772
-1.47848, 0.456503
0.354791, 1.14146
-0.62829, -1.44418
-1.7764, -1.90117
1.39407, 1.17328
0.591895, -0.763997
1.88499, -0.944977
0.942689, 1.28569
1.36697, 0.180191
1.66511, -1.91981
-0.543914, -0.401845
1.64961, 0.341962
0.345431, -1.21783
-1.81477, -1.30226
-0.264609, 1.79748
-1.42817, 0.927243
0.566194, 1.24672
-2.09661, 1.66825
0.819365, -0.619404
0.394487, -1.60266
0.786316, -1.33459
-1.73382, -1.56404
-1.50593, 1.36657
-0.348507, -0.778459
-1.35965, 0.61497
-0.494131, -0.709019
-1.33716, -1.58434
-0.408657, -0.764257
-1.05194, 1.61392
-1.52749, -0.452422
-1.0556, 0.0509941
1.03689, -0.885486
1.60308, 1.75102
-1.00527, 0.456789
-1.65067, 0.486346
0.495762, -1.32991
-1.9192, 0.735505
-0.812284, -1.44473
0.322398, -0.378413
1.6001, -0.3144
0.894516, 1.34787
1.35881, -0.696695
1.67722, 0.604432
0.249902, 1.38874
1.24803, -1.57719
-0.36388, -0.811427
-0.238699, 1.78063
1.56228, 1.30128
-0.374701, -0.0272945
0.425187, 0.0974912
1.6219, -0.124799
0.435195, -0.388631
0.490359, 1.81245
0.436922, 1.6711
1.42355, 1.09256
1.23655, -1.24692
-0.277027, -1.10811
-0.0405106, 0.408069
-1.06134, 0.584481
0.614509, -1.40876
-1.43027, 1.50908
-0.146273, -0.58979
-1.87406, 0.517986
0.769759, -0.270354
0.332598, -1.68847
-1.50736, -1.27269
-0.611136, -1.77866
1.6683, -0.659048
-0.646904, -1.64976
0.792861, -1.91661
-1.05314, -0.431202
1.07369, -1.51261
-1.34151, -1.24639
-1.53139, -1.37789
-1.57561, 1.42192
-1.4053, -0.722645
1.58324, -0.898498
1.51896, -0.646043
0.235747, -0.258783
0.848506, -1.35385
0.542454, -0.37493
-1.58075, -0.62936
-1.74648, -0.382878
0.365746, -0.696734
0.129714, -1.41709
1.36992, -0.319057
-0.266056, 0.580059
-1.04315, -0.376408
-1.52051, -0.633236
-0.644667, 0.659604
-0.0907003, 0.557552
0.403531, -0.608352
0.675153, 0.647605
-1.44634, -0.687039
-0.179615, 0.558639
-1.70003, -1.85962
-1.64417, 0.455579
-0.534708, -1.51275
0.406245, -0.412982
1.65298, -0.338531
-0.925405, 1.92531
-1.46399, 0.724658
-1.2794, -1.66533
0.258897, 1.45014
1.70514, 1.47788
-0.129198, 1.55989
1.65705, -1.35512
0.184724, 1.43139
-1.47078, 0.568685
1.62572, -0.483601
0.0331083, 1.50086
0.813774, -0.497966
0.67962, 0.263891
-0.650676, -0.269778
1.86908, -0.234638
1.41563, -0.308092
-1.76682, 0.994072
0.356219, 1.29495
1.85883, 0.486947
1.56929, -1.18816
1.31868, -0.373058
-1.10272, -1.46641
-1.50011, -1.51831
-0.692326, 0.192934
0.466617, 0.569207
0.524152, 0.655611
-1.11688, 0.665336
-1.64806, -1.23661
0.69465, 1.45611
1.239, 0.153839
-1.62543, -0.933242
1.58606, 0.322369
-0.364406, 0.700436
1.66497, 0.887638
-1.00077, 0.674078
1.69557, -0.274729
-1.66911, 0.263293
-1.82738, 0.822526
-1.19816, -1.46628
1.57057, -1.70635
0.379419, 1.49171
-0.512899, 1.19843
-1.8405, -1.10022
0.966392, 0.408242
1.48893, 0.455593
-0.762707, -1.75564
0.792478, -0.348388
1.72649, -1.3586
-1.38812, 0.363339
-0.310218, 1.61462
-1.89551, -0.453612
-0.164413, -1.41888
-0.581919, 0.647398
1.18713, 0.51708
0.545197, 0.759529
-0.621843, 1.16545
-1.58723, -0.0495649
-0.273242, 0.826408
-1.51986, 0.350672
-1.71414, 1.18562
-1.55367, 0.520935
-1.93786, -0.683709
1.44148, -0.596602
0.716058, 1.6151
-1.19162, 0.83658
1.37468, -0.915175
-2.0344, -0.347583
-1.07267, -0.206808
-0.686059, 1.43419
-1.83226, -1.64334
0.343222, -1.68631
-1.66, -0.556229
0.352683, -1.30017
1.29093, -0.442517
0.415328, -0.658678
1.4938, 0.626624
0.545605, 1.16603
-0.440268, -1.45307
0.215607, 1.3382
-0.900041, 1.48581
0.184174, 1.41773
-0.793808, 0.352723
-1.37678, -1.55168
1.38112, 1.46239
-1.3713, 0.523257
0.322065, 0.390577
1.55776, 1.37272
-1.48558, 1.10673
-1.00791, 1.57487
2.05922, -0.793056
0.68165, -0.537941
0.232911, 0.308305
-1.79645, 0.443607
1.50828, 1.17294
-0.843566, 0.314633
-0.272105, 0.28709
0.510622, -0.852524
-0.712698, -0.0468339
-0.727541, 1.78783
-0.327598, -1.67673
1.2384, -1.52142
-1.73593, 1.08335
-1.6503, 1.50846
-1.643, -1.67331
-0.551622, 0.742644
-0.740247, 0.583072
0.173937, -0.376632
-1.44767, 1.79352
0.230711, 0.687383
-0.742215, 0.909403
-0.801316, -1.1746
-0.379453, 0.696077
-1.62923, -0.704164
-1.37704, 0.531347
0.436248, -1.57692
-1.15565, -0.575212
1.87044, 1.22431
0.80452, 0.549996
-0.15888, -1.47218
-1.38838, 1.57312
0.547322, 1.32449
-1.31357, 1.42296
1.16781, 1.19538
1.22287, 1.28348
-0.226291, -1.92822
1.20301, 1.16822
0.316091, -0.305205
1.21291, 0.377829
1.77781, -0.766422
0.549932, 0.689444
-0.595196, -0.625367
0.451205, 0.848121
-1.82896, 1.52643
1.19833, 0.211569
0.307979, -0.572198
-0.656092, -0.393709
0.357126, 1.60515
0.344544, 1.82771
-0.381562, 1.35544
-1.59372, -0.533301
-0.841427, 1.42554
-0.563705, -0.0262465
1.45015, -1.27998
-1.55407, 0.637366
-0.726823, 1.38575
1.39911, -1.67116
-1.16196, 1.71635
-1.6678, 1.35899
-1.69097, -0.13658
-1.16801, -1.50077
1.43158, 0.727763
-0.363481, -1.24481
1.74822, 0.240774
-0.381998, 1.77531
1.85536, -0.23518
1.6646, -1.76007
-0.228709, 0.508401
1.43649, -0.654572
-1.00173, 1.29195
-0.172869, -0.847637
-1.359, 0.248781
1.23928, 0.110967
0.509342, -1.62168
-1.55371, 1.31944
-0.672791, -1.57571
-0.221037, 2.00591
0.326578, -0.320981
1.49976, -2.17569
-0.858277, 0.133108
-0.611583, 1.55963
0.526359, 1.79625
0.735206, 0.611899
2.16765, 0.985867
-0.586231, 1.27833
-0.273748, -1.56661
-1.77576, -0.83513
-1.72102, -1.48848
-1.03394, 1.58734
0.402965, -0.136543
1.14881, 1.11044
0.570218, 0.414049
-1.6028, -0.0850974
1.4299, -1.22918
-1.28451, 0.0410777
0.498193, 0.0807313
-1.68824, 0.37435
-0.695827, -1.60667
-0.543122, 0.486858
0.553562, -0.669368
-1.38825, 0.283421
1.41651, -1.94195
-1.36952, 1.49081
1.57026, -0.590223
1.29643, 0.455789
-0.471173, -1.06938
-1.18917, 0.802895
1.65475, -0.953586
-0.17985, -1.3223
1.54766, 0.386768
-1.43891, 0.570215
0.478241, -1.037
0.299107, 0.154731
-1.04336, 1.31132
-0.30335, 0.230195
1.74687, 0.218517
1.85094, -0.52528
-0.102057, -1.89785
-0.239207, 1.89421
-1.26531, 1.02397
-1.52998, 0.498707
-1.0711, -1.47654
0.632402, -1.39545
1.39196, 0.55584
1.35647, -1.32453
0.468074, 1.61956
1.62067, -1.07275
-0.303001, -1.42291
-0.298501, -0.70083
1.4014, -1.45886
0.255353, -1.21765
-1.07363, -1.20408
-0.409314, -0.635631
-0.82967, 0.758117
1.11454, 1.29513
0.14509, 1.91749
1.32532, 0.285108
-0.895422, 0.614423
-1.35804, -1.59636
0.853937, -0.768317
0.585792, -0.532613
2.17188, 1.35769
1.66712, -1.33408
1.06821, -0.580719
0.351734, -1.23543
0.479715, -0.474606
0.00930202, 1.85214
-0.121368, 1.59342
-0.742986, -1.48185
0.204459, -1.67331
0.136148, -1.06756
-0.0547698, 1.76294
0.597392, -0.542844
1.45955, -1.13441
-0.307844, -0.0748446
0.501769, -0.382901
1.28776, 0.18634
-0.779457, -0.702833
1.61837, 0.337576
-1.27689, -1.4803
-0.07333, 1.96622
0.443074, 0.665099
0.467747, -0.337797
-0.442686, -1.45578
0.544976, -0.610704
-1.52628, 1.28573
1.29563, -1.76388
1.66043, -1.56565
0.34714, -0.790324
1.10465, -1.62281
-0.320423, 0.284983
1.85417, 1.67697
-0.705296, 1.58623
0.276403, -0.468948
0.636083, 0.10741
2.02212, -1.62006
-2.01968, 0.408448
0.972576, 1.40139
1.64533, -1.46777
-0.458813, -0.407846
-1.64438, 1.4647
1.46715, -1.68979
1.42971, -1.291
0.429841, 0.561093
1.48835, 0.615737
-0.535162, -1.67041
0.913767, -0.422865
-1.89246, -1.86779
-1.75986, 1.4272
-0.798868, 0.418792
1.14491, 0.41922
0.139953, -0.558153
-0.288292, 0.719177
0.908471, 1.6794
1.53268, 1.40095
1.55936, 0.380802
-0.681633, -0.859679
0.787134, 0.391669
0.733628, 0.306309
1.69096, 1.45703
-1.60326, -1.42984
-0.222522, -1.48094
-0.772202, -0.802678
1.64497, 1.61066
-0.558465, -0.213379
-0.651151, 1.19089
1.57689, 1.69333
1.88587, 1.77008
-1.6795, -1.64392
-1.07805, 0.648544
1.65773, 0.598201
0.279642, 1.75879
-1.49506, 0.65465
-0.984892, -1.02454
1.24872, 0.434166
0.118667, -1.65841
1.3068, -0.735322
1.65935, 0.680135
1.45622, 1.69263
-1.75422, 0.931404
-0.407993, -0.708387
1.41969, -1.35155
-0.297258, 0.350721
-1.46983, -0.272222
-1.24425, -0.617881
1.21031, -1.6559
1.85115, -0.913259
0.828502, 0.76717
0.993809, 1.32347
1.38208, -1.31342
-1.61082, 0.39032
1.52889, -1.61949
0.765073, -0.440543
1.4015, 1.38109
1.2156, -1.52877
-0.33958, -0.216499
-1.40724, -1.42037
1.54969, 0.444835
-0.371178, 0.234182
0.728312, -0.690445
1.51828, 1.58957
-1.71836, -1.68433
-1.65169, 0.729219
-0.173867, 1.67164
-1.44816, -0.627052
-1.73772, 0.155676
0.957865, -1.4095
-1.66812, -0.575115
1.14547, -0.220224
0.64847, -0.707828
-0.705877, 1.74974
0.395127, 0.377565
0.419561, -1.00414
1.87617, 1.9101
0.0605027, -1.19343
-1.26556, -1.63479
-1.87759, -1.58984
1.53673, -1.41291
-1.71926, -0.231746
-0.955438, 0.475299
1.68214, -1.57508
1.48998, -0.432928
-1.33842, 0.0913692
-1.66086, -0.542349
1.30645, -0.788073
-1.32226, -0.35329
-0.235549, -1.2338
-1.66837, -0.847196
1.35445, -1.12197
-0.452255, 1.01785
0.435171, -0.597705
-1.71435, 0.645974
-0.107706, 0.387505
-0.403831, -1.28782
0.791302, -0.175133
-0.513034, -1.78407
1.43125, 1.47278
0.104382, -1.59598
1.31159, -0.907993
-0.767446, 1.13172
-1.20691, -1.48768
0.347814, 1.54253
-1.45302, 0.209744
0.526113, 1.2013
1.23503, -1.37861
1.06911, 0.268223
0.250672, 1.90929
0.66818, 0.243697
1.41969, -0.746649
-1.2952, 0.597516
1.44387, 0.513628
-1.13242, -0.336592
0.583893, 1.84092
1.72883, 1.15689
0.132233, 1.57817
-0.020459, 1.05591
-1.57603, -0.792846
0.409127, 0.60319
0.601311, -1.51642
0.0176223, -1.60163
-1.12104, -1.75413
1.36903, -1.57464
0.619368, -1.16573
0.43955, -1.5851
0.643846, -1.54955
0.283265, 0.29609
0.423092, -0.564168
-1.05336, -2.19424
-0.597645, 0.85493
0.654851, -1.62135
1.63935, 0.569155
1.29156, 1.73558
-0.648258, 0.59472
-0.397664, 0.132715
-0.475254, 1.71761
0.489919, 1.71718
-0.858585, -1.7112
1.70158, 1.65566
1.49562, 1.14526
1.47845, 1.75232
1.91116, -0.506126
-1.68341, 1.22822
-1.2619, 0.10294
0.482924, -0.458139
-0.275804, 1.32353
1.4445, -0.52119
0.259799, 1.3418
1.55212, 0.735259
1.22475, -1.60035
0.572412, 0.200452
-1.33324, -0.600523
-0.197578, 0.0404146
-1.13067, -0.205133
1.5365, -0.830969
0.252045, -1.09232
-1.48057, -0.529715
-0.699701, 0.498822
-0.299781, 0.340346
-1.63117, 0.65292
-0.484627, -0.331765
-1.7281, 1.47483
-0.66555, 0.633149
1.11812, 0.503544
-1.72113, -1.30035
-0.137474, 0.514948
-0.851998, -1.50719
1.60706, -0.872571
-1.16927, -0.664532
1.67522, -0.872321
-1.09081, -1.87367
0.484136, -0.355011
-0.605032, 1.51341
1.23799, -0.357037
-0.690145, 0.201257
-0.735427, 0.3118
-1.82885, -1.23524
-1.38648, 0.38784
1.55727, 0.847135
-1.77092, 0.667037
-1.48674, -0.748316
-0.201741, -0.628839
-0.398646, -0.578794
-1.21528, -0.490111
1.30296, -1.17551
0.149002, -1.37507
1.47517, -0.542306
-1.77994, -0.390649
-1.34428, -0.546203
-1.88234, -1.03977
1.5719, 1.50938
-0.479603, 1.50937
1.53507, 0.515336
-0.325543, 0.39766
0.664128, -1.63089
-1.45726, -0.127413
-1.42298, 1.31043
2.09675, 1.14968
-0.569263, -1.73792
0.554636, -0.466701
-1.94058, 1.58166
0.9304, -0.43213
0.197829, -0.873435
1.578, -1.50424
-0.670046, -0.770774
0.535836, 0.411964
0.735129, -0.772238
1.76872, -1.00849
-0.79569, -0.873545
-1.33413, 1.39729
-1.66587, -0.806864
-0.87957, 2.10578
0.313316, 1.2715
-0.7312, -0.0539045
-1.6883, 1.33009
2.02159, -1.50768
-1.69657, 0.247983
-0.85938, -0.502401
-0.497636, 0.579137
0.2718, 0.931277
1.81404, -1.70739
-1.11007, -0.953793
1.85938, -1.39795
-0.411946, -1.65377
-0.818759, -0.751369
0.791778, -0.531659
-0.388971, 1.10719
-1.39676, 1.12594
-0.13607, -0.451381
1.42746, -0.324067
-0.625964, -1.3188
-0.275381, -1.1832
1.50804, 1.62204
-1.74493, -0.428723
-1.85731, 1.70772
1.41914, 1.14974
1.49621, 0.277611
1.88087, 1.43055
0.355949, 2.16
-1.64333, -1.8028
1.00607, 0.412357
1.40224, -1.11394
-1.17558, -0.536935
1.74822, -1.60411
1.61999, 1.40797
-0.214789, -1.50003
0.722456, -0.784771
-1.41936, 0.480337
-1.50502, 0.461484
-0.922005, 0.400941
1.85289, -1.6022
0.583235, 0.77078
-0.825917, 0.363108
-0.132869, -0.660448
-1.42792, 1.60348
-1.2149, 0.585056
0.596914, 0.322196
-0.159541, -1.75412
-2.1363, 1.41611
0.608151, -1.57749
0.183127, -0.237266
-1.20163, 0.757031
0.280968, -1.48351
-1.73867, 2.03053
0.514896, -0.710858
-0.543882, -0.391596
1.67445, -0.777899
-0.696699, 0.476837
1.45529, 0.391294
1.86966, -0.543127
-1.25777, 0.242386
-0.860136, -0.0383995
-0.378072, -0.476896
1.64406, 0.398229
-0.061701, -1.28709
-0.508614, -1.21733
-1.45061, -0.537982
-0.170867, 0.0549903
-1.90851, -0.502209
0.378361, -1.37165
-0.756604, -0.365766
0.234705, 1.59219
1.5154, 1.73635
-1.21488, -1.56618
-0.427859, -1.41682
0.496707, 0.571733
-0.244773, 0.865728
-0.988529, -0.99238
1.76917, 0.943204
-0.348024, 0.371154
-1.64358, 0.81309
-0.714963, -0.697996
-1.44949, -0.889456
-0.635497, -0.729349
1.88385, 1.3661
0.527187, -0.535439
0.212891, -1.10362
-0.260764, -1.39145
0.848094, -1.67894
-1.46769, -0.658913
1.63779, 0.628537
-1.97285, -1.33681
-1.46074, 1.49874
-0.189548, 1.44409
-0.717234, 1.44701
-0.982489, 1.66716
-1.04829, 0.173083
-0.901462, -0.630831
-0.949401, 1.35756
1.73552, 0.328327
-1.14647, -0.00325915
1.48161, 1.39038
-1.65673, -1.16306
1.54814, 0.472844
0.79426, -0.857809
0.230331, 0.908479
0.870285, 0.198531
-1.80164, 0.37379
-1.78219, -0.67688
0.256901, 1.62597
1.27993, 1.47394
0.398434, 1.51763
-0.127231, 1.4383
0.531282, 1.46337
0.433969, 1.70127
-0.970699, 0.927655
0.587776, 1.63364
0.485777, 1.57092
1.3307, -0.124543
-1.53504, -0.320765
-1.58587, 1.34958
0.965383, -1.61247
1.33147, 0.838232
1.38373, 0.510245
0.797696, -0.699683
0.701305, 1.80774
1.98043, 1.24385
0.797327, 1.43571
-1.88098, -0.693582
-0.135054, 1.63638
0.38409, 1.87573
0.524825, -0.206486
-0.670653, 1.40011
0.624535, 1.53261
-0.6589, 0.957307
0.860779, -0.412445
-0.66703, 0.978513
0.57761, 1.1417
1.20695, -0.215746
0.356151, 1.27477
0.755196, -1.55884
-0.622207, 1.85709
-0.971797, -0.108733
1.30478, -1.63264
-0.990046, -1.67426
-0.103219, 1.24739
-0.366706, -0.605816
-0.546689, -1.47764
1.5338, -0.547363
1.51339, 0.578977
-1.40714, 1.43256
0.705603, -0.784945
0.787049, -0.374043
-0.0335102, 0.505801
0.222013, -0.0794953
-0.390317, 1.46471
1.45742, -1.28009
-1.49727, 1.50924
-0.763642, 0.515289
0.826086, -0.93676
0.257277, 1.51024
-1.05473, -1.79445
1.05769, 0.731628
-1.21988, 0.849019
1.24254, 1.75115
-1.52911, 0.363642
-1.77314, -0.111107
-0.540821, 1.26968
1.34755, 0.658348
-0.479592, 0.622542
1.69026, 0.518802
1.93326, 0.910787
-1.18952, 0.346156
-1.8134, 1.67156
-0.507727, 1.50303
-1.33249, -1.3763
1.34752, -0.751947
-0.422099, 1.38412
-1.85108, 0.398469
0.560714, 0.179921
-2.0986, 1.17374
1.39166, -0.207275
1.69967, 0.423457
-0.0119428, 0.0173305
1.47261, -1.65007
-1.46944, 1.46978
-0.363986, 0.487242
-0.517354, 1.0596
-0.359573, -0.845593
-1.70465, -0.651025
1.46679, -1.46246
-0.305398, -0.442338
-0.962299, -0.448643
-1.3769, 0.705254
-1.32937, 0.66505
-1.08694, -0.45227
-0.77448, -0.571939
1.5174, 0.347234
1.58451, -0.188842
0.39688, 0.0519527
1.51312, -1.62198
1.43481, -1.29424
-0.54621, -1.6579
1.09212, -1.07441
-0.0858977, 0.193227
1.42241, -0.297158
0.215862, 0.520383
-0.376459, 1.58372
1.23059, 1.72454
1.53445, -1.42146
0.536601, 0.19405
1.78478, -1.34824
0.321108, -1.85742
2.04942, -1.49264
-1.49504, -1.4222
0.907904, -1.57437
-0.318997, 1.36884
1.26118, 1.60693
-1.6666, 0.382692
1.20071, -0.293135
1.51065, 0.322767
-0.312111, -0.258096
0.349431, -0.386199
0.250816, -1.25588
-1.41565, 0.55843
1.31636, 0.576809
-0.106192, -0.319286
0.622375, 0.93929
-1.45698, 0.702261
-1.38436, -1.95841
1.51878, -1.49603
-0.92195, -0.645815
-0.32679, 0.587274
1.68516, 0.514688
-1.39596, -1.47304
1.52436, -0.440396
1.74138, -1.88787
-0.234796, 1.55381
-1.57528, -1.37179
0.540304, 0.411699
0.188038, -1.45729
0.801346, 0.480368
-1.42595, -1.94931
1.23475, -1.32327
-1.30117, 1.81282
-0.642701, 0.682151
-0.765586, 1.34664
-0.717036, -1.35243
0.495285, 1.97835
0.780735, 0.26413
-1.22148, -0.550367
-0.921836, 0.623563
1.80247, 1.55161
-0.572635, 0.340426
1.59334, 0.780435
1.5834, 0.235244
1.81905, -0.663754
0.694418, -0.467274
1.8831, 1.74287
-1.57821, 0.718509
-0.469664, 1.71268
0.465408, 1.94907
0.485883, -0.278156
1.2186, 1.59206
0.877838, -1.38945
0.570752, -0.791821
-0.17107, -0.819602
-0.179397, -0.465379
-1.69607, -1.44807
1.32902, 0.741697
0.459716, 0.450193
1.38857, -0.463684
-0.213958, -0.405244
-1.48439, -1.61512
1.72575, 0.435755
-1.20958, -0.381795
-1.47835, 1.74283
-1.33122, 1.72695
0.577104, -1.6384
-1.70128, -1.76535
-0.827427, 0.118393
0.609823, 0.697027
1.40358, -0.420106
0.775398, 1.82592
-1.56086, -0.614092
-0.350524, -1.30435
1.48891, 0.688219
0.627615, -0.849103
0.376497, -1.05346
0.352733, -0.693288
0.199906, -0.408808
0.201721, -1.53453
0.0685431, 1.94758
-1.84885, 1.42683
1.98516, -1.62726
-1.59861, 0.354353
-1.29419, 1.63359
-1.45368, -0.256764
0.395554, -1.77554
-1.51776, 2.13454
-0.338076, -0.692399
-1.76525, -0.693262
0.410027, -2.06797
-0.671524, 0.176397
-0.154342, -1.41045
0.272515, 1.63167
-0.0987245, 1.56924
1.68407, 1.06067
1.94566, 1.62133
0.296144, 1.38033
0.56503, -0.521262
-1.83059, 1.30058
0.486489, 1.26251
-0.248301, -0.41875
-0.249591, -1.45528
-1.91815, 1.83628
0.469119, -0.292109
-1.26667, 1.42795
1.32117, -0.824158
0.322737, 0.391737
-0.467785, -1.53526
-0.509313, 0.347948
1.81618, 0.702402
-0.584814, -0.453588
1.5337, 0.294448
-0.239785, -0.270411
-1.44913, -0.863046
1.18431, -1.5661
0.396015, -1.05779
1.45676, -0.428917
-2.0716, 1.04014
-2.02798, 0.785359
-0.342378, 1.49122
1.2597, 0.393643
-1.44061, -1.45411
-1.11273, 1.22905
1.06847, -0.480831
1.79139, -0.578141
-0.560312, 0.603784
-1.59886, -0.940466
-1.58172, 1.84004
-0.682821, -1.34106
1.61596, -1.42867
0.960248, 0.446041
1.29312, 1.41177
1.02297, 0.742918
1.08744, -0.10417
-0.588425, 0.393354
0.362561, -1.87418
1.21151, 0.722534
0.910617, 0.783906
-1.40859, -1.41189
1.01752, 1.8498
-1.21498, -0.394508
-1.13258, 1.32055
-0.072879, -0.964928
0.763331, 0.469978
-1.33348, 0.629745
1.6586, 0.485121
0.795571, -1.46122
0.0880675, 0.226679
0.744277, 1.564
0.294891, -1.96014
-0.59235, 0.556478
1.32938, 0.326074
1.57881, -1.30786
1.68564, -0.901557
1.28736, 0.612988
1.52512, -0.796815
-1.62138, 0.712112
-0.803535, 0.49502
-1.40849, -0.445396
-0.396947, 1.40837
-0.445071, -0.886753
-0.709121, -1.44458
1.19556, 0.638106
-0.0543813, -1.90723
-1.41704, -1.50698
-0.524009, 0.416189
-0.814414, 1.2727
0.74235, -0.926376
-0.555059, -0.258739
1.71567, -0.811045
0.429348, -0.754307
1.47007, 1.66432
1.42936, -0.296971
0.350632, 0.820802
-1.49602, -0.806889
-0.662083, 1.6915
-1.67624, 1.5339
-1.67141, -0.328683
0.368484, -0.452259
1.38188, -0.319757
-0.545549, 1.50036
-1.7895, -0.487956
-1.51449, 2.08462
1.31602, 0.425854
0.0231875, -1.27206
-0.284918, -1.36274
-1.21521, 1.36355
0.868673, 1.38492
-1.64291, -0.566275
-0.00930351, -1.75377
-1.43494, 0.527054
1.54652, -1.74418
1.42057, -0.461885
0.0794849, 1.43633
-0.931247, 1.42287
-0.445379, 1.84621
0.540515, -1.33273
0.427672, -1.56653
-1.46777, -0.463928
-1.31652, -1.31489
0.788275, -0.578508
1.3349, -1.22204
2.30537, -1.65012
-1.20354, -1.75886
0.509953, -0.298455
0.94445, 0.517611
-0.366525, -0.335792
1.4062, 1.61154
0.5842, -0.00576838
1.70758, 1.48853
-1.38582, -1.77045
1.45822, -0.623615
-1.09402, 1.7668
0.288047, 1.89372
1.31017, -0.457791
0.12493, 1.3088
1.7758, -0.55781
-0.557308, -1.27921
1.46549, 1.5475
1.25941, -0.683371
1.37171, -0.555354
-0.204021, 0.353459
-0.847597, -1.49533
-1.14472, -1.26863
-1.09012, 1.0154
-1.65409, 1.53433
0.258112, -1.61833
1.76627, 0.365488
1.28825, -0.56794
1.14327, 1.28117
-0.532494, -1.26703
1.1151, -1.47356
-1.8827, 1.57738
-1.11183, -0.749615
-1.54801, -1.96182
0.408011, -0.437431
0.964245, -0.605055
-1.23537, 0.527852
-1.37034, -0.497589
1.28689, 0.0169867
0.481091, -0.603056
0.414361, -0.406291
0.569641, -0.848524
0.326294, -1.95676
-0.3414, -0.793411
0.429939, 0.472066
0.636843, 0.536269
-1.31666, -1.29332
0.594018, 0.273735
-0.602041, 0.314023
0.789052, -0.743422
-0.103026, 1.29373
0.600894, -1.48411
1.08503, -1.3986
-0.64832, 0.620777
-1.58964, 1.61284
-0.465725, -1.42408
-0.280843, 0.961105
0.55193, -1.61823
-0.214576, 1.1609
1.61319, 0.758574
1.39748, 1.81289
-0.692004, 0.617879
0.0773884, -1.73539
1.25525, -1.7369
1.12494, 0.118896
-1.36938, 1.41375
-1.34973, -0.278502
-1.0498, -1.75405
0.539973, -1.28249
-1.54953, -0.620539
1.23568, -0.650034
0.879678, 2.01995
0.860664, -1.59345
0.938041, -0.533283
-1.45269, -0.838646
-0.51136, 0.253251
1.05834, -1.86492
-0.0883981, 0.848447
-0.483401, -1.70328
0.51513, -0.569099
1.09291, -1.22649
0.138238, -0.544032
-0.795502, -0.429427
0.328615, 0.251567
-0.327103, -1.60817
1.54956, -1.20197
-1.44133, 0.639215
-0.928972, -0.479971
0.610699, 1.68682
-0.443414, 1.61247
-0.0598756, 1.49138
-1.41909, 0.594827
-1.37396, 0.420413
-1.69171, -1.34626
1.90575, -0.681566
-1.45393, 0.331407
0.383195, -1.59623
0.978382, 1.598
1.12141, -0.43961
1.42456, -0.432165
1.45029, -0.692755
-0.465735, -0.871693
-0.639521, -1.60757
1.25261, -0.923964
-0.531143, 1.16402
0.564241, 0.483179
0.199927, -1.7282
0.392382, -0.262776
0.790591, -1.53414
-1.59867, 1.68885
0.181258, 0.321993
0.379017, -0.0329221
-0.693377, -0.648951
-0.338888, 1.13481
-0.687887, -1.22883
0.646816, -0.438799
0.603306, 1.24371
1.26192, 0.769578
1.69689, 1.64344
-0.466441, 1.3889
0.171077, -0.469159
-1.75792, -1.45439
2.06359, -2.08869
1.48444, 1.29046
-1.92008, 1.75845
0.773301, -0.408367
1.37627, 0.369525
1.27994, 0.919326
-0.443949, 1.18697
0.276445, -0.801332
0.507653, 1.74454
-0.489578, 1.75065
0.577337, -0.258158
-0.589888, 1.98191
-1.20264, 1.50951
-1.96618, -1.52238
-1.59775, 1.90899
0.923888, -1.12607
1.50061, 0.0364299
1.75779, 1.42379
0.379352, -1.36248
-1.02581, -1.4743
1.00623, 0.541158
-1.1105, -1.93738
-0.384792, -1.29719
1.33706, -1.28302
1.48285, -0.247044
1.62164, 0.521369
1.54406, -0.848884
0.849499, 1.67632
1.1111, -1.61357
-0.569468, 1.29982
0.628697, -1.61438
1.51626, 1.5698
-0.596965, -1.71711
-1.55443, -1.76209
0.69463, -0.11828
1.55839, 1.03872
-1.85216, 0.508056
0.521605, 1.21038
-1.55738, 1.29429
-1.57507, -0.452216
-1.469, -0.063264
1.1819, -1.4567
0.64656, 0.63476
-0.196841, -1.33408
-1.64631, -0.439508
0.499202, -1.1752
-0.347221, -1.42364
-1.13822, -1.76373
-0.28711, 0.624787
0.352952, 1.58313
1.15924, 1.66576
-0.218508, 1.53053
0.903919, 0.605274
1.18932, -0.534039
0.568799, -0.389572
1.54656, -1.4529
1.28391, -0.534669
1.14473, 0.526217
-0.145823, 1.72586
1.69178, 0.459938
-0.944609, -1.36556
-1.27678, 0.193432
-0.203105, -1.56585
-1.39524, -0.497927
-1.54235, -0.246456
-1.70994, 1.65686
-0.0764683, -0.245454
-1.45215, -1.61502
-0.625159, -1.30952
1.20855, 1.47849
0.665723, -1.82693
-1.68964, -1.77082
-1.5643, 1.59195
-0.541444, -1.52045
1.41491, 0.51978
1.69184, 1.43125
0.495837, 0.477929
0.762575, 0.352128
1.47492, 0.293992
0.681245, 0.156408
-1.49316, -1.42286
1.27625, -1.44066
-0.520004, -0.24761
0.325422, 1.02224
-0.355487, 1.22509
-0.903316, -1.53673
1.41289, -1.24991
1.36691, -0.271909
0.514199, -1.15854
-1.6314, 0.142312
-0.414798, -0.583668
-1.46693, 0.676296
-0.36074, 1.50397
-1.58963, -1.6037
1.5678, -0.82581
0.702184, -1.34573
-0.337905, -1.78523
-0.634614, -1.80559
-0.50979, 0.513319
-1.33486, -0.650598
-0.641723, 0.735886
-0.601694, -0.0730045
0.586355, -0.234786
-1.47263, 1.0796
1.76678, -1.3909
-1.2752, 0.570064
-1.85257, 0.419644
0.273175, 0.402977
1.57742, 0.0374205
1.12084, -0.503835
-1.38813, 0.76793
1.84735, -0.372256
0.196052, 1.45767
-1.7573, 1.58189
0.551844, 1.23863
-1.30299, -0.108309
1.77836, 0.500988
0.699232, 0.644667
-1.77944, -1.62697
0.156034, -0.47886
1.20976, -0.842038
-0.332594, -1.46832
-1.50999, -1.12498
1.29762, -0.331658
-0.577079, 0.500957
-1.28952, -0.748603
0.262579, 1.43738
1.38202, 0.385377
1.56183, 1.71733
0.849358, 0.869347
0.449376, 0.334647
0.115047, 0.568641
0.0508311, 0.533012
-0.899812, 0.313104
-1.48079, -1.28606
-0.281627, -1.61674
1.76063, 1.4815
-0.17706, 1.11499
0.414839, -1.68076
-0.651557, -1.63708
0.590776, 0.444547
-1.50337, -1.74885
1.49549, -0.668833
1.01315, 1.56877
1.37697, -0.635848
1.75908, 1.6586
1.14051, 0.7365
-0.190286, 0.31988
-1.27094, 1.29217
-0.687659, 0.904802
1.27699, -1.74572
1.61832, 0.521464
-1.31307, 1.4267
-1.83497, -1.31506
-1.11293, 0.982161
-1.64128, -1.82965
-0.0845479, 0.838559
-1.3316, -1.53185
-0.770041, -1.40844
0.819217, 1.92397
0.665229, 0.413042
1.30064, -1.2164
1.60279, -1.12251
1.07417, 1.34229
-1.46807, -0.799958
0.0169095, -0.296269
1.51788, 0.363257
-1.84247, -1.52656
0.743087, 1.27608
-0.358466, -0.6785
1.79212, 0.360294
0.257651, -0.0562714
-0.611266, 1.7768
-1.04498, 0.295893
-1.91267, -0.39473
1.11236, -0.5506
1.56645, 0.431903
-0.454392, 0.671082
0.207372, -0.696203
-1.49457, -0.9817
1.49031, -0.516436
0.417794, 0.680533
-1.39237, 1.71876
-0.188795, 1.99916
1.02743, -1.45811
-0.837456, -0.566467
-1.50157, 1.30866
-0.311296, -1.91865
-1.81578, -0.416531
0.853895, 0.394224
-1.65117, 0.373393
-0.575963, -1.45852
1.20643, -1.63322
1.70201, 1.6603
0.516853, -2.03217
-0.386617, -1.53331
1.63866, 1.3536
-0.653228, 1.25523
0.52428, 1.81217
-1.59795, -1.8271
-1.2155, -1.84912
-1.27593, -0.767237
-1.27917, -1.84682
0.211185, -0.117408
1.67086, -1.59208
-1.52662, 1.40661
1.55215, 1.11608
1.54048, -1.64998
-0.194751, 1.00399
-0.375549, -1.38152
-0.153994, -0.414099
-1.58328, -0.421674
-1.28622, -1.9984
0.230341, 1.43299
-0.55748, 1.63142
-1.46657, -1.60161
0.691612, -1.46952
0.28989, -1.83941
-0.833505, 1.41487
-0.4261, -0.419125
-1.50567, -1.10144
-0.528878, -2.09221
1.46647, 0.2366
-1.33568, -0.556952
1.43287, 1.47264
-0.765185, 1.53314
-0.168333, -1.68325
1.39394, -1.42429
-1.58898, 1.63457
-1.71948, 2.15943
-1.60394, 1.13879
1.47416, -1.38371
1.35662, 0.972787
-0.33344, 0.424955
-1.38149, 1.60828
0.411418, 1.73797
1.62417, 1.85545
1.30397, -1.83092
0.80318, -2.03629
1.62078, 1.52171
0.605957, -0.49084
-1.8013, -0.489269
-1.84507, -0.516426
1.40635, -1.822
-0.184742, 0.795229
0.909106, 1.74513
-1.7459, 1.33463
1.27038, 1.72604
0.321234, -0.745964
0.1359, -1.12791
0.62491, -0.182738
-0.585967, -0.459478
-0.536817, -0.355503
-1.22582, 1.37303
-1.33752, -1.1386
-1.76669, 0.815554
-1.08801, -0.630553
-1.46798, 0.804158
-0.632393, -1.31684
0.661382, -1.65287
-1.69721, -1.54652
-1.18323, 1.4538
-0.540409, 0.474493
-1.56613, 1.71753
-1.56721, -0.311727
0.531471, -0.362567
1.36327, -1.85323
1.45225, -0.367868
0.873575, 0.520124
-0.149367, -1.34363
-1.2262, 0.495786
0.281906, 1.8693
0.704089, -0.457713
-1.50186, -0.303623
1.44535, 0.182965
1.40001, 1.35672
-0.0465738, 0.714321
-1.29247, 0.453612
1.4394, 1.50888
-1.85213, -1.42686
0.279487, -1.84979
-1.29439, -0.651107
0.190638, -1.21875
-0.232795, 1.30706
-0.952649, -0.645841
1.40239, -0.619649
-1.17857, -0.578132
-0.609876, -0.773112
-0.468091, -0.214286
-1.47284, -0.319586
-0.541989, -0.960022
-0.700677, -0.439679
-1.34916, 0.796412
-0.600932, -1.3472
1.28155, -1.76261
-0.941444, -1.53608
-1.01127, 1.43126
1.74042, -0.656267
-1.21411, 1.80268
-1.36467, 0.845381
-1.70708, 1.3167
-1.45803, 1.27398
-0.162856, -1.84538
1.17688, 0.532148
-0.454728, 0.27498
0.872668, 1.50796
-0.47425, -0.678017
-1.35907, -1.95734
-1.68355, -0.828013
-0.568284, 1.23042
-0.873682, -1.50373
1.57442, 0.195742
0.195813, 1.44482
0.421221, 0.944336
-1.47803, 1.27086
0.3099, 1.56532
1.69708, 0.273685
1.23959, 0.514031
0.0228826, -1.46456
0.214223, -0.206548
-1.066, 0.645402
0.211096, 1.62061
1.47103, -1.12668
0.909998, -1.57889
0.349452, -1.19693
-1.41626, -1.55411
0.830804, -0.570091
1.32118, -1.52223
-0.143662, -1.49332
1.79825, -1.7279
0.447394, -1.8492
1.53448, -1.57833
0.567681, 1.88913
0.38085, -1.66835
-1.75897, -1.26404
-0.768032, -1.09165
0.63547, 0.435845
1.47422, -0.31879
0.480515, -0.149764
1.57996, 1.36474
1.29252, 1.29943
1.75593, 1.73924
-1.61551, 0.663328
0.820881, 0.278522
-1.10378, 0.75527
0.264674, -0.179336
0.130968, 0.599471
0.458826, -0.442147
0.655601, -0.714426
-1.25678, -1.31188
-1.22474, 1.14998
1.15198, 2.47791
-1.4805, 0.718086
-0.724583, -1.22782
-1.45493, 0.604222
-0.432683, 0.601353
0.404882, -0.630059
-1.6199, 1.64853
-1.31229, 0.788683
1.433, 1.33407
-1.75799, 0.30947
-1.64892, -1.80063
-0.717855, 0.595851
0.151374, -0.822686
1.57871, 0.829858
-1.35176, -1.48521
0.559364, -0.813163
1.90667, 0.440829
0.61741, -1.50057
0.398406, 0.951085
1.54519, 1.99586
-1.78396, -1.7635
0.926989, 1.59078
-1.63976, -0.358537
-0.589594, 0.402098
-1.24075, -2.01982
-1.52191, 1.49772
0.934383, -1.29053
-1.46888, 1.757
-0.488365, 1.58649
1.445, -0.467317
1.64153, -0.705397
-1.52305, -1.90254
-0.762299, -0.329194
-0.664505, -2.08755
-0.446281, 0.197479
0.297603, -0.360685
1.72121, 0.883841
-1.06119, -1.39443
-0.667268, -0.431389
1.62964, 0.390771
0.862714, 1.63708
-0.452013, -1.39188
0.445807, 1.33365
-1.836, 0.19678
2.07867, -1.79513
0.546832, -0.698167
-1.68732, 1.07212
0.807486, 1.35435
-1.51459, -1.78379
1.22006, 1.42165
-1.106, 0.358317
-1.77901, -0.354569
0.529472, -0.608137
-1.69325, 0.969156
0.65725, 1.29548
1.62685, 1.6344
1.66519, -0.547663
0.560739, 0.236585
1.56968, -1.76942
-1.84571, 0.525765
0.0199636, -1.11015
0.653661, 0.869129
-0.593023, -0.587918
0.136085, 1.49816
0.382962, -1.21344
0.740892, 0.771524
1.63565, -0.157846
1.25007, -0.278825
-0.257533, -0.640197
0.927043, -1.15729
0.385318, 1.71965
-0.775758, 0.24232
1.60058, -1.45746
-1.50035, 0.226629
1.2549, -0.527234
-1.47571, -0.461631
-1.35958, -1.57351
1.33937, -1.58775
1.34008, 1.08077
-0.629273, 1.39453
-0.201249, -0.621266
1.5209, -1.53157
-1.23109, -0.580313
0.0224097, -1.42622
1.64075, -1.47982
0.681923, 0.402153
1.75858, 0.842108
0.450911, 1.65148
-1.50045, -1.6692
-0.31923, 1.62629
0.377193, 0.334962
0.686646, -1.79459
-1.49951, 1.95712
1.63856, 0.356501
-1.1123, -1.10508
-0.672211, 0.745458
1.34185, -0.732513
0.901057, 1.50094
-0.166638, -0.306314
0.365882, -0.395883
-0.748986, -0.585588
-0.610321, -0.516591
-1.30327, -1.38573
-0.581161, 0.811429
-0.34006, -1.71262
-0.373815, 1.38736
0.59515, 1.89759
-0.717841, -0.570499
-1.7202, 0.887561
0.223122, -0.141031
-0.201758, 0.0235643
-0.580343, -0.503525
0.0902705, -0.668594
-1.31453, -1.55226
-0.111766, 0.426408
-1.61429, 1.85492
1.52263, 1.83441
-0.680848, 1.44062
-1.59505, -1.62996
-0.311023, -0.460075
1.82059, 1.46349
0.572538, -0.801515
-1.49617, 0.150982
-1.66197, -1.76288
1.35734, 1.45226
1.13785, -1.47079
-1.40431, -1.07313
-1.66844, -1.69978
-1.49936, -0.864265
1.60976, 0.599015
1.15843, -1.40431
1.64664, 0.493002
-0.706082, -0.261121
0.547606, -0.547445
-1.40372, 1.26568
-0.207717, -0.497889
-1.25283, -0.258127
0.736142, -0.373709
-1.61366, -0.646402
0.875416, -0.693613
0.405408, -1.28844
-1.2477, -0.650101
-0.158025, -1.58624
-0.52632, 1.74082
1.78771, -0.395961
0.416992, -1.28368
0.757167, -1.24998
1.26478, -1.60279
-1.38972, 1.16991
-1.59117, -1.42492
0.640459, -1.62678
-1.40473, -1.81336
1.22481, -0.614179
0.0609783, -0.464649
1.26863, -0.945237
1.25122, -0.619584
-2.11289, -0.100776
-1.33243, -1.13344
-0.613877, 1.95549
0.364367, -1.83519
1.12315, -1.50846
2.03488, 1.25358
0.771395, 1.50654
-1.67965, 1.71615
1.42121, -0.845851
-1.55086, 0.633816
-0.93801, -1.17353
-1.73227, -1.36218
0.431026, 0.311464
0.673852, -1.92018
-1.59178, -1.32925
0.445016, 1.63918
1.51109, -1.04532
1.66844, -1.4195
-1.71487, 0.710481
1.55565, -1.23545
-0.271953, -1.80661
0.739172, -0.522051
0.732355, 0.758985
1.27317, 0.12067
-1.65482, -0.853104
1.91494, 1.16255
-0.503454, 0.394509
-0.705055, 1.05038
-0.545337, 0.341461
-0.491475, 1.79559
0.0147082, -1.205
1.54189, 1.74776
-1.26888, 0.749644
-1.42331, 0.71928
-1.99644, 1.52312
0.450859, 0.512996
-1.65934, -1.47943
1.59377, 1.26162
1.2032, 0.0244534
-0.801816, -1.60798
-1.33733, 0.203001
1.77841, -0.458494
-0.983676, 0.764799
-1.07673, -1.39338
-0.184442, 0.39778
0.0108137, 0.557587
-1.89997, 1.18052
1.68465, 0.628417
-0.254398, -0.150668
1.25055, -1.55829
1.69921, 0.32951
1.42899, -0.664148
0.637668, -0.0365285
1.62844, 0.421063
1.57133, 1.14664
1.65989, -0.0930419
-1.34748, 0.577674
-0.456985, -0.165071
-1.11412, -0.257006
-1.36174, -1.06948
1.43943, -0.669363
-0.526308, -0.109179
-1.1976, -1.34579
0.266405, 0.140601
-0.305148, -0.219496
0.212532, -0.491761
-0.0657345, 0.498524
-0.534163, 1.29604
-0.646993, -0.5498
-1.44696, 1.6326
-0.442571, 1.59123
1.68839, -1.38527
-1.43449, 0.811002
0.505013, -0.646088
-1.06924, 1.62878
-0.564441, 1.43524
-1.68161, -0.463226
0.330152, 0.815481
-0.620707, -1.68296
0.455476, 0.608391
-1.45543, 1.77024
0.131039, 1.57425
-1.65213, 1.61616
-0.920471, -1.42086
1.55808, 1.56214
1.19567, 0.50435
0.283255, -0.586692
-1.49281, 1.48378
-1.36703, -0.649328
0.378735, 1.58771
-0.61715, -0.339476
1.543, 1.4651
-0.831482, -1.79519
-1.56607, -1.52393
-1.35932, 0.944435
-1.67081, -1.42143
-0.820003, 0.637376
-0.430151, 1.00441
-0.296222, 1.32263
-1.15748, -0.518219
-1.52541, -1.70105
0.667214, -0.569377
-1.49459, 0.622356
0.465886, 0.998956
-0.683349, -0.588945
-1.32843, -1.57688
1.03589, 0.423543
-1.86741, 0.133841
-0.476944, -0.595418
-0.402523, 0.0367244
-0.3724, -0.816831
-1.54047, 0.304099
0.603631, 1.26891
-0.396758, 1.90121
0.402672, -1.41172
0.309014, 0.671395
1.54918, -0.545619
1.58177, 0.215747
1.42328, -0.21234
-0.430563, -0.250585
-1.48518, 0.512497
1.46815, 0.658292
1.33156, 0.398621
0.577306, 0.822907
0.421244, 1.13509
-0.24983, -1.6015
1.84952, -1.45119
0.499069, -0.920122
1.29359, -0.587802
-1.9973, -0.0504621
1.48689, 1.70056
1.85643, -0.443983
-1.69079, -1.47432
0.629619, 0.391635
0.973677, 0.381394
-1.33738, -1.59811
-1.18091, -0.952943
-1.26097, -1.26846
0.473825, 1.27155
1.63187, -1.61397
0.360263, 1.42978
1.48892, -1.48546
1.75758, 0.146341
1.55161, 1.3881
-0.638568, -0.8037
-1.47095, 1.78382
-1.23012, -1.82302
-1.36534, 0.932574
-1.60496, -1.45132
0.554822, -1.15541
1.21429, -0.386396
1.55522, 1.401
1.63157, 0.792498
0.870366, -0.0276535
0.587138, -1.07509
-1.61617, -0.720106
-0.586689, 0.465856
-1.73141, -0.460397
1.5378, -0.164023
-0.810824, -0.487409
1.64758, -1.75
1.49625, -1.73065
1.13584, 0.3571
-1.54851, -1.63406
-0.627943, 1.52817
0.472568, 1.00009
-1.25079, -0.217045
-1.7375, -2.27556
0.249567, -0.228808
1.56845, -1.71617
-0.423567, -1.30993
1.22818, 1.13626
1.62044, 0.0219773
0.938341, 0.600512
1.54195, -1.77959
0.493334, 1.56926
0.444569, 0.699307
0.19545, -0.364637
-1.27902, -1.24048
-0.279879, 1.70055
-1.32661, 1.8145
-0.720153, 0.0385014
-2.05067, 1.19885
0.30954, 0.389212
-2.05017, -1.143
1.3307, 1.55059
1.31415, 1.55648
-1.45676, -1.9228
-0.689419, -1.86091
-0.0785769, -0.471012
-0.537403, -1.74578
1.75309, -1.42845
0.537389, 1.21401
0.705565, 0.777851
0.309988, -0.33381
1.79967, -0.90495
1.3572, 1.46252
1.70747, 0.576302
0.00418528, 0.506097
-0.687228, -0.785285
0.300137, -1.78199
-1.34398, 1.32339
-0.90139, -0.708922
0.613414, -0.891724
-1.13135, 1.48206
-1.59143, 0.0990487
0.253117, 0.607402
1.99233, -1.33803
-0.273595, 0.856719
-1.50309, -0.272226
-1.01962, -1.59899
1.51686, 0.917873
0.584506, 0.452569
1.79432, -0.534492
-0.162036, 1.14828
-0.0583894, -0.634411
1.34074, -1.0888
0.998102, 1.2584
0.417984, 0.786729
-1.12959, -0.209868
-1.90969, -1.29705
-1.32818, -0.725239
-0.083785, 1.56726
-0.698487, 0.508448
-1.86961, 1.45692
0.267235, 1.26167
1.44503, -0.149567
0.345543, -0.530541
0.443405, -0.616843
-1.22149, 1.3311
0.556154, 1.57505
-1.78796, -0.361662
1.76407, -1.11451
-0.393369, -0.337398
0.454767, 0.367542
0.235543, 1.59149
0.224479, -1.58176
-0.592399, 1.54819
0.437824, -0.641483
-1.19843, -0.736328
0.625178, -1.61101
0.287989, 0.601493
0.88268, -0.108108
-1.54514, 1.06446
-0.0343717, 0.690785
-0.676551, 0.968122
-0.780775, -1.87497
-0.789468, 1.35338
-0.138175, 1.49558
-0.517579, -0.490473
-1.22844, -0.463751
-1.32206, 1.55856
0.689801, 0.476392
1.12247, -1.32782
1.04438, 1.56906
-1.37608, 1.51263
-0.168407, 1.79126
-1.61022, -1.05226
-0.404169, -1.79398
-1.4868, -0.264025
-0.898402, -0.857281
-0.641639, 1.55133
0.52408, -0.264135
1.14879, -0.665192
1.13437, -1.76128
-0.408186, 1.34352
-0.334204, -0.65421
-0.496262, -1.49241
0.144257, 1.21163
1.15931, -1.36164
-1.54396, -1.21353
-1.89746, 1.63794
1.46538, 0.414617
1.4051, -1.5829
-1.82999, -1.09307
-1.42377, -0.249498
0.214908, 1.38649
-1.41423, 0.184734
-0.671412, -0.375259
-1.60032, 0.506335
-1.51419, 0.231689
-0.501723, 1.65116
1.44432, -0.611386
-0.63483, -0.373466
-1.42954, 0.528587
1.26171, -0.277567
-1.2767, -1.60126
1.09659, -1.48273
0.416281, 0.134745
1.49697, 1.47908
-0.593037, 0.39399
-1.19903, -1.41887
1.7034, 0.0429811
1.07207, -0.184557
-0.322396, -1.45842
1.35315, -0.223335
0.412227, 1.09165
1.68923, 0.191138
-0.286621, -0.199887
-0.218695, 0.293785
0.318343, 0.380749
-1.31444, -1.47369
0.43519, -1.48968
1.53277, 0.487235
-0.201044, -0.247132
-0.135887, 0.53668
1.73267, 0.741649
1.56512, 1.31425
1.44156, 0.53718
0.954519, -0.284112
-0.53121, -1.55482
1.28797, -1.60601
-0.80816, -0.618008
-0.863332, -1.25056
-1.56912, -0.471738
1.46517, 0.91516
-0.49069, -0.515533
1.59597, -0.468306
1.61248, -0.618267
-0.381892, -1.27944
-1.73044, 1.42443
0.555816, -1.59548
1.49262, -1.37849
-0.361377, -1.80061
0.468372, -1.02169
1.6497, -1.68131
1.34129, 0.404427
-0.575256, -0.330164
1.84957, -1.5685
0.988011, -0.874713
0.908695, -2.13204
1.87909, -0.761662
0.531632, -2.0696
0.484013, -0.291811
1.72657, -1.04398
-1.02385, 1.4924
1.28104, 1.38865
-0.543116, -0.207663
1.36405, 0.632902
1.83338, 1.51185
-0.592618, 1.46595
1.7151, -0.624778
0.494229, 1.73339
1.53717, 1.63365
-1.37358, 0.173533
-1.86222, -1.39252
1.68569, 0.471279
1.54763, -1.68003
-0.832006, -1.18088
-0.0303247, 0.43373
0.734355, -0.148417
-0.523592, 0.400406
0.143588, 1.04547
0.335514, 0.614403
-1.54175, -1.35065
1.53458, 1.40884
-1.69037, -1.33881
1.75491, -0.578232
1.63144, 1.70534
-1.19982, -1.42874
0.820695, -1.62121
1.20496, 0.471321
1.77468, 1.5477
-0.749679, 1.72662
-1.65754, -0.448979
0.354269, 1.49892
1.47876, -1.32395
1.01753, -0.508967
0.440178, -0.307482
1.53062, -1.28893
-0.459774, 1.43544
-1.0526, -0.483245
-0.202488, 0.349474
1.81736, -0.319501
1.46076, 0.251121
-1.46778, 1.6823
0.765606, -1.34945
1.33877, -1.25472
-0.100722, -1.75118
-0.297618, 1.24096
0.896933, -1.48825
1.3032, 0.163159
0.291644, 0.232993
-1.59824, 0.652783
2.04305, 1.68308
-1.70988, 0.622636
1.3763, -1.53491
1.51946, 0.556395
-0.762794, -1.26996
1.99977, -1.22457
-1.64884, 0.257464
0.616772, 0.496596
-1.30089, -1.6251
-1.41062, 0.758938
-0.00885415, 1.63202
0.673376, 1.58336
-0.426634, 0.807565
1.16754, 1.2958
-0.442888, 0.724129
0.383937, 0.5346
0.53181, 0.617266
-0.373313, -2.19449
0.620704, -1.33281
-0.282485, -1.46092
-0.578054, -0.619351
1.59441, -0.274343
1.40399, 1.4218
0.538822, -1.75329
1.34821, 1.7077
1.64557, 0.910519
0.45745, 1.95292
-1.46774, -1.49178
1.77471, -0.658886
1.41715, 0.879327
1.4139, 1.32003
-1.55012, -1.58632
0.925799, 0.563963
-0.900261, -0.568558
0.855113, -0.670603
0.151895, -0.790403
-1.76078, -0.709081
-1.83808, 1.65244
1.9288, 1.38664
-0.422092, 1.19933
-1.08382, 0.402568
-1.63594, -1.39998
1.54641, -1.37789
1.71688, -1.67854
1.59283, 0.483579
1.40738, 1.43744
-0.332933, -1.55113
1.53597, -0.528908
0.379737, 0.263789
1.19106, 1.44539
1.70163, -0.487154
1.04381, 0.712733
0.645067, -0.565818
0.209519, 1.40092
-0.117677, -1.25565
-0.0239505, 1.28433
-1.76832, 0.500559
-2.01121, -1.64118
-0.634491, 0.270126
-0.60793, -0.35957
-2.31185, -0.235867
1.57785, 0.700338
-1.03243, -0.631688
-1.4755, 1.74885
1.77235, 1.18428
1.63187, 0.0151224
0.166775, -0.168969
-0.514724, -1.5002
-0.206056, 1.52449
0.337162, -1.36615
-0.584064, 1.38577
1.60411, -1.59887
-0.70747, -0.0626763
0.673848, -1.43918
0.00967782, -0.346171
0.917201, -1.82695
-0.36284, -1.59758
-0.0268432, 0.630795
-1.80658, -1.57078
-0.531847, 1.15812
1.52786, -1.45477
0.78002, -0.7457
0.700137, -0.507971
1.52793, 0.261824
0.427294, -0.370442
-1.68824, 0.32354
-1.33255, -0.804931
0.559061, -1.45088
-0.628868, 0.137947
0.109148, -1.61977
-1.99798, -0.0994916
-1.11745, 1.51323
1.06575, 0.763216
-0.48555, 0.54125
-1.4264, -0.567048
-1.28002, 1.42279
0.67779, -1.30612
1.34245, -0.0478028
-1.25418, -0.00963644
-1.41257, -1.43487
-0.350301, 0.531225
-0.237153, 0.567068
1.61124, -1.14399
-0.082699, -1.16359
0.788233, 0.630063
1.53712, 0.0627063
0.328886, -1.86934
1.70824, 0.387891
1.4913, 0.821754
0.447387, 0.556278
1.41983, -0.766706
-0.646097, -0.367195
-1.44149, 0.303018
-0.42909, 0.334629
1.72404, 1.36697
0.797739, 0.680978
1.68244, -1.17844
0.437038, -0.435977
0.63155, 1.08963
-0.779576, 0.507636
0.489278, 1.56505
-1.6314, 1.88344
-0.591205, -1.85217
0.787595, 0.823669
1.64327, -0.413988
-1.59377, 1.76271
-0.667982, 1.07462
-0.552879, -0.0434834
-1.69544, 1.64005
-0.168656, -0.441153
-1.01981, 1.05263
0.566552, 1.49488
0.725491, 1.37468
-0.472452, -0.612823
0.319013, 1.48641
1.83751, 0.234005
-1.87436, -0.109766
0.641372, -0.662998
0.548279, 1.61421
-1.19677, -0.483981
1.51526, -1.49525
1.35883, 1.18516
-0.35681, -0.594179
1.8713, -1.36416
0.763044, -0.203745
-0.215283, -1.26285
0.658268, -1.6048
0.906759, -0.9607
0.629275, 0.673795
-0.970505, 0.804088
-1.51565, -0.902013
0.467592, 1.62229
0.757835, 0.296087
-1.86871, 0.847844
0.252773, -2.08858
1.07558, 0.522472
-1.12539, 0.313865
1.11387, -0.204468
-0.248032, -0.344205
0.479297, -0.515138
-1.05779, 0.481108
-0.673519, -1.66218
-1.45369, -1.73295
-0.572686, -1.67247
0.557415, 1.17432
0.997988, 0.332604
-1.34533, 0.609579
2.0827, 0.450697
-0.707206, -1.62552
-0.324708, -0.560171
1.60601, -1.18579
1.02006, 1.50536
-0.385455, 1.6916
0.550345, -1.36795
0.0308756, -0.523995
-0.46808, 0.69997
-0.800643, 0.718858
-1.42453, -0.208046
-0.352338, -0.664048
-1.47464, -0.982464
0.71056, -0.551314
-0.306273, -1.66913
-0.833089, 0.653265
0.384892, 1.16112
-2.06528, 1.6546
-1.24876, -1.72517
-1.61416, 0.523259
0.213678, -1.73672
-1.51349, 1.06527
0.216314, 1.14
0.326864, -1.51348
-0.762917, -1.03046
-1.31625, -1.58798
0.614064, 1.7249
-0.251569, -1.63268
-0.783985, 0.721574
0.534739, -0.522081
1.57215, -1.54021
0.690829, -0.173161
1.01374, 0.308312
-0.45765, 1.9289
0.816163, -0.482948
-1.20008, -0.620782
-1.70714, -1.10479
0.261419, 0.0596431
-0.894431, -2.13573
1.54642, 1.47028
-0.582073, 0.404517
1.689, -1.57451
-0.361752, -0.122245
-1.13265, -1.90206
-1.6665, 0.745997
-1.53711, -0.436734
0.295191, 1.45279
-0.698113, -0.209426
1.61133, 1.22902
-1.08686, -1.06775
-1.4442, -0.426282
-1.64919, -1.17708
-0.390087, -0.274906
-1.67815, 0.347323
2.11394, -0.423514
0.138961, 1.12801
-1.87776, 0.788716
0.989879, 0.618988
-1.51514, 0.593615
0.368506, -0.888765
1.66052, 0.419552
-0.379219, -1.39589
-0.908495, 1.4699
-0.449315, -1.10663
-0.64592, 1.16673
-0.698457, -0.681377
0.732201, 1.58493
0.406417, -1.33043
1.01278, 1.57243
-0.490537, -0.0469763
1.31988, 0.659299
0.0224114, -1.67852
1.74112, 0.907719
-0.330997, 1.57608
-1.51143, -0.274178
0.469025, 0.485115
1.8097, -0.0941584
-1.47886, 1.96109
-0.966562, -2.01471
1.44921, 1.65075
-0.0553941, -0.565932
-0.164169, -1.10609
-0.544663, -0.447437
-1.73417, -0.613896
-0.96887, 1.89295
0.226, -0.753074
0.635369, 0.587054
0.458091, 0.298848
-1.47572, 1.22156
0.362395, -0.562728
-0.405785, -1.4064
0.744597, -0.713925
0.447471, -0.847436
1.72265, -0.372009
1.56343, -1.54528
-1.2828, 1.3907
0.421712, 1.47188
1.35726, 1.50854
1.58872, -0.529092
-0.767193, -0.315927
0.841419, 1.65322
-0.466557, 1.93644
1.22704, 0.216683
1.51932, 1.60731
-0.414294, -0.511677
1.54167, -1.42516
0.331983, 0.26111
1.77276, 0.587749
0.682646, -0.62229
0.750972, -0.476695
1.62792, -1.6353
-1.66924, 1.49782
1.2783, 1.44167
0.263736, 0.245999
-1.36522, -1.31881
1.49743, 0.489178
1.82736, 0.930583
-0.556925, 1.65056
-1.29901, 1.33519
-0.562243, 0.995987
1.63888, -1.49068
-1.36062, -0.594899
-1.45055, -1.59532
-1.59533, 0.501776
0.315885, 1.51779
-0.812755, -0.152967
-0.753567, 0.558123
1.43283, 0.576395
0.713645, -0.813121
1.93532, -0.160302
0.750233, -0.537117
-0.2358, 1.99906
0.44073, -1.58644
-0.433587, 0.0126048
-1.66587, 1.68679
-0.757761, -0.498658
1.51478, 0.481626
0.330304, -1.58186
1.41949, 0.565091
1.63445, -0.405835
1.49487, 1.36067
-0.419998, -1.60862
1.45824, -1.55747
-1.49345, 1.45325
1.39068, -1.60573
1.43178, -1.35948
0.691882, 0.357967
0.156332, -0.771876
-1.6607, -1.59168
-0.0730232, 1.29617
1.5652, 0.193031
-0.377801, 1.12056
-1.71403, -0.185081
-0.383658, 0.66116
-0.476038, -0.270437
-0.564999, 1.15844
1.56521, -0.612417
1.89103, 0.626193
0.727059, 0.522944
0.174274, -1.79143
0.270352, -1.5478
0.493865, -0.0212995
-1.26859, -1.53965
1.75379, -1.69561
-1.27862, 1.69697
1.64384, -0.378109
-1.27077, -0.570126
0.411274, -1.59002
-1.54028, 0.409511
1.38562, 1.71649
1.49006, -1.53017
0.857509, 1.07149
1.68809, -1.51043
-0.228103, 1.28085
-0.124027, -0.650437
-1.58313, -0.498111
-1.91502, 0.987678
0.286293, -1.42887
0.437928, 0.275366
1.25007, 1.56914
0.233633, 1.83831
-1.2723, -0.371695
0.089999, 1.26153
1.27724, 1.01816
-0.229627, 1.879
1.46582, 0.146232
-0.663759, 1.02021
0.467427, -1.7184
-2.005, -0.12414
0.363887, 0.473303
-1.60383, -0.536933
1.63693, 1.17992
1.25427, -0.593477
0.619732, 0.22038
-0.493767, 1.62252
-1.76699, 1.43003
-0.0477585, 1.25878
1.42904, -1.58839
1.44978, 0.254687
0.466746, -0.803527
-0.415945, -0.0658094
-0.12595, -0.914895
0.693322, 0.857345
-0.404727, -0.543915
-0.491694, -0.506557
-1.2627, -1.09732
0.982142, 1.42171
0.104593, -1.67257
-0.301016, 0.798355
-0.523205, -1.46891
-1.64394, -0.644963
-1.17031, 0.241608
0.866319, 0.357195
1.20864, 1.2402
-0.638883, -0.331996
-0.251087, 1.43886
0.982498, 1.79469
0.566501, 0.561385
0.56478, -0.881551
1.52138, 1.30399
-1.22422, -1.37117
-0.667641, -0.0320607
-1.17159, 1.60688
-0.618425, 0.86712
-1.67981, 1.06074
0.437591, -0.384638
-0.437792, -0.159503
1.3129, -0.549916
0.539463, -1.5535
-1.32821, 0.0101611
-0.357288, -0.491951
-1.50501, 1.64826
2.13475, -1.48789
1.39321, -1.18598
-1.5166, -0.828244
-0.696173, 1.49813
-1.24462, -1.48237
0.708261, 0.454023
1.50513, -1.49827
0.170833, -0.596432
-0.446204, 1.27589
-1.2673, -1.56777
-1.40311, -1.45967
-0.513032, -0.0551125
-0.351341, 1.33681
-1.75035, -0.632749
1.86552, -0.309663
-2.12789, -1.68394
0.769174, 1.65668
-1.6438, 1.72106
-1.65239, -1.54064
-1.42388, 0.959994
-0.195657, -0.819769
1.90393, -1.25385
1.54719, 0.374054
0.830635, -1.44697
-1.73855, -1.3151
0.469242, 1.47711
0.286154, -1.54371
-1.42862, -1.28574
-1.54995, -1.22838
1.60866, -1.63029
0.745, -0.610259
-0.365155, 1.29934
0.359425, -1.07772
-1.01005, 0.889233
-0.624352, -0.812663
-1.45408, -0.907224
-0.134156, -0.898867
0.371063, 0.458684
-0.593456, 1.71643
-0.391146, 0.728506
0.249183, -0.969692
0.559717, -1.35683
-1.51027, -0.75112
-1.3938, 1.54868
0.445019, 1.45421
1.79722, 1.13059
-1.5876, 1.08254
-0.678912, 1.47792
0.97173, 0.829889
1.59447, 1.50293
1.28523, 1.44817
-1.63596, -0.275534
-0.72356, -0.494382
0.199225, 1.18197
0.452289, -1.18743
1.36028, 0.557894
0.0522147, -1.21366
1.42517, -1.65492
1.45825, -0.101602
1.68527, 0.582252
-0.691185, -1.65393
1.51053, -0.619541
0.356909, 0.772432
-0.763382, 0.298207
1.31792, 1.7445
-0.627581, 1.53448
-1.5493, 0.949533
0.850095, 1.4865
1.74707, -0.165502
-1.51254, -0.104208
0.921804, -0.336525
2.02778, 1.73254
-1.7124, -0.581497
1.15232, 1.38683
0.437327, 1.74355
-0.781168, 1.34169
-1.64941, 0.585754
0.380587, -1.21173
0.367288, -0.404445
1.85115, -1.12531
-1.14896, -0.717509
0.676262, -1.38106
-1.64341, 0.369452
-0.710512, 1.92704
0.591459, 0.556422
-0.585089, 2.26757
1.47086, -1.26401
0.609553, -0.566454
-0.949278, 1.15989
-0.393263, 0.192576
1.37475, 1.79868
0.951388, -1.16277
1.44393, 0.563614
-1.55737, 0.226493
1.47214, -0.383951
-1.23401, 2.05645
0.448617, 0.404157
1.29832, -1.56898
1.31966, -0.120615
0.259112, -1.49986
-0.413815, 1.34425
1.82639, -0.597379
-1.7547, 1.49502
-1.93618, 0.291397
1.61913, -0.214171
1.99998, -1.97348
0.455046, -1.25777
-1.47124, -1.1024
-0.371544, -0.433231
-0.632877, 1.14669
1.71378, 1.55181
-1.48442, -1.2944
-1.48869, 1.28643
-1.66692, -0.691716
-1.5023, -1.75582
-0.571568, -0.565321
1.28512, 1.21497
1.11814, -1.66202
1.73155, -0.993206
-0.929775, -1.72122
-0.31853, 1.32239
0.313137, 0.170876
1.37041, 0.574603
1.63763, -1.20128
-1.96295, -1.25464
0.649677, -0.324681
-1.70723, -1.91864
1.631, 0.413832
1.55533, -0.577593
-0.0937996, 1.36368
0.395369, -0.66014
0.70951, 0.988914
-0.877009, -0.57135
0.423303, 0.821266
0.813017, 2.28399
-0.862867, -1.56848
-0.773961, -1.60148
1.28942, 1.49089
1.27118, -0.144558
-0.512505, -0.641188
-1.53844, 1.72813
-1.92544, 1.14217
-1.22574, -0.413807
-1.63638, -1.59941
-0.114023, -0.519144
-1.59244, 0.613698
0.521174, -1.4907
1.6033, 0.617334
0.744414, -1.5211
1.3844, -0.557122
-1.12958, -0.707437
0.842101, 1.37364
-0.931436, -0.706822
0.734035, -0.214739
0.692128, 0.483678
-1.51867, 0.452336
1.62144, -0.582658
1.25819, -0.603785
0.283289, -0.415137
-0.520628, -1.48663
-0.47323, -1.23757
-1.0466, -1.7003
-0.980932, 1.7059
0.32697, -1.72272
0.458188, 1.42481
1.48856, 0.245939
-0.58936, -1.01329
-1.72681, -0.349532
-1.3416, -1.66608
1.34897, -0.928441
-0.852514, 0.738147
-0.720024, -0.830102
1.66508, -1.55929
0.330476, 0.447382
-0.619926, 0.882147
1.51261, -0.504393
0.129848, 1.37956
1.5139, -0.441638
0.5308, -0.234746
0.0631757, -2.0448
0.305926, -0.357997
1.71487, 2.04425
-1.74319, -1.75582
-0.226602, -1.13509
-0.482081, -1.47022
1.37909, 1.09655
-1.58376, 0.38278
2.01505, -1.84199
-1.19372, -0.844401
1.30313, 1.76512
0.488116, -0.696319
0.969284, -1.72056
0.00805534, -1.52956
-0.813036, 1.29956
0.535111, -0.80656
0.0442176, 1.69486
-1.70309, -1.42009
-0.350672, 0.672776
0.484984, 0.222027
2.24486, 0.963316
-0.171246, -1.55166
-1.91796, -1.39882
0.551469, 0.409051
1.82366, -1.42229
-0.74747, -0.376867
-0.459817, -0.981251
-1.29532, 0.370941
0.573751, -0.291684
1.85797, 1.3942
-0.0930717, -0.716947
-1.4864, 0.991255
-1.6193, 1.4427
-0.557497, -0.128488
1.10923, 1.50746
0.838284, 1.60949
0.222105, 0.0558728
1.18744, 1.12122
-1.59779, -1.59927
-2.00719, 0.385145
0.220954, 1.50901
0.718055, -1.3961
-0.669386, -0.158941
0.178231, 1.63945
-0.703944, 1.4224
0.502853, -0.148413
0.643023, -0.492782
0.266785, -0.716515
1.75526, 0.746881
-1.34987, 0.371186
0.358627, 0.440771
0.551972, -1.74992
1.06146, -1.09573
0.43361, 0.616
-0.39771, -1.6053
1.71188, -1.77783
1.67195, 1.74041
-1.75662, 0.117652
1.5518, -1.14223
-0.7103, -0.688124
-1.33436, 0.766448
-0.32598, 1.1856
-0.301122, -1.30013
1.0144, 0.601836
0.305958, -0.213091
1.54673, -1.75315
1.52976, 0.646107
2.05429, 1.31277
-0.030468, -0.49094
0.0509716, 0.469299
1.47661, 1.64231
0.405414, -1.29854
-1.22614, -0.560034
-0.349236, -0.335259
0.921149, 0.392607
-1.5185, 1.6212
-1.35431, 0.563492
-1.48027, -1.53062
-1.52698, 0.253338
1.52363, 1.15711
-0.715116, -0.179893
-1.02464, -1.39682
0.525818, 1.54298
0.180817, -1.80358
-1.51025, 1.65794
0.89682, -1.52795
0.606373, 1.16803
1.26008, 1.44403
0.74389, -0.289121
1.64406, 0.559859
1.42101, -0.485859
0.674326, 0.647239
-1.67509, 1.62309
-0.385923, -1.32731
0.20771, 0.489309
1.90821, -1.4493
0.146111, -0.442839
-0.133516, -0.561739
-1.12606, 2.06983
1.29453, 0.91307
-1.59056, 0.687253
1.57392, -0.219089
1.96998, -1.66375
-0.153484, 1.49647
-1.76956, 0.758191
-0.426085, -1.69195
-0.564473, -0.906578
1.30356, -1.24751
-0.831474, -1.38143
-1.84691, 0.538733
1.3845, -0.288628
-0.394117, 1.54683
-0.913956, 0.314998
-1.75694, 0.0803313
1.3881, 1.61731
0.298539, 1.1724
0.628625, 0.639014
1.6481, 1.72368
0.682888, 0.562789
-1.70052, -0.713423
-0.640974, 1.33169
0.516327, -1.70215
2.01272, 1.48329
0.430753, 0.567696
-1.6594, -1.45101
1.35525, 2.10401
-0.63046, 0.405714
-0.644972, -1.55386
1.65274, -1.30277
1.61674, -0.363334
0.284804, -0.594351
-1.64839, -0.386388
-0.22935, -0.518419
1.58637, -1.398
0.67156, 0.323377
1.8036, 0.220111
1.42373, 0.477018
-1.64919, 1.70635
0.518268, 0.92011
-0.370894, 1.52161
0.0241177, -0.341904
-1.39901, -1.47778
-1.35889, 0.701386
-0.358143, 0.0341719
-1.15591, 1.55164
1.22377, 0.734153
-1.32449, -0.823593
1.81862, 1.77012
-1.25933, 1.65278
-1.2669, 1.36089
1.02144, -1.22215
1.6688, 0.170858
-0.715995, -1.37481
1.20628, 0.711874
0.685961, -0.447675
-1.72545, 1.78872
0.48574, -1.36439
1.47711, -1.5091
-1.75225, 0.279153
-0.51779, 1.10847
0.476225, -0.387876
-0.297555, 0.632203
0.650857, -1.13968
-1.57765, -1.80094
0.457275, 0.400819
0.973252, 1.11233
0.680804, -1.74313
-1.2199, -1.35856
-1.68953, -0.586353
-0.713907, 0.312118
0.298681, -1.65551
-0.778532, -0.37287
-1.484, -1.48453
1.34251, -0.489447
-1.6086, 1.63075
-1.78697, 0.233799
-1.67802, -1.42196
0.61864, 1.34761
0.942263, 2.2112
-0.206023, 0.318637
-1.76093, 0.273093
-0.349346, 1.55739
-1.60373, 0.489508
-1.48303, 0.185907
1.91396, 0.49476
-1.45066, -0.0534334
1.24829, 1.56962
1.3975, -0.421063
-0.374256, -1.7721
-0.366373, -2.04326
-0.4358, 0.628861
-0.419424, 0.621506
1.43871, -1.27303
-0.613856, -1.84928
-1.28467, -1.21574
-1.69231, 0.771205
-1.3145, 1.1812
-0.912412, 1.56734
-1.29334, -0.887123
1.68393, 0.753288
-1.55161, -0.489958
-0.106915, 0.427076
-1.38965, -0.513451
-0.446227, -1.32423
0.397474, -0.866257
1.62195, -1.67208
-0.261305, 1.7057
1.28412, 1.97827
-0.242339, 1.66149
0.505194, 0.60833
1.55452, 1.62824
1.07381, 1.37323
-0.359012, -1.26822
-0.178707, 0.391286
-1.70202, -0.289825
0.725467, 1.1229
-1.20812, -1.52683
-1.85418, -0.0749039
-0.450119, -1.25156
1.62664, -1.65383
-1.85435, 1.48918
-0.550387, 1.89615
-1.21116, -0.924149
0.364698, 1.33124
-0.210082, 1.27382
-0.351907, -1.30017
1.3304, -0.540027
-0.969554, -1.43819
0.499947, -1.65116
0.287551, 1.84554
-0.524663, -0.502279
-1.36463, -1.88782
-1.16674, 0.3333
0.409598, 1.45544
-1.71287, -0.581489
-1.15164, -0.398888
1.53844, 0.708272
-1.60444, 0.290535
1.38405, 0.397716
-0.475048, 0.509024
0.611044, 0.823298
-0.326596, -0.806039
0.550283, -1.16152
1.20211, -1.71537
-1.52491, 0.685368
-1.91376, -1.26924
-1.36346, 1.58279
-1.20552, 1.26823
1.41247, -0.238592
-1.61329, 1.13454
1.46162, -1.55463
-1.59276, 0.549376
-0.552561, 0.496705
1.08941, -0.661691
-0.523788, -1.55358
1.87993, 0.00491057
1.21107, 1.05058
-1.6689, -1.81103
-1.5298, 1.12961
0.232125, 0.420148
1.29599, -1.59271
1.36117, -1.70065
-1.85717, 0.513952
-1.21547, 0.581586
-1.72978, -0.843131
1.11904, -1.92951
1.77683, 0.523326
1.58602, -0.536739
1.52332, -0.173377
1.56064, 0.617508
0.00949755, -1.87178
0.42932, -0.221491
1.37082, 0.385514
-1.12745, 0.668661
1.85361, -1.47872
-0.208413, 1.56023
0.17504, -1.05659
0.6335, -0.159522
0.511407, 1.54204
-0.711862, 0.238923
1.5702, 1.56442
-1.43931, 1.54629
-0.446333, -1.42623
1.42978, -1.35651
-0.468484, -0.077592
-1.78768, 0.650565
1.2121, 1.28545
-1.64847, 1.77411
0.213039, -1.55329
0.276078, -1.51287
0.706897, 1.71819
-0.379716, 0.585788
-0.368779, -0.208359
1.37912, 1.00411
0.639639, -1.33084
-1.42904, -0.694038
-0.939935, -1.63621
0.536655, -1.67872
-1.20923, -0.754
-0.140073, 1.21638
-0.534925, -1.36618
-0.727049, -0.107012
1.32581, -1.26155
0.393488, 1.31525
-0.430446, 1.19537
-1.37461, 1.4296
-0.854207, -0.533612
0.625314, -0.513948
-0.708359, 1.18359
-1.55003, -0.617881
0.129535, -1.18741
-1.86996, -0.226157
0.645355, -1.34876
-1.63066, -1.25761
-1.24009, -0.381756
1.76616, -1.3154
-1.32606, 0.395611
-0.459808, -1.58976
1.74459, 0.892014
1.67759, 1.01269
-1.53408, -0.068788
-0.428844, 1.17134
-1.58566, -0.518475
1.39979, -1.4274
1.47576, -1.59658
-0.457598, 1.76559
-0.465119, 1.425
1.8316, 0.564625
0.215675, -0.188469
-0.363876, -0.471234
-1.77696, -1.77211
0.24303, 0.427216
-0.979084, 0.912821
0.274211, -0.623758
-1.3972, 1.82519
0.500519, 1.36026
-1.13945, -1.83254
0.545203, -1.72367
0.53999, 1.68649
-1.9748, -1.77881
-0.697834, -1.67998
1.72785, -1.31996
1.69973, 0.662624
1.50169, 0.347589
-0.936633, 0.960458
0.469099, -1.40783
1.76445, 0.343406
0.972443, -0.970096
1.53766, -1.52292
-0.184374, -1.30978
0.815854, 1.14578
0.381892, -1.32476
1.67102, -1.47513
1.30135, 1.54333
-0.369928, -1.39518
-0.736941, -1.39663
0.312299, -1.26196
-1.41576, 1.52819
-0.560647, -1.74974
-0.367871, -1.41469
-0.544804, -1.39916
-0.732112, 1.90725
-1.6008, 1.68412
1.60468, 1.56746
-1.67031, 0.550021
0.705088, -1.72255
0.318238, -0.43835
1.35433, -1.16827
-1.54059, -1.09058
0.520028, 1.94497
1.03246, -0.371379
1.29957, -1.84968
-0.707681, 0.430942
0.174402, 1.9388
-1.51584, 0.297613
-1.49056, -1.24954
0.17495, 0.204021
0.250764, 1.93322
0.347558, -1.82094
0.446916, 0.703704
-1.40988, 1.38654
-1.41992, -1.31709
-0.610267, -1.09487
0.866213, 0.668759
-0.731897, 0.42397
-0.230065, 0.949987
-1.32894, -0.3339
0.666965, 0.709669
-1.49485, -0.296562
-1.39483, 0.698675
-1.57883, -0.0410167
-0.617307, 0.684302
0.0473289, 1.18502
-1.62068, 0.754955
1.62407, 0.682418
-0.453652, -0.239271
1.19561, -0.830645
0.073793, -0.524158
0.52613, -0.27193
-1.32051, 0.267909
-0.800646, -1.78542
1.45264, 1.94974
-1.47342, 0.769977
-1.30678, 1.2903
-1.14306, -0.171965
0.907499, -1.2755
1.30543, -0.795273
-1.36759, -1.74153
1.5047, -0.454477
1.07893, -0.411733
0.427591, 0.694067
0.864275, -1.41703
0.335346, 0.21417
1.39242, 1.64409
-0.507732, -0.360088
0.614003, -1.12349
-1.71071, -0.936024
0.595218, 1.32248
0.653607, -0.43931
1.76685, -0.260926
0.14483, -1.62541
-0.269139, 0.651778
0.836739, 1.228
-0.524127, -1.4038
0.403821, 1.45215
-0.590452, -0.225022
-1.48452, 0.633279
-1.56961, -1.48373
-1.2954, 1.99638
-2.00822, -1.38999
1.39785, 0.766378
-1.60118, 1.25016
0.599186, 1.55647
-0.45803, -1.88714
-0.43185, 1.79419
-0.496766, 1.71753
1.77772, 0.743051
1.37991, 0.246871
-1.19021, 0.415276
-0.688491, -0.602704
-0.256554, 0.155849
0.439349, -0.451357
0.8639, 0.498693
-0.473758, 1.39408
-1.66577, 0.513578
-0.385979, 0.272976
1.40318, -1.46923
0.761499, 0.676577
-0.969095, 1.07622
1.73387, -1.73224
0.804162, 0.438096
-0.435886, 0.433218
-0.685047, -1.84075
-1.16139, 0.246377
1.59946, -1.55306
0.641094, -0.33834
-0.491398, 0.22909
-0.599704, -1.25723
-1.68999, 0.537302
-1.50825, -1.67798
1.70532, -0.684438
-0.424977, -0.331412
-0.111341, -0.734592
0.56394, -1.73839
-0.468211, -1.8444
0.276825, -1.29685
-0.4298, 0.709003
-1.25368, 1.38573
1.85003, 0.404449
-1.28967, -0.446322
-1.67115, -0.668437
0.384855, -0.690737
-1.81103, 1.84232
0.821649, -0.764691
1.25487, 0.292568
-1.60303, -0.729951
0.596113, -0.880585
1.51714, -0.925143
1.43924, 0.593022
-0.618917, 0.612986
-0.871324, -1.57179
0.444765, 1.63248
0.472589, -0.601199
-0.413471, -0.475384
-0.265021, 1.3901
-1.43919, 1.8248
1.49125, 0.396745
1.12678, -0.291677
-1.81478, -0.701407
-1.74441, -1.84886
0.697253, 1.58789
1.6803, -0.36331
-1.42628, 2.05755
1.14716, 0.856657
1.95328, 1.78446
-0.224031, 1.24568
-0.377519, -0.29153
0.468386, -1.73177
-1.53529, 1.35626
1.74692, -0.657362
1.55154, 0.499609
-0.60426, -0.792722
1.64191, -0.587643
-0.60938, 0.556009
-0.0745203, -0.594943
0.337521, 1.5217
-1.09593, -2.07962
-0.0273465, 1.69598
-0.554026, 1.4944
0.412306, 1.71714
1.61142, 1.55977
-1.30561, -1.54792
-0.670802, -0.66813
-1.57975, -0.417445
-0.750555, 0.495127
-0.792196, 1.52721
-1.68667, 0.248874
-0.753283, 0.134166
0.201071, -0.462944
-1.80492, -1.28073
1.66335, 1.20511
0.665744, 1.43614
-0.370323, 0.405131
1.35882, -1.63037
0.265411, -0.792606
1.56481, -0.296099
1.494, 1.52404
-1.44342, -1.62102
1.87401, 1.51917
-0.612585, -1.3396
-1.57807, 0.385323
1.45441, 1.62156
0.501339, 0.71572
1.80615, 1.4019
0.410324, -0.431869
-0.289727, 1.70988
-1.58484, 0.343372
1.58362, -1.47594
-0.303567, -0.495651
1.59665, -1.2886
-0.35215, 0.731821
1.81694, -0.0654061
-1.64236, -1.07632
-1.44742, 1.49146
1.78978, 0.436426
-1.58708, -0.641028
1.97845, 0.39539
1.68317, 1.12297
-1.5396, -0.245565
0.585004, -0.726564
1.07284, 1.62435
-1.18339, 0.371019
-1.26382, 1.36637
-1.76283, 1.84669
1.06907, -0.036677
-1.08312, 0.8445
-1.29467, 0.364353
-0.567593, -1.55368
1.17974, 0.825972
-0.336781, 0.546553
-0.837309, -1.73251
-0.31709, -0.500363
-0.406519, 0.337839
1.72898, 1.40667
0.449617, 0.125484
0.95382, -0.493534
1.22707, -1.37378
0.527563, -1.54061
-1.44224, -1.64381
0.444154, 1.26507
-1.33514, 1.41185
-1.41502, 0.706637
1.88786, 0.454545
-0.375097, -1.37811
-0.485787, 1.79258
-0.76349, 1.91837
-0.708956, 0.0994135
-0.553561, -0.808837
-1.429, 0.372372
0.828988, 0.452559
0.173473, -0.152172
0.832864, -0.178832
-0.125146, -1.79169
-0.771195, 1.23916
-0.447949, 0.501504
-0.569641, 0.00782909
-1.36163, 1.55178
1.62358, -1.48697
-0.622723, 0.747926
-1.63665, 1.4167
-1.72167, 1.31374
1.36911, 0.573658
1.45696, -0.61327
0.1811, -1.24424
-1.76905, 0.309727
-0.528723, 0.427741
0.689574, -0.672502
1.45481, 1.17702
1.6474, 0.569283
-1.0085, -0.441317
-1.2585, -0.52675
-1.56716, -0.0076452
1.64469, 0.55526
-1.31578, 1.23108
-0.289512, -0.602279
1.7955, -0.766812
0.410437, -0.507396
-1.64067, 1.26708
-1.50769, 0.813896
-0.484045, -1.6321
-1.62511, -1.53577
1.53596, -0.524807
0.498981, 1.59723
1.42295, 0.425161
1.35825, -0.614541
-1.53045, -0.327164
0.792987, 1.44632
-0.649851, 0.437351
1.05396, -1.41548
0.237007, -1.79157
-1.58624, 0.752272
-0.584955, -0.99897
-0.41297, -1.73957
-1.95489, -0.489418
1.8341, 1.43709
-0.829844, 1.58217
-1.53887, 0.824594
1.73269, -0.208828
-1.59961, 1.14269
-0.53472, -1.29031
-1.29267, -0.980657
-1.01251, 0.760838
-0.470057, -0.163802
-0.172361, 0.496983
0.4711, 1.77248
-1.7279, -0.407167
-0.411773, -0.795674
-1.09305, 1.42862
1.22196, 1.7517
-0.4242, -0.820722
0.692122, -0.267944
0.750093, -0.71103
-1.8501, 0.770371
1.23275, 1.79501
-1.46783, -1.35138
1.55666, 0.674354
-0.213957, -1.3753
0.673739, -1.69948
-1.91346, -0.181328
-0.0187693, -1.45802
1.38529, -1.86032
1.41594, 0.352891
1.9208, 1.16893
0.644859, 0.391831
-0.588504, 0.427358
1.56967, 1.87289
-0.193071, -0.456828
-1.62605, 1.41379
-1.36453, -0.473939
-1.16188, -0.773855
-1.41998, -0.485226
-0.631821, -0.273497
-1.4257, 0.102613
-1.62871, -0.452136
-0.589788, -0.356493
-1.72053, -0.540968
0.556721, 1.53414
0.563435, 0.485165
1.07957, -0.231658
1.79773, 1.4337
-0.426249, -1.26366
0.338344, -1.38866
-0.848018, 0.756426
1.78102, -1.23563
1.5568, -0.0777073
-0.573209, 0.735826
-1.20699, 1.59689
-1.99533, -0.758815
-1.41458, 0.363381
-1.36721, 0.683437
1.36667, 1.10862
-0.871992, 0.236637
-0.477493, 0.344942
-0.328351, 0.265347
-0.816368, 1.03318
1.30501, -1.66991
0.231913, 1.22409
0.553362, 0.520098
-1.45885, -1.73539
1.30491, -1.43115
-0.565235, 0.508385
-0.775352, -1.05653
0.676861, -0.538801
1.48038, -1.9247
1.56112, 1.32959
0.118201, -1.29366
0.659435, 1.52254
-0.2249, -1.10191
-1.78089, 1.31958
1.29574, 0.0633835
-0.724399, -0.947096
-1.28844, 0.928993
1.17229, -1.27001
-1.40411, 0.603248
-0.185455, 1.19232
1.47398, -0.499806
-0.519918, 0.668157
-1.79236, -0.510287
1.84453, -0.360503
-1.8675, 1.49832
1.43958, -0.420402
-0.616025, -0.4308
1.67859, -1.6734
1.28602, -1.31229
0.101283, -1.24949
0.127998, -0.24867
0.418022, -1.47253
0.412488, -1.42016
-1.15088, 1.06645
0.420014, 1.66175
0.327765, -1.70456
0.632477, 0.555494
-1.43792, 0.427593
1.02104, 0.246612
0.576331, 1.56257
-1.66563, -0.394144
-0.918405, 1.70807
1.21185, -0.731283
0.376845, 1.44037
1.19721, 1.56853
-1.67463, -0.702249
1.67523, -0.727614
-1.50698, 1.52837
0.337663, -1.21014
0.524716, -1.59939
-1.46794, 0.948569
-0.751812, 0.45411
1.15707, -0.252326
1.68882, 0.561676
1.30435, -1.67098
0.813044, 1.4154
0.461638, -0.697657
-1.45981, 0.631762
0.180324, 0.189989
-0.651812, 1.58036
1.52347, -1.44372
-0.305115, 0.633866
0.156443, -0.134083
-1.6691, -0.735318
0.778541, 0.489535
0.22187, 1.00877
-1.85929, 0.467186
-0.218169, 1.52831
0.575638, 1.55024
-0.699121, -0.618255
-0.255615, 1.68155
-0.478865, 1.46188
1.50744, 0.598768
0.216404, 1.53303
-1.37776, 0.706405
-0.381422, -0.759033
-1.56886, -0.279034
-1.60915, 0.42184
0.510833, -0.805174
-1.25841, -1.6403
1.52297, -1.92269
-1.54069, 1.65696
0.799868, -0.204553
-2.12594, 1.51701
-1.41686, 0.386496
1.6611, 0.418975
-0.124968, 1.42183
-0.525848, -0.917453
-0.325707, 0.0464258
-1.30858, -0.56705
0.604287, 1.64013
-0.617298, -0.545884
-0.424471, -0.228579
-1.31596, -1.05768
-0.21733, -1.63057
1.12168, 1.63808
1.41652, 1.50795
1.26743, 1.41958
-1.73729, 0.681237
0.148714, 1.71776
-1.26087, 0.197651
-1.58298, -0.433146
-0.472741, 1.78944
0.610041, -1.47329
0.422827, -0.548571
-0.177642, 0.899241
-1.04806, 2.059
-0.836574, 0.473499
1.26133, -0.0802178
-1.46184, 0.112947
0.565708, 1.97533
0.377865, 1.59862
-1.44617, -1.78973
1.63884, 1.56995
1.61196, -1.5911
-0.510742, 1.71074
-1.23614, -0.426068
0.425832, 0.683513
0.385475, -1.9897
0.728609, -1.6291
1.8149, 1.33184
0.272376, -1.62536
-2.00989, -0.385532
-0.168798, -1.66466
-0.554552, 0.154526
-1.85704, 1.77052
-1.71297, -0.525026
-0.555877, -1.20865
-0.521507, 1.65672
1.59016, 1.01698
1.60495, 1.00323
1.83796, 1.50397
-1.86035, 0.44688
-1.31096, 1.51572
-0.155853, -0.661283
-0.304239, -0.792451
1.12221, -0.251756
-0.291324, -1.56022
-1.8014, -1.39664
-0.514058, 1.07499
0.503987, -1.13789
1.50578, 0.320713
-1.31994, 0.489576
0.380828, -0.425132
0.113378, -0.588331
-0.633277, 0.657049
-0.245503, -1.65495
-1.34251, -1.74628
-0.743064, 1.68627
-1.88386, -1.65774
1.31149, 1.48148
-0.407969, -1.03096
-1.25856, 1.4968
1.58386, 0.184663
-1.57532, 0.644847
-0.192335, -0.432229
0.429376, -0.323791
0.56674, 1.81843
-1.69239, 1.75521
0.753464, 1.60752
-0.373729, 0.413864
-0.466343, -0.420985
-1.72883, -0.127742
-1.59122, 1.87692
1.43379, -0.609226
0.129955, 1.65445
-1.69856, -1.02582
1.7686, 1.10896
1.40585, 0.733882
-1.69023, -1.69002
1.52571, 1.71936
0.61883, 0.479986
-1.68622, -0.673952
-0.630491, 1.16901
-1.13879, -1.28616
-1.64416, 1.49561
-0.148921, -0.0462427
-0.512793, -1.52227
1.31141, 1.42683
0.542577, 0.312005
-1.78449, -0.637028
-1.99583, -0.372286
-0.46192, -1.25966
-0.614109, 0.338968
0.390108, 1.8713
-0.33466, -1.44175
-0.654439, 0.239427
-0.200979, 0.536439
-0.510267, 1.67218
0.188337, -0.435147
-0.647331, 1.53437
1.29697, -0.354927
1.22085, 0.452976
-1.24648, -0.241454
-1.7136, -0.387925
1.09825, 1.45896
1.03041, 0.654821
-1.75684, -1.5274
0.488788, 0.734552
-1.24664, 1.54662
0.637613, 1.80486
0.422425, 0.980158
-1.67043, -0.0254575
1.75473, -1.35296
-0.351592, -1.91804
-1.53664, 1.77608
0.77977, -1.24329
0.438982, 1.49507
0.134167, -0.684424
1.1589, -0.48244
1.41162, -1.25829
0.192886, 1.96515
0.520217, 0.509812
-1.31366, -1.72903
1.12078, -1.47228
-1.39796, 0.533098
-1.60698, 0.13161
1.221, 0.577724
-0.310595, -0.570962
-0.300343, -0.0695693
0.443581, 0.979741
-0.461732, -1.87045
1.83034, 1.38767
-1.41683, 0.424314
-1.22892, -0.542662
-0.279987, 0.135679
-1.24657, -0.469255
0.383516, 0.675342
-0.217281, 1.56579
-0.889726, 1.44603
-1.40595, -1.4064
-0.784209, 1.82955
1.88436, -1.11831
-0.54957, -1.82936
1.55762, -1.60447
0.399195, 0.194847
1.05636, 1.03531
-1.65097, 0.699067
-1.56377, -1.12659
-1.51151, -1.33518
-1.50651, -1.27529
-1.30024, -0.159756
0.282093, 1.29207
-0.798905, -1.36243
1.61402, -0.580472
2.02601, -1.94341
1.42647, 0.438483
0.957782, -0.795381
-0.841424, -0.89639
-1.70686, -0.388397
-0.635764, -1.04655
0.39398, -1.38537
1.80804, -0.593638
-1.62808, -0.751767
1.58015, -0.638462
0.619741, -1.38617
-1.73217, 0.781434
-1.33378, 0.499366
0.652914, 0.0978659
1.1494, 0.427084
1.71073, 1.35532
-0.303742, -1.54336
1.71744, 0.773999
1.02109, 1.67179
-1.53411, -1.55278
-1.51746, -1.7443
-0.415438, -1.27722
0.457705, 1.48242
-0.562744, -0.421342
0.22724, -1.44283
0.513795, 0.695783
0.171663, -1.33182
2.04309, -1.50814
-0.359798, -1.4976
-1.01969, 0.187564
-1.98547, 0.187932
0.613, -1.4161
1.77082, -1.13487
-1.02271, 0.670512
1.31817, -0.134592
0.943749, 1.30399
-0.845322, 1.27904
0.322858, -0.19208
1.42208, 0.345353
-1.21701, 0.430066
0.359011, -0.718376
1.10267, 0.548046
-1.62642, -0.367247
-0.94653, -1.1474
-1.68158, -0.386775
-0.705406, -1.18127
1.45251, 0.574124
1.49114, -0.369768
-1.29454, -1.46005
1.65108, 0.254032
-0.392826, -0.98866
-1.53343, 0.423157
-0.238189, 1.51956
0.706276, 0.724121
0.861474, -1.6706
-0.233799, 1.64606
0.620545, 0.951379
-0.933558, -1.8369
0.960071, -0.392656
-1.28478, 0.107995
0.472281, -0.217485
-1.37664, -0.731389
0.886409, 1.34455
-1.17568, 1.48773
0.744847, 1.75331
-1.15418, -0.111544
1.37657, 1.52003
1.51451, -1.46638
-0.671939, -1.54155
-0.569856, -0.23343
-0.474758, 0.873267
0.110828, -1.11079
0.125239, 0.653784
-0.791028, -0.428339
0.684571, 1.19394
0.526295, 1.78057
-0.76275, -0.341262
-1.74863, -1.59538
1.03399, 0.836792
0.116675, 0.32274
0.681792, -0.729298
-0.742368, -1.38775
1.37452, -1.43922
0.506382, 1.33029
0.530005, -0.254056
-1.19507, -1.43441
-1.25708, 1.88742
-1.56215, 0.257333
0.335402, -0.654526
-2.06318, -0.102908
-1.49431, -2.02339
-0.0488926, 0.584299
-1.86942, -0.0639652
-1.39157, -1.227
-1.95233, -0.400265
1.5738, -1.45427
0.288516, -1.28707
1.63375, 0.232154
-0.27735, -1.09031
-0.535325, -1.46805
0.674315, -1.15947
-1.7849, 0.129253
0.788425, 0.378472
-1.39948, 0.630472
0.453259, -1.34942
0.237535, 0.603668
-1.41233, 1.51265
1.4729, -0.938353
0.384503, 1.39439
-0.289269, 0.332653
-1.68042, -0.170699
-0.552511, 1.6016
-1.18097, -0.34811
1.43495, 0.481406
0.76031, 1.44114
0.989387, -1.57113
1.09279, 1.45895
-0.550391, -0.754693
-0.554394, -1.93071
1.17341, -0.608578
1.8545, -1.68465
0.309257, -1.48853
-1.10485, -0.681085
1.57954, 1.84153
-1.4763, -1.33879
0.0641022, -1.56106
-1.73157, -1.5202
1.30247, -0.296064
1.62987, 1.99301
1.85045, 1.62604
-1.43378, 0.164414
-1.48056, 1.40563
-1.69247, -2.02908
1.77165, -1.04245
-0.414049, -1.51014
-1.15645, 1.83937
-0.770091, -1.81851
1.5809, -0.434439
1.23974, 0.748529
1.71698, 0.651293
0.133257, -1.2903
-0.609149, 1.64272
-0.140142, -0.612384
1.24279, 2.05753
1.59044, -0.853331
1.59598, 1.3536
0.362985, -1.25634
-0.34386, -1.5648
-0.498066, 0.102702
1.56561, 0.195525
1.55794, 1.34996
1.20048, 1.12049
0.682039, -1.65472
-0.692397, -0.315782
1.29079, -1.86104
0.662122, -1.52961
-1.36894, -1.12105
1.60259, 0.466261
-0.327954, -1.29075
-0.616343, 0.878563
-0.305808, 0.585706
1.6337, 0.617021
-1.53567, 0.00703448
1.292, -0.061796
1.33384, -0.687618
-1.3774, -1.20725
0.381721, 1.222
0.635997, -1.34824
0.47129, 1.14664
-1.15024, -0.128564
1.48122, -1.4818
0.423731, -1.42355
0.906095, -1.88534
1.32616, 1.07609
1.51756, 1.35727
-1.61393, -0.857607
0.655585, 1.63931
-1.40335, -1.41479
0.623333, 1.60892
-0.649952, 1.83374
0.418245, -1.83169
-0.156524, -1.35473
-1.68166, -0.582107
1.55946, -1.22905
1.75006, -0.407023
1.78919, -0.39971
-1.5561, 0.208924
0.628795, 1.95859
-0.13186, -1.41029
-1.44469, -0.794114
1.1922, 0.737737
-1.47379, 1.63759
1.41232, 1.39037
0.451352, -0.405447
0.625166, 0.758472
-1.13659, 0.328832
0.525094, 0.607757
0.802412, 0.829268
-0.401782, 1.55122
1.42821, -1.70177
1.85653, 0.111504
0.540728, 0.249187
0.839904, 1.49278
-1.63898, 1.89999
-1.59775, -1.82146
-1.22875, 0.400005
1.80496, -1.24952
-1.57669, -1.18779
-0.444656, 1.94419
-1.67517, 0.82708
-1.4209, -1.02466
1.80404, 0.64232
-0.841719, 0.749394
1.30805, -1.02813
-0.27835, -0.477621
1.78937, 0.56977
0.670772, -0.802672
-0.595943, -0.404199
1.6119, -1.42248
-0.816441, -1.80393
-1.38274, 0.14273
-1.69086, -1.41717
0.158365, 1.54767
1.29644, 0.728815
-1.25079, 1.27909
1.83021, 0.0767117
1.36319, -0.699244
-1.40087, 1.3523
0.366845, 1.72701
-1.30251, -0.406783
0.697046, 0.726881
-0.656309, -0.776263
-0.206252, -0.648064
0.516424, 1.47833
-0.48393, 0.0139337
-1.34063, 1.6606
-1.42061, -1.43311
0.701164, -1.77531
0.470929, 0.469745
-1.26053, 1.82272
-1.43323, 0.478053
-0.53713, 1.74367
-0.204317, 0.594358
-0.630062, 1.73414
-0.551642, -1.68118
0.379863, -0.501746
1.10461, -1.43922
1.80359, -1.16684
0.492361, -0.26615
1.46291, 1.1577
1.29328, 1.81727
-0.541565, -1.99425
1.15959, -1.67816
0.707816, 1.37479
-1.78608, -1.23649
0.628287, -1.47556
0.816036, 1.39692
-1.38744, 1.44699
0.575421, 0.864253
1.35697, -1.555
-0.691396, 1.32034
1.35766, 1.43598
-0.421915, -0.575631
1.8316, 1.77398
1.18256, -0.866257
-1.23696, -1.46552
0.314083, 0.553334
1.58304, -1.3577
0.386054, 0.242725
1.03451, -1.6185
-0.569313, -1.27505
0.377596, -1.20888
-1.72572, -1.57363
1.64945, 0.386609
-0.540956, -1.49066
-0.677845, 1.49126
-1.40243, -0.779572
1.76639, 1.34383
0.37704, -0.35378
-0.745264, -1.45462
0.10537, 0.484822
-1.51114, -0.214112
1.66191, -0.117838
-0.0789445, 1.7472
-0.0389849, 1.43926
-1.43925, -0.195689
-0.301056, 0.434053
1.59224, 0.564093
-1.24219, 0.528944
-0.666809, 1.52556
0.934666, 0.499991
-1.41412, 0.434182
0.534358, 1.52925
-1.4625, 0.587805
1.58751, -0.676301
1.14618, -1.04139
-0.847862, -1.80925
1.23578, -0.108468
-1.76878, 1.45451
-1.5599, -0.23491
1.40918, -1.532
-0.649031, 0.428184
-0.680735, 1.62995
-1.29358, 0.256375
2.01686, -0.41288
1.34286, 0.767566
0.346324, -1.90802
0.437735, -0.275426
0.602783, 0.113983
-0.223513, -1.01674
0.0124013, -0.331198
-1.26465, 1.36392
1.22195, 0.476336
1.92364, -1.76733
0.861619, 1.50078
-0.45589, 1.53745
1.77661, 2.03252
-0.865714, 1.2713
1.60005, -0.360351
-1.41545, -1.30866
-1.21874, -0.568044
1.19098, 1.09419
0.422745, 0.270871
-0.827714, 1.25083
-1.16807, 0.328783
0.511328, 1.37853
0.474712, -0.693082
1.30653, -1.09676
1.81457, 0.316097
1.38856, -1.60278
-2.00594, -1.68567
0.73687, -1.68246
0.537346, -1.58275
-1.47216, 0.454725
-1.34727, -1.38568
0.163417, 0.527374
-0.467693, 0.514407
1.52936, -1.41414
0.65555, -0.322842
1.21948, 0.438639
1.65318, 1.36128
-1.43237, 1.30233
-1.37747, 1.31417
-1.08199, 0.704473
-0.283815, 1.3545
-0.163487, 0.6271
-0.479474, 0.673427
-1.5239, -0.359735
-1.28597, -0.165628
-0.648157, 0.840363
-1.31523, -1.64481
-0.309233, 1.45113
0.115044, 1.6312
-1.48771, 1.48692
1.79003, -0.31369
0.404733, -0.45101
0.385116, 0.825594
-1.54518, 1.41549
-1.57098, -1.41016
-0.731238, 0.896796
-0.766586, 1.45782
1.26036, -0.307625
0.512315, 1.83621
-1.63981, -1.96009
1.19726, -0.431252
-0.791304, 1.57876
1.59989, 1.48419
0.760985, -1.63927
1.55469, 0.877778
1.5648, -0.62173
1.42524, 1.47749
1.63687, 0.560893
-0.525455, 1.65507
-0.748577, 0.0409481
-0.554057, -0.476037
0.609922, -1.40539
-1.46566, 1.77195
-0.241084, -0.687066
0.708395, -1.43135
0.276327, 1.34094
1.86046, -0.47704
-0.925705, 0.367222
-0.389591, 1.29233
-0.582435, 0.152791
0.67277, 1.53586
-2.28552, -1.3012
0.127306, -1.42806
1.09392, -1.40288
-1.43363, 0.761363
-1.49736, 1.66927
-0.314964, -0.579198
-0.338011, -0.572031
0.525539, -0.498337
1.5728, 0.639104
0.698839, 0.520042
-0.738975, -0.483567
0.683453, 0.635024
0.522932, 0.709777
-0.484474, 0.913427
-1.85587, 1.35738
1.35051, 0.408554
-1.33773, 0.406066
0.783631, -0.370686
-1.52386, -0.78264
-1.61437, 1.34482
-0.706115, -0.627144
-0.459388, -0.356837
-0.827353, 0.523454
-0.465469, 1.30637
-1.82232, -1.58291
-0.511512, -0.231685
1.45786, 0.981868
-1.44753, 0.699745
0.793147, 1.38136
1.34432, 0.405941
-0.12052, -1.5731
1.45719, -1.38028
1.29723, 1.34817
0.67635, -0.460991
1.29171, -0.822878
0.811207, -0.366201
1.3178, 1.44969
-0.765625, -0.503025
1.40818, 1.47653
-0.238858, -0.398367
-1.77929, 1.19164
-1.99989, 1.54561
1.68964, -0.520951
0.794013, -1.31076
-0.563442, -1.71259
-0.636128, 1.11397
0.649851, -1.23416
1.42064, -1.0501
1.50547, -1.91275
-0.390008, -1.67491
-0.689577, 0.145851
0.72896, -0.557616
-1.56637, -0.557142
1.67881, -0.429939
-0.626692, -0.799056
1.51866, 1.11808
-1.14457, -1.60021
-0.547102, 1.59442
0.75587, 1.39634
0.383025, 0.291698
0.334866, 0.448104
1.35307, -1.28879
0.108561, 1.84681
-0.351743, -0.400417
0.701742, -1.54475
-0.698864, 1.40935
-0.54159, -1.46799
-0.360123, 0.35987
-0.19646, 0.4818
1.68533, 1.60135
-0.520587, -1.69427
-1.4662, -1.57509
1.4221, -0.194768
0.261076, -1.57408
0.626457, 1.54791
-0.65181, -0.886234
-0.722244, 1.36738
1.49445, 1.79276
1.9738, 0.616504
0.231283, -1.39275
-1.35666, 0.295016
-1.29006, 1.59849
-1.81868, 1.10464
1.50157, 1.58279
-0.295524, -1.47871
1.66956, -1.2879
0.50153, 1.33666
0.523026, -2.26062
-0.706735, 0.827027
0.267811, 0.486899
-1.64958, -0.368447
-1.69849, -1.3046
0.612909, 0.90264
1.52392, -0.259797
-1.17875, 1.16756
-1.77109, 0.829609
0.613592, 1.27446
1.49745, 1.68671
-1.77299, 1.31336
1.26264, -1.64038
0.592226, -0.128396
-0.933599, -0.46969
-0.0505583, -1.31834
-1.06631, -1.07467
1.09409, -1.92746
1.76703, -0.692915
1.6969, 0.617186
0.442996, 1.40892
-1.36268, 0.285166
-0.327041, -0.554169
1.51887, 1.68763
1.63575, 1.02479
1.38428, -1.67913
0.11472, 1.68126
-1.99772, -1.3377
-0.0696225, -0.514387
0.170571, 0.599929
1.52429, -0.659658
-0.480445, 1.79132
0.357207, 0.73002
1.66877, -1.66217
-0.144011, -1.45609
-0.770544, 0.545939
1.43832, 1.30875
-1.59023, 0.148616
1.94924, 0.664615
-0.544095, 1.53447
0.544698, -1.6994
0.708835, -0.523313
-1.07718, -0.569533
-0.628543, 0.773577
0.250665, 2.00425
1.46226, 1.2745
1.26161, -0.83176
-0.626959, 0.317633
0.818139, -0.829354
-1.71087, 1.62702
-0.353737, -1.57408
1.4295, -0.181294
-0.482087, -0.0620985
-0.910912, -1.50678
-1.6404, -1.51165
0.51175, 0.743337
0.963875, 0.137566
-1.40366, 1.41002
0.621442, 1.49428
-1.46558, -0.438112
1.49751, 0.779322
-1.50604, 0.546718
-0.125682, -1.31797
0.731725, -1.23411
-1.36705, 1.06765
0.605804, -1.26258
1.70501, 1.44953
1.35208, -0.768393
0.315755, -0.533595
-1.06936, -0.648669
1.46289, 1.56082
-0.574088, 1.23955
-0.39137, -0.322329
-1.25901, -0.292629
-1.39922, -0.593539
-1.4244, 0.275162
1.48088, -0.669887
0.547553, -0.55308
-0.706153, 0.150556
1.77491, -0.0766284
1.43598, -0.282243
-0.278508, -1.61246
-1.23619, -0.988835
-0.541362, -1.17066
-0.242751, 1.38597
1.65295, -0.121633
1.06533, -0.75405
1.49922, -0.38888
-1.11655, 0.380104
-1.51896, -1.55365
-0.40799, 0.120809
-0.390315, -0.505773
-1.38968, -1.0918
-1.53847, 1.32397
0.494638, -1.5407
1.41681, 1.54937
-1.37142, 1.26805
0.762625, -0.31266
0.341442, -1.57516
-0.118268, -1.69725
-0.450186, -0.81449
-1.55307, 1.52126
0.641041, -0.599995
-0.454816, -0.414651
-1.34008, 0.766071
-1.12376, 0.681186
-1.40039, 0.441796
1.32262, 1.40401
0.651304, -0.506819
-0.535865, 1.65088
0.645482, 0.51651
1.3438, 0.519337
-0.298663, -1.24485
2.23115, -0.87026
1.81166, 0.352875
1.30204, 0.670569
-0.225503, 0.605996
1.47242, -0.332916
-0.701891, 0.403875
1.34719, 0.582095
-0.739132, 1.30383
-0.339179, 1.77952
0.669499, -1.01136
-0.414086, 0.333599
-1.77192, 0.686738
-0.845606, -1.46626
-0.577263, -1.79231
0.332939, 1.32893
-1.49931, -0.688954
0.550375, 1.28252
1.67298, 1.61578
-0.406907, -1.14982
1.62326, -1.75299
0.684218, -0.625434
-0.654361, 0.826291
0.506181, -1.07105
-0.334598, -0.178147
-0.480556, -0.784679
-0.369382, 0.529799
-1.64693, -1.76626
1.56027, -1.97901
-1.63737, -0.727166
-0.506944, 1.6928
-1.09971, -0.460261
0.466512, -1.53295
-0.62611, -1.64464
-0.421753, 0.648761
0.794896, -1.49139
1.40153, -1.64388
-0.40891, 0.319282
-1.00325, -0.888205
0.381283, 0.305494
-0.0184638, -0.033363
0.361941, 0.424789
-0.123343, -0.80017
1.08592, -1.62203
-0.37678, 0.33766
1.4286, -1.42053
-1.48714, -0.125022
-0.609338, 1.44789
-1.28658, -0.389034
-1.16421, 1.52828
-1.33458, -1.59579
1.65334, 1.65368
-0.560344, -1.5611
-0.707732, 1.63317
0.257145, 0.380161
-0.330457, -0.377529
-1.47834, 0.649537
-0.95046, -0.398469
1.44391, 0.977638
1.26411, -1.64825
0.0371506, -0.15729
1.79493, -1.20621
-1.3725, 1.12913
-1.72527, 0.694905
-1.3916, 1.35367
0.685812, -1.26815
-0.60879, -0.952366
-0.429569, 2.02654
0.273073, -0.698807
-0.332095, -0.683927
-0.76311, 1.45205
-0.4083, 0.451088
-1.66749, -0.131207
-1.60112, -1.79406
-1.5771, -1.63131
0.5948, -1.52614
-0.631383, 0.468069
0.400061, 1.83055
0.54935, 0.695301
1.63055, 0.49357
-1.56269, -0.598158
0.290439, 0.356528
-1.49785, 0.61465
-0.157414, -0.443466
0.515664, 0.584311
0.726333, 0.440554
1.48875, -0.378526
-0.758003, -0.409163
0.022943, -1.52956
0.550815, -1.56392
-1.22085, -1.16287
0.763093, 0.890611
1.4065, 1.73986
-0.804778, -0.439718
0.550133, 0.509927
1.2041, -0.629781
-0.359223, -1.2432
1.9762, 1.06967
-0.564316, 1.56109
-0.208678, 0.32689
0.530344, 1.61888
-1.57136, 0.679921
-0.408044, 0.587994
1.81295, 1.72071
-0.769238, -1.30046
-0.831204, 0.233567
-1.32688, 1.29979
-1.62873, -0.790144
1.07086, 0.705427
1.5042, -1.71722
-0.856713, 1.54011
-1.50233, 0.330952
-1.71469, -1.86256
-1.36377, 1.58828
0.62734, -0.588344
0.345517, 0.367231
-1.65044, 1.73826
-0.373515, 0.27889
-0.615427, 0.0259673
0.298847, 1.10627
0.163783, -0.0176983
1.47419, -0.391037
-1.28828, -1.57244
-0.476127, 1.72742
0.180427, -1.43018
-0.856144, 0.560133
0.714547, 1.36488
0.604994, -0.612823
1.91214, -1.56578
1.59276, 0.984123
-1.62325, -1.6284
1.597, 1.54042
-0.400718, -2.23389
-1.19824, -0.437825
0.58923, -1.14823
0.399757, 1.61508
1.5645, -1.12287
1.72675, 1.2499
-0.497134, 1.59796
1.66508, -2.14902
-1.26594, -1.19901
-1.94259, 0.404159
0.385723, 1.2054
-0.866108, -1.75429
-0.546197, 1.62171
-0.845151, 0.584143
-1.33675, 1.18904
-0.430093, -0.518724
-2.35975, -0.628969
0.715484, 0.64141
0.271828, 1.05648
-0.401577, -0.181713
0.460343, -1.68859
1.09635, 0.290639
1.98049, 0.612289
-0.854081, -1.55941
1.77841, 1.30412
-1.6759, 1.70029
0.422783, 1.39024
0.507508, 1.50967
-0.705562, -0.138218
-0.197089, -1.49851
1.63708, 1.9791
0.528777, 1.38677
0.429, 1.76532
1.00388, -1.72419
1.39674, -1.50476
-1.84736, -0.200653
1.64989, 1.59084
1.75445, -1.80215
-1.48401, 0.24015
1.59295, 1.3312
-1.35057, -0.724968
-0.858118, 1.34205
-0.708612, 0.78549
-1.78217, 0.516407
-1.64277, -1.64809
-0.825995, 1.63735
1.30268, 1.7073
-0.389816, 0.377125
1.8006, 0.963174
1.25991, 1.39035
0.683811, 0.644666
-1.40356, 0.895675
0.377415, 0.35595
1.55655, 1.57933
0.374608, 0.848062
2.07142, 1.6942
-0.180902, -0.229418
-1.62138, 1.31086
-0.370417, 1.35978
-1.59957, 1.47982
-0.764953, 0.504971
-1.58012, 0.447638
0.456211, 0.818293
-0.443203, -1.10768
-1.57709, 1.56857
-0.888133, 1.66174
0.66603, 0.497925
-1.61179, 1.66273
-1.90894, 0.726319
0.220953, 1.71761
-1.14974, -1.40081
-1.48802, -1.36358
1.42783, 0.48661
1.95976, -1.43989
1.5526, -1.66788
-0.107421, -1.67874
-1.34858, 0.792576
-1.36148, -0.0698572
0.52894, 0.403985
0.472403, -0.07998
0.219276, 0.589406
-0.273572, -0.812943
-0.473949, -1.71141
1.21324, 1.63008
0.835853, 1.69235
0.799151, -0.56503
1.69934, -0.582258
1.652, -0.394375
-0.225522, 1.81836
-0.627528, 0.582878
-1.60235, 0.859642
0.214913, 0.444919
-1.77238, -0.00220086
-1.34378, 1.59417
-1.64496, 1.48576
1.40315, -0.812191
1.28906, 0.91438
1.7867, 1.46156
-1.4846, -0.540801
-0.275115, -0.379492
1.3173, 1.70706
0.72057, -1.70315
-0.081728, 1.6183
-0.324981, 0.39253
-0.320387, 1.53761
0.669181, 1.12724
0.416946, -1.50584
-0.667513, 0.220947
0.305399, -1.30901
2.01632, -0.462674
1.79287, 1.12586
1.45301, 0.690901
-1.21202, 0.567588
1.38474, -1.31471
1.49103, 1.99183
0.453839, 1.39349
-0.685137, -0.26883
-1.37641, -1.92047
0.846419, -0.537246
1.20329, 0.495691
-1.36957, -2.16886
-1.36743, 0.797702
-0.532999, -1.2155
-0.578545, 1.51431
-1.63972, -1.53629
-1.4783, 0.573599
1.78935, -0.59181
-1.21186, -0.53575
1.47523, -1.35408
0.368415, 2.00964
1.38411, -1.70264
-1.51531, 1.28758
-0.320466, -1.96408
1.81493, 0.668569
-1.34734, -1.27782
1.81328, -1.07001
-0.531012, 0.810976
-1.35953, 1.44711
-1.50641, -0.950977
-1.30582, 1.60188
-1.57696, -1.37587
-0.337199, 0.256224
1.5177, -1.59632
-1.38983, 1.31827
-0.173691, 1.42288
1.62007, -0.302403
0.106732, -1.99607
-0.45111, 0.81638
0.853425, 1.01015
1.52285, 0.113616
0.429365, -0.570787
-1.44169, -0.622838
0.540481, -0.596
-0.823134, 0.311961
-0.466742, -0.447171
1.23577, -0.764718
1.79395, -0.350994
1.67071, -0.488442
-0.801848, 1.76975
1.95247, -1.51444
-1.48981, 0.371069
1.64906, -1.52114
0.213302, 0.687381
-1.45398, -1.13975
1.99262, -0.262539
-0.347019, 1.92158
-1.74983, 0.616547
1.57088, 0.516553
1.39128, -0.578128
-0.968629, 0.508954
-1.52755, -0.630785
-1.48962, 0.589353
-1.37681, -1.51777
-1.49351, 1.47695
1.9052, 1.79759
0.563394, 1.04434
1.52782, 1.23058
1.02454, 0.333261
1.3273, 0.745217
-2.09029, 1.23637
-1.01855, 1.41867
-0.349031, -0.904607
1.35723, -0.318719
-0.226799, -1.01452
0.501302, 0.538286
-1.04585, -0.663622
-1.36631, 1.40645
1.53549, 0.360244
0.732042, -1.6156
-0.738271, -0.480957
-1.84007, -0.963762
1.58753, 1.22748
1.56367, -0.263168
0.257504, -0.541637
1.56818, 1.55898
1.28687, -0.497838
1.66111, -1.47082
1.95481, -1.67622
-0.798053, 1.52568
1.4402, 1.27048
-1.22748, 0.64788
-0.336489, -0.64022
-0.37306, -1.65056
1.26109, -1.691
-0.450261, 1.75818
1.09231, 1.59901
-1.57555, 0.61271
-1.00749, -0.466803
0.0519162, 0.147213
1.76766, 1.3974
0.631345, -0.375718
0.725786, 0.497452
0.374271, -0.286238
-1.58694, 2.02824
-1.75481, 1.39152
-1.44685, -0.445945
-0.912566, 1.79949
0.991554, 1.64846
1.11948, -0.41465
0.517643, -1.74584
0.835995, -0.428139
-0.246858, 0.423889
-0.362358, 0.302188
-0.0683521, 1.79213
-0.298993, 1.27395
1.07578, 0.091765
1.85272, 0.0965426
2.12677, 0.0165016
-1.17824, 1.53695
-0.66389, 0.314269
-1.28967, 0.215471
0.932651, 0.569495
0.763398, 1.41866
-0.245332, -1.7978
0.262986, -1.36631
1.49823, -0.469869
-1.38709, 1.29778
-0.349307, 1.76731
0.0703963, 1.6971
-1.67091, 1.4878
1.55475, -0.632022
-1.08177, 1.19319
0.238697, -1.392
1.81452, -1.55569
1.54464, -0.354388
-0.679896, -0.530726
-0.638796, 1.46637
0.550378, -1.09569
-0.394594, 1.1996
1.44011, 0.480751
1.492, -1.04975
1.9294, 0.498053
-1.342, -0.945629
1.65138, 0.947662
1.91722, -0.596888
-1.83174, -1.53041
1.52323, 0.0843197
1.30043, -1.85297
-1.85054, -1.96143
0.462042, -0.608596
-0.824598, 0.469447
-0.931984, 1.48444
-0.506865, -0.791469
1.49302, 1.91733
-0.308589, -0.291254
-0.5637, -1.57749
0.768616, 1.4204
-0.299716, -0.339573
1.5536, 1.41377
0.699157, 0.0270554
-0.311298, 0.551882
-0.721573, -1.25164
1.04443, -1.05412
0.267856, 1.41311
-0.84814, -1.37897
-0.899661, 0.215733
-0.760759, 1.51114
1.21654, 0.219931
0.392907, -1.92392
-0.106676, 1.25081
-0.349846, -0.938776
-0.666168, 0.76029
-0.485759, -1.36085
0.523738, -0.829476
0.442931, -1.39644
-0.918721, -1.14068
-1.17007, 1.48111
-0.401559, 1.38236
0.440759, 1.23021
0.402124, 0.388284
-1.4251, 1.28788
-0.936898, -1.70738
1.23407, 0.920208
-0.410245, 1.18063
-1.42225, -0.0861932
0.278625, 1.59476
0.204109, -1.43171
-0.781065, -1.58993
0.469075, -0.488824
1.57811, 0.510766
-1.31773, 0.933812
-0.207757, -0.494032
-0.456565, 1.25264
1.89031, -1.8169
1.33047, -0.622516
-1.47155, -0.33419
-1.29706, 1.35484
1.34737, -0.708891
-0.754471, -0.0316208
1.35505, 0.860108
-1.7587, 0.63587
0.465051, 1.56211
1.25778, 0.857534
0.681451, -0.389925
0.568285, 1.73586
0.20116, 1.37966
-1.70239, 1.64412
1.45661, -0.400284
1.70381, -1.11546
-0.169241, -1.46256
-0.328052, -0.41223
0.384052, -0.922258
0.535764, -1.31404
-1.41145, 1.49216
-1.52792, 1.57277
-0.434641, -0.38307
-1.42727, 1.44375
0.349767, 0.608444
1.44628, 0.592264
-0.464053, -0.56156
-0.368001, 1.63099
-0.565214, -1.69238
-0.479626, -1.50617
0.212395, -1.15317
-0.624945, 0.526637
0.636008, -0.383461
-1.29897, 1.09846
-0.367918, 0.162087
0.645284, 1.98379
1.64733, 1.59822
1.48964, 1.10996
-0.244307, -0.672835
0.784681, -0.616715
0.73588, -1.53351
1.36594, -1.42634
-1.52917, -0.387024
0.345067, -1.18021
0.587603, -1.09106
0.210776, -0.66781
-0.440546, -0.610936
0.223194, 1.84432
-0.384017, 1.47288
-0.233069, 1.14035
1.13827, -0.522755
-1.27205, 1.6668
-0.363953, -0.673681
0.377389, 1.4397
-0.63294, 1.33049
-0.28473, 1.59651
-0.318385, 0.498856
-0.959404, 0.341632
-1.60615, -0.336944
1.21212, -0.352306
0.633836, -1.457
0.877616, -1.06062
-1.17909, 0.911579
-1.87622, 0.509102
-1.08191, 1.60616
1.0479, 0.638186
1.04036, 0.207855
1.49404, 1.46663
-1.28404, -1.30391
1.65823, -1.31162
0.373621, -0.45313
-0.368544, -1.40204
-1.35732, 0.748799
1.55096, 0.794726
-0.493042, -1.24892
-1.0638, 1.35501
0.74889, 1.14851
-1.62798, 0.579386
1.36615, -0.868814
-0.399153, -0.0213546
0.51285, 1.921
0.445207, -0.881431
-2.09978, 0.49359
1.22095, 0.511082
-1.50739, -0.674818
-0.339421, 0.803972
0.722391, 1.08586
0.219259, -0.67608
-0.52063, 0.501277
-1.31378, -0.840728
-1.56472, 0.40835
1.75196, 0.319768
-0.528172, -0.707684
-0.00756844, 0.579943
-1.04259, 1.16234
-1.59066, 1.82943
-0.867592, -1.30286
1.43902, -0.635755
1.30159, 0.649713
0.701333, -0.25128
-0.762817, 0.630392
-0.600069, 0.228808
-1.37757, 1.2475
1.40833, -1.26851
0.286691, 1.55606
0.813099, 1.41993
1.69552, -0.0606116
0.526822, -1.52785
-1.41623, -1.32048
-0.776286, -1.92984
-1.36233, -0.10047
1.58231, -1.27428
0.141421, -1.86383
0.478421, 0.585809
-0.0469383, 0.458311
1.78305, -1.38982
1.77718, -0.587599
-1.40085, 1.17117
-1.76098, -1.25825
-1.67308, -1.38552
0.323711, 0.42704
-1.7545, -1.72291
-1.17259, 0.900059
-0.885249, 0.473568
1.35345, -0.734425
-0.595925, -1.39514
0.299922, -1.95991
-0.448063, -1.36414
-0.256052, -1.73791
-0.531545, 1.82245
0.51536, 1.42405
1.38628, 1.45499
0.52569, 1.44321
0.517195, 0.674576
-1.69507, 0.431865
1.59061, 0.453061
-0.515247, 1.54409
-0.617681, 0.545597
1.52709, -0.303193
1.70589, 0.140145
-1.85199, -0.672519
0.831519, -1.46085
-0.320949, -0.177786
-1.19845, 1.38894
1.39266, 1.46196
-0.286627, -0.651383
-1.29127, 1.69648
1.69507, 1.74499
0.453298, 0.584158
-1.2385, 0.409516
-1.55614, 1.95393
1.31156, 0.201846
-0.514159, -1.79709
-0.421357, 1.74546
2.21146, 0.464846
-1.4199, 1.79555
0.52503, 0.779718
-1.35607, -1.65939
1.49315, 0.379395
-2.07061, 1.66501
-0.173248, 0.0853387
-0.586563, 0.499987
0.273076, -0.396326
0.718175, 0.559499
-1.38473, -0.932421
0.514796, -1.41309
-0.458216, -1.63962
0.103309, -1.66223
1.26634, 1.23348
-1.48056, -1.1139
-0.524805, 0.282142
1.38661, -0.699114
-0.390112, -1.56476
1.38864, -0.672013
-0.191821, -0.500304
1.59304, 1.49837
-1.0137, 0.403569
-1.32682, -0.566433
0.500707, 0.457414
-1.8576, -1.48377
-1.57931, 0.221044
-0.78175, 1.68969
-0.601309, 1.81501
-1.5337, 1.4806
-1.89471, -1.47886
-0.507477, -0.518281
1.71708, -0.020792
-0.350085, -0.312628
0.702464, 0.348335
0.29705, -2.05284
-1.78657, 1.14455
0.673371, 1.43002
1.51881, 1.46432
-1.61887, 1.73422
1.31959, -1.39439
-1.66359, 1.50527
-0.327456, 1.54034
0.198112, 0.49423
-0.648009, 1.26044
-1.26098, 1.3926
-0.187257, -1.44218
-1.48956, 0.424383
0.241008, 1.1943
0.340438, 1.69568
1.47123, 0.593406
0.124026, 1.35344
-1.97439, 1.7598
-1.44839, -0.0613423
-1.70954, 1.50521
0.339427, -1.43495
1.51693, -0.812683
0.704937, -0.452471
0.571601, -1.4024
0.461116, 1.4308
1.16862, 0.630161
-1.35478, -0.876107
-0.538534, -0.612556
1.40723, -0.688905
1.45743, 1.67014
-0.329118, 0.16384
1.33177, 1.48009
0.373906, 0.782786
0.470011, 0.541376
-0.273269, 0.22814
1.65052, -0.154541
-1.51673, 1.22999
-0.529389, -0.570337
-1.8244, 1.31868
1.51411, -1.43403
0.243127, 1.80088
0.511485, -1.69864
0.283687, -1.48678
1.66693, -0.829952
2.02746, -1.87323
0.297885, -1.76833
-0.362636, -0.552945
1.71304, -1.34768
1.47331, -0.449939
-1.76645, -1.45619
-0.658203, 0.613589
-0.693555, 0.996419
0.56867, -0.161706
0.62927, 0.34144
0.141643, -0.195776
1.59179, -1.59724
0.358761, 1.94071
1.2334, -1.2652
0.541193, -0.667678
0.193669, 1.6402
-0.242584, 0.505458
-1.27122, -1.50107
-1.66858, -1.39766
0.517781, -1.49691
1.54358, -0.366322
-1.55233, 1.66549
-1.60148, -0.586453
-0.00246653, -1.66599
-0.968104, -0.522618
-0.532201, 1.96323
-1.80824, -0.272391
-1.59376, 0.806938
-1.15881, 1.44465
-0.487083, -1.26284
-0.809245, 0.731185
-1.76899, 0.69871
0.547887, -0.369769
0.249441, 1.86874
1.26961, 1.3397
-0.507491, 0.313719
0.10194, -0.239472
-0.393061, -1.32266
1.59693, 0.48031
1.6862, 0.364338
-1.63221, -0.464658
-1.58534, 0.0247116
1.58159, -1.30151
1.86404, 1.51908
-1.72614, -0.485688
0.189361, -1.49674
0.476067, 1.28164
-1.01557, -0.608602
0.710445, 1.40998
2.01969, 2.0189
-1.84059, -0.185161
-1.03358, 0.479583
0.542151, 1.46025
0.820205, -2.11609
1.65259, 1.77261
-1.67325, -2.02857
0.822882, 1.52496
1.48543, 0.449846
-1.4188, 1.60647
-0.211646, 0.237248
1.41088, 1.62929
-1.72015, 1.13231
1.1813, -1.20588
0.747127, -0.716139
-1.47551, -1.68469
1.60122, -1.6
2.042, 1.46151
-1.42165, -1.2692
-1.41656, 1.1436
-1.42042, -0.186923
-1.28456, 0.366212
1.48386, 1.86753
0.456954, 1.40466
-0.493527, -0.438134
-1.24537, -1.70981
1.92352, 1.36201
0.834365, -1.20253
-0.319659, 0.585272
-1.46893, 0.987896
-0.552053, -0.0447992
1.3024, -1.52931
0.334424, 0.272652
1.67101, -0.410138
-0.194049, 1.34515
-1.23124, -1.45947
1.83084, 0.537782
-1.69974, 1.76315
-0.340882, -1.40804
-1.21836, 1.46594
1.66417, -1.48867
-1.26532, -0.922381
-0.862185, 0.013926
1.24324, 1.63705
1.27898, -0.870206
1.72166, 0.35379
0.541661, 1.56179
-1.3173, -0.254551
1.50584, 0.283413
0.643761, -0.520719
1.10008, 0.0891524
-0.31059, -0.582116
1.83186, 1.53561
-1.44236, 0.53562
1.64092, -1.44369
1.40412, -0.505885
0.94467, -0.60281
-1.14882, -0.324111
-1.47388, 0.586791
-1.38815, -1.90088
1.85309, 1.78908
2.02532, 1.73089
-1.35719, -1.77941
-1.81225, 1.66906
-1.65878, 1.31504
1.11275, -0.628664
-0.235187, -1.75147
-1.58296, 1.37614
-0.254568, 0.137701
-0.47064, 0.782766
1.21264, 0.324384
-1.36209, 1.42813
-1.53404, 1.32632
-0.590786, 0.0491508
1.5579, -1.62211
-0.678555, 0.176773
0.645989, 0.706958
-0.0805903, -1.55302
-0.283222, -0.384604
1.62503, 0.488691
1.62583, -1.72746
0.324583, 1.62244
1.0322, -1.10117
1.82751, 0.333094
-0.299665, -1.83119
-1.4578, 0.301383
1.17884, -0.272237
-1.45255, 0.655392
-1.46948, 1.38264
0.50672, -0.661354
1.44128, 0.259979
-1.98424, 0.728181
-0.259419, -0.491903
-0.749784, -1.54186
-0.830611, -1.24218
-1.78759, -0.464851
-1.39967, 1.29125
0.748446, -1.65282
-0.286689, 1.40867
0.490988, -1.77858
-1.41466, 0.776898
0.553701, 0.896099
0.524163, 1.66461
-1.36197, -0.477375
-1.48619, 0.25131
-0.467775, -0.727929
-0.428216, 0.586889
1.45386, -0.312165
-0.114333, -1.57601
-1.41131, 1.88714
-0.593484, -1.39557
1.79141, -1.64625
0.854867, 0.327288
-0.928123, 1.06787
-1.97803, -0.574621
-0.396041, -1.37491
1.33993, -0.699867
1.44559, -1.6643
1.19887, -0.251112
-1.09916, 1.87807
1.0092, -0.579485
1.37735, -0.533472
-1.33364, 0.382599
1.33108, 0.180416
-1.55902, 1.72517
-1.31786, 1.34818
-0.561575, -0.264841
0.60615, -1.62978
-0.554186, 1.50912
1.95928, 0.415065
-0.560144, 1.3243
0.350038, -0.314597
1.21997, -1.25353
0.899265, -0.674904
1.22148, -1.80361
-1.02625, -0.893731
0.706828, -0.35046
-1.53471, 0.815642
-0.723254, -1.51143
-1.50809, -0.700477
-0.824151, 2.05925
1.51818, 0.139766
-0.546687, 1.43819
1.53658, 1.22052
0.402645, 0.496958
0.628154, 0.350972
-1.7476, 0.932691
-0.274065, 0.591932
1.23436, 0.432783
0.465296, 0.417575
-1.50534, -0.809195
-0.287533, -1.55885
1.06259, -0.558898
1.53367, 0.632473
-1.48857, -1.59506
-1.67523, 0.740475
-1.32664, -1.54692
-1.79828, 1.79355
-0.460675, -1.27451
-0.724441, 0.303662
1.6881, -0.694249
-1.38383, -1.8221
-0.635544, 0.401731
-0.434202, 0.498846
-0.433162, 0.574048
1.67051, 1.15646
-1.50423, -1.67313
-1.68543, -1.33886
-1.66362, 1.35944
1.20692, 1.57602
-1.27681, 0.650861
0.611326, 0.450784
0.595758, -0.420303
-1.77829, -0.730572
-0.602485, 1.99534
-1.5507, 0.623803
1.71201, 1.32931
1.91673, -0.411778
-1.6433, 0.988273
-0.272308, -0.596189
1.05997, 0.620208
-0.0493301, -0.99806
-1.67237, 0.404954
0.323472, 0.342137
1.50406, 1.25626
1.7602, -0.735604
0.669652, -0.808413
1.32561, -1.77244
0.375651, -0.724332
-0.0750212, 1.7156
-0.583144, -0.508288
0.403285, -0.71988
-0.569903, 1.18333
-1.44644, 1.15906
-0.506237, -2.15935
1.34442, 1.47488
-0.444582, 0.788808
0.397505, 1.62791
-1.63189, 1.18253
-0.24561, 0.434393
-1.41938, -0.487667
1.51146, -1.47697
0.661155, 0.797466
0.589555, -1.05075
-1.43616, 0.674479
-1.44744, -0.743515
-1.56205, -1.75537
-1.95233, 1.73465
-1.63274, 1.62926
1.84783, -1.63474
1.35526, -1.47832
-1.95825, 0.701958
0.358278, 0.397257
-0.710154, -1.53842
-1.36635, 0.305808
0.665292, -1.61176
-0.591795, 0.525843
0.227318, -0.294891
-0.492625, 1.38888
-0.412784, -1.63032
0.145858, -1.00333
0.407376, -1.31752
0.828194, -1.90037
0.73094, 0.592958
-0.908905, -2.24382
1.74807, -1.5157
-0.122107, -1.84608
-1.45963, 0.838664
1.28213, 1.50407
-1.50917, -0.399612
-0.341465, -0.64158
1.98959, 1.0279
-1.45199, 0.62488
-0.338027, 1.31603
-0.401356, 2.1859
1.44967, -1.15519
-1.75592, 0.844821
-1.51383, 1.32075
-1.4036, -0.318218
0.513126, -0.0171118
-0.90321, -0.202858
-0.633817, 0.759552
1.66019, 0.735903
0.281007, -1.57175
-0.0161347, 0.304133
-1.50099, 1.48341
-0.299071, 0.5613
-0.810351, 0.714042
-0.547993, -0.325499
0.466952, -0.422805
-0.281457, -1.09387
-0.258435, 1.42449
-1.54393, 0.38436
-1.4322, -1.21305
0.213284, 0.023828
0.879291, 0.875145
0.204312, -1.3062
-0.82743, 0.299033
-0.577559, 1.27038
-0.839074, 0.46434
1.3276, -0.642879
0.229734, 0.351737
1.50399, -1.20372
-0.475479, -1.58815
0.623521, -0.418507
-1.7159, -0.546558
0.23267, 1.24474
-0.366383, -0.649711
1.67752, -1.21249
-1.67532, -1.32232
0.416277, 1.62993
0.304359, 0.776076
1.15541, 1.88787
-0.797524, -1.1702
-1.71155, -0.0567597
0.440657, -0.0178541
1.13367, 1.33022
-1.11515, -0.933308
0.74123, 1.55327
-1.69801, -1.40729
1.09772, 2.25414
-0.391306, -1.34842
-0.575382, 1.27947
-1.62758, -0.319825
-0.503233, -0.918256
0.939826, -1.96255
-0.665462, 1.23815
1.40627, 0.362763
0.606565, 1.18459
0.502705, -2.44109
-0.784408, 0.0683127
1.55526, -1.67565
1.80188, 1.41044
1.4289, -0.469209
0.126304, -1.36367
0.527471, -0.31943
0.659106, -1.53482
-1.35706, -0.485715
0.664818, -0.305584
-0.410414, 1.704
-0.82007, -0.606653
-0.318223, 0.713004
1.46215, 1.60992
0.376584, -0.366904
0.335432, 0.606519
-1.42546, 1.20386
1.68961, 1.68924
0.942268, 0.655714
-0.488961, 0.505608
1.67037, 0.634035
0.512007, -1.40106
-1.4769, 0.698324
-1.60258, 0.315843
0.580754, 2.13894
0.259505, -0.180333
-0.790667, -1.67633
1.22747, 1.32767
0.397093, -1.89576
-0.654737, 1.53537
-1.50501, -0.438692
0.638274, -0.523544
0.241547, 1.68422
1.5325, -0.860968
-1.66681, -0.178784
0.429579, 1.60758
-1.35502, 0.685583
-0.705396, -0.406682
-1.81835, 0.615916
1.34718, -1.6936
-0.683842, -0.423258
-1.39658, -0.306886
0.272286, 0.234876
-0.865693, -0.746731
-1.29954, 1.6313
0.0383944, 0.314108
-0.646603, -0.204255
-0.599518, -1.24234
-0.730357, 0.577656
0.0745301, 0.0439512
0.502005, -1.4928
1.36556, 0.891981
-0.859494, -1.24487
1.55676, -0.0354443
0.183691, -1.03255
-0.347833, -0.445908
1.65325, 1.37373
-1.45601, 0.33625
0.447448, 1.09963
-0.669223, 0.761353
0.25423, -0.298632
-0.711754, 0.14546
-1.48102, 1.79057
0.0896756, -2.2217
0.687109, -0.0209453
1.28108, -0.157155
-1.38955, -0.394111
1.32457, -0.610126
-0.76952, 0.646519
-1.23844, 1.11555
-0.719988, 0.519613
-0.231612, 0.435419
-0.556307, 0.497146
-0.554824, -0.381782
0.277588, -1.55492
-1.61438, -0.697435
-1.99485, 0.67942
-1.19863, 0.639251
0.441353, 1.40282
1.91611, 0.530693
0.531853, 0.815178
1.94665, -1.30481
-0.810013, 0.352241
-0.129341, 1.41147
1.60055, 1.70591
-0.907193, -1.54767
-1.36634, 1.52854
-0.188658, 0.336821
1.70437, -1.84069
-0.712828, -0.383769
1.44091, 1.38936
0.841674, 1.35665
0.472979, 0.551699
1.56452, 0.9044
1.34688, 1.48965
-2.12161, 0.219139
-1.53898, 1.33738
-0.581293, -1.34265
0.776806, -1.71114
-1.50309, -0.498188
0.608118, 1.63408
-0.890406, 1.99286
-1.41295, -0.601186
1.68503, -0.477126
0.598216, 0.615976
-1.52985, -0.120507
0.308999, -1.75221
1.13676, -1.08614
0.424217, 1.46198
0.279489, 1.52411
0.480483, -0.404942
0.132784, 0.26613
1.31334, 0.563897
0.918093, 0.472646
1.48574, -1.60323
-1.946, 0.575492
1.82652, -0.73812
-1.60295, -0.390341
0.37746, -1.41002
-0.414687, 0.4898
-1.53836, 1.22895
0.451666, -0.403521
0.770213, 1.03965
-1.51864, 0.360681
1.57805, -0.203486
1.31584, 1.05799
0.571417, -0.225709
-1.2566, -0.429483
-2.11351, -1.7325
0.488903, 1.58351
1.36595, 0.735926
0.59005, 0.468207
0.202266, 1.21415
1.34994, 1.00881
-0.433231, 0.427397
-0.708136, 0.732142
0.260964, -0.320028
-1.74861, 0.737448
0.808257, 1.35771
1.194, -1.3532
-1.39453, -0.57622
-0.382198, -0.371279
-0.486621, -0.13168
1.50362, 0.822497
-0.435366, 0.672392
-0.514557, 0.681602
-0.0495396, -1.79227
0.259751, 1.52235
0.310365, 1.02554
-1.49611, -0.420083
-1.13218, -1.93702
-0.206802, -0.926331
-1.50709, 0.633442
0.362958, 0.223683
-0.498164, -0.39405
1.81454, -1.88126
-1.35181, 1.37362
1.54794, 0.924266
-0.654339, 0.553917
1.57757, 0.256402
-1.5288, -1.77973
1.68886, 0.551408
0.940413, 0.489647
-1.06384, 0.75126
-0.979669, 1.82282
0.42294, 0.328483
1.54645, 2.45169
-0.303732, 1.43386
-1.32098, -0.243537
-0.211275, 1.43084
1.53472, 0.598452
0.530567, -0.0534699
0.424938, 0.277346
-1.49656, 1.44338
-1.37043, 1.67226
-0.18991, -1.53426
1.42136, -0.988297
-1.25235, -1.43438
-0.621218, 1.38457
1.37362, -1.426
-0.334751, 1.36628
-1.55456, -0.904278
-1.51331, -1.5157
1.33376, 1.65273
0.596807, -1.70172
-1.35669, 1.7547
-1.32419, -0.64018
0.57986, -0.501281
-1.65939, 2.05152
-0.481074, -0.581356
0.551213, 0.559664
1.64559, -1.72689
-0.369759, 0.748941
0.478505, 1.92127
0.639821, 1.47257
-0.96338, 1.26739
1.72638, -1.20551
1.88182, -1.44573
-1.82261, -1.18321
1.3043, 1.58255
-0.0458487, -1.12838
-1.98471, -0.356459
-1.31619, 1.53402
1.60916, 0.611891
-1.63773, -0.446712
1.782, 0.976734
-1.5897, -1.65499
-1.8981, -1.7221
-0.53627, 1.1241
-0.227361, 1.48238
1.92475, -1.46408
-1.42807, 0.517478
-0.422146, -1.6535
-1.84023, -1.67439
1.71185, -0.559219
0.078283, 1.04477
1.69316, 0.630966
1.85958, -1.30092
-0.735599, 0.524783
0.250412, 1.53173
1.10393, 0.60152
-0.592439, -1.60351
-0.720796, -0.413689
-1.3403, -1.42878
-0.334304, -1.3566
-0.257489, 0.195914
0.545635, 1.44373
-1.38701, -0.665906
-1.68143, 1.97504
-0.246561, -1.61657
0.584347, -0.961574
-1.1005, 0.912411
0.450817, -0.169003
-1.27423, 1.732
-1.43292, -0.954671
1.30153, 2.07428
0.416419, 0.273305
-0.497421, -0.911745
1.45141, -0.106503
-0.349247, 1.71876
1.6965, 1.26075
-0.691055, -0.753577
-1.45668, 1.39695
-0.764829, 0.474245
1.29248, 0.16286
-1.84274, 1.97359
-0.150629, -0.909748
1.3598, -0.900259
-0.829016, 0.550223
0.388355, 0.225097
-0.118479, -0.465928
1.68424, 1.45531
-0.496212, -0.663459
0.833564, 1.94107
0.617879, 1.03791
1.70494, 1.35999
2.1438, 1.20947
0.670274, -1.72479
-1.54178, 0.601675
-0.712153, -1.55723
-0.417633, 0.455817
-0.149869, -0.729512
1.40792, -1.56885
1.82065, 1.32951
-0.616117, -0.295727
0.36266, 0.164364
0.432084, 1.34285
-1.56357, 1.59948
-1.80275, 1.32243
1.6599, 0.834247
-0.234927, 1.42312
-0.680788, -1.71886
-0.742782, 1.59931
-1.11877, 0.15025
-0.628494, -1.79003
0.776018, -0.389908
0.60538, -0.551567
-0.0932234, -1.21597
1.38042, -1.86794
-0.596546, 0.821378
-0.496025, 1.60174
-0.90267, -0.430467
-1.33998, 0.235227
-1.43058, -2.09779
0.458229, 1.60956
-1.74397, 0.0722785
-0.716835, -0.00447834
-1.60146, 0.539293
-0.832491, -0.450467
0.689115, 1.19588
-0.549039, 1.41178
1.54845, 1.84867
-1.5124, 0.103372
1.59911, 1.48055
-0.701837, 1.21442
0.586988, -0.565334
1.77811, 0.442605
0.360051, 0.270606
1.31552, 0.589017
1.87482, -1.88165
-1.27353, 1.62096
-1.77464, 0.643604
-0.818202, -0.470817
-1.51537, -1.82601
-1.42567, 1.50067
0.695881, 1.21092
0.203178, -0.522699
-0.131053, -0.83084
-1.59389, -0.13486
-1.67541, 0.712685
0.57529, -0.138285
-0.0181699, 0.265882
-1.28588, -0.9978
-1.58134, 1.08063
-1.57606, -1.07145
-0.966511, -0.176283
1.74731, 0.204375
0.494514, -0.305064
0.561696, 1.12402
-1.62837, 0.581523
1.54724, -0.693194
-1.17678, 1.70492
0.136698, -1.50327
0.55464, 1.40751
-1.14684, -1.48139
1.82597, -0.408058
-0.0742976, -1.72661
1.03083, -0.505731
-1.25776, 0.434195
-0.417021, -0.433522
-0.486659, 0.464312
0.452031, 1.39982
0.453917, 0.470847
0.581898, 1.52799
0.403913, -0.452817
1.40338, 0.30586
1.01451, -1.74985
-0.252175, 1.60743
0.451798, 1.167
-0.242573, 1.67258
-0.554393, 0.0947468
-1.46546, 1.66494
-1.63635, -0.0393058
-1.62094, -1.0029
1.02156, -0.677321
0.392891, -0.883284
1.61664, 0.227915
-0.328541, 1.32487
0.487158, -0.61955
-1.67404, -1.85101
-1.50698, 0.39557
-0.389491, 1.38875
1.65388, 1.59458
0.659247, 0.884868
0.416352, 0.140796
1.52474, -0.471895
-0.554058, 0.59225
0.321481, -0.714326
-1.11806, -0.573475
1.03553, 1.8556
1.23983, -1.15336
-0.364846, -1.3696
-0.593405, -1.41234
1.38795, -0.627113
0.63264, -0.635392
1.64269, 0.653721
0.408812, -1.02292
-0.173609, 0.977646
-1.60997, 1.4825
-1.03018, -0.217183
-1.64085, -0.342827
0.8048, -1.25343
-1.68912, -0.165147
-0.628506, -0.175807
-0.447924, 0.58443
1.44127, -1.52687
0.678888, 0.416518
0.671837, -0.523731
-0.892978, -1.39325
0.513257, 0.666968
-1.70735, -0.703611
-0.245269, -1.35959
-0.847128, 0.147564
-1.36345, 0.250779
1.68983, 1.77513
0.561363, 0.2495
1.76486, 1.78868
0.53252, -0.0777259
-1.6746, -1.40502
1.38644, 1.1565
0.995791, 1.80255
-1.51707, -1.58436
-1.51845, -0.309823
-1.3254, 1.72105
1.36444, 0.53478
0.401383, 1.58159
-1.64128, -0.519994
-2.02545, -0.047679
0.89291, 1.27157
-0.476102, 1.62001
-0.646969, 0.165251
-0.19794, 0.77827
0.522441, -1.58193
0.611228, 0.647003
0.388805, 1.56074
1.75681, 0.48064
-0.697482, -1.65397
1.46281, 0.403611
0.643208, 0.197741
0.658653, 0.665092
-0.074049, 1.35064
1.35922, -1.61452
-0.907576, -0.660754
-1.64578, -1.3434
-1.38169, -1.37225
0.295701, -1.57033
0.784706, 0.397622
-0.426637, 1.61112
-0.927041, 1.65794
-0.412772, 1.56418
0.73822, -1.52082
0.838263, -0.629555
-1.15534, 1.16628
-1.4991, 1.19352
-0.361482, 1.62675
-1.70882, -1.1552
-0.366339, -1.61764
0.41461, 0.403781
-1.22612, -0.84327
1.16796, 0.223297
1.92663, 1.09886
1.68123, -0.464625
1.71301, 0.792896
-0.547616, 0.904884
1.17195, -1.58285
-0.373533, -1.42399
-0.592561, 0.213658
-0.307069, 0.525314
0.445549, -1.33022
-1.63293, 0.657198
1.90178, -0.312679
-0.497417, 1.67024
1.007, 0.799887
-1.40084, -0.481125
1.2016, -0.0728315
0.553397, 1.70102
0.021436, 1.46489
-0.500232, -0.459823
-0.799533, -0.759501
0.708993, 0.038155
0.386528, 0.305015
1.61059, -0.257815
-0.836297, 1.61001
0.36905, -2.01812
-1.7384, 1.76298
-1.33627, -1.76214
0.732758, 1.6721
0.747069, 0.654551
1.2047, -1.19827
1.05931, -1.36329
-1.56342, 0.436139
1.3415, -1.92109
1.53786, 0.442286
-1.63614, 1.50285
-1.3769, 0.546813
-1.71785, 1.65343
-0.630627, 0.342535
1.26671, -0.453979
-0.616707, 1.50555
-1.60534, -1.85272
-0.498801, 1.58415
1.26796, 0.586739
-0.512172, 1.30836
-0.454847, 0.898101
0.055593, 1.31367
-0.405782, -1.65198
-1.43414, 0.834414
-1.76539, -1.28665
-1.60931, 1.66215
-0.456903, -0.52893
0.740478, -1.02079
-0.782763, -0.743894
0.501033, -2.05396
0.625767, -1.72708
0.269971, -1.67331
-0.483924, 1.48641
0.0759288, -1.21479
-0.425027, -0.351268
1.32252, 0.902014
-0.533726, -0.315335
1.75035, -1.86715
-0.612003, 1.68313
-1.68397, -1.62442
-0.475173, -1.50578
0.759366, 0.106657
-0.816126, 0.187844
-0.416851, -1.6289
1.50752, 1.22725
-1.51126, 0.876521
0.254135, -0.626079
-1.34853, 1.25724
-1.45082, -1.41915
0.535618, 0.491299
-0.420737, 1.64483
1.29437, -0.765556
1.87513, -0.458965
-1.50303, -1.48722
0.495209, 0.253115
1.08917, 0.183626
1.3907, -1.6085
0.310462, -0.257525
1.97278, -1.55306
1.43927, 0.684859
-0.36112, 1.32982
-1.41357, 0.779146
0.997972, 0.477366
0.530131, 2.13488
-1.22788, -1.46996
1.44837, 0.72506
1.39908, -1.11102
0.604936, -0.71187
-1.60422, -1.57421
1.43681, 1.69655
1.30995, -0.273858
0.727171, 0.457484
0.397688, -1.36741
-1.5799, -1.63772
-0.681605, 0.438904
0.497777, 0.559497
1.49135, 0.281039
-0.315262, 1.7367
1.64053, -0.464668
0.325935, -1.70695
-1.55992, 0.514783
-1.70554, -0.519302
-0.139137, -1.50803
-1.02601, -1.60901
-1.705, -1.46403
-1.62409, 1.60532
1.40627, -1.51964
1.51196, -1.58915
0.528003, -1.78532
0.716691, -1.59143
1.39956, 1.64373
1.23847, 0.426191
1.03339, -1.52729
1.44005, -1.4462
1.47042, -1.52837
0.171573, -1.54217
-0.210886, -1.79876
0.779981, -0.0667808
1.84216, 1.68498
-1.80185, -0.815151
-1.78215, -0.59678
0.218335, 0.720535
-1.74438, 0.708528
1.13332, 1.89267
0.224839, 0.667239
-1.69508, -1.075
1.64633, 0.525798
-0.735858, 0.465272
0.629867, -0.809826
1.67941, 1.45374
-0.256558, -1.26749
1.19287, -0.695217
0.285297, -1.43971
0.676896, 0.580994
0.627742, -1.30255
-1.72932, -0.518805
1.67364, 1.99609
-0.0524829, 1.18431
-0.853402, -0.522971
0.324188, -0.724913
-0.507011, -1.44041
-1.34804, -1.54411
0.717842, 0.716502
-1.66432, 0.634746
0.38127, -0.40566
0.150506, 1.61499
-1.54176, -0.430346
-1.49552, -0.923163
-1.72407, -1.05494
-1.33453, 0.502406
1.71062, -0.364917
0.520568, -1.30449
-0.613622, -1.62517
0.187736, 0.966477
0.414592, 1.64521
0.173708, -1.72367
-0.740189, 1.77062
-1.19455, -1.42642
1.36679, 1.35127
0.463614, -1.57506
-0.724113, -0.24847
0.284703, -0.373239
-1.57129, -0.389867
-0.386767, -0.793637
-0.611914, -0.878891
-0.596429, 0.370043
-1.61936, 1.56029
-1.40483, -0.321816
-1.14768, -1.42399
1.52057, 1.00909
-1.55994, 0.494739
-1.42025, 0.617998
0.568269, 0.606312
1.1665, -0.424004
-1.37087, 0.832981
0.699857, 1.60486
1.41624, 1.62119
-1.21028, 1.61217
1.17331, 0.562094
-1.4986, 0.73169
-1.64054, 1.52483
-0.0149882, -1.64133
-0.134212, -0.266615
1.06564, 0.633425
1.75813, 0.286161
1.18035, -0.393212
1.31527, 0.780106
-0.659876, 0.337673
0.307605, -1.63104
-1.26778, -0.570999
0.048066, -1.03075
-0.516847, 0.297814
-0.391187, -1.66853
-0.308446, -1.67854
-1.70361, 1.39312
-1.81017, 0.866248
1.51541, 1.82238
-0.774565, 1.47173
1.2886, -0.429087
-0.709756, -0.203712
1.24301, -1.36066
0.702627, -0.583535
-1.08778, 1.62658
-1.49493, 1.89119
1.69183, 0.388414
1.36901, -1.60237
-0.100478, 1.43819
-0.0412049, 1.05186
0.589283, 1.54243
1.32594, -1.32864
-0.488597, -0.30366
0.575081, 0.765997
1.51545, 0.784479
-1.94823, 0.644137
-0.71495, -2.16881
1.08327, -0.619657
0.94434, 0.133029
0.653109, -1.43463
-0.228521, -1.43774
0.245142, -1.18426
-0.857228, -0.994258
-0.422371, -0.49424
0.673522, 0.678954
-1.52187, -1.67364
-1.43617, 1.60651
-0.182861, 1.60396
1.52364, 1.07792
1.3558, 1.97836
-0.389819, -1.6369
-0.578226, -1.53144
0.48031, 0.807523
1.33816, 1.48754
-0.697057, -1.51202
-1.61043, 0.240257
-1.63127, 1.99011
-1.45791, 0.391795
1.03034, 1.43444
0.954761, -1.55389
-1.68415, -1.65068
-0.957952, 1.23683
0.169185, -0.743348
0.42324, 1.33392
0.937224, 1.17994
-1.73017, 0.793449
1.83758, -1.59201
0.862967, -1.32548
-1.4311, -1.66887
0.388015, -1.48038
-1.37139, 0.265411
-1.41978, -0.399463
-0.704091, 0.559186
-0.0481093, -0.127671
-0.760795, -0.532452
0.867206, -0.385212
1.30951, -0.247615
1.88969, 0.460187
-0.985559, -0.301767
-1.68022, 1.45336
0.463608, -0.0956532
0.56971, 0.435977
-0.46416, 1.66898
-0.488946, 0.880026
0.492143, 1.69354
0.205648, -1.21447
1.29365, 0.414826
0.560419, -0.210444
-0.349599, -0.811477
-0.464107, 0.276142
-0.525019, -1.32183
0.749371, 1.12768
-0.337859, 1.74043
-1.16839, -1.34224
-1.46792, 0.287947
-0.911537, 0.368701
-0.243634, -1.29558
1.68846, -0.474774
-1.7923, -0.671242
-0.38083, -1.57067
-0.349372, 0.486167
-0.402557, 1.34529
1.7635, -1.67575
-0.129744, -1.7648
0.894824, 0.907054
-0.534514, -1.14199
0.859777, 1.65142
0.105421, -1.8354
1.45852, 0.134473
0.488145, -1.64964
-0.589892, 0.572092
-0.705453, 1.00054
-0.583486, -0.580548
0.464036, 2.01363
-1.45264, -1.23473
0.32567, 1.60662
0.0737108, -1.96709
1.60161, -0.666053
-1.27943, -0.190956
-1.56713, -0.27987
-0.375967, 1.29927
1.20678, 0.491862
1.44906, 0.695133
0.739273, -1.4921
-0.489705, 0.431294
-1.04666, 0.554789
1.67638, 0.779243
-0.442073, -0.731132
-0.937296, -0.606006
-0.476576, -0.583165
-1.78581, 1.47394
-1.41468, -1.59435
0.692846, 0.480355
-0.515232, 0.155259
-0.467781, -1.79326
1.45259, -0.312008
1.41641, -1.83553
-1.62588, -1.48411
-0.104462, -0.305088
0.987779, 1.43564
1.53632, -1.41728
0.93142, 0.539192
-0.291782, 0.232434
-0.671235, 0.516463
0.684423, -0.316119
-0.534968, 1.59639
-1.56232, 1.18767
-1.82683, 1.03913
-0.224337, -0.226774
-1.19379, 1.09212
-0.0019112, 0.378098
-1.56645, -1.12874
0.773917, -1.56499
1.25585, 1.54622
1.17565, 1.22248
-1.16888, -0.730317
0.642469, 0.299167
1.39333, -0.204165
0.513623, 1.24141
-0.404681, 0.105705
-0.578404, 0.574143
-1.50122, 0.101087
-1.40513, -0.4394
-0.247751, -0.517457
-1.48094, 0.342092
0.996981, -1.33718
1.61403, -1.12647
1.69397, -0.101131
-1.6014, -1.82188
1.17687, -1.57564
-1.31398, -0.698488
-0.890531, -0.736301
1.49531, -1.72547
-1.90131, -0.651783
1.06936, 0.518663
0.706856, 0.179156
-1.61782, 0.452128
-1.30551, -1.88726
-0.917685, -1.84259
-1.80513, -0.127733
-1.32555, 0.567186
1.18361, 1.66539
0.313424, -0.240165
1.28156, -1.51685
1.74668, -1.58944
1.65268, 1.59078
-0.328563, 0.176749
0.292755, -0.777443
0.631011, -1.64652
1.5875, -1.82871
-0.733708, 0.947778
-0.537591, -0.575414
1.59892, 1.45058
1.70632, 0.550252
-1.22798, -0.43516
0.59395, 1.47712
0.435395, -1.19744
1.12567, 0.336492
0.207639, -0.438845
-0.605943, -1.6714
0.675955, 0.270788
1.35845, 0.569765
0.935387, 1.76736
-0.656768, -1.27922
0.861127, -1.80329
1.31191, 0.482221
-0.972067, -0.819995
-0.838727, 1.5253
1.53528, 1.75524
0.378867, 1.25079
0.184926, -0.557111
-0.461887, -0.499257
1.52081, -0.754986
1.36152, -0.175871
0.593443, 1.1295
0.573539, 1.56247
0.826711, -0.851662
0.725945, -0.358012
1.68409, 1.21912
0.357872, 1.20729
-0.733769, 0.42195
1.9508, -1.22512
1.76543, -0.46058
0.198516, -0.516395
0.736282, 1.54826
-1.54583, -0.717541
2.11833, -0.669495
0.301638, -1.66678
0.378774, -1.88303
1.1609, -1.50971
-1.79055, 0.0275528
0.559336, -1.37117
0.55163, 0.772337
1.16993, -0.691031
1.42215, -0.956669
-1.04594, 0.895633
-1.48804, 1.46968
1.25154, -1.92386
1.57995, -1.68519
-0.690874, -0.48772
0.400824, 0.577145
0.653197, 0.63486
-0.339307, -0.613913
1.21241, 0.435783
0.0271287, -0.300807
0.692832, 0.48607
-1.93036, 0.656763
1.59965, 0.876484
0.307188, 0.341927
0.592714, -1.41746
-0.544572, 1.05094
-0.306736, -1.57034
0.442775, 1.52178
-1.31471, 1.48892
0.242021, -0.826324
-1.83252, 0.884281
-0.306869, 1.45716
-0.322559, 0.315832
-0.52688, -1.70316
-0.391166, -0.659155
-1.98578, -0.256196
-2.06303, 1.62972
0.553457, -0.651872
1.63463, 1.61062
-1.30879, -1.87086
-1.69693, -1.75647
-1.80213, 0.331511
-1.22098, 0.418247
1.40316, 0.981872
-0.402089, 1.68763
0.832293, 0.191283
-0.610182, 0.606192
-1.07312, -0.431379
-2.34597, 0.395745
-0.292895, -0.19659
1.73577, -0.606668
1.45986, -0.290955
1.20715, -0.40759
-0.561963, -0.0336307
-0.279917, 0.0904555
1.27503, 0.811474
1.52196, 1.21914
1.78486, 0.570491
1.42329, 1.70615
-1.39266, -1.59628
1.64436, -0.399896
-0.406621, -0.753532
-0.520457, -0.601652
-1.0821, -0.221577
0.397301, 1.91519
-1.5635, -1.46205
0.994532, 0.314343
-1.49342, 0.823057
1.34707, -1.22579
0.179893, 1.46194
1.38095, 1.48537
-1.05168, -0.0972266
1.48102, 0.479611
0.22385, 1.7421
-1.58147, -0.900145
0.581246, -0.518818
0.461668, 0.663488
-0.911632, 0.21528
-1.57535, 0.611432
-1.61913, 0.229108
-0.263612, 0.426623
1.56611, -0.529529
-1.44916, 0.851818
0.723867, 1.11373
1.61442, -0.813242
-0.396483, 1.33999
-0.304179, 0.283438
0.0463025, -0.628573
0.462899, 1.64301
-1.83652, -0.87646
0.175927, -1.86168
-2.0012, -0.659812
1.58808, 1.6196
0.707176, -1.63151
-0.649451, -1.99357
-1.1472, -1.80656
-1.33199, 1.43201
1.19935, 0.620036
-1.63685, 0.554371
0.561867, -1.92719
1.05301, -1.55886
-0.434198, -1.91232
-1.6977, -0.341315
-1.25597, -1.43089
1.5503, 0.487366
-0.32584, -1.55854
-0.72431, -0.922598
1.45578, 0.459152
-1.07241, -0.523084
0.9886, 1.57166
-0.330274, -0.697442
-1.55567, 0.514815
1.16654, 1.49903
0.639111, 1.50845
-1.4226, -0.795501
-1.2454, 1.26859
1.54014, 0.53047
1.57479, -1.44016
1.30687, 0.992814
-0.567307, -1.41348
1.78592, 1.39176
-1.75328, -1.87899
-1.85842, 1.255
-1.16302, -0.713222
-0.100879, 0.463306
-0.2792, -1.51056
-1.40667, -0.63693
0.103651, 0.351949
0.675433, -1.56114
-0.29807, 1.87258
0.673181, -0.263614
0.348987, 0.662047
0.522878, -0.642825
-1.52682, 1.84865
0.712184, 1.50037
0.381777, -1.39954
-0.507487, 1.39169
-0.56326, 1.89825
-0.128698, 1.42125
0.268942, 1.43695
0.0981356, 0.0497933
0.294555, 0.13599
0.571543, -0.728027
0.470642, 1.04003
-0.122278, 1.52263
1.61774, 0.221246
-1.82494, -1.57367
-0.201507, 0.943254
-0.682861, 1.40824
-1.90862, -0.352129
-0.547001, -0.654658
-1.61725, 0.652419
1.43032, -1.52862
-1.45512, -0.509517
-0.781106, -1.69864
-0.808265, -0.524084
1.25026, -1.12236
-1.58956, 0.912083
0.356548, 1.56542
-0.818837, -1.11578
0.407831, 1.68045
0.341119, 0.55206
-0.466677, 0.0294987
1.76771, 1.674
1.11445, 0.595862
1.20328, -0.698332
-0.499267, -0.890562
0.740831, 0.580988
0.380345, 1.28856
-0.521882, 0.695401
0.838787, -1.37932
-0.537602, 0.274423
1.82379, 0.154101
-0.41458, 1.15686
-1.49347, 1.2666
-0.375922, 0.779982
-0.826967, 0.142164
-0.652937, 0.6466
-0.345709, -0.526659
-2.00638, -1.40542
0.70066, 0.783778
1.24713, 1.62086
0.682716, -1.28512
-0.638533, 0.501633
1.79207, 1.75944
0.207591, -1.69986
1.02554, 1.53982
0.28987, -1.62657
-1.86312, 0.371265
1.66239, 0.277021
-0.438744, 0.63213
-1.7519, -0.391663
-0.538765, 0.449706
-0.217363, -2.21656
0.544428, -1.9166
1.60958, 0.688679
0.947012, -1.18586
-0.423098, -1.86082
0.524355, -0.312637
0.611621, 0.428196
0.547304, -1.16349
-0.744607, -1.15415
-0.461641, 1.7723
-1.52492, -1.69327
-1.50503, 1.72863
-1.36931, -1.63872
-1.46311, -0.164916
-1.15075, 1.52543
-0.178512, 1.23515
-0.892672, -0.444308
1.47042, 0.909167
1.13176, -1.2791
1.37881, 0.330021
-0.708472, -0.868223
-1.86383, 0.603066
-0.810183, 0.549576
0.508495, -0.152503
-1.4788, 0.934204
0.700859, 2.06694
-1.57779, -0.340127
-0.493936, -1.52402
1.34054, -1.12863
1.66922, -1.39649
-1.43499, -1.68157
0.193633, 0.368739
-0.327966, 1.62116
-1.90274, 0.178254
0.255548, 0.868812
-1.89491, 0.865527
0.996678, -0.54881
0.51497, -1.68171
-2.09512, -0.208052
-1.48123, 1.48807
-0.396032, -1.59145
-1.01549, -0.562032
0.254265, 1.27508
-0.673494, 1.29097
-1.37799, -1.73225
-1.56395, 1.62521
-1.48911, 0.531211
0.278413, -0.555021
0.503105, -0.572569
-1.08671, -1.11563
1.68623, 0.462012
1.84831, 1.24992
-1.54107, 1.45639
0.670238, -1.5758
0.634975, 1.59502
-1.13294, 1.08043
1.46607, -0.356959
0.668639, 1.4405
-0.33736, 1.5402
0.829084, -1.4026
-1.30435, -0.41745
-1.39305, 0.282151
-1.57102, -0.28513
1.44333, -1.92401
1.44018, 1.68973
1.22741, -1.8346
0.207507, 0.736268
1.49734, 0.329365
-0.449339, -1.27244
-1.47752, -1.99338
0.327518, -0.503687
-0.200233, 1.77286
-1.31457, 1.64453
1.47253, -0.290982
-1.35326, -1.59035
0.251484, 1.60166
0.204487, 0.291777
-0.812772, 0.442556
1.58336, 1.58619
0.283798, -0.792623
-1.45588, -0.622854
1.57492, -1.54452
-1.33916, -0.456084
-1.61477, 1.66357
-1.30905, -1.24668
1.14566, -1.70342
-1.78237, 0.0194647
-1.67151, -1.43084
0.444407, -1.80654
-1.84769, -1.60241
-0.691339, 0.929129
0.545773, 0.163343
0.412551, 0.73609
-0.318803, -1.72227
0.421498, 0.701188
-1.43843, 0.457288
0.326601, 1.50603
0.870834, -0.190835
0.261632, 0.13529
-0.327416, -1.4094
1.68918, -0.518471
-0.395739, -1.21318
-0.225699, 1.59246
-0.210368, -0.0991083
-1.2074, 1.61994
0.792526, -0.852297
-1.90377, 1.48627
1.89922, 1.24634
1.49932, 1.16827
2.14711, -2.00818
0.235448, 0.555122
1.37268, 1.37432
-1.21624, -0.429507
0.907335, -1.03374
0.198839, -1.26918
0.11866, -0.50581
-0.455523, -1.31664
0.41469, 0.512675
-1.31449, -0.985308
1.42252, -0.527131
1.61187, -1.84432
1.44212, 1.82847
0.45811, 1.15379
0.373727, -1.67965
1.2739, -0.0622986
1.66422, 0.41022
-0.457664, -0.4128
0.57839, -0.551152
0.647117, -0.358081
0.918966, 1.20973
1.36844, 1.67565
-0.476723, 1.36882
-0.322028, -1.7493
1.2261, 1.44333
0.45003, -1.68657
-0.0461255, -0.440056
-1.76194, 0.600493
-0.337033, 1.39329
-0.607798, 0.629532
-0.28982, 0.40742
-0.361028, -1.42268
-1.49757, -0.557632
0.382232, -1.58474
-1.41515, -0.293276
1.65621, 0.459764
-1.01173, -0.734593
-1.95029, -1.07478
-0.737991, 1.20988
-0.830079, -1.3078
1.50502, 0.443999
-1.22391, -1.20947
0.711329, -0.648407
0.463444, 0.61755
1.2249, 1.8947
0.438191, 0.598511
-0.359032, 1.43962
1.74533, 0.164049
-0.148027, 0.19606
-0.303888, 1.7229
0.589772, -0.2598
0.338137, -0.631409
-0.597348, -1.51007
0.663804, -1.76506
1.61974, 0.377093
1.54631, -0.427171
0.416095, -0.859648
-1.20971, 0.696393
1.25335, -0.448883
1.37886, 0.651144
-1.69966, 1.35059
-0.320606, 0.214196
0.657628, 0.153742
-0.851556, 1.61265
-1.94137, 1.05357
-1.50693, -1.36146
0.621506, 0.931211
0.593527, 0.562904
0.197122, -0.389741
1.43739, -0.216824
-0.345694, -1.38394
-1.60482, -0.510082
-1.68689, 1.51283
0.578292, -0.529002
0.478403, 0.741611
-1.2501, -1.28272
-0.801154, -1.69053
1.36216, 0.367976
1.68236, 0.451993
-1.59745, 1.76152
1.08978, -1.44727
1.77668, 0.78639
-0.616621, 2.07867
1.2911, -0.739587
-0.167756, 1.2746
-0.144145, -0.64646
-1.48216, 1.53557
-1.26675, 0.517631
0.387135, -0.267315
-0.673595, -1.38165
-1.4882, 0.995056
1.38745, 0.391601
1.68149, 1.01994
0.510722, 0.342618
-1.5597, 1.48969
2.13507, -0.323356
-1.45173, -0.163055
-1.79748, 1.15689
0.116882, -0.0730767
-1.22424, -0.973107
-0.681022, 0.530042
0.0494938, -1.5329
-1.84349, -1.31296
-0.543239, -1.11026
-1.61475, 1.57824
-0.0412741, 0.179273
-0.961446, 0.948194
-0.00956731, 0.0343331
-1.07979, 1.73141
0.50303, 1.61243
-0.616576, 1.83012
1.16204, 1.06742
1.32473, -1.51279
0.420012, -0.0762725
0.245992, -0.258301
0.874636, -1.32481
1.44466, -1.49757
-0.611374, -0.899826
-1.27677, -0.37182
-0.270432, 0.262898
1.25512, 1.41207
-0.537551, -0.589219
-1.70132, 0.392224
0.419578, -0.649724
-1.64907, -1.08394
-1.41322, 1.39221
-0.167773, 1.59867
-1.58015, 0.617756
1.8113, 0.574801
-1.57946, -1.29383
-1.1673, 0.341085
-0.4454, 0.117199
1.75026, -0.748971
1.31113, 1.66396
-0.551912, -1.49141
-1.05818, -0.557552
-1.00785, -0.511365
-0.796497, 0.594328
0.174112, -0.783011
-1.4792, 1.25584
-0.485682, -0.290526
-0.773759, -1.28511
-0.637433, -0.531061
-1.57975, 0.584045
-1.79043, 1.4599
1.68446, 1.23586
-1.3886, 0.530791
-0.486985, 1.45646
1.41605, -1.155
0.715634, -1.51304
0.27961, -0.384036
0.254452, -1.37127
1.41775, -0.13087
-0.31345, -0.141806
-1.64653, 0.521923
0.580091, -0.73714
1.14322, -0.383944
-1.41704, -1.52903
0.526701, 1.54193
0.432647, 0.73389
-1.75723, 0.696244
0.356207, 1.19774
-1.30689, -0.423404
-0.793951, 1.70647
0.627117, -1.58703
-0.871457, -1.62581
-0.204533, 1.7523
-1.46823, -0.642586
-0.545751, 1.44317
-1.27633, -0.50475
-1.59679, 1.96493
-1.50803, 0.219661
-1.11278, -1.73342
0.272195, 0.473338
0.682479, 1.74805
-1.34068, -0.254539
-0.646436, 1.60074
-0.593502, 0.926536
0.390831, 1.26485
-1.59792, -0.595389
-0.212986, 0.267071
1.66161, -1.96391
1.52287, 0.631013
1.44951, -0.163064
-1.51743, -0.22726
-0.444263, -0.414721
1.81178, 1.79086
0.184716, -1.68597
-1.60287, -1.58017
-1.6254, -1.58496
-0.403742, -1.55818
0.664162, -1.04697
0.219499, -0.12646
1.44965, -1.54011
-0.543137, -1.52445
-1.37949, -1.59542
1.36376, 0.23801
-1.62528, -1.56999
0.483484, -1.90432
0.246555, 0.867507
0.00604808, 1.49818
0.374369, 1.74412
-1.08379, 0.342251
0.179616, -1.12059
-1.51796, 1.68941
0.406194, -1.82592
0.39627, -0.976991
-1.69862, 0.465826
1.41232, 1.85423
-0.906589, -1.44185
-1.31294, 0.614211
1.639, -1.55783
1.67237, -1.50149
-0.431069, 0.88783
-1.82081, -1.38879
1.87361, 0.569999
1.4044, 0.659785
-0.536881, 0.2659
-1.02862, -0.314066
-1.30704, 1.7952
-1.50886, -0.471876
1.86299, -1.56321
0.570868, 0.594796
-0.721375, 0.174272
-0.248357, -0.521922
-1.87315, -1.38269
-0.485759, 1.25657
-0.255744, -0.325284
-0.880839, -0.359519
1.72594, 1.11567
0.208002, 1.30931
0.321552, -0.625475
0.855821, 1.61584
1.34634, 1.61421
0.406385, -1.80489
1.45893, 0.176911
1.0671, -0.526533
0.894121, -1.51121
-1.50002, 1.21469
0.190199, -0.552682
-2.16068, -1.77311
0.624767, 1.84491
1.70536, 0.497449
0.619969, -1.52534
-0.0856003, 1.63528
0.412918, -1.3163
-0.165357, -1.23652
-1.21802, 1.7137
1.59154, 1.7871
-1.30584, -0.644416
-1.59384, -0.868345
-1.57837, 1.40712
-0.21238, 1.54607
-0.944984, 1.21806
0.983372, 0.272519
0.484517, 2.16684
-1.79438, -0.479492
-1.4039, -0.577517
-0.44092, 1.13709
1.32484, -0.857185
-1.479, 1.41156
0.58855, 0.363431
1.20684, 0.386449
-0.738505, 0.418893
-1.70606, 0.784007
1.89308, 0.375113
-1.74532, 0.223994
0.401058, -0.631511
-0.0412441, 1.49989
1.02028, -1.90838
1.5487, -0.760285
-0.403063, 1.45677
1.13209, -0.553175
-1.84021, 0.744417
0.416669, 0.821447
0.596822, 0.604379
1.32676, -1.24769
0.0405903, -1.37661
1.89945, -1.29645
-0.11257, -0.358657
-0.239795, 0.659891
0.359683, 0.82609
0.406576, -1.55526
-0.403795, -1.43075
0.0320017, 1.51012
-1.3419, 0.484595
1.33072, -0.462399
-0.82706, 0.478847
0.414958, 1.55448
1.07716, 0.693202
-1.52897, -1.59935
1.7634, -1.66634
-0.349775, 1.3117
0.348929, 0.55866
0.341365, -1.34034
-1.72524, 1.49965
-0.686787, -1.35054
-0.102755, -0.59791
1.35692, -0.354506
-0.250713, -0.639787
1.22749, -1.37526
0.48443, -1.69899
1.54785, 0.411705
-1.25871, -0.869554
0.928801, 0.827255
-0.695412, -0.387357
-1.35222, 1.63259
-1.66623, -1.42291
1.49377, 0.752967
0.405728, -0.569462
-1.5217, -1.92515
1.79466, -0.968551
-0.32108, -1.30424
0.448876, 1.84978
1.59904, -0.849702
-1.11257, 0.4402
0.897364, -0.114018
0.616682, -1.67172
-0.00925941, -0.696588
0.241294, -0.78728
0.578227, 0.341571
1.26427, 0.592186
-0.559244, -1.83279
-0.374129, -0.455841
1.61816, 1.81012
-0.512814, -0.579036
0.79084, 1.37183
-1.4114, -0.58393
-1.62463, 1.18447
0.146832, -1.86824
-0.0932351, 0.579715
1.3572, -0.243645
-0.300523, 1.5722
-1.53885, -0.890192
1.37068, -0.419268
-0.845261, 1.18713
1.85242, 0.547875
-1.85609, -1.73033
-0.39192, -1.54042
-1.54694, -1.55879
-1.48001, -1.15054
-0.200624, -0.724403
-1.49157, 1.30911
1.56017, -0.8331
1.71574, 0.145827
1.0142, -0.488983
-1.70562, 0.769802
-2.18656, 0.673406
1.88981, 1.47978
-0.217177, -1.42915
1.67214, 1.52705
1.63411, -0.479715
-1.34144, 1.11704
0.156152, 0.570077
0.453813, 1.31098
0.820425, -0.796105
0.0803901, -0.587839
-2.03436, 1.78738
-1.34611, 0.546051
-0.623219, -1.02539
-0.407589, 0.429717
0.151853, 0.374475
0.390717, -0.588247
-0.0626356, 0.529895
0.532492, -0.280237
-1.34942, 1.61561
1.8437, 0.475334
-1.91344, 1.4908
0.384019, 1.39757
0.611431, -1.40398
1.60124, -1.98893
1.47088, 0.333971
-1.87755, -0.41577
-1.5926, 0.623278
0.343003, 1.65332
1.57645, -1.75029
1.61302, -1.02062
0.486123, 0.574191
-0.164157, -1.43346
-0.57079, 1.43357
-0.44376, -1.42452
0.488139, 0.493497
-1.70271, 0.483147
-0.741499, -1.40498
1.57421, -0.611134
-1.64853, 0.903805
1.35797, 0.59505
-0.421763, -0.827234
-0.270008, 0.580886
-0.609699, 1.60772
0.624314, 0.666899
1.74672, -0.528181
-0.372857, -0.955391
1.19227, -0.601327
0.818108, -0.196569
0.507821, -0.632524
0.0902442, -0.554471
-1.40343, -1.27181
0.599409, -1.69929
0.356852, -1.44788
-0.401889, -0.111454
0.587091, -1.30371
1.60241, 0.467057
0.0511513, 1.36877
0.942246, 0.350846
0.325405, -0.879139
1.89423, -0.809719
-1.48573, -0.328082
1.89453, 1.09456
-0.31231, 0.211489
0.395396, 0.957061
0.00143726, 1.36653
0.809431, 2.06069
0.175813, 0.626678
1.93556, 1.56145
1.56606, 0.0992912
0.407507, 0.662888
-0.28553, -1.49227
0.435546, 1.44424
0.224911, 1.15294
-1.54691, -1.60026
-0.968427, 1.43302
1.52183, -0.647525
-1.22527, -1.71337
1.66256, 0.462251
-1.48357, -0.0924148
-1.15863, 0.674249
-0.133134, -1.35138
-0.0233743, 1.41235
-0.767937, -1.29737
1.3765, 1.55975
-0.575717, 0.43243
0.599418, 0.750515
1.64312, -1.77627
0.279452, 0.494291
-1.17859, 1.02757
0.887625, -1.36765
1.56148, -0.749789
-1.25713, -0.654514
-1.59165, -0.519434
-1.61724, 0.595214
1.20734, -0.478241
-0.174329, -1.98479
0.879719, -0.458094
0.813845, -1.22383
1.22926, -1.26885
1.57558, -1.36057
1.26539, -1.28317
-1.61117, -0.753507
-1.85017, 1.06787
0.620365, 1.65444
1.45664, -1.68321
-0.769318, -1.79109
0.622643, 1.57869
-1.55303, 0.130079
0.261811, -0.380922
-0.259734, 1.25539
-1.83341, -0.670771
0.44356, -1.56002
0.163757, 1.44733
1.74522, 1.62875
0.385288, -0.325977
1.49153, -1.22564
-1.24531, 1.47218
0.305621, 1.24834
0.955865, -1.12538
1.58922, 1.18969
-0.539351, -0.789798
-0.579829, 0.310085
0.15962, 1.44971
-1.4864, -1.56251
-1.60182, -1.59328
-0.342717, -0.613111
0.362434, 1.73331
-1.64118, 0.76177
-0.681287, -0.38037
-0.637037, 0.463022
1.89606, -1.68793
-1.44956, 0.177953
-0.758892, -0.432414
0.637966, 0.230034
1.33731, 0.456012
1.53495, -1.65463
-0.873915, -1.56534
1.58471, 0.160919
0.0594364, -0.589018
1.53292, 1.65324
-1.39494, -0.704286
0.609172, 0.830006
0.505939, -1.14817
-0.511291, -1.3023
0.317395, 1.86178
-1.2907, 1.47982
-0.557337, -1.44377
0.889086, 1.48673
0.76504, -0.96454
-0.651336, 1.42289
-0.3905, 1.34375
0.802044, 0.559946
1.45845, -1.80679
-0.605747, 1.24183
-0.385885, 1.36711
1.62658, -1.45359
1.5586, 0.392305
-0.869759, -0.554857
0.310389, -0.156753
0.466006, -0.614243
-1.19354, 0.846413
-1.41826, -0.0795355
0.778968, -1.41593
1.64832, -0.338149
0.583481, 1.3118
1.0079, 1.25982
-1.54184, -1.70349
-0.519484, 0.571385
-0.00208217, 1.65173
-1.62683, -0.578134
-0.470892, 1.38628
-0.371859, 0.337782
-1.26919, 0.84841
-1.44717, 0.532353
0.407383, 1.58038
-0.485124, 0.518589
1.55502, 0.431229
0.760037, 0.927122
-0.290524, -0.410379
1.69132, 1.14548
0.3628, 0.340384
-1.5031, 0.0144036
0.409916, 1.61299
-0.907294, -2.02505
1.488, -1.27467
-0.333066, 0.451574
-1.05201, 0.717174
-1.55218, 1.84806
-1.10561, 0.0175868
-0.723978, 1.32441
-0.481457, -1.45176
-1.61981, -0.205265
-1.37664, 1.79565
-0.349614, -1.65613
-1.39293, -0.750779
-0.527315, 0.827445
0.467781, -1.71964
1.22842, 0.539417
1.53399, -1.79994
1.51852, -0.341606
0.98802, -0.472764
0.579121, 0.451772
-0.581997, -1.62256
0.83428, 1.33541
1.81931, -1.36903
0.491045, -0.0292133
0.549603, -1.31759
-1.62379, 0.758734
-0.20683, 0.616428
-1.28796, -1.57999
0.593572, 0.0273108
-0.325011, 1.22424
1.80586, -0.714968
-0.300483, -1.38988
-0.299277, 1.76684
1.36233, 0.239012
-0.814923, -1.56356
-0.457978, 0.95992
1.51888, -0.184667
-0.32568, 0.0617557
0.412744, 0.546469
0.17969, 0.546597
0.526778, -0.64522
-0.62509, -0.537655
-0.980415, 1.71417
0.205835, 0.522836
1.36323, -0.4411
-0.600219, 0.236783
0.303965, -0.681597
-1.52908, 0.528807
-0.0670822, 0.424971
-0.464044, -1.83935
-0.770969, 1.67983
1.36721, -0.389576
1.37659, -1.73641
0.933244, -0.0598819
1.63782, 0.837199
-1.08781, -1.42184
-0.634677, -1.69079
0.973152, 1.47295
1.05157, 0.514239
-1.38335, 1.35071
0.336258, -0.272056
-1.51075, 0.294856
-0.565448, 1.11151
1.67169, 1.67698
0.859424, 1.95159
0.0201348, 0.252095
-1.06173, -0.615934
-0.948928, 0.433498
-0.70171, 0.123748
-0.953885, 0.696716
-1.32648, 1.68398
-1.64738, -1.84151
1.41942, 1.82867
1.35035, -0.891916
0.619075, -1.37524
0.762892, 1.0106
1.46105, -1.65648
1.08874, 1.39019
1.38995, 1.60839
-0.502838, 1.31618
0.567629, -0.521548
-1.36745, 1.40124
-0.152358, -0.536753
1.08631, -0.063541
-0.715648, -0.606297
-0.558364, 0.641272
0.0418211, -0.570146
-1.37099, -1.36513
-1.37715, -1.68063
0.835096, 1.01963
1.65753, 0.902384
-1.32848, -1.51735
0.924947, 1.55779
-0.894928, -0.485048
1.20664, -0.514293
1.22673, -0.39791
-0.871432, -1.03752
-1.88754, 0.617533
-1.24907, 0.818753
1.74316, 0.534221
-0.133904, 0.472388
1.62835, -0.782362
1.14531, 1.42227
1.23883, 0.596913
0.697746, -0.357749
-0.885847, -0.346881
0.515264, 0.731586
-0.794638, 0.821488
-0.38757, 0.340823
-0.465817, -0.618949
0.993467, -0.111428
1.41003, -1.47855
0.241571, 0.822164
-1.24131, -1.82789
1.88814, 0.404427
-1.68426, -0.444311
-1.81201, -0.588922
-1.8083, 1.62001
1.57679, -1.17146
0.300867, 1.60601
1.63906, 0.26854
1.0704, -1.20083
0.446355, -0.155203
0.389199, 2.10029
0.538358, -1.44451
1.3617, 1.60989
-1.60876, -1.34483
-0.734645, 0.318563
1.3542, 0.439015
-0.455641, -1.6862
0.301714, 1.35632
0.808564, 1.4306
1.95259, 1.20754
0.728526, 1.3102
-0.565234, -0.70326
1.40117, 0.33805
-1.79258, -1.38449
0.404062, 1.40561
0.476357, -1.57165
1.79191, -0.315547
0.827071, -0.532665
0.167229, 0.749522
-1.2668, 1.41759
-1.18421, 0.434155
-0.162771, -0.40344
1.50228, -1.45399
0.8342, 1.26721
-0.0508734, -1.78151
-1.38302, 0.0808575
0.626691, 0.739395
1.51554, 1.32994
-0.150763, -0.356077
0.61448, 1.2759
-0.581023, 1.25963
0.270824, -0.120757
-1.56591, 2.09306
1.44459, 1.66495
-1.1574, -0.344738
0.738999, 1.63065
-1.65891, 0.269096
0.418033, 0.439386
-1.93988, 0.462017
1.40376, -0.388747
1.249, -1.56966
0.70238, 0.766268
-1.51286, -0.226286
0.036262, -0.7863
-0.541065, 0.198245
1.5616, 1.60316
-1.67019, -0.40169
-0.315834, -1.17917
0.462296, -1.66454
-0.17608, -0.166986
-1.84048, 1.30757
1.55894, -0.562943
0.766138, -0.616405
-0.441707, -1.15832
1.40424, 1.18806
1.31547, 1.48308
1.62562, 0.200515
-0.295915, 1.25903
-0.937399, 1.17426
-1.39068, 0.701657
-1.24491, 1.46287
-0.439315, -0.460388
1.30663, 0.138031
0.339808, 0.692378
0.511789, -0.590923
-1.57816, 0.818315
-1.92493, 0.580287
1.27693, 1.38206
1.78588, 1.4549
1.3715, -0.728633
-0.44864, 0.492773
-1.15234, 1.41616
-0.326629, 0.305671
-1.16806, -1.78702
1.40888, 1.47012
1.18942, 0.307271
-1.44947, -1.50581
0.902783, -0.217316
-0.569498, -1.91871
0.576958, -0.867247
1.97976, -1.29247
-2.06236, -1.36124
-0.273272, 1.7598
-1.26494, 1.58342
-1.28449, 0.499071
-1.74794, 1.28641
-1.37117, -1.58539
-1.59809, -1.27865
1.67275, 0.407294
-0.217324, -1.73474
0.460098, 1.62183
-0.759743, 0.368011
1.52422, -1.7537
-0.397944, 1.43958
-1.21087, -1.1417
-0.620763, 1.71442
0.671631, -0.0902217
-0.0630064, 0.502757
-0.261446, 0.566193
0.763398, 0.486279
-1.63243, 0.728639
-1.18188, 0.880671
0.0277491, 1.49884
1.61132, 0.888694
-1.14683, -1.61596
1.50483, 1.17991
1.34171, -0.414633
0.938137, 0.288988
-1.44904, -0.499052
-0.961895, -0.240032
1.52662, -2.05255
-0.397647, -1.87542
-0.360925, -1.09196
-1.74686, -1.41427
0.748635, 1.433
-1.88369, 1.86882
1.04867, -1.85828
0.952032, 0.218694
-1.14896, 1.53589
-0.451982, -0.916529
-0.555173, 1.37409
1.25468, -1.49304
-0.372269, -0.397409
0.629693, -0.457418
-0.788929, -0.86933
1.07683, 1.87787
0.541795, -0.526371
-0.5428, 0.491227
0.36693, -1.57213
-1.48355, 1.23459
-1.28636, 1.27741
-0.913736, 1.49584
-0.612729, -1.16814
0.583907, 1.7302
0.412556, 0.412607
-0.666196, -1.58506
1.80253, 0.394417
1.39158, -0.401787
1.20858, 0.71821
0.0852587, -0.622065
1.5643, 1.38115
1.551, 0.48147
-1.57881, 0.716997
1.44524, 1.51727
0.805565, -1.81198
0.237051, 1.36663
0.638769, -1.67652
0.523395, -0.653767
-1.43569, 0.554909
1.25787, -2.02055
1.96871, 1.64605
-0.443435, -1.42771
-1.23409, 0.195734
1.4453, -1.11437
0.631757, -0.859389
-0.555384, -1.76193
1.21626, 1.18621
-0.344815, -1.63069
0.10307, 0.818608
-0.377673, -1.1989
1.97307, 1.57094
0.393953, 0.368028
-0.958179, 0.204311
-0.57842, 1.46752
0.0369592, 1.34958
-1.38773, -0.113555
1.47281, -0.438862
-1.40083, 1.68285
0.195648, 1.81891
-1.78448, 1.56894
1.85709, -0.444212
1.50592, -0.597259
-0.256083, 1.09065
-1.76751, 1.22849
-0.0254802, 1.81281
-1.62351, 0.200557
1.47388, -1.51186
-1.78027, 1.35419
1.42433, -1.67249
0.532271, 1.69364
-0.283624, 0.468035
-0.990446, 1.22416
1.2378, 1.51799
0.372584, 0.106984
-0.686915, 0.319879
0.990962, 1.51686
-1.68485, -1.23665
-1.72477, -0.531225
-0.174503, 0.201604
1.54769, 0.428088
1.34387, -1.87452
-1.35167, -1.05671
1.26402, 0.39003
1.7277, 0.516459
0.483266, -1.67097
1.2885, 0.128047
1.41496, -0.838644
0.832285, 1.0507
1.74639, -1.27896
-0.676893, 0.591422
1.41218, -1.63711
-1.47926, -1.18525
1.27366, 1.81274
0.496371, -1.88206
-1.62473, -0.87455
1.61035, 0.0445158
-0.560336, 0.414733
-0.405036, -1.82695
0.871469, 0.99338
0.732852, -0.607893
1.04374, 1.59213
-0.285785, 0.304913
1.55877, 0.250995
-0.403147, -0.89818
0.269368, -1.54611
0.415237, 1.48666
2.07957, 0.64237
-0.580441, -1.38841
0.415924, 0.662732
-1.50868, 0.374905
-1.82334, -1.4958
1.28005, 1.87632
-0.694392, 0.325487
0.375176, -0.899377
-0.773815, 0.419385
1.66388, 1.73409
1.1412, 0.767075
0.386182, -1.36084
0.384927, -0.571458
1.25207, -0.200075
0.464413, 1.54154
-0.783909, 0.334549
-1.68688, -1.98775
0.682531, 1.52289
-0.3726, -1.42755
0.36569, -1.60465
-0.436743, -1.83684
0.118891, 0.66015
-0.429369, -1.39848
-0.0281137, -0.513119
0.480765, -2.06798
-0.372437, -0.733261
1.25466, -0.844943
1.61817, -1.44454
-0.143262, 1.32621
-1.04504, 1.24224
-1.27179, 1.72744
1.22649, -0.329911
0.298463, -0.572939
0.371212, 1.51847
0.233786, -0.525374
0.549487, 1.23018
-0.804738, 0.461115
0.548219, 0.606887
1.03485, -1.26625
0.266912, -1.57993
1.87611, 1.56699
1.26551, 0.728439
0.973679, -1.46624
1.33784, 0.963583
1.09626, -0.204752
0.519778, -0.58302
1.98725, 1.85489
-1.54231, 1.41859
-1.35442, -0.448783
1.37262, -1.33594
-1.28284, 0.183055
1.84031, -1.59476
0.217322, 1.89637
-0.816285, 1.61711
-1.78768, 0.488121
1.09349, 0.346441
-1.91978, 1.62003
-0.150774, 1.84959
1.54846, -1.08619
-1.4196, 1.20202
-1.35338, -0.24565
1.12642, 0.517341
0.19292, -0.555777
0.303945, 0.362798
1.20236, 1.40508
1.80006, 1.62064
-1.42837, -0.0985998
-0.703806, -0.528025
-0.548574, -1.40237
-0.623821, 1.01249
-1.40829, -1.64678
-1.99813, -0.354056
0.214472, 1.49626
-0.660211, -0.460787
-1.5119, 0.939482
0.486367, -1.36036
-1.52495, -0.461811
-0.778794, 0.581684
0.308236, 0.354387
-0.370507, 0.839936
1.52147, 1.47254
-1.37699, -0.331183
-0.65716, 1.7585
-1.29463, 0.620381
-1.86805, 0.630455
1.34454, 1.62707
-0.207372, -1.52255
-1.26102, 1.51017
-1.64495, 0.541605
-0.650305, -0.620406
-1.71575, 0.0434416
-1.70546, -0.486733
1.66087, 0.92777
1.68603, 1.75913
0.553926, 0.182542
-1.11933, 2.015
-1.46705, 1.58978
0.279801, -0.881317
1.71003, 0.319338
-1.37567, -1.34245
0.688301, -0.477735
-1.32441, -1.29517
1.75634, -0.649794
-0.52436, 0.351581
0.699088, 0.445507
1.65246, -0.569819
-1.37179, -0.473185
-0.706154, 0.449859
1.707, -0.196368
-0.262999, -1.69726
-0.825672, -0.328035
-0.692921, 0.388798
-0.521678, 1.57881
1.59256, -0.448391
0.664198, 1.75778
0.424309, 1.15681
-1.31479, 0.166325
-1.69142, -0.834272
0.918085, -0.544333
-0.302496, 0.246021
0.870912, -1.66096
0.289581, -1.03776
-0.340903, 0.256086
0.615879, 0.237535
-0.59958, 1.72674
-0.29841, -1.55121
-1.62246, -1.36844
-1.28457, 1.76701
0.658786, -1.20033
-0.573095, 1.61965
0.441532, 1.85743
-0.864155, -1.58719
0.629554, -1.72774
-0.0754899, 1.29153
-0.426354, -0.532783
-0.759651, 0.669067
0.650376, -0.356332
-0.0562001, 1.40472
-1.91947, -0.0264074
1.12092, -1.23917
1.54705, 0.710909
1.80229, 0.417268
0.654155, -0.545763
1.40424, 1.36176
0.368197, 1.44899
-0.526402, 0.39849
1.44997, -1.63447
1.58854, -0.328403
-1.48895, -1.24301
1.84003, -0.406828
1.66715, -1.4988
1.73321, 0.588806
-1.37809, 0.869129
-1.60896, 1.08362
-1.04898, 1.73737
1.45097, 1.11623
1.65604, 0.665421
-0.627032, 0.751633
-1.89546, -0.693897
-1.84308, 0.442115
0.615407, -0.860352
-0.786973, -1.41095
1.67184, 1.65388
-1.90393, -1.24844
0.701177, -0.641259
-0.607103, 0.313451
-0.149394, -1.53519
-1.27683, -1.0535
-1.35992, -0.2598
-0.451949, 0.896227
0.594757, 1.51063
-1.19521, 0.523474
1.6671, -1.7771
1.72958, 1.71906
-1.16475, -1.44008
-1.87536, -0.531991
-1.96353, -0.756627
1.61572, -0.68233
-1.1774, 1.69615
-0.249602, -1.6183
1.56822, -0.531178
-0.2154, 0.530325
1.30365, -0.377667
-0.220373, -1.50436
1.62109, -1.56865
0.148979, 0.665979
-0.102001, 0.310024
2.30572, -0.603982
-0.629959, 1.76961
-1.75066, -0.956139
-1.44928, -0.631101
-1.28362, 0.0473762
1.57433, -0.312167
-0.673956, 1.51871
1.50218, 0.101089
0.32259, 1.46111
1.60294, -1.54289
-0.130231, 1.38506
0.693434, -1.22715
0.450742, -1.7722
-0.277215, 0.492198
-0.518255, 0.731379
1.65849, -0.631835
-0.432569, 0.577329
0.583572, -1.48964
-1.2468, 0.719481
1.56921, 0.412169
-0.785179, -0.440085
-1.38605, 0.304118
-0.373446, -1.56664
-0.862068, 1.54328
1.17867, 1.11187
0.615079, -0.37243
1.59379, 1.49815
-1.27737, 1.82176
0.401507, -1.49293
1.5554, -1.68023
-1.42248, 1.67413
-1.32067, 1.63477
1.50452, 0.446839
-0.84113, -1.73149
0.26914, -1.60438
1.83545, 0.23431
-1.1524, 1.64003
1.49424, 1.08753
-1.42541, -1.64867
1.19091, 1.29158
0.00458413, 1.3799
-0.811312, -0.530901
-1.21207, 0.970404
0.529312, -1.49929
-0.752433, -1.39525
0.640373, -1.99562
1.59714, 0.879947
-0.90221, 1.39149
0.508876, 1.01062
0.689918, 0.529228
-1.94467, -0.561031
0.232293, -1.15018
2.12112, 1.09464
1.20727, -1.04493
-0.549118, 1.60117
-0.231653, -1.51808
-0.106339, 0.698268
0.406628, -0.231661
-1.7851, -0.456598
1.37153, 0.32504
-1.11771, 0.56663
-0.626173, 1.4868
-1.62317, -0.531111
-0.172391, 1.72353
-1.52319, 0.705528
-0.781296, -1.48178
-0.242323, 0.503451
1.45267, 0.82134
-1.71095, -1.74001
0.834666, -0.681253
-0.523095, 1.38363
-0.606031, -1.53206
-0.59023, 0.270957
1.34484, -0.267811
0.676795, 0.571752
-0.624261, -1.15057
1.78921, 0.530396
-0.809445, 0.275542
-1.74435, 1.3735
0.199921, -1.47674
1.35729, -1.52948
-0.628124, 1.54634
-1.18701, -0.419164
0.420948, 0.890213
0.233604, 1.6049
-1.26227, -0.204264
-0.646133, 0.46676
-1.25223, 1.54048
0.918848, -0.550766
-1.15315, -1.30015
-0.153451, 1.74923
1.68895, -1.42788
1.34967, 0.478187
-1.39027, 0.265459
0.248487, -1.30708
0.30781, 1.62653
1.33542, -0.365336
-0.662549, -1.2862
-1.73132, 1.59837
0.0907092, -1.57027
-1.86336, 0.634309
1.73795, 0.505939
1.57056, -1.32202
-0.266508, -1.16522
1.85301, 1.58072
0.285491, -0.729062
1.51355, 0.426705
0.160222, -1.32409
-0.631366, -0.567495
0.568019, 0.737424
0.346972, 0.848381
-0.407674, -1.6247
0.455621, 1.61686
0.352561, 1.47544
1.39535, 1.19779
1.33806, 0.878737
0.571406, -0.588959
1.3139, 0.634662
1.21211, 0.459451
0.858131, 1.05087
1.66389, 1.62013
0.375739, -1.56707
1.81972, 0.637344
0.300713, -1.38172
-0.927179, 0.548185
1.33594, -1.79419
-1.61348, -1.86395
-0.51711, -1.58177
1.42318, 0.402485
0.469886, 0.980957
1.40941, 0.592034
1.63597, -0.861178
0.758434, -0.813728
-1.66705, -1.61447
-0.630967, -0.517603
1.64679, -1.23142
1.63554, 0.615584
1.75061, -0.824591
1.66797, 0.626809
-0.845561, -1.6071
1.37211, 0.430504
-0.735721, -1.70586
-1.83497, 1.5722
1.65864, 0.935187
-0.146125, -0.743373
-0.271688, -1.48296
0.185558, 0.207278
-1.58231, -1.54855
-0.365661, -1.85549
0.0836718, 0.696513
-0.250904, -0.538333
-0.626362, 1.77966
0.161388, -1.53152
1.50565, 1.60156
0.560293, 1.54513
1.29639, -0.604821
0.644784, -0.982032
0.653546, -0.0972475
-1.21254, -1.31653
-0.389988, -0.884422
-0.609516, -0.361215
-0.672693, -0.00312947
0.842638, 1.47142
-0.366409, 0.243679
0.648205, 1.43424
0.468491, -1.49397
1.60444, -0.625858
-1.7744, 0.467691
1.41776, 1.93116
-0.663042, 1.04837
-1.20328, -0.0677126
0.0846052, 1.52334
-1.74688, 1.48168
-0.462719, 0.65576
0.906586, 1.36949
-0.963471, 1.32014
0.52598, 0.6088
1.06992, 1.77128
1.43158, -1.83727
1.40618, -1.38124
1.47318, -1.61945
0.337901, -1.9077
-1.18528, 0.383668
1.88474, -1.57875
1.37804, 1.36111
0.282259, -1.81827
-0.760728, 0.204072
-0.259582, -1.99846
0.536658, -1.17075
-0.188589, 1.55106
-0.102266, 0.380608
0.681977, -0.161813
1.52096, -0.553038
-0.365677, 0.589332
-1.05676, -1.4501
0.948843, -1.62099
-0.0846341, 0.72355
1.48235, -1.78976
-1.76708, -1.14957
0.615928, 0.413786
-0.248104, -0.333147
-0.462548, 1.44544
-0.829815, 0.461206
-0.324839, -1.31648
-1.65168, 1.42525
0.468873, 1.50169
0.233386, -0.686978
-0.0828702, 1.51487
-1.61278, -1.63961
0.168729, 0.424104
0.248143, -0.669181
0.84894, 0.0621892
0.29216, -0.495267
-0.720182, -0.793692
-0.461232, -1.58267
0.202364, 0.595502
-1.33348, 1.39203
0.481404, -1.53609
1.4495, -1.89025
0.654896, -0.282383
1.09452, -1.77654
1.49069, 1.39127
-0.188802, 1.79213
0.67457, -1.66653
1.39394, 0.59114
-1.6378, 0.503054
-0.626852, 0.18536
-0.581829, -1.15316
1.63731, 0.339159
-1.82156, 1.73655
0.609949, 1.25049
0.47116, 1.39849
0.133131, -0.861409
-0.559949, -1.04749
0.620196, -0.228734
-0.51917, 1.84753
0.995668, -0.449914
0.294935, -0.830281
1.41338, 1.57847
1.53676, 0.755303
0.746131, 0.624371
1.16769, 0.710662
-1.43964, 0.126862
-1.80132, -1.38996
0.548117, 0.6163
0.670061, 2.10311
0.829987, -0.152876
-0.454067, 1.63717
-0.546631, -0.370415
-1.54819, 1.67955
-0.342115, -0.426504
1.00723, 0.628608
-1.2721, 0.415087
1.24178, -1.36796
0.764008, -1.56131
0.161717, -1.84023
-1.70335, -0.179502
-0.074934, 1.18478
-1.47349, -0.661597
-1.23522, -1.24766
-1.67349, 0.968879
0.0181121, -1.55448
1.22021, 1.77876
-0.397944, -1.87364
1.49862, 1.56246
-1.49524, -1.3192
0.71188, 1.64282
-1.38027, 0.853811
-0.168595, 1.58112
1.35367, 1.80097
1.33774, 0.352978
1.51124, -1.45283
0.809902, 0.777348
-1.40441, -0.934818
0.840915, 1.52945
1.33423, -1.55578
-0.624502, -1.01676
1.09108, 0.364427
1.67044, -1.27016
-1.32409, 0.468914
1.11518, 1.81818
-1.1466, -0.505854
-1.50042, 1.43051
0.615719, -1.82973
1.79785, 1.18073
1.6136, 1.64631
1.47712, -0.521017
0.413362, 0.732994
0.410355, -0.377868
0.970432, 1.83933
1.51621, 0.273374
2.00327, 0.3301
-0.671427, 1.22708
-1.65139, -0.383567
-0.902676, 1.92142
-0.207883, 1.41709
-1.31219, -1.32326
1.64497, 1.36495
-1.71491, 0.159196
1.48524, -0.745614
-0.208215, -0.795872
-1.43793, 1.42343
-1.50205, 1.38096
1.34391, 0.31691
0.289668, 1.59171
0.38947, 0.732422
0.67487, -1.3833
-0.62642, -0.655764
-1.66524, 0.372064
0.564679, 1.82089
0.817584, -1.60801
-0.521883, 0.544907
0.769558, 0.323423
-1.55317, -0.654631
-0.356039, 0.419483
1.44849, 0.551186
-1.7584, 0.514543
-0.160831, 1.38783
-0.790166, 1.46041
-1.21168, 0.123415
1.65496, 0.680283
1.73281, -0.809376
0.652207, 1.52706
-0.518385, 1.08338
0.259359, 1.10625
1.64158, -1.30605
-0.873044, -1.59788
1.35457, 0.767491
-1.46687, -0.824493
-1.2211, -1.62546
0.556167, -1.42909
0.498192, -1.86283
1.72907, 0.68127
-1.10452, 1.46612
1.17915, 0.522374
0.790191, 1.39489
1.75101, 0.391731
0.879815, 0.638042
1.77023, 1.84603
0.56369, 2.00753
-1.04651, -1.50586
1.14532, -1.36106
-0.843646, 0.210678
0.964383, 1.57478
-1.36277, -0.325264
1.73454, -0.697108
1.33954, -0.564578
1.58792, -1.42398
-0.755272, 0.988457
0.374692, 1.36619
2.11274, -1.27166
1.33499, 1.84307
1.57634, -1.79102
0.479803, -1.04699
-1.53427, 0.711808
1.25915, -0.845655
-0.473896, -1.18782
-1.23643, -0.604408
-1.57142, -1.18857
-0.459559, -1.48242
0.436843, -1.47604
1.50968, -1.22964
-0.578353, -1.1183
-1.58544, -0.41465
0.59381, -0.402152
-0.385774, 1.79134
0.146212, 1.39736
-0.814649, -0.494699
-1.87181, 1.39487
-0.218534, -1.70887
-0.429294, -1.67754
1.60119, -1.4757
0.666699, 1.68358
-0.222354, 0.894392
-1.24372, -0.984069
1.37755, 1.74276
-0.241607, 1.68817
-1.79387, 1.43891
-0.686939, -1.22724
-0.815996, 1.54131
-1.53716, -0.708012
-1.19197, -1.6438
-0.76079, 0.554712
1.54245, 1.32647
1.03488, 1.58116
0.530275, 0.53525
0.634498, 1.43263
-0.790667, 1.85134
0.553747, 0.321949
-0.440752, -1.04962
-0.442916, 0.358736
-1.46746, 1.54228
0.652008, 1.70152
-0.589805, 1.52146
0.63819, 0.80424
-0.646821, -1.72561
-0.855815, 1.96008
1.78634, -0.317231
-0.596171, -0.389516
1.74464, 0.468809
-1.45638, 0.81707
0.25971, -0.84436
0.632054, 1.53112
-1.35179, 1.95997
-0.521096, -1.58855
1.6563, -1.48156
-1.78609, -0.251364
-0.289452, -1.66528
-1.36474, -0.803879
1.47082, -0.895649
1.72304, 0.670895
-0.62452, 1.85592
1.7839, -1.2329
1.56061, -1.72614
0.42136, 0.229735
1.59587, -1.37338
0.727383, 1.08097
-1.22313, 1.66729
-1.81258, 0.313429
0.126333, -0.385438
-0.512761, -1.82266
0.603889, -1.631
1.25459, 1.38049
1.60088, 0.936533
-1.22366, -0.637739
1.84316, -1.70506
1.56926, 1.64061
-0.405081, 1.33011
-1.34995, 1.76294
-1.43815, -1.7716
-1.03512, 1.29996
0.63347, 0.464966
1.93336, -0.587674
0.557515, 0.00645244
-0.444345, 1.22138
1.46111, 1.70517
-0.247255, 0.809416
-0.414086, -1.50064
-0.295877, 1.34997
0.80705, -0.583903
-0.965795, -1.67342
1.37918, 1.36584
-0.152706, 0.586014
0.226757, -0.287434
0.58262, 0.44958
-0.0631093, -0.168771
0.713796, -1.67366
-0.247903, 0.687213
0.209617, -0.373969
1.50595, 0.600919
-0.59653, 0.240757
-0.776525, 1.01906
1.41722, 0.871644
1.0397, 0.383571
0.623235, 0.603816
-0.745091, 0.265785
-2.109, -0.515051
-1.51497, 1.30405
-1.06852, 0.342361
-1.55807, -0.542266
1.16723, -0.164955
-0.514422, -1.37126
-0.36327, 1.27534
1.34965, -1.6505
-1.55713, -1.61513
-0.683394, -0.572416
0.339718, 0.158777
1.29399, -0.187298
-0.848395, -1.24706
-0.410812, 0.774674
0.627799, 1.78337
0.379579, -1.40636
1.58755, 0.115671
-1.68698, -1.5333
0.520727, 0.735837
-0.675391, 0.672423
-0.641935, 1.14467
-1.76522, 1.43243
-0.297595, -1.4793
-1.24126, -0.717529
-0.316688, -0.862887
1.40249, -0.646956
2.034, -0.0556764
0.406132, 1.29748
0.192567, 0.148959
-1.63791, -0.24746
-1.49993, -1.38308
1.65634, -0.622784
-0.732209, -1.14969
-0.348695, 0.316786
-0.699535, 1.26709
0.744575, 1.72022
0.565454, 0.493183
-0.376139, -1.65487
0.234655, 0.378169
-1.16062, 0.570673
-0.837932, 1.83034
1.06737, -1.72546
0.3927, -1.56286
-1.36239, 0.592995
-1.51772, -1.26211
1.24999, -0.388044
1.23374, -1.35637
-0.81977, 1.71491
0.0440435, -0.540142
-1.58477, 0.561104
0.319393, 1.25675
-1.65686, -0.317134
1.47072, -0.343105
1.59721, 0.207599
1.56334, 0.487374
0.812287, -1.42211
-0.913416, 0.968639
1.47179, 0.524392
-1.61465, 1.00163
-0.125807, 1.27388
1.33153, 1.79784
0.350669, -0.322784
1.48509, -0.136795
1.81428, -0.408896
-1.52832, -0.615508
-1.82867, 1.61596
-0.706195, -1.68376
-1.31593, -0.639332
-0.21129, 0.57088
1.60619, 0.294802
0.767675, 1.60689
-1.37185, 0.401679
-0.61482, -0.680776
0.379585, 0.547766
-0.310939, -0.968445
1.95289, 1.62957
-1.03991, -1.60211
1.47207, -1.88127
0.493613, -1.33412
1.03132, 1.64993
1.78766, 0.819243
0.114579, -0.651787
0.62557, 1.52827
-0.721797, 0.62031
-1.23745, -0.550696
-1.45547, -1.53367
-1.24187, 1.29021
1.51296, 0.373044
-1.37036, -1.24136
-1.18045, -1.30371
-0.190958, 0.554647
0.788593, -1.61663
-1.7823, -1.5056
-0.0433574, 0.790984
0.324865, 0.458144
0.466543, 1.44059
-0.32566, 0.494335
-0.300537, -1.29274
1.53171, 0.231945
-0.376603, -0.425181
1.56486, -0.766179
1.41599, -1.74604
-0.402227, 1.57964
1.68572, -1.55988
1.20011, -0.121892
-1.02155, 0.638029
-0.812926, 1.42931
0.479606, 0.277532
-0.355212, 0.2859
0.265749, -1.3738
-0.625479, 0.588251
-1.17115, 1.46874
-1.40879, -0.948024
0.45727, 0.405459
-1.62648, 1.56406
-1.36162, -0.624131
-0.455284, -0.641158
-0.38552, -0.389492
0.960033, -1.83426
0.620115, -1.74339
-0.681065, 1.5195
-1.36212, 1.51476
-1.48258, -1.4255
0.720791, -0.428399
-0.560284, 1.83173
0.221563, 1.50773
-0.886707, 0.0969797
0.249649, -0.888762
0.449921, 0.171015
0.447286, 1.35385
-0.540688, -0.42522
0.826562, -0.372967
1.47747, -0.364948
1.19099, -1.93025
1.1512, 1.59413
-0.0184004, 0.576137
1.35467, 0.421465
1.2303, -0.386107
0.4558, 0.714045
0.575056, -1.76901
0.483894, 1.45336
-1.73971, 0.170223
0.623331, 1.3193
-1.38506, 0.589671
1.64851, -1.88616
0.972907, -1.26097
1.1437, -0.47571
-0.561716, 0.696274
-1.46534, 0.229183
0.244849, 0.130604
1.54831, 0.413578
-0.475714, 0.404361
0.773348, 1.5085
1.19162, 1.51733
0.79213, 1.3132
1.78814, 0.0871708
1.48877, 1.46243
0.824237, 0.299774
-1.35703, -1.39193
-1.71885, -1.68584
-0.829151, 0.250617
-0.876713, -0.754239
-1.76506, -1.63098
-0.508068, -1.39916
0.677435, -0.788184
-0.497543, 1.59324
0.722494, -1.38415
-1.14065, 1.32937
1.36235, -1.09822
1.5378, -0.255853
-1.78337, -1.7723
1.6854, -0.308617
1.57317, -0.0812992
0.217299, 1.56482
-0.701727, -0.270957
-1.28838, -0.694966
-0.388502, -1.39105
0.496689, -1.47249
-0.468061, -0.832871
0.8577, -0.405144
0.170359, -1.83867
1.39661, -0.286362
1.61752, -1.39924
-1.50627, -0.800327
-1.49265, -0.535801
0.151699, -0.535109
0.702752, 1.51623
-1.63673, -1.2002
1.23631, 0.671635
-1.70376, 1.73172
1.10897, -1.65895
1.88833, 0.34382
-1.31843, 1.05055
-0.312823, 0.505846
-0.772479, -1.47851
0.718704, -0.584335
-1.45828, -1.59921
-1.29617, -1.23145
0.610054, 1.7971
-1.36782, -0.0383863
-0.523693, 0.497131
-1.41356, 0.631183
0.00315401, 0.269404
0.356939, -1.39262
-0.280884, -1.196
-0.603941, 0.512731
-0.503635, -0.487041
-1.4089, -1.60838
1.88375, 1.31659
-1.04982, -1.37848
-0.457924, 0.39951
-1.47051, 1.04878
-0.393353, -1.76722
1.28732, -1.22824
-0.528103, -0.0416209
-1.57746, 0.615735
-0.603783, -1.49935
0.717123, 0.43007
-0.654222, 1.43554
-0.384544, -1.09319
-0.302451, -1.25703
1.83613, 0.68019
-0.442553, 0.803056
1.53922, 0.246634
-1.72652, -0.619455
0.00906058, 0.904565
-0.812375, 1.42412
0.519604, 0.543599
0.322645, -0.295312
-0.534824, -0.239056
0.475233, -1.46512
-1.42456, -1.50956
-1.79486, -1.68764
1.09008, 1.66924
0.0539867, 0.649118
1.54686, 0.628638
0.31321, -0.634119
0.560874, 0.483722
0.358311, -0.466895
-0.364257, 0.272081
1.18745, -1.68631
0.895991, -1.30485
1.00689, -1.55445
-1.36235, 1.96623
-1.27829, 1.07432
-0.614313, -1.34485
1.57623, 0.511971
0.764762, -1.81944
1.37627, -1.74049
0.596164, -0.534356
0.652281, 1.83967
-1.20068, 0.413445
0.570732, 1.26597
-1.7603, -0.302084
1.42676, 1.22889
0.256068, -1.57776
1.85164, 0.935684
-0.525502, 0.853649
-1.94825, 0.740791
-1.58487, 1.37953
0.746012, 1.73428
0.3947, -0.224136
1.42628, -1.82924
-0.583189, 1.22513
-1.29416, 1.58251
1.51153, -1.47979
-0.684494, 0.322966
-1.26698, 1.85903
1.78968, -1.10773
1.23722, 0.698543
-0.700148, -0.588755
1.43042, -0.334561
-1.45482, 0.512735
-0.146184, 0.301149
1.6434, 1.20809
-0.558824, 0.904131
-0.502873, 0.538369
-1.4154, 1.7503
0.472729, 0.442335
1.14107, -1.34731
0.798282, 1.28906
-1.47223, -0.636511
-0.0843667, -1.66081
1.52485, 0.426769
0.303021, -0.0775299
0.826625, 1.28697
0.937675, -1.7379
-0.0892469, -1.97137
0.465535, -0.474949
1.38884, 1.32069
1.35453, -1.61427
1.67652, 1.4754
-0.498123, 1.0695
1.29469, 0.965364
1.4526, 0.257248
-0.849323, 1.5483
1.77401, 1.66302
1.64667, 1.99523
0.337465, 0.979929
0.239277, -1.92703
0.227703, -2.10313
0.660003, -0.425107
-1.38287, 0.639717
0.481895, -1.5113
-1.2895, 0.563225
0.599901, 1.80427
0.504586, 1.71593
0.790656, 1.49866
-0.436237, -1.80336
1.49572, 0.487503
1.78006, 0.905416
-0.502139, -1.33724
0.586279, 1.39652
-1.56269, -0.504244
-0.588198, 0.556441
1.0061, -1.51108
0.692805, -1.38738
1.32992, 0.876432
1.09871, -0.126198
0.873394, 1.19794
1.52929, 1.3676
0.319682, 1.37883
0.711141, 1.27714
1.50911, -1.31721
-1.28093, -0.684594
1.43273, 0.518575
-1.53847, -0.309555
-0.465986, -0.953775
-1.59987, 0.329114
-0.285454, -1.57699
0.656343, -1.36793
0.538793, -1.38455
0.404372, -0.21128
1.70238, -1.63379
-0.690491, -1.38309
1.41394, -1.67625
1.10761, 1.29181
1.75822, -1.74895
1.52009, 0.326461
-0.292616, 0.788682
-0.607208, -0.426755
-0.37837, -1.52923
-0.0673171, -1.16432
-0.409953, 1.79681
1.17384, 0.147712
0.312028, -1.50801
1.38237, 1.77611
-1.33158, -0.669147
0.48845, -1.3459
-1.56229, -0.720167
0.608374, 0.811067
-1.78262, -1.83332
0.459118, 0.468093
1.09188, 1.53435
-1.28788, 1.64851
1.88802, 0.319114
1.14186, 2.05685
-0.541056, -0.726554
0.735586, 0.426478
1.63301, 0.562971
0.685262, -1.31276
-0.774414, -1.57477
1.60375, -0.387822
-0.951018, -0.515613
-0.584009, -0.456429
0.5369, 1.5569
-1.67415, 1.42588
-1.77795, -0.186441
1.22957, 1.4731
1.75175, -0.68857
-0.803475, 1.53983
-0.585587, 0.25726
-1.34158, -0.304721
-1.2104, 0.361086
-0.3789, -0.667833
-0.077478, 0.494364
-1.42316, 0.359529
0.203975, 1.80925
1.25552, -1.78118
0.316729, -1.42618
-0.778722, 1.63104
0.345828, 0.662578
1.47812, -1.29708
1.84133, 1.35864
1.30316, 0.372519
-1.41277, 1.65549
1.22037, 0.29966
1.80935, -1.53603
0.463883, -0.613471
-1.53512, -1.39085
0.538762, 1.68661
0.386401, -0.964092
-0.861289, 0.265023
-0.452037, 1.21891
1.76901, -0.449448
0.301651, -1.22071
-1.13819, 1.4455
0.473398, 0.567495
0.716506, 1.48026
-0.524865, 0.355154
0.78143, -0.329137
-0.266112, 1.01237
0.748341, -0.62487
0.417725, 0.237321
1.2695, 0.162508
1.31824, -1.5835
0.487261, 0.254444
-1.45328, -1.67243
-0.494463, 1.55356
-0.384976, 1.56237
0.78495, 1.51365
-1.33597, 0.515578
1.20359, 0.555857
-0.554317, -1.63822
-1.87353, 1.52673
-0.24303, 0.128273
-0.812119, -1.59034
-0.538201, 0.394394
0.333403, 1.82977
1.2837, 1.09931
-0.683462, -0.514609
-1.70316, 1.33059
1.61199, 0.564726
-1.05379, 1.51741
0.34459, 0.32132
1.45244, -0.5728
0.523323, 1.34057
0.269123, -0.405022
1.55529, -0.864107
0.984614, -0.923134
1.35961, -0.451462
0.509348, 1.5365
-0.705198, -0.921003
0.455261, -1.83097
-0.89376, -0.560014
-0.635932, -1.02627
1.69621, 1.90017
-0.137385, 0.593267
-1.09807, 1.25188
-1.50828, -0.54828
-1.10888, -2.04838
-0.545472, 0.874525
1.55209, -0.365015
-1.39983, -1.20744
0.660913, 1.46485
-0.413255, 0.25287
0.152543, -0.661604
-1.39479, 1.23484
-1.59604, -0.0187451
-1.28133, 1.05693
-0.492565, -1.7539
-0.432822, -1.7379
0.168395, 0.698908
1.29593, 1.38186
1.761, 0.65609
0.330849, 1.31554
0.729324, 1.7466
1.90376, -1.47235
-0.543023, 1.7625
-1.19715, -0.106141
0.463728, 0.551225
1.74854, -1.2987
0.589679, -1.47218
0.700321, -1.64664
1.97901, 0.320441
-0.763053, 1.44762
-0.313679, 1.71024
-0.207577, 0.46452
-1.80448, -1.42053
-1.68884, 0.247327
-0.667095, 0.577637
1.59837, 1.88766
1.83868, 1.03546
0.307295, 1.58887
0.564605, 1.91117
1.66384, 0.727088
1.13494, -0.104448
-0.492034, 1.57341
-1.49931, 0.644827
-1.34475, -1.64812
1.29815, 1.46261
-0.560042, 0.775277
-1.47983, 0.227051
-0.457459, 0.0572652
-0.425113, 0.512836
-1.68587, -0.690415
-0.429125, 1.42527
-1.83217, -0.145931
0.428717, 0.0433776
0.609876, 0.314631
-1.76243, -0.304746
1.00771, 1.65762
1.50988, 0.416642
1.70642, -0.5238
-0.791132, -0.508092
-0.555992, -1.90636
1.56671, 0.695774
-0.719473, 0.864457
0.65828, 1.39361
1.2052, 1.4691
1.11379, 1.66179
-0.735227, 0.419317
1.46537, -1.22637
0.635613, 1.47834
1.37952, 0.794544
1.73436, -0.473299
0.464148, 1.49188
-1.55362, 0.451542
1.55758, 0.373972
1.52992, -1.20535
0.193207, -0.00618746
0.412186, -0.343622
-1.51211, 0.545462
-1.14886, 0.971721
-0.0593537, -0.999038
1.59375, 1.57038
0.267815, 0.532811
1.01769, -0.29792
0.983242, 1.81231
1.73582, -1.41197
0.687029, -1.30437
-0.657664, -2.02491
-1.88543, -1.21582
0.824826, -0.103633
0.543273, 1.56489
1.81262, 2.18359
-0.993023, -0.0950261
-1.63859, 0.479358
0.279075, -1.18568
1.07994, 1.65789
-1.50832, -1.60164
-1.64762, 1.53426
-0.277221, 1.38375
-1.52235, 0.564358
1.27285, 0.804098
-1.13787, 0.303692
0.430299, 1.65967
-0.510191, 1.24978
0.34769, 1.51766
-1.09879, 1.53315
-1.40787, -1.31034
1.95166, -1.01783
-0.575587, -1.72616
-1.43413, -0.799735
0.392848, -1.73307
-0.415771, 1.60053
2.05828, 0.615317
-1.00775, -1.5305
-1.83888, 1.51819
0.998532, -1.04037
-0.325368, -0.720767
-0.433559, 1.3985
0.897244, -0.23867
-0.418306, 1.85416
0.693011, -0.556215
-0.922164, -1.66415
0.82303, -1.88841
-0.0636189, 0.732164
0.681768, -0.73862
-1.30449, -1.33632
0.945259, -0.853449
0.29938, 1.3639
-1.47078, 1.79084
-1.55495, -0.880112
-0.798822, -0.713989
-1.66219, -0.269918
-0.222558, -1.8635
-1.9083, 1.40351
-0.45228, 1.53418
0.991312, -0.129147
-0.860017, 0.868798
0.682546, 1.14133
0.234852, 0.807673
-1.60808, 1.36801
-1.373, 0.295419
-1.57068, 0.0391206
-0.346346, -0.313888
-1.54486, -1.55095
-0.353821, 0.609535
-1.44346, -1.49986
0.94648, -0.398078
0.638296, 2.18661
1.84121, 1.29899
-1.65974, 0.967519
-0.388303, -1.3626
-0.783745, -0.746775
-1.46039, -1.69102
1.18188, -1.54662
-1.47117, -0.963858
1.50884, 0.481995
-1.18857, -0.742069
0.248806, 0.871541
-0.0456316, 1.57709
-1.41421, -0.00362155
0.655532, 1.30083
-1.62153, 0.528624
0.671587, 1.43843
-1.32149, 1.19993
-1.54624, 1.00594
-0.822922, 0.720088
1.56643, 0.493837
1.37943, -0.238203
-0.280296, 0.827483
1.84436, 0.454827
0.821398, 0.64383
1.22677, -1.54273
-0.439463, -1.3034
-1.82389, -1.49698
1.67769, -0.689254
0.651673, 1.0757
-1.59491, -1.46794
-0.247226, -1.38697
-0.0549411, -1.77495
1.52559, 2.05498
-0.551348, 1.44069
-0.652113, -1.71456
0.961442, -0.674902
-0.586675, -0.622048
-0.381349, -1.03561
0.371366, 1.4737
-1.29094, -0.858313
1.35204, -1.19546
-0.412041, -0.0974774
1.45626, -1.95859
0.513351, 1.71518
-0.0246747, 0.617805
-0.573851, 1.52039
-1.70798, -1.69451
1.45552, -0.729235
-1.05303, 0.359968
-1.68304, 1.55161
-1.67823, 1.5928
-1.41137, 0.139849
-1.58568, 0.586916
-1.76178, -0.334793
1.36501, -1.21839
-0.821065, 0.409988
-1.78952, 0.0440768
-0.520241, -1.28697
-1.19145, -0.383661
-0.503803, -1.78753
-0.554507, -0.59338
-0.351422, -0.358869
0.742495, 0.290736
1.26053, 1.34835
1.2714, -1.89414
-1.85703, -0.852093
-1.42781, -0.412103
0.337493, 1.4206
-1.40383, 0.127894
-1.33508, -1.32788
-1.43921, -0.0510975
0.39122, -0.626943
0.541125, -0.0101333
1.25342, -0.722436
1.62812, -1.52176
0.261813, 0.525117
-1.5796, -1.75394
0.489856, 0.916578
-1.91114, -1.65993
-1.69477, -0.318541
0.441482, -1.48336
-0.488398, 0.0729245
-1.49619, -0.856598
0.330564, -0.750115
-1.79747, 0.729627
0.122074, 0.625874
1.68612, -1.55994
-0.502339, 0.372457
-0.934104, -1.18974
-0.806087, 1.40051
0.235427, 0.375428
-0.42979, -0.627542
-1.93021, -1.87877
-0.648042, 0.759461
-0.56883, 1.92973
1.39898, 0.446767
-0.97683, 1.37579
0.448134, 0.838663
0.211456, 0.678112
1.75786, -0.84292
1.5725, 1.77421
-0.134474, 1.64357
0.0933528, 0.327208
-0.230536, -0.384519
-0.918997, -0.589323
0.250862, -0.315662
0.404804, -1.43448
-0.644079, 1.52827
-0.370845, 1.46944
1.42008, 0.0611951
-1.58576, -1.64135
1.43487, -1.08206
-0.579379, -0.859951
-1.89938, -0.595095
-1.78968, -1.45274
1.30048, 0.529637
-0.554356, -1.63344
1.83123, -0.918108
1.26615, 0.179522
-1.47448, -0.507993
-1.55203, -0.581895
-0.248019, 0.0124302
1.59489, -1.74684
0.377512, 0.343748
-1.20499, -0.57223
-1.80603, -1.6059
-0.360423, 0.0369106
1.33957, 1.42728
1.52316, -2.03544
-2.06454, -1.80474
-1.56905, 0.490746
0.114341, 0.814861
-1.78418, -2.06497
0.118479, 0.570199
1.55741, -0.400608
0.366671, 1.23753
-1.72032, 0.181309
-0.0206615, -1.88154
1.63445, -0.944663
0.388742, 2.15349
0.158167, -1.37435
1.60171, -0.363398
0.336957, 0.500107
-1.04083, 1.23638
1.77146, -1.40516
-0.487542, -1.35297
-0.207585, 0.449533
-1.34057, -0.35728
1.88286, -1.27604
-1.9191, -0.412667
-1.53858, 1.50128
0.733413, 0.226364
-0.129739, 1.50965
0.482414, -0.387731
0.34975, -1.59148
1.35288, 0.951916
1.60823, -1.1012
0.329531, -0.743103
0.599675, 0.839307
-0.355587, 1.6106
1.47201, -0.807441
1.70388, 0.169152
-0.327824, 0.56704
-0.575496, -1.68962
0.785218, -1.4065
-0.280759, -0.509327
0.448288, 0.324739
0.313278, -1.4657
0.87482, -1.91532
1.61177, -0.926289
-1.66822, -0.245297
0.994708, 0.333946
0.797404, -1.42468
-1.37069, -0.145151
-0.344072, -1.49124
1.35301, -0.325634
-1.51279, 0.593904
-1.35638, 1.46891
1.66599, 0.183689
-1.39457, 1.66085
0.909227, -0.487854
-1.55165, 0.189416
-0.0853859, -1.30662
0.589418, 1.43608
0.478021, 1.26728
-1.54139, -1.11533
1.52753, 0.970098
0.32706, -1.62329
1.64135, 1.61029
-0.661713, -1.91316
-1.98259, -0.109259
-1.64631, 1.62295
2.04186, -0.0183173
-1.44535, -1.15545
-0.423374, -1.54494
1.71513, 1.66212
-0.735687, -0.296377
-0.81154, 1.15345
-1.72446, 1.47998
-0.0918999, 0.720155
-0.916999, 0.792953
0.598251, -1.44879
1.32115, -1.40739
-0.226029, -1.77263
0.283355, 1.34457
-1.80111, -0.292655
0.796765, 0.619118
-1.61552, -0.48555
-0.42171, 1.57389
-2.03193, 1.9025
-1.73114, -1.90132
0.486952, 0.404599
-0.813233, 1.54179
1.5637, -0.953223
1.79726, 1.90683
-2.09112, 1.01735
0.758138, 1.3311
0.466755, 1.40937
0.195573, 1.04641
-1.60461, -1.18778
-1.81562, -1.37763
1.94281, 0.432837
-0.935104, 1.45122
-0.57935, 0.659688
-0.711695, -0.285846
-0.553817, 0.545836
1.95025, 0.372556
-0.36899, 1.88206
-1.49925, -0.205769
-1.07736, 0.679114
-1.0094, -0.641221
-0.607676, 0.11557
0.875883, -1.58878
-1.45155, -1.60426
-0.610405, 0.475984
0.692769, -0.707392
-1.3218, -0.725949
-0.152467, 1.69214
-0.325453, -0.571043
-1.27095, -1.49453
-1.44287, 1.83154
0.438806, -1.22126
-0.43281, -1.99699
1.5992, -0.288978
-1.32158, -0.211691
-1.34772, 0.518948
0.979694, -0.572946
-1.48021, 1.75178
1.73005, 0.0520933
1.78792, 1.13652
1.2317, 1.55579
1.93544, 1.54842
-0.02816, 1.65376
-0.45543, 1.52774
-0.320782, -1.34644
0.529304, -1.7462
-0.166371, -0.481232
-1.35066, 0.436904
1.45292, -0.32077
-1.35504, -0.179197
0.0844756, -1.13012
-0.197048, 1.39537
-1.65306, -0.32239
1.11291, -0.948376
-1.51949, -0.5184
1.92602, -0.678
-1.66002, 0.660502
1.42393, -0.655685
0.396159, 0.203778
-0.523081, -0.664088
0.284926, -1.84978
-1.16131, -0.378914
-1.5334, 0.278287
-1.18143, -0.204933
-0.416194, -1.0639
-1.17646, -0.677597
-0.533826, 1.23148
0.235216, 0.401991
-0.653605, -0.482121
0.696601, 1.54401
-0.253414, 0.532037
-0.387671, -1.64544
0.823647, 0.256608
-1.43657, 0.72172
0.98922, -0.605918
1.59144, -0.539434
1.5964, -0.0116534
-0.591424, 0.669741
1.14946, -1.5853
0.32222, -0.400568
-1.07246, -1.10503
-0.16702, -0.314849
-1.54273, -0.580828
1.29814, -1.62456
-0.36749, 0.484551
0.275547, 0.453803
0.66701, 2.01327
-0.276382, 1.39967
-1.2185, 1.18487
-0.309893, -0.247549
0.488806, 1.60111
-1.86479, -1.32621
-0.75944, 1.45924
-0.895695, -0.386285
1.26947, -1.61193
1.93981, -1.48292
-1.51522, -0.404077
1.50974, 1.56276
-1.99927, 0.897176
-0.138116, -0.399527
1.83947, -0.516559
-0.750608, 1.04356
-0.391916, 0.898464
-0.616169, -0.411593
-0.0144399, 0.637082
-0.0668017, 1.35687
-0.866221, 1.24536
-0.720269, 0.995254
0.154883, -0.574591
-1.2321, -1.62147
1.28923, 0.739224
-0.426361, -0.0638619
-0.0914383, -1.6936
0.520925, 1.69511
0.604175, -1.65394
-0.81083, 1.078
0.608415, 1.3808
0.670655, 0.451618
-0.3174, 1.56718
-1.5009, -1.22677
1.31457, -1.71078
1.63357, -1.96523
1.61581, -1.47941
-1.7702, -1.15674
1.49726, 0.86417
1.54562, -0.814379
-0.389685, 0.406952
1.55557, -0.592385
-0.746104, 1.55699
0.613154, 0.555299
-1.24381, 0.588822
0.519307, 1.74451
1.74508, 0.464236
0.0261822, -0.509483
0.561967, 0.0960351
-1.77144, -0.444494
1.70126, 0.823702
-1.34848, 0.742259
-1.53889, -0.801722
-1.4191, 1.24594
0.370966, 1.34566
1.10422, 1.19601
0.560332, 1.16987
1.30709, 1.6723
1.08458, -1.17748
-0.0128045, -0.145251
1.36576, -0.667104
1.34249, -1.70222
1.53827, 0.393634
-1.34835, -1.6016
0.548532, 0.44501
-1.31366, -1.44822
1.66274, -1.06725
-1.47274, -0.593919
0.457286, -0.248254
-0.363131, 1.54235
0.590205, 0.644575
-0.316123, -1.5007
0.113182, 1.93418
0.661285, 0.0750405
-0.13555, 1.58276
1.6339, 1.38273
-1.40337, 0.169814
-1.52826, 0.475078
0.442611, 1.1496
-0.368711, -0.048278
-1.44724, -1.33714
0.374949, 0.3012
-0.511893, 0.755408
0.28697, 0.494982
-1.48166, 0.454463
-0.493464, -1.67895
1.28325, -0.890677
1.7215, 0.679066
0.557938, -0.483979
-1.64291, -1.43478
-1.19516, 0.264011
-0.437006, -0.480616
1.42931, -0.718242
0.644042, -0.671744
-0.578685, -1.62944
-0.718725, 1.45461
-1.68117, -1.63241
0.368878, -0.467068
1.14547, 0.573986
1.06155, -2.03541
1.64034, 0.727831
1.66087, -1.56071
-1.21014, -1.7541
-0.504864, 1.42802
-0.295072, -0.269239
1.32118, -0.372997
-0.944575, -1.22416
-1.23823, -1.49197
0.11904, 0.355628
1.10486, 0.236243
-0.845284, -1.65884
1.26874, -1.34213
1.07992, 0.0502476
-0.501125, 0.356955
-0.388603, 1.23089
0.0496058, -0.949694
-1.32185, 1.37241
0.61815, -1.37058
1.54748, 0.457545
1.32844, 1.74263
-0.920987, -0.349454
-0.723105, -0.400519
-0.80979, 0.187125
0.517522, 1.42962
-0.624949, -0.848884
-0.414095, 1.10758
1.1632, 1.69859
-1.33009, 0.767706
0.361902, -1.57944
-0.388182, 0.447379
-1.16107, 0.773229
0.671376, -0.51813
1.22721, -1.4519
-0.468392, 1.40971
-0.537657, 1.32871
1.6556, -1.34961
0.591839, -1.32536
-1.79284, -1.57451
-1.53033, -0.339119
-0.643064, 1.20562
-1.58265, -1.64907
0.524537, -0.221193
-0.647535, 0.490089
-1.72475, -1.54066
-1.71852, -1.71775
1.94197, 1.74614
-0.411018, 0.91733
-0.270346, 1.85982
-1.68089, 2.02045
1.64926, 1.93086
-1.25362, 0.477647
1.74598, 1.71111
-1.86271, -0.555326
0.0867184, -1.42527
-0.252802, 0.364199
-1.63119, -1.70005
1.86818, -1.314
-1.7798, -0.490742
-1.23172, 1.19352
-0.167979, -1.65654
-1.76137, -1.60064
-0.853911, 0.261181
1.40802, 1.87232
2.02895, 1.69073
-0.806571, -1.5566
0.421584, 1.36204
0.50476, 1.15924
1.59385, -1.54987
0.880614, -0.590002
-1.65758, 0.467709
-1.20625, -0.83893
0.819771, 0.862148
0.600231, 1.30304
0.576031, 1.12822
-0.293483, 1.87136
-1.64483, -1.84303
-0.695704, -0.776316
1.00423, 0.495881
1.69191, -1.38989
1.35123, -0.236675
-1.4371, -1.17184
-0.240515, 0.310544
-0.393391, -0.213592
-1.62206, -0.574431
-1.25078, -0.622239
-1.29883, -0.739651
-0.14687, -1.28473
0.280267, -1.77126
-1.48192, -0.591848
-0.868543, -0.74319
-1.6806, -1.2524
-0.282052, 1.63609
1.38697, 0.25402
1.13212, -0.337557
-0.885266, 1.89906
0.425665, -0.0662585
0.629355, -1.01886
-1.00128, -1.24448
0.190965, -1.35731
-1.64776, -0.353504
-0.201474, -0.793587
-1.18196, 1.6256
1.88459, -1.56058
0.705138, -1.24613
-1.60777, -1.37938
1.76962, 1.51124
1.30895, 1.55999
0.641984, -0.741374
0.558683, -1.78176
1.33979, -1.48029
1.2959, 0.31672
-1.34177, 1.11843
-1.5927, 1.11854
-1.50918, 0.386165
-2.12455, -1.48897
1.79673, -0.477941
1.08064, 1.81826
-0.0191523, -0.870859
-0.613435, -1.50774
1.02478, 1.38368
0.99646, -0.316959
-1.49158, 1.71954
0.799898, 0.391681
1.51041, -1.84205
-1.56383, -0.693663
0.938282, -0.884518
0.191561, 1.89794
-1.70375, 0.334775
-0.833495, -1.42649
-1.3501, -1.7911
0.18012, 0.304019
0.843735, 1.3111
1.30247, 2.23572
1.54611, 1.53101
-1.60147, -0.415822
-1.55408, 1.56553
1.26837, 0.642379
-0.713537, 0.366666
1.73939, 1.58841
1.44028, 0.940636
-1.08923, 1.67938
0.383489, 0.328183
0.0079965, 1.7658
-1.20453, 1.7087
0.44438, -1.61876
0.67626, 0.673153
0.312826, -0.623874
1.35384, 1.29388
-1.40108, -0.1146
1.65418, -1.81028
1.24874, -0.17298
-0.319224, -0.388639
0.390086, -0.391408
0.247493, -1.63124
0.827606, 1.70268
0.745531, 1.35702
-0.766133, -1.53709
1.49485, 0.196094
-1.56302, -0.0754104
1.40642, -2.17602
2.62772, 1.31967
-0.883286, -0.137945
0.0314549, -0.386295
1.42554, -1.65827
0.491903, 0.520617
-0.188851, -1.54842
0.879995, 1.7054
1.5367, -0.0614544
-0.767995, 1.42607
-0.771165, 1.39679
-1.77495, -0.770141
-0.410967, -1.80862
0.0973801, 0.393861
-1.53163, -1.65129
1.53111, 1.25071
1.23765, 0.229198
0.554339, -1.4174
1.2756, -0.525824
-1.45676, -1.31547
0.76616, 0.325935
1.26631, -1.53101
1.28565, 1.63108
0.374109, -1.19211
2.02059, -0.524503
-0.322491, -1.34657
-0.838106, -0.146278
-1.72775, 1.37152
-0.573857, 1.62729
-1.224, -1.44707
1.69651, -2.273
-0.498829, 0.572978
1.88049, 0.561896
1.59643, 0.319772
-1.0628, 1.66364
-1.0477, -0.652059
0.508958, -1.76001
-0.646671, 1.36196
0.889461, 0.74526
1.05676, 0.0380133
-0.229841, -0.710432
-1.42469, -1.59355
-0.0197123, -1.46401
0.901962, -0.528706
0.355121, -0.356824
0.50875, -1.29748
-0.494634, 0.57918
0.739852, -1.67986
0.841002, 0.372598
1.20206, 0.543857
-0.384416, -0.914005
1.19165, 1.96595
1.74412, -1.61079
-1.45848, 1.49292
-0.649224, 0.302211
-1.13915, 0.935199
1.18367, -0.879795
1.19192, 0.478115
-0.389203, 0.699052
-0.438211, 1.10725
0.370141, -0.797429
-1.36835, -0.424693
-1.35088, -1.37855
1.67236, 0.581251
1.40548, 1.30918
-0.285233, -1.62078
0.85111, -0.480979
-1.81792, 0.385134
-1.42462, 0.584075
0.256222, -1.58387
0.693235, -0.668675
1.03208, -0.625163
-0.883942, -1.51651
-0.510235, -1.1207
1.80843, -0.316968
-0.946885, -0.220392
-0.0368594, 1.78547
0.448665, -0.847431
1.53454, 1.40637
0.434942, -1.44828
-0.210666, 1.68517
1.69933, -1.1722
1.38825, 1.34832
0.799269, -1.34736
-0.886102, 0.477173
-2.04308, -0.773381
1.78218, 0.280292
1.40074, -0.738629
1.34193, -0.69563
-1.23893, -1.56691
-0.307404, -1.73984
-1.10489, 1.43131
0.316088, -0.386302
1.8522, 1.4785
1.87136, -1.43117
-1.49833, 1.83592
-0.606424, 1.94499
0.426741, -0.125304
0.10918, 1.52017
1.51421, 0.851539
-0.599401, -1.40937
1.37179, 0.841694
1.08209, 1.55667
-1.48659, 0.565339
1.40661, -0.625415
-0.858767, 1.31179
1.07909, 1.9742
0.544957, -1.25668
1.40536, -0.552871
-0.483841, -2.25463
1.62773, 0.465271
-1.50458, -0.987349
0.300613, -1.39589
0.3534, -0.792186
-1.15793, 1.68035
0.563514, 1.37625
0.859865, 0.44866
-0.5352, 1.8392
-1.56999, -1.44906
0.702988, 0.4673
0.73607, -0.060898
1.35451, 0.260797
-1.01898, -1.63605
-1.78734, -0.71528
1.75154, 1.62228
-0.537135, -0.466405
-1.39182, -0.983445
1.6381, 0.973438
0.639679, 0.618813
1.23107, -1.33232
1.63979, -0.585809
-1.56528, -0.935788
0.363506, -0.651369
1.71372, 0.179015
-0.500151, -1.6105
-0.661791, -1.16988
0.388075, 1.19206
0.737094, 0.34152
-1.55632, -0.325141
-0.637153, -1.37308
-1.3677, 0.34201
0.648053, 0.699057
1.61987, 1.47362
1.07848, 0.235831
0.533786, 1.44863
1.36537, 0.670219
1.74505, 0.419453
0.25542, -0.356241
1.77323, -1.54582
-1.16818, -0.433422
0.994539, -1.4211
-0.300314, 0.494483
0.519068, 1.3799
0.910332, 0.411514
1.60798, -0.328033
1.35728, 0.802599
1.53823, 1.46962
-0.463534, -1.51381
-0.413869, -0.961781
0.566931, 0.350426
0.754034, -0.352246
1.68812, 1.41721
-1.23896, -0.449702
-0.947743, -0.94583
-1.48815, -2.06962
0.529669, 0.488527
0.439226, 0.865121
0.567504, 0.532233
-1.4954, 0.680093
1.34654, -1.37778
0.530272, 1.4067
0.509924, -0.603074
1.40664, -0.608694
-0.584121, -1.52246
-0.765978, -1.54188
1.437, 0.651167
1.81858, -1.14266
0.654766, -0.298715
-0.792294, 1.26163
-1.722, 1.48127
1.43931, -0.637554
0.0321068, 0.309757
1.62833, -1.60463
1.44389, 1.29243
0.754134, 0.52929
1.45231, 0.0348889
0.969438, 0.406834
-0.843561, -0.82634
-0.60925, 0.291526
-1.50878, -1.56801
0.261867, 1.54589
0.55594, -1.34293
-1.67994, -1.84099
1.48845, 1.99141
-1.66795, -0.933037
0.299478, -1.15904
1.06047, 0.588865
1.41873, -1.41376
-1.82193, -1.41153
-1.03831, 0.523539
-0.286726, -0.405434
-0.810253, 0.877963
-2.14416, -0.674236
1.58646, 1.30601
1.36499, 1.34811
-0.684586, 0.682527
0.757538, 1.02023
-1.65567, -0.742365
-1.80478, -1.05694
-1.45334, -0.41051
0.629799, 0.782962
-0.613432, 1.34077
-0.110693, -0.397555
0.312514, 1.67548
-0.516888, 0.681007
-1.22447, -0.357996
-1.4398, -1.42414
-1.54219, -0.37897
-1.42422, -0.634477
-0.68274, 1.7888
-1.30036, 1.14738
0.472672, 0.527356
-0.50599, -1.552
-0.818881, -0.402511
0.473954, 1.99132
-0.302324, -1.39361
1.07354, 0.508177
-1.0254, 0.368321
-1.31973, -1.68616
-1.54699, 0.495882
-0.472967, -0.62671
-0.578816, -1.05373
-1.07483, -0.527787
-0.559656, 1.30499
1.83332, 0.519449
0.75473, 0.991688
1.19055, 0.323938
1.59538, -0.74583
1.20677, 0.618216
-1.23537, 0.440143
-1.24812, 0.524618
1.39053, 1.78193
0.40859, -0.39922
1.66187, 0.328591
-1.39822, 1.52936
0.477863, -0.49636
1.10327, 0.502522
-1.70009, -1.71695
1.96152, -1.35403
-0.452729, -0.0950624
1.6475, -0.73214
-1.60507, 0.388089
1.37249, 0.563437
-1.25772, -1.80383
0.540674, 1.62842
0.429559, -1.62587
1.73463, -1.44647
0.0167497, -1.29303
-0.891418, 1.71127
1.78544, 2.04835
1.50048, 0.0238565
-0.498083, 0.181883
-1.9812, 1.47127
0.65147, 1.21026
0.656922, 0.787229
-1.62188, -0.156841
0.503406, -0.393029
1.73826, 1.59247
0.136181, 1.48862
-0.658569, -1.74233
-1.65955, 0.44522
-1.61508, 1.42316
-2.03244, 0.159829
0.599325, -0.530914
1.32318, 0.435694
2.0528, -1.89479
-1.29833, -0.478362
0.705244, 0.366423
-2.03692, -0.486401
0.45497, -1.14519
1.50303, 0.931028
0.327507, -0.787422
-0.891545, -1.37965
-1.57583, -0.418352
-0.694558, -1.58711
-1.28616, -2.15149
-0.230178, 1.57288
-1.14495, 1.54965
1.56382, -0.610566
-0.487607, -0.59306
-0.468905, -0.847229
0.304257, 1.34143
-1.62851, -1.11723
-0.519922, 1.5813
0.77644, 1.33552
-0.8434, 1.54385
0.236214, 1.55289
-1.94194, 1.688
-1.13098, 1.36181
1.43304, 1.72496
1.68884, -1.53224
-0.0148278, -0.48452
-1.64213, 1.55548
-1.44675, -1.02024
-1.24863, -0.492059
-0.977994, 0.428557
0.766991, -0.105516
1.56695, -1.48833
-0.498327, 0.587856
1.5637, -0.471001
-0.517852, 1.56863
0.246725, 1.58773
0.0200337, 0.482666
1.76692, -1.84082
0.103358, -0.37078
-1.65341, -1.54787
-1.41863, 1.48437
1.52618, -1.46292
-0.457179, 0.817594
0.204998, 1.22156
-1.87833, -1.3761
0.801215, -1.75827
0.622544, -1.39151
-0.308067, -0.396085
1.35886, -1.57658
1.35922, -0.459163
0.302302, -1.79722
-0.592746, -1.5102
-1.57452, -1.10604
-1.383, 1.65092
-0.598329, 1.36576
-0.283805, -1.50885
0.410598, -1.35057
-0.127293, -0.471508
0.367825, -1.18264
-0.389273, -0.366104
0.721475, -0.611716
0.550816, 0.755644
0.676492, 0.912528
-0.163328, -0.793766
0.0977354, -0.336208
1.78034, -0.532627
0.141531, -1.30232
1.0919, -1.39628
1.38476, -0.960772
1.22837, -1.58164
1.54413, 1.70407
-1.21458, -1.47531
0.563154, 0.13877
-0.834588, 1.5767
-1.51896, 0.382146
1.45927, -1.59394
-1.15936, -1.58476
1.39615, -1.34676
1.6552, -0.507997
-1.40801, -1.57115
-1.45496, 0.335958
-1.78045, 1.67985
0.66495, 0.672632
-0.739166, 1.75331
-1.20958, 1.47707
-0.507075, -0.436537
-1.8714, -0.848046
-1.77329, 0.599271
-0.117187, -1.61808
-0.480757, -1.42571
-0.582818, -0.904206
1.71744, 1.50219
1.78114, -1.75692
-1.77101, -1.62373
1.49432, -0.613062
-0.359915, -1.01086
-1.32955, 1.51167
0.778343, -1.43531
-1.90725, -0.038472
0.323456, 0.60713
1.57099, -1.52325
-0.36418, -1.26077
-1.80362, 1.11965
-1.36094, 0.425843
0.64578, 1.26411
-1.57436, -0.453924
0.530139, 1.7068
-1.51103, -1.54294
-0.327343, 0.913925
-0.28492, -0.292064
1.69451, 1.30962
-0.86767, -0.656073
-1.69022, -1.76898
1.61653, -1.64075
-1.55371, 0.659612
1.61111, -0.178895
0.654791, -1.6265
1.42848, -1.35952
-0.561032, 1.59849
1.3518, 0.321677
-0.669128, -1.1563
0.348722, 0.443866
0.237927, 1.19465
0.798806, -0.768032
-1.71174, 1.53554
-0.676344, 0.30237
1.74343, -0.323881
0.479227, 0.676651
-0.353414, 0.695942
1.86567, 1.66526
0.342432, 0.364129
-0.419849, -0.503388
-1.40527, -0.783692
1.30387, 1.57553
0.298749, -1.34886
1.58962, -1.26343
0.663916, -1.29706
0.68669, -0.194703
1.46977, -1.57137
-2.24399, 1.29525
1.82466, -0.446454
1.56366, -0.133551
-1.83381, -1.65719
-0.585899, -0.178226
2.12749, 1.50649
1.83505, -0.538901
-1.26451, 0.380534
0.463224, -1.81871
-1.88067, 1.2988
0.324238, -1.22674
-0.471155, -1.36476
-0.490605, -0.519649
0.421294, 1.20571
-1.54311, 2.10014
0.689613, 0.962979
0.382486, 0.111448
-1.74605, -1.37762
-1.57139, -0.431773
1.72171, -1.71639
1.12845, -0.0815369
-1.30097, 1.44618
-0.910505, -0.703671
-0.395619, 1.26031
0.544863, -1.34525
0.2621, -0.16602
-0.526852, -1.97491
-0.588818, -0.769015
1.59933, -1.37598
-0.0291642, -1.38064
1.35617, 0.69026
-1.81538, -1.47717
-1.27685, 1.11176
-1.12885, 0.28341
1.77604, -0.50726
-0.376783, -0.937308
-1.45148, 1.46437
-0.998238, 1.48444
-1.27562, 1.54491
0.485197, -0.491839
1.84384, -0.0456454
-0.731904, 0.79797
1.45723, -1.91796
0.368661, 1.16099
1.87735, 0.680865
0.930392, -0.532544
-1.56385, 0.30134
0.893893, -0.348756
1.78834, -1.69252
-0.315161, 1.47244
1.07894, -0.671889
-1.40308, -0.228424
0.723055, 1.96896
1.63195, -1.31049
1.38267, 1.46216
1.67243, 1.29178
0.533012, 0.261937
-0.505013, 1.39419
0.445843, 0.509341
-1.21415, 2.16242
-1.22948, 0.104808
1.85881, 0.544073
1.60421, -0.692895
-0.0728005, 0.519251
1.91984, 1.33971
-1.68143, -1.69655
0.440503, -1.9844
0.481765, 1.86759
-0.331255, 1.87046
-1.30795, -1.15357
1.54584, 0.700498
-1.30987, -1.87929
0.595601, -1.07318
1.25697, 0.611386
0.758957, 1.46461
-0.328581, 0.0973481
0.320033, 0.57532
-0.293326, 0.48462
0.78059, 1.52909
0.850097, -1.29447
1.5591, 1.20652
1.28716, -1.69388
-0.396308, -1.5477
0.339645, -1.31303
0.889406, -1.4406
-1.52445, -1.51824
1.32076, 1.90462
-1.59661, 1.38269
0.771275, -1.18029
1.52607, -0.314069
0.733876, 1.13255
1.23979, -0.813991
0.551428, -0.669559
1.62705, 1.27331
-1.72379, 1.67433
0.226269, -0.743619
-1.54483, -0.178002
-0.219255, 1.57278
-0.388126, -0.732397
-1.80619, 0.0620317
1.49364, 1.15161
1.13827, -0.330877
1.41472, 1.41363
1.35783, 0.135379
1.77047, 2.08841
-1.41487, -1.30139
-1.06523, -0.142721
0.802659, 0.609506
-0.953648, 0.895175
-1.4239, -1.75113
-1.59396, -1.2201
1.4672, -1.31772
-1.39808, 1.54515
-1.83518, -1.51596
-0.622803, 0.38203
-0.485401, 0.509166
0.834241, -1.32537
0.817566, 0.838245
1.61011, -0.722581
0.556828, 0.802682
0.722798, -0.688921
0.639598, -1.433
-0.902968, -1.80692
-1.08289, -0.328354
-1.66335, 1.16291
-1.49204, -0.41241
0.885492, 1.01411
-0.625164, -1.77484
-0.787045, -1.77613
-0.455274, -0.368629
0.516943, -0.430765
-0.52658, -0.685789
1.73421, 2.04679
-0.706163, -1.31779
0.601583, -0.815494
1.04457, -0.430704
-0.244986, -1.64138
-0.388088, -1.2846
0.809198, 1.85943
0.53854, 0.692729
-0.357493, -1.55098
0.469033, -0.649025
-0.311665, -0.567695
0.448366, 1.55987
0.72524, 0.432032
1.54629, 0.324028
0.858383, 0.720977
-1.65012, 1.30997
0.438191, -0.746649
-0.75229, 1.27071
1.72594, -0.179034
-0.430328, 1.24962
0.533165, -0.256747
0.752127, 0.35085
1.51257, -0.486272
0.412024, -1.46333
0.15494, 0.692288
-0.00427321, -0.153987
-1.38632, 1.65498
-1.3722, -0.518955
0.334901, 0.496114
-1.99341, -1.41264
-0.729135, -0.438246
-0.581526, -1.71545
-1.11236, -1.89019
0.705197, 1.15977
1.08133, 0.604495
-1.43389, -1.4003
0.924363, 1.41935
-1.9808, 0.401273
-0.509444, 1.83103
1.95109, 1.60712
-0.691116, -1.75393
1.73241, 0.217357
-1.43499, -0.453103
-0.446018, 0.753985
0.515272, 0.659211
-1.62435, 0.338444
1.38636, 1.54509
-0.310723, -1.47182
0.708648, 0.383894
1.33457, -0.344204
-1.60978, 1.05689
0.189867, 0.369877
-1.35943, -0.602459
0.420148, -0.409548
-1.62424, 0.178204
-1.89973, 0.328185
-0.683217, 1.38676
1.35535, 1.57734
0.405981, 1.66444
-1.18925, 0.40712
-1.8536, -0.369799
1.82612, 0.268649
-0.599489, -0.306257
-1.70626, -0.213059
1.37688, 0.74201
1.43813, 0.665354
1.60236, -1.3179
-1.32912, -1.55094
1.83614, -1.02396
-0.410573, 0.282288
-0.660513, 1.16856
0.565766, 0.532491
0.306443, 1.66833
-1.71904, -0.814544
-0.629191, 0.117627
0.297479, -1.66008
0.568388, -0.374546
1.665, -1.56743
-1.35631, -0.36163
-0.463683, -0.114371
1.30182, -0.6081
-1.0917, 0.649145
1.81903, -1.50297
-0.0750198, 1.31851
0.545403, -0.367221
-0.549166, -1.71647
1.48266, -1.49097
-0.465685, 0.144244
0.567439, -0.473368
-1.53754, -0.476593
-0.763652, -0.620423
-0.631182, -0.194107
-0.336279, 1.33017
0.851136, 0.657159
0.630367, -1.78724
0.540541, 1.49013
-1.51915, -1.36725
0.663264, -1.30635
-0.791866, 2.0415
1.51551, -1.86198
-1.19897, -0.463338
-1.58818, -1.88654
-1.71106, -0.518595
-0.312961, 0.24672
0.343992, 1.34308
-1.95871, 1.40975
-0.152919, -1.76049
-0.477113, -1.31339
-0.740568, 1.90376
-0.820706, 0.20622
1.44549, -0.622539
0.576321, -1.40549
0.443378, 0.87753
-1.43955, 1.75018
-1.23467, -0.400829
-0.663648, -0.359533
-0.707353, -1.62446
-0.819983, 1.20435
1.30673, 1.48524
-1.41426, 1.05538
0.78158, 1.56036
-1.48036, -0.931717
1.24317, -1.33477
-1.38816, 1.69764
-1.52215, 1.53289
-1.61104, -1.59366
-1.99432, -1.46198
0.866415, -0.358764
-0.565405, -1.81077
1.62817, 1.47923
1.51137, 1.59342
0.894033, -0.420693
-0.698801, 1.69475
-0.593332, 1.08437
-0.398664, 0.691959
1.30154, -1.35697
1.32694, 0.325089
-0.492742, -1.26815
-0.156337, -0.238955
0.169036, 0.268683
-0.657225, 0.775229
-0.524184, -0.234011
0.225021, 1.5798
0.140859, 1.15946
0.544918, -1.58055
-1.27172, 1.08183
-1.24106, 0.0926958
1.50838, 1.31659
-1.53668, -1.1196
-0.434281, 1.11457
1.49982, 0.225764
-1.6324, 1.05152
-2.01208, 1.38306
-0.304445, -0.287091
-1.60169, -0.647528
-0.12425, 1.55322
-0.565749, -0.522138
-0.467453, 1.76363
-0.783192, 1.13562
-0.773234, 0.849637
-1.59295, 1.4291
1.5283, -0.650088
-1.55573, -0.559215
1.10689, -0.298467
0.518181, 1.02748
-1.38049, 0.48485
0.274944, 0.40452
-1.69463, -1.33373
-1.60423, 1.56822
0.5557, -1.11927
1.10725, 1.48504
-1.45148, -0.972162
0.339154, 1.23908
-0.0358584, -1.39376
-1.66095, 1.36814
-0.635008, -0.526587
-0.358602, 1.06722
-1.68495, 0.0901724
-1.93497, -0.942286
0.0256028, 0.385384
-0.483436, -1.33311
-1.44951, -1.69636
0.9587, 0.243384
0.687841, -0.366388
-0.473407, -1.16901
-0.414659, -1.91441
-0.512702, 1.66134
-0.525298, -1.48009
1.45662, 1.37856
-0.485952, -0.472272
1.21773, 1.69057
1.82681, -1.57756
1.40971, -1.71304
0.712403, -0.420782
1.41892, 1.46478
0.673767, 1.26163
-1.36638, -1.46687
0.294377, -1.55987
1.02386, 1.53242
0.113801, -0.454697
-1.19094, -1.1221
0.477493, -1.79902
-1.58314, 1.70414
-1.5195, 0.648651
-1.91385, -0.276182
-0.304983, 0.531954
0.731276, -0.378342
0.704555, -1.47548
-0.45425, -1.93834
0.742019, -0.169198
0.423412, 0.998839
-1.47562, -1.46953
-0.695793, -1.51894
0.772266, -1.65411
-1.65434, -0.646959
-0.545558, 0.293643
1.02184, -0.28168
-0.5097, -1.26534
0.527925, 0.87165
-0.592942, 0.630535
-1.62994, -1.76438
0.486479, 0.464878
0.323867, -1.50867
1.45359, -1.99276
-1.72362, 0.781117
0.30899, -0.967653
-0.560583, 0.273524
0.934972, -1.50314
1.43989, 0.388478
1.26703, 1.69297
0.43768, -0.950608
-1.58179, -0.804855
-1.30366, 0.825862
-1.44396, 0.655802
-1.39251, -0.33234
-0.450063, 0.220582
0.564948, -1.98758
1.97516, 0.752733
0.195251, 1.83786
1.8369, 0.825717
1.53338, -1.30192
-0.572742, 0.854715
0.540244, -1.1084
1.22871, 1.43207
-1.60868, 0.892381
-1.33926, 0.652125
-0.52098, -0.0125929
0.327059, -0.0395311
-0.463277, -1.23364
1.96952, 0.00607949
-0.418876, -0.319179
-1.25888, -1.02454
-0.525053, 1.60772
0.251312, 0.542111
-1.6198, -0.425657
0.582075, -0.800235
-1.31926, -1.53926
-0.185261, -0.727455
-0.678544, 0.361242
-1.07663, -1.27558
-1.96982, 0.44931
-1.99893, 1.8362
0.551675, 1.55771
-0.160247, 0.425231
-1.08489, 0.503195
-0.165475, 0.351213
1.55093, -0.667728
0.666074, -0.896555
-0.651333, 1.39791
0.543258, -1.31418
-1.41092, -1.4991
0.214982, 0.735942
1.12041, -0.40817
1.322, -1.5647
-1.26777, 0.242346
-0.325808, 0.97593
1.76076, 1.23029
-0.306561, -1.22877
-0.973285, -0.470595
0.25706, -1.48156
-0.541263, -0.469929
-1.18562, 0.118096
0.985213, -1.37704
-1.37039, 0.582116
-1.38824, -1.84878
1.68294, -0.613188
-0.632273, -1.34718
-0.492498, 1.51234
1.29203, -1.66806
-1.60682, -1.37361
-1.64655, -0.34535
1.65059, -0.450557
-1.52835, 1.47333
0.575231, 0.0477039
-1.18838, 0.141813
0.768485, -1.21706
0.334675, -1.65478
0.268792, -0.311062
0.608399, -1.45541
-1.21169, -0.666369
-0.613324, 1.54107
0.543666, 1.50109
0.537691, 1.77229
-0.609079, -0.205384
1.26618, -1.67991
1.07354, 1.35576
1.65124, -0.725313
1.0972, -1.67156
-0.283088, -0.164235
-0.496992, -0.645334
0.832821, 1.55254
0.862537, 1.83187
0.597343, -0.924988
1.46297, -1.39683
-1.15173, -0.188882
-0.316856, -0.164096
-0.606613, -1.58361
-0.520581, -0.413148
1.00194, 0.860674
1.67031, 1.40957
1.65227, 1.51052
0.640142, -0.500966
0.546927, 1.40363
-1.68666, 1.39588
1.80316, 0.663213
1.77661, 1.1536
1.01638, -0.502029
0.590818, -0.763688
1.00324, 1.82526
-0.947519, 1.68251
-1.49836, 1.326
-0.124329, 0.293919
1.43422, -1.94987
0.346164, -0.598775
-1.42109, 0.681102
0.139336, 0.35311
-0.495484, -0.0466475
0.720345, 0.675997
0.872781, -1.85103
-1.64253, 0.350307
-0.897374, 1.36641
0.165933, 0.592546
1.75071, -1.53605
0.638079, -0.35354
1.43789, -1.69665
-1.56122, -1.33377
-1.15522, -0.376111
-0.576435, 1.43566
0.553548, -0.078388
0.245623, -1.04345
0.0828053, -1.66543
-1.27656, -0.526926
-1.32583, -1.92122
-0.732184, 0.462578
1.53238, 1.24175
1.42448, 0.554757
-0.158765, -1.85386
1.28568, -0.271462
-1.34525, 0.74088
0.344483, 0.72017
-1.2441, -1.48638
0.0987177, -2.05857
-0.845803, 1.10961
0.414164, -1.77579
1.68894, 0.680948
-1.34967, 0.184729
0.741424, 0.146829
0.544336, 1.22838
0.319072, -1.32976
0.233088, 0.190635
-0.536425, 1.37092
-1.63624, 1.37157
-0.511747, 1.19962
-2.04986, -0.106663
0.358122, 1.8499
0.497616, -1.33614
-1.7849, -1.65632
1.50134, 1.56174
-1.38267, 1.06765
-0.956124, -0.354892
0.551897, 1.74485
-0.769018, 0.519293
0.327851, 0.544395
1.51745, -1.41233
1.30097, -1.34937
-0.199321, 1.26233
0.212275, 1.12577
0.307024, -0.654184
1.31993, -0.479897
0.423886, 1.75653
0.921472, -0.777555
-1.59144, 1.50316
-0.574311, -1.39529
-0.526566, 1.49496
1.26384, 1.66241
0.177023, 0.508484
0.758464, -0.624756
1.21595, -1.23336
-2.11074, 0.38854
1.67548, -0.4306
-0.328875, -0.0831785
1.68572, -1.42484
0.536878, -0.570648
0.332928, 1.59555
0.866356, 1.17026
-0.691098, 0.754764
-2.20269, 0.710916
0.607782, -1.39589
0.625706, 0.492213
-0.365519, 0.928189
-2.25152, 0.334784
-1.2166, -1.33062
1.27518, 0.242972
0.350251, 0.405317
-1.70834, -1.76732
1.47422, -1.61807
0.328986, -1.04966
-0.319264, 1.3502
-0.728541, -0.303789
-0.235316, 1.70598
0.422214, -1.85923
-1.36542, 1.60196
1.54914, -0.62251
-0.96202, 0.648095
-0.785051, 0.982343
0.657334, 0.74035
-1.15953, 1.45153
-1.20036, 1.31448
1.41937, -1.63257
-0.461953, -0.722847
1.38756, 1.37401
1.44455, 0.0403899
1.69041, -0.189268
-0.391539, -1.72101
-1.58869, -0.422237
1.35309, 0.986623
1.19007, -1.66786
-1.42663, -1.96376
-2.01707, -1.7823
-1.51113, 0.351102
-0.517566, -0.378314
0.860029, -1.22769
-0.588061, -1.50892
1.41435, -1.39464
-1.2151, 1.18746
-0.92536, -1.58272
1.49811, 1.53069
1.3915, -0.461406
0.414218, 1.0135
-1.17879, 1.45418
1.36705, 1.55868
0.538667, 1.20277
-0.94313, -1.13147
1.47485, -1.22291
0.401822, -0.506985
1.81488, 0.417783
-1.51935, -0.552733
-0.125019, 0.396437
-1.20877, -0.338505
-0.798504, -0.744631
1.12045, 1.94932
-2.01577, 0.991141
-1.89252, 1.58094
-0.917166, 1.67662
-1.63421, -0.217149
0.426722, -0.480974
-1.54417, -1.62727
0.383848, -0.12327
-0.586423, 1.49509
-1.33483, 0.477727
0.81593, 0.0218251
-0.456347, 0.571285
-0.542322, 0.289349
-1.31152, 1.33631
1.61814, 1.16878
-0.276957, -0.170081
-0.916874, -0.336054
0.581052, -1.39753
0.714461, -0.78516
0.270813, 0.654645
-1.06407, 1.12862
1.99311, 1.5072
-1.35241, -1.42863
-0.228199, 0.0516156
-0.804847, 0.445045
1.65241, 0.0746441
1.23345, -1.30732
-1.53575, -1.86006
-0.570016, -1.41024
0.796883, 1.7144
-1.17527, 1.51478
0.483364, -0.369894
1.08995, 1.66329
-0.720135, 0.339987
-1.45919, -0.329837
0.0508839, -0.510021
0.24347, 0.274491
1.59115, -0.628194
1.54774, -0.180227
-1.40497, 1.44084
1.53228, 1.76152
1.53011, 0.629066
1.18233, -0.630531
1.24824, -0.410037
0.252398, -0.718646
-1.66055, 1.41534
-0.330043, 0.814331
-0.31722, 0.594327
-0.361704, 0.579854
-1.23074, -0.465713
0.428903, -1.21304
-1.21261, -1.20743
-1.25793, -1.44238
1.1159, -0.443047
0.392753, -0.36061
0.0834674, -1.64942
-0.677826, -1.56457
-1.66132, 0.191974
-1.53689, 1.90242
-0.527161, 0.626057
0.487159, 0.371699
1.31386, -1.42117
1.58989, -0.101802
0.575299, 1.08014
-1.71315, -1.17652
1.59016, -1.43342
0.325072, -1.39029
-0.563808, -1.59542
0.435124, 1.38695
-1.63296, -2.00183
1.11091, -1.74493
1.88361, 0.38964
-1.54832, 1.458
0.381567, -0.0606402
0.44559, 1.20848
-0.173945, -0.945666
-1.00221, -0.569175
-0.181331, -1.40043
-1.73144, -1.04502
1.29068, 1.63912
0.498567, 0.387939
-1.56607, -1.37224
-0.845514, 0.516467
0.275985, 0.503147
-2.0272, 0.354516
1.62417, -1.72686
0.309296, 0.34255
0.238366, 0.917776
1.73336, -0.65054
1.41063, -0.404707
1.51921, 1.69193
-1.65218, 1.3889
-0.433851, 1.08698
-0.471515, -0.476125
-0.582576, 1.18811
0.434735, 1.6407
-0.0621972, -1.44296
-0.193991, 0.510967
1.42933, 1.74618
-1.69807, -0.409911
0.523738, 1.73175
-1.72821, 1.29251
0.882036, 1.56393
-0.361801, 1.43367
0.214489, -1.80493
0.772756, 1.27864
-1.56478, 1.24724
-0.324723, -1.45596
1.60848, 0.533529
-0.865923, 0.459652
0.294163, -1.56055
1.72721, 1.40722
1.31679, -0.990656
-1.87393, 0.14649
1.36773, 0.488396
1.69718, 0.0222881
0.592, -1.73992
0.342699, 0.0829993
-1.682, 1.50677
-0.904625, -0.521337
-0.61423, 1.37887
0.93831, -0.72201
-0.214912, 0.269559
-1.64312, -0.367134
-1.55071, 0.185258
-1.41318, -1.24486
0.602734, 1.5362
1.85705, -0.337964
-1.74163, 0.820841
-1.71325, -1.06493
1.27395, 0.788164
-1.24879, 1.50005
1.4103, 1.29714
1.48842, 0.198688
-1.54307, -0.74472
-0.651772, 1.3297
1.98144, 1.97339
0.489094, -0.686045
1.47823, -1.67398
0.219417, -0.453327
-0.455417, 0.660574
-0.367315, -0.317563
1.53359, 0.114245
0.907217, -1.06258
-1.2364, -0.420423
1.70042, 0.0952813
0.486629, 0.828603
0.423912, 0.721974
-1.4184, 1.69949
-0.0964147, -1.46289
-1.09163, -1.37578
1.38968, 0.69823
-1.63333, -0.240702
1.82499, 0.647441
1.9051, -1.47188
0.542665, -0.416573
0.896325, -0.933532
-1.65889, -0.62386
-1.79434, -0.702808
0.110214, 0.654416
-0.41831, -0.464098
-1.52646, -0.407681
-1.51514, 0.465986
1.37148, 0.511083
1.65034, 0.613785
-1.00629, 1.37265
0.774141, -1.64821
1.46461, -1.32635
-1.69748, 1.38153
0.0361366, -1.68697
1.91177, 0.938403
1.25417, 1.09351
-0.838032, -0.944362
-0.445558, -0.303967
-0.883133, -1.53695
-1.24558, -1.36952
0.836321, 0.561026
-0.337287, -0.413991
0.458246, 2.02577
0.477618, -1.16815
1.20734, 1.45906
-0.463739, 0.678828
-0.193463, -0.0962661
-1.34215, -1.59931
1.74686, 0.40921
0.432663, -0.660199
-1.75051, -1.67477
-1.93816, -1.59599
-0.482786, -0.108607
0.744521, -0.0464885
-0.598359, -1.87637
-0.491983, -1.69725
-0.13713, -1.67054
-1.64104, -0.385538
-0.65907, 1.34792
-0.28386, -0.461444
-0.387793, -1.29476
-1.38484, 1.21994
-1.67141, -0.195494
0.716881, 0.622598
-0.728175, -0.485395
0.71195, -0.858921
1.23592, 0.666728
-0.207791, 1.61904
1.02772, 1.68125
0.404582, 1.81985
-0.676947, 1.12228
0.476868, -1.41023
0.631661, -1.81942
-0.917791, -0.512221
0.297337, -1.50056
-0.497341, -1.40451
1.75141, 1.50501
-1.13894, -0.477261
0.353229, 0.935665
2.15448, -0.492081
-1.5134, -0.268177
0.547725, 0.700613
0.837219, -0.622717
-0.584263, 0.608091
1.2612, -1.37758
1.22082, -1.00982
1.53036, -1.48711
0.514276, -0.236943
-1.91642, 1.33581
-1.20294, -1.23922
-1.20236, 1.5495
1.59649, 1.23141
-1.39175, -0.706893
-0.405512, -0.609576
-1.08368, 1.79661
-1.26509, -0.0970294
1.87734, 1.53285
1.361, -1.64748
0.229023, 1.51187
-0.806624, -0.808988
1.75553, -1.5638
1.83266, 0.434631
-1.36558, -0.55932
-1.6057, 0.365861
-0.771776, -0.419402
0.305783, -0.329506
0.314967, 1.30594
0.00379233, -1.82287
1.63388, -1.53893
1.98177, -1.67633
-0.174477, 1.19258
1.28703, -1.22026
-0.210127, -1.67362
-1.38423, -1.93997
-0.31648, -0.532268
-1.21468, -1.42697
-1.53001, 2.05687
1.80908, -0.518476
1.55261, 1.52724
1.68758, -0.124451
-0.758467, 1.61746
1.58616, 0.87784
-1.58419, 0.721461
0.829529, 1.53669
-1.59075, -1.20618
-0.279812, 0.649615
-0.168662, 1.6719
0.446841, -1.35553
-1.71933, 0.904604
0.644538, 1.51769
-0.0763863, -1.4081
-1.14567, -0.295328
0.961533, 0.383795
-1.57921, -1.71689
1.76421, 1.1831
0.682644, -0.814797
-1.45073, 1.45781
0.34693, -1.7658
0.562935, -1.46583
1.91489, 0.900101
-0.643306, 0.323454
1.71837, 0.331408
-1.76922, 0.70475
1.11908, -0.475913
-0.549384, 0.845908
1.39887, -0.921093
1.99959, -0.141999
0.0274574, 0.80867
-1.28676, -0.573828
-1.56402, -1.60226
-1.8114, 2.04078
-0.489134, -0.238851
-1.40383, -0.262344
-0.371242, -1.76139
1.46406, 0.818321
0.480833, -1.27726
1.45012, -1.29577
-1.42186, 0.250621
-0.397296, -1.61788
-0.723417, -0.1913
0.814475, -0.475683
-0.33034, -0.719459
-0.0559525, -1.5994
-1.29152, 1.29088
0.955398, -1.45684
-0.13527, 1.43925
0.614343, -0.817736
-1.46396, 1.25075
1.22599, -1.77753
-1.33497, 0.592332
0.57942, -0.489818
1.06406, -1.304
0.297253, -0.64114
0.345928, -1.46657
-1.0583, 1.87605
0.883243, -0.0739175
-0.330712, 0.382366
-2.14152, -1.73743
-1.6607, 1.36695
-0.508983, -1.91268
0.391701, -0.685996
-0.592303, 1.69928
-0.399363, 0.417225
-0.492932, -1.23765
0.393514, -0.118611
-1.4228, -0.245001
-0.503541, -0.223634
0.841836, 1.14258
-1.45497, 1.22528
1.43649, -1.19978
-1.03668, -1.01933
1.64355, 1.31502
1.65918, -0.686487
-0.0417407, -1.4796
0.0582028, -1.57817
-1.59383, 0.495069
0.48116, 0.265683
0.332394, -1.69776
-0.356967, -1.64911
-1.72876, -0.664319
0.492576, -0.370936
-1.56704, -0.829087
-1.60823, 0.290297
1.4703, 0.352609
0.593881, -0.191632
1.32469, -1.47791
-0.648679, 1.64574
-1.42134, -1.38692
-1.53227, 0.489323
0.33557, 1.30451
-0.584012, 0.361322
-1.04349, -1.58683
-1.30113, 1.97261
-0.854408, 1.32253
-1.7378, -1.94399
-0.303921, 1.53544
1.23517, -0.47974
-0.379679, 0.57446
-1.57651, -2.00068
-0.942495, -0.400543
-0.0469601, -1.57077
1.58617, -1.87856
1.17471, -1.10893
-1.13339, -0.457012
-0.45728, -1.34355
1.99041, 0.321064
-0.724733, 0.506679
-0.449317, 1.36843
0.434733, -1.42358
1.49057, 0.748147
1.50573, -1.54301
-1.21991, 1.11613
0.681528, 1.4477
-1.47651, -0.658485
0.773402, 1.22925
-0.685648, 0.121889
1.65239, 0.651233
-1.59592, -0.639714
1.49536, -1.34872
-1.32021, -0.490584
0.340348, -1.38924
1.17833, 1.56346
0.355541, -1.29169
-1.05565, 0.531018
-0.790951, -0.274124
-0.709819, -1.57804
0.373505, 0.317805
0.127564, 1.88446
1.5786, 1.51371
0.470811, 1.17272
-0.921207, -1.87297
0.338378, -0.373432
-1.52894, -0.481822
-1.70364, -1.57994
1.52994, 1.1733
-1.52422, -0.735554
1.76346, -1.26066
-0.86351, 0.67256
0.714546, 1.69085
-1.55185, -0.979561
-0.658712, 1.71663
-1.5614, 0.611122
1.01372, -1.331
-0.987945, -0.310776
-0.354126, -0.316605
0.378637, 1.51202
0.659264, 0.0548394
-1.33967, 0.325458
0.541178, -0.168393
0.701423, -0.683844
0.358441, -0.449635
0.968804, 1.89875
-1.71022, 1.48541
-1.31019, 1.50335
-0.458173, -0.950441
0.604908, 0.6459
-1.48083, -1.22956
1.62478, 1.39926
-1.98215, -1.04752
-1.53477, 1.79961
-1.34327, -0.224584
0.691334, 0.537619
-0.370573, 1.53296
1.23071, 0.568977
-0.598903, -0.668112
1.35419, 0.388773
-1.56814, 0.480748
0.799628, 1.45222
0.772468, -1.60353
0.435963, 1.54944
-0.742325, 0.403364
-1.3291, -1.39699
1.44651, 0.803989
-0.438626, 1.61302
-0.681, -1.57782
0.0919676, 1.55812
-1.37901, 0.0312794
-0.65458, 0.163807
1.39918, -1.97283
0.438519, -0.571667
-0.999488, -0.442356
-1.43602, -0.591119
-0.523447, 0.651511
-1.73284, -1.85499
-1.50112, 0.778059
-1.68664, 2.07386
0.281868, -1.01472
1.19529, -1.4172
-1.30682, 0.652076
0.524475, 0.507786
-1.81625, -1.49304
0.654794, -1.8774
0.316738, -0.963042
0.552757, -1.55993
1.35435, 0.0774274
-1.63274, 1.23586
-0.775052, 1.19385
0.49649, 0.581
-0.30561, 0.932778
-0.781091, -0.461703
-0.939486, 0.646498
-0.724344, -1.26844
-1.50165, -1.544
-0.0331985, 0.869097
-1.38196, -1.2383
0.180531, 0.658752
-0.802515, -1.23592
-1.35404, 0.498159
-0.81672, 0.409413
-0.535788, 0.603886
-1.67218, 1.58178
1.34387, 0.224374
0.722151, -0.836127
-1.75143, -1.68797
1.54273, 0.740818
-0.593733, -0.447681
0.576165, -0.478992
1.59371, -0.573171
-1.45963, -1.98118
0.436805, -0.212804
-0.220462, 0.263313
0.831942, -0.154926
0.541699, 1.34829
1.16763, -1.09438
0.820705, -0.616468
-0.794846, 0.103087
1.37302, 0.222959
-0.580733, 1.49097
-1.72499, 1.59325
-0.293363, -0.751659
-0.543326, 1.83735
1.54467, 1.19559
-2.03315, 0.649035
0.36565, -1.56537
0.56702, -1.32649
-1.35501, -0.316304
1.70683, -0.19337
1.65548, -1.61567
-0.388351, 1.84335
1.50784, -1.83158
1.75031, 0.458845
1.53221, 1.87217
0.380082, 1.721
-0.505425, 1.43347
0.493927, -0.326527
-0.332997, 1.17028
-1.55734, 1.4604
1.68762, -0.672672
-1.45187, -0.192085
-1.16681, -2.31967
-1.09834, 0.938212
-1.66689, -0.363829
-1.48836, 1.43427
-0.161982, -1.73108
-0.267233, -0.6186
-0.101098, -0.4851
-0.176787, 1.32966
0.78894, 0.307053
-1.21409, 1.37425
1.57641, -1.27464
-0.845005, -0.33896
0.141502, 0.940251
-1.27858, 0.248519
0.567976, 1.44779
1.58905, 0.236646
1.19776, -1.74466
1.54858, -0.69509
-1.33117, -1.46318
-1.32026, -0.471354
1.50177, 1.70776
-1.56348, 0.609332
0.520923, -1.53125
1.38407, -0.621977
2.11326, 1.80492
1.46227, 1.50464
1.40653, 1.63766
0.960472, -1.54404
0.208579, -1.07059
1.65683, 0.317736
-1.40998, -0.892478
-0.688938, -1.40738
-0.597235, 0.510392
-0.438602, 1.71741
0.926875, 0.553684
-1.25522, 1.35381
0.62154, -0.187952
1.53167, -1.14579
0.620122, -0.221822
0.867993, -0.393642
0.136174, 1.55953
1.60545, 1.11226
-0.620864, -0.521296
1.52421, -1.59861
-1.13093, -1.77192
-0.468867, -1.59547
-0.522745, -0.446584
1.59298, 0.405862
0.912126, 0.389533
0.36916, 1.38537
1.50999, -1.23953
-1.07061, 0.953117
-1.63878, -0.694952
-0.00878696, 0.461927
-1.46973, -1.33364
-1.38576, 1.96237
0.0776746, -0.689777
1.72734, -1.96258
-0.85366, 0.313062
-0.640221, 1.28383
-1.41328, 1.2297
1.3425, 1.52168
1.78503, -1.17339
0.155867, -1.72878
-1.64515, 1.69521
-0.500112, -0.571651
-0.468945, 0.739972
-0.414436, 0.256886
-1.6423, -1.44395
1.96291, 0.513687
1.62086, -0.486616
1.27214, 1.34974
0.742706, 0.53009
-0.615653, 0.506018
1.31086, 0.616275
0.494679, -0.734404
1.22029, 0.470955
1.57515, -1.33551
1.55995, 1.55187
-0.912052, 0.529691
-1.42191, 0.647415
-1.26496, 1.84029
-1.34509, 0.811364
-1.41838, 1.25888
-0.906257, 0.835987
1.28039, -1.49106
0.575629, 0.52309
1.62279, -0.712067
1.41775, 1.4454
1.12271, -0.350746
0.435211, -0.498777
0.0304161, -1.23976
-0.708985, 0.522623
-1.45045, 1.23937
1.71558, -0.726189
1.42267, -1.55579
0.713912, -1.52792
-0.345614, -0.210167
1.48727, -0.65042
-1.40464, -1.54518
-0.556077, -0.372563
-1.95955, -1.45395
1.74079, -1.46038
1.81146, -0.259617
1.89391, 0.484363
0.427316, 1.31301
0.683479, 0.294513
1.10236, 1.89723
0.262175, 0.0690834
-1.76703, 1.83174
-1.41608, -0.662332
-1.69689, -0.703858
-0.24633, 0.4395
-1.7216, 1.33713
-0.841058, -0.275861
-1.29316, -1.4258
-1.57726, -1.6717
1.63648, 1.5628
-0.664729, 1.28137
-0.296846, -1.2664
0.633575, -0.7611
0.364721, 1.94311
1.68227, 0.586669
-1.07006, -1.81141
-0.488299, -0.465626
-1.25398, 0.356386
-0.868405, 0.814467
-1.2722, -0.328135
1.78364, 0.199167
0.79426, -1.71996
-0.311182, -1.56454
-0.408206, -0.315616
0.763597, -0.864551
1.32765, 1.21366
0.21099, 0.253528
1.58981, -1.42138
-1.39911, 0.34738
-2.01263, 1.51177
1.2036, 0.598188
-0.182232, -1.65469
-0.270953, -1.72351
-0.911446, 1.84935
1.79221, -1.45447
1.51405, 0.609614
0.523636, -0.294016
0.351201, -0.598912
-0.232732, 1.44289
1.32257, 1.5417
0.329515, -1.49858
1.58643, 0.599617
-1.72531, -1.83264
0.907774, -0.536249
-1.5944, -0.337875
1.26463, -1.57934
-1.25527, 1.36138
0.68606, 1.6543
1.23767, 1.63998
0.643393, -1.3316
0.211524, 1.0991
0.568561, 1.42724
-0.430053, -1.2943
1.27274, -0.278585
-1.70455, 0.680105
1.63991, -1.61996
0.355074, 1.58137
-0.563398, -1.16947
-1.69342, 1.36736
1.44444, -0.0673194
-0.68702, 1.19469
-1.18262, 1.38425
0.314121, 1.43497
-0.629116, -1.27884
-0.707249, 0.597285
1.62849, -0.40414
-1.40353, -1.69079
-0.505053, -1.89375
1.55727, -1.31878
0.372942, -0.292015
0.320916, 1.73697
-1.35289, 1.04147
-1.58464, 0.195584
0.345426, -1.77412
-1.1839, 0.778358
-1.64364, 1.65413
-1.44452, -1.50292
-1.11174, -1.68945
-0.892866, -1.57825
-0.926753, 1.73829
-0.251616, -0.568526
-1.22837, -0.66781
-0.720328, 1.65592
-1.10977, -0.923994
-1.99734, 0.237108
1.43828, -0.449414
-0.349468, 1.50476
0.78777, 0.554712
-1.37741, -1.54542
0.908253, -0.870919
1.32094, 1.44967
2.01489, 0.994164
-0.125004, 0.841295
-0.49949, 0.418273
-1.08277, 1.27779
0.637114, 0.42677
1.06633, -0.437269
-1.86606, 1.44275
1.61311, 1.53973
0.23089, -0.357278
-1.89603, 1.37199
-1.62135, 0.473267
1.3812, 1.29732
0.67872, -0.422274
2.0314, -0.761337
1.70883, 1.96692
-1.52297, 1.47942
-0.69119, -0.51561
-1.22925, -0.721112
-0.376895, 1.68052
-1.31303, 0.639843
-1.74686, 0.409912
-1.16843, 1.38348
-1.91885, -0.359007
1.32077, -1.55461
0.345035, 1.55664
-2.25641, 0.590577
-0.37573, 1.63975
1.40915, -1.46429
-0.467771, 0.616732
1.3838, 0.4136
1.57418, -1.43202
-0.126516, 1.55634
-0.844941, 1.40518
1.43026, -0.433696
-1.94789, 0.333534
1.31253, -1.70376
1.27782, 0.327571
-1.72871, -1.52089
-1.60426, -1.48084
-1.71023, 2.06762
0.518992, 1.83581
-1.51327, -1.28265
-0.542754, -1.44604
1.40681, 1.20177
1.3266, 0.463467
1.54979, -2.02072
-0.633746, -1.71772
-1.79333, 1.87302
-1.68478, -1.04344
0.359438, -1.36336
-1.43009, -0.493473
1.13374, -0.409647
-1.80893, 1.8368
0.356244, 0.660593
-0.361837, -1.27449
-0.392903, 1.32695
-1.77923, 1.4884
-1.46182, 0.602006
1.08817, -1.50751
-0.21131, -1.20909
-1.37198, -1.20258
-0.445103, 1.38735
-1.49709, -0.451626
-1.34446, 1.34162
-1.39801, 1.15158
-1.05747, 0.0708625
1.75148, -1.4917
1.45689, 1.31949
-1.26516, -1.57905
1.60001, 1.4017
0.401612, 1.74185
0.519603, 0.0140815
-1.80635, 1.60736
-0.327935, -0.16637
1.64375, -0.527937
-2.03117, -0.21745
0.255798, -1.62151
0.633605, -1.67813
1.91645, 1.84802
-0.515834, 1.106
-1.64396, 1.7171
-1.66826, 0.282041
1.32329, -1.56156
-1.53468, 0.542755
1.33857, 1.64568
1.01081, -1.6485
-1.33734, 1.89063
-1.474, -1.51845
-0.314462, -1.52259
-1.31434, -1.42973
1.54412, 0.430277
1.53558, -1.24503
0.806972, -2.02054
-1.05674, -0.603175
-0.190336, 1.30166
-0.381678, 0.658476
1.53155, 1.27359
0.866804, -1.6188
1.43621, 0.388283
-0.441742, -1.32893
-0.666606, 1.13636
-0.0384352, 0.487551
-1.54599, -0.489117
0.792619, 0.606025
0.0754449, 0.632584
1.47995, 0.26232
0.400174, 0.547793
-0.951122, -0.776311
-0.676573, 0.379345
-0.617509, 0.940299
-0.0726715, 0.538637
-1.53718, -1.28988
0.834459, -0.0369261
1.42966, -0.564251
1.69967, 1.63327
1.67043, -1.16001
1.42737, -0.737672
-1.38889, -0.822399
-0.696187, 1.06131
-0.709586, -1.15244
-0.328975, -1.73118
0.809923, 1.75936
0.14293, -1.44946
-1.54837, -1.19226
-1.08248, 1.29814
-1.74467, 1.05637
-0.900479, 1.27237
-1.431, 1.7564
1.99557, 1.51476
0.624519, 0.486895
1.37977, -0.0680297
-0.666456, 1.60919
1.27769, -1.49597
1.68786, 0.662194
0.323607, 1.88378
0.759041, 0.385902
0.548282, 1.26868
0.771795, 1.04521
-0.614354, -0.249015
-0.427267, -1.49874
-1.56507, -1.65622
1.21444, -1.33482
1.03988, -0.574679
0.638961, -1.63463
-1.86818, -0.298078
-0.394856, -0.39093
-1.29504, -0.430975
0.859861, 1.08552
1.89324, -0.843482
0.679364, 0.726656
-1.40603, 0.49925
-1.31675, 0.0892315
1.7207, -1.55652
0.766602, 0.13823
0.605743, -1.98658
1.52221, -1.63788
1.32148, 1.21561
1.54981, -0.251186
1.32758, 1.0285
1.5616, -1.52321
1.52784, -0.269667
-1.33327, -1.37134
-1.47013, 1.85072
-1.32419, -0.17229
-1.33817, 0.47261
0.622948, 1.57684
-0.264003, 1.63033
1.60831, -0.572773
0.536673, 1.15323
0.693335, 0.875609
-1.74974, 0.834701
-0.120753, -1.90673
-0.129614, 1.77485
0.803012, 0.815564
0.202342, 0.159606
-1.32127, -1.41605
0.64664, 0.466675
1.89241, -0.480037
0.510894, 0.66877
-0.62943, -1.74549
-0.621744, 1.61379
-1.16291, 1.23808
-0.561921, 2.15006
1.52037, 0.625474
1.18611, 0.454131
-1.68788, 1.62157
-1.56826, 1.5767
0.484414, -1.29509
-1.30564, 0.535853
0.773365, 1.33626
-1.95075, -0.532799
-1.63959, 0.474863
0.230084, -1.24906
-0.979726, 1.54291
-0.671914, 1.92454
0.755551, -0.400531
-1.8487, 1.64126
0.334081, 1.49701
1.70354, -1.32903
-0.602915, -2.00573
-1.2049, 0.012023
-0.320207, 1.49031
1.7211, -0.694412
0.625674, 0.322484
1.44976, -1.54308
-0.125837, -0.580569
0.527102, -0.31905
-1.63167, -0.937132
-0.759545, 0.581312
-1.39746, 0.230592
-0.27184, -0.6017
-2.03404, 1.62961
-1.89479, 0.411293
0.707203, 1.1669
-1.76139, -0.602153
1.41443, -1.5837
-1.7716, 1.32005
0.578878, 0.668117
-1.17706, -0.98753
0.375794, 1.91746
-0.153014, -1.13918
0.441748, -0.629293
-0.78548, 1.81429
0.501032, -0.404571
0.584155, -0.263985
1.57156, 0.512876
-0.489731, 1.47538
-0.0462532, -0.307426
-0.249901, 0.5221
0.306977, -0.0190544
0.484566, -1.68886
1.44688, -1.40065
1.61667, 0.293601
-1.61617, 1.17368
-0.613613, -1.25853
-0.0423957, -0.552312
-1.40005, -1.34509
-0.206863, 0.269262
0.706832, 0.967066
-1.39931, -1.56609
-1.5036, -0.685536
1.18634, 0.693614
0.193951, 1.50009
-1.33878, 0.631814
1.45771, -0.104841
1.71573, 1.4839
1.18986, 0.291171
-0.639014, -1.56372
-1.54352, 0.643274
-1.42965, -1.37502
-0.358408, -1.63677
1.59756, 0.161056
1.63896, -0.320322
-1.20422, -0.42414
-1.82896, 0.438047
-0.508055, 1.67226
-0.734812, -1.49782
1.66587, 1.87364
-1.03507, -1.03141
1.67049, 1.07757
1.88837, 0.373845
2.02512, 2.00662
-1.92563, 0.704989
0.161722, 0.19107
-1.55492, -1.80804
1.80794, 1.64411
-0.848654, 1.43936
1.18112, -1.47637
0.677632, -0.548973
-0.187385, 0.347041
1.53371, -1.28593
-0.681245, -1.63438
-0.944723, -1.74033
1.36331, 1.6664
1.87073, 1.64882
-1.32741, 1.72339
-1.44254, -0.468709
-0.656395, -0.733233
2.06893, 1.20701
-1.70907, -0.667506
-1.75089, -1.51126
1.32506, -0.783042
1.52812, -0.380738
-0.578958, 0.0798076
-1.74679, 0.751767
-0.638501, -0.424809
0.207449, 1.62683
0.543022, -0.60604
0.678424, 1.81351
0.300408, 1.35768
1.50369, -1.17293
-1.44373, 0.966382
-1.39205, 0.82124
0.604943, 1.93806
-1.81249, 0.588455
-0.729133, 0.836514
-1.70492, -1.10637
-1.46789, 0.337742
1.28289, -1.29016
1.50611, -1.64043
-0.520049, -1.46709
0.325315, 0.299401
-0.0153528, 1.58193
1.43257, 0.40152
-1.7391, -0.328953
1.73659, 0.571351
1.17425, -1.7987
0.21617, 0.519789
1.20176, 1.634
-0.871757, -0.456403
0.689899, -0.895515
0.663729, -1.2783
0.690023, -1.76192
1.3756, 1.19964
-0.410692, -1.36199
0.415445, -1.36328
-0.549244, -2.01373
0.670544, 1.93485
-1.49286, -0.770263
1.47485, -1.73782
1.38101, -1.37408
-1.68203, 1.31657
0.583198, -1.34243
-0.459972, 0.570006
-1.71044, -0.174297
-0.328993, -0.21297
0.822908, 0.519947
1.6902, 1.59115
-1.13674, 0.316376
-0.316514, 0.450191
-0.94308, -1.30373
-1.56068, 0.684954
0.280258, 1.24754
1.5255, 1.23748
1.84379, 0.88605
1.23529, -0.759216
-0.404647, 1.5315
1.54559, 0.846485
1.20735, 1.76527
1.33296, 0.331999
-0.610087, -1.78108
-0.746614, -1.96953
1.5303, -1.65767
0.316009, -0.349612
0.569972, -1.54388
-1.72661, -0.911735
1.46465, 1.62708
1.37091, -1.65108
0.432694, 1.24475
0.39464, -1.33218
1.43288, 1.06083
-1.30061, -0.513666
-1.63838, 0.403909
1.45267, -1.6777
-0.27627, 0.863831
1.54321, -0.784675
1.73027, -0.286321
-0.600144, -1.52913
0.202746, -0.344759
0.729518, 0.849505
0.184836, -1.18596
0.276718, 0.457898
1.33648, 1.76821
-0.850192, 1.07843
-1.77843, 0.185148
0.528293, -0.533405
-1.62758, 1.75999
-0.0338901, 0.415099
-0.139448, -0.556169
1.42447, -1.5968
0.535415, -0.304101
0.621989, -0.509814
-0.225771, -1.56
0.108544, -0.0584078
1.56957, 0.466377
-0.505175, 0.368518
0.524521, -0.464165
0.162901, -0.672093
1.56908, 1.38221
0.193444, -1.6205
1.21958, 1.54526
0.530501, -1.85629
0.283022, -0.670134
0.463246, -0.0116465
-1.36389, 0.9721
-0.757614, -0.578705
1.55517, 1.17792
1.25666, -1.00564
-1.21829, -1.90979
-0.371165, 0.461045
-0.208585, 1.32507
0.335318, 1.57929
-0.334691, 1.66377
-1.68389, 0.23992
0.544816, 0.746602
-0.262092, 0.146627
-1.5797, -1.41848
-0.924893, -0.778966
0.0426888, -1.61983
-1.45574, 1.52716
-0.625378, -0.323591
-0.687219, 1.49275
1.73415, 0.671431
0.126475, 1.37228
-1.34984, -0.857478
1.1577, 0.426963
-0.258109, -1.46044
0.234957, -1.16418
0.394918, 0.76696
0.690823, 1.05198
0.348617, 1.2214
0.00454168, 0.50471
0.97295, 1.46952
0.196191, -0.627603
1.35258, -1.55517
1.59907, 1.56928
1.73886, 0.358459
-1.87156, 1.6337
0.850124, -1.3651
-1.58895, 0.165558
1.58997, -2.10972
1.43096, 1.39571
-0.149767, 1.63352
-1.54164, 0.546244
-0.678795, 1.45253
-1.33265, -1.77626
-1.52991, 0.900206
-1.95802, -0.880908
0.0735386, 1.03877
0.727947, -1.80578
0.642731, 1.64928
1.38402, -1.97596
1.4484, 1.4288
-1.50643, -1.42344
-0.0464313, 1.24126
-1.57833, 0.612474
-1.10193, -0.166131
-1.77655, 0.343513
-1.38969, -1.23184
0.690214, -0.21445
1.1464, -1.66352
-0.0454281, 2.02454
0.642805, 1.62066
-0.283303, -0.248983
1.77687, -0.301335
0.649198, -0.607395
-0.465559, -1.88839
0.181956, 1.62791
-0.456272, 0.855118
0.715197, -1.47124
1.36135, -0.380494
-0.458431, 1.46777
1.56726, 0.371315
-0.340148, 0.534505
1.82873, -0.330972
-0.0671327, -0.437987
0.491812, 1.46173
-0.578921, 0.16264
1.58387, 1.90227
-0.718799, 0.395813
0.674367, 0.740743
0.56649, -0.282952
1.19289, 1.55212
-0.270799, 1.61428
-0.482718, -0.515215
-0.875754, -0.444383
-1.67976, 0.622251
-0.454295, -1.99967
0.988485, 0.0922206
0.170592, -0.389015
-1.45824, -0.790786
0.54644, 0.378899
-1.4525, 0.231194
1.21725, 0.913404
1.62219, 0.52073
0.6105, 1.24952
-0.641696, -1.64942
1.18187, 1.2826
-0.419472, -0.6569
-0.943604, -0.875228
0.591855, -0.62322
2.08792, -0.543674
-0.344424, 0.924498
1.70599, 1.47716
-0.305219, 1.3118
0.999909, -1.25288
-1.55683, 1.28137
1.06988, 1.62014
0.161405, 1.61765
1.97981, 0.444312
0.0555275, 1.2805
-0.876946, -0.698564
1.82563, -1.40824
-1.72906, -1.11811
-0.377564, 1.01673
1.32887, -1.74354
0.624805, 0.545423
0.401131, -1.40809
0.39114, 0.594618
0.91963, 0.08089
-0.242486, 0.716743
-0.568554, -0.370082
-1.46822, -0.562504
1.76764, -0.573934
0.836424, 0.0938011
-1.52725, -0.58944
1.40558, 0.235971
1.61352, 0.0417287
-1.87153, 0.500508
-1.75137, 0.545012
-0.683312, 0.508967
-0.159073, -1.36358
0.20009, -1.45355
0.0824574, 1.15238
1.54516, -1.45875
-1.36416, 0.620306
0.768703, 0.695029
-1.42913, 0.943973
1.62722, 0.297664
0.385575, 1.5895
0.939138, 0.128853
-0.422018, 0.269701
1.59845, 1.72106
-1.64598, -0.377845
0.625481, -1.72389
-1.40029, 1.204
1.73708, 1.26929
-1.38813, 1.7306
-0.580235, 1.3898
-1.63441, 1.75442
1.31271, 0.789334
1.64141, -1.50145
-1.29001, -0.67723
1.77775, 0.338857
0.423688, -1.13357
-1.49174, -1.19234
1.55122, 1.14132
-0.138747, 0.154441
-1.53561, -0.503612
0.407232, -0.31451
0.414824, -1.4198
1.05071, -1.61114
0.193748, 0.886387
1.70043, 0.769141
-0.405238, 0.283049
0.558141, 0.31588
-1.36882, -0.983491
-1.71528, -0.351464
1.57334, 1.36016
-1.22395, -1.32791
1.52218, -1.70793
-1.04804, -1.44529
-0.308911, -0.382552
-0.62829, 1.63675
1.41358, 0.553285
0.669042, -0.48142
-1.66396, 0.608733
-0.691549, -0.717793
1.47386, -0.539737
1.49704, 0.735059
1.45434, -0.410772
-1.2017, 0.473727
-0.519838, 0.31094
-0.821007, -0.835994
1.80769, -1.7325
-1.59698, 1.18637
-1.54745, 0.259862
-1.56024, 1.46115
-1.17704, -0.87387
-0.366076, 1.44275
1.70718, -0.579267
1.61227, 0.302536
1.2136, 1.2833
1.70926, -0.517315
1.33311, -0.862049
0.858292, -1.4329
1.75361, -0.254315
1.96872, -0.205206
-1.63544, 0.545683
0.677478, 1.6308
1.52892, 0.676406
-0.404332, 1.81143
0.209781, -0.561443
1.68554, -1.32878
-0.748402, -0.839274
-1.54761, -0.594185
1.54771, -2.13406
0.936099, -0.962967
-1.79253, -0.800454
-0.630855, -0.483101
-0.293075, -0.331871
0.380623, 1.46488
-1.74341, 1.61881
1.97359, -1.65727
0.907519, -1.35986
-1.75407, -1.41315
1.69352, -1.27545
0.317981, 0.0326404
0.235955, -1.66208
0.857854, 0.734724
0.298079, 0.481365
-1.64345, -1.81432
0.787581, 0.558313
-0.795847, 1.40888
-1.59543, 0.0270385
-0.669332, -0.564026
0.160956, -0.122925
1.2366, 0.949236
-0.320842, -0.131258
0.354054, 1.25803
-0.57275, 1.5784
1.92345, -1.64127
-0.657643, -2.03811
1.54049, -1.40234
-0.409868, -1.32696
0.587394, -1.61901
2.02734, 0.800723
1.83274, 0.860621
0.797488, -2.04879
-1.76215, -1.65496
-1.21068, 1.55568
-1.71484, -1.52761
1.71995, -0.609796
-2.13888, -0.731798
0.8124, 0.294212
1.2927, 0.548037
-1.76761, -1.57437
0.160856, 1.47014
-1.9588, -1.95837
-1.0634, 0.563164
-1.71864, -0.488024
1.26685, 0.2827
1.4085, 1.45914
1.62393, 1.41928
-1.71236, -1.21508
-0.959309, -1.88612
0.193271, 1.32839
0.409328, 0.51504
0.658615, -0.526998
-1.29968, 0.336044
-1.76821, -0.786018
1.61741, -1.0223
-1.49445, -1.31497
1.2598, -0.659601
1.31905, 1.45607
1.34031, -1.45377
1.54259, -0.128957
-0.660924, -0.715509
-1.28016, -0.788702
0.285655, 1.27746
-1.94164, -0.589052
1.35628, 1.2203
-0.0394951, -1.51808
1.40731, -0.965951
1.46508, -0.34136
-0.126622, 1.62234
-1.88452, 1.5612
0.0923558, 0.185524
-1.3728, -1.43176
1.72355, 0.704241
-0.408318, -0.726392
0.67122, -1.68926
1.57636, 1.88821
-1.26622, -1.61192
0.496757, 1.89825
-0.106101, 1.51117
-1.47446, -0.35685
-0.218712, -1.22757
0.0695126, 0.478017
-0.238492, 1.48251
0.453032, -2.00398
0.538885, -0.461592
1.14891, 0.918106
1.62751, 0.993174
-0.3444, -1.451
-0.873448, -1.7259
1.28187, 0.306431
-1.24899, 1.0575
0.0448516, -1.73453
0.328994, -0.636898
-0.178563, 1.46405
-0.715886, 0.16791
0.613906, -0.594332
0.679046, 0.711663
1.67847, 0.447955
0.681045, -0.615876
0.905834, 0.9952
-1.30548, 0.561958
0.887358, 1.64773
0.738301, -0.703141
1.41339, 0.347281
-1.63086, 1.46992
1.35208, 0.00488179
0.723149, -0.590393
0.615211, -0.528479
-0.392837, 1.63352
-1.74101, 1.60564
0.394631, 1.66973
-0.259225, 0.572217
-0.249728, 1.21307
1.63369, -0.0824556
-1.42733, 1.81269
1.49764, -0.790967
0.528558, -1.70148
0.305025, 1.27254
-1.42604, -1.51318
-1.47658, 0.937405
0.750993, -0.703714
-1.32797, -1.93909
-1.06076, -0.425547
-0.512897, 1.36183
0.947681, -0.433971
1.22115, -1.72661
1.54759, 0.357399
-1.5571, 0.0272972
0.353485, 0.68366
-1.61308, -0.128972
0.807034, 0.447591
1.39699, 1.32208
0.437386, -1.26231
-0.0892239, -1.46507
-1.6256, 1.38477
-0.908806, 0.223879
1.26909, 0.288112
1.53429, -0.206079
-0.011999, 1.52229
1.45213, 1.96779
0.54725, 0.560365
1.78367, 1.27741
0.473439, -0.524551
-1.55363, -0.428891
-0.287985, -0.943707
-2.08549, -1.64055
1.74773, 0.396732
-0.72028, -0.520423
0.305289, -0.46215
1.58319, -0.341923
1.30586, 0.663659
1.5996, 1.39442
-0.526, -0.244293
0.997654, -1.5079
0.583806, 1.32432
1.35505, -0.459271
-0.392589, 1.5344
1.51404, 1.19957
0.5435, -0.703235
-1.28385, 0.524683
-0.641996, -0.426409
0.375135, -1.50307
1.2639, -0.385464
0.321267, -0.666711
-0.559294, 1.62702
-0.680838, 1.65809
-0.18821, 1.16629
-1.60088, 0.0839281
0.543922, 1.39994
0.856583, -1.43763
1.51288, -0.00200739
1.42097, -1.46106
-0.43212, -0.858318
0.269196, -1.36535
0.191456, -1.18861
-0.561242, -1.47527
-0.230289, 1.5495
-1.3576, -0.399335
-0.548072, 0.725402
1.25122, 0.257171
1.26168, -0.277646
-0.384112, 1.30909
1.53954, -1.54172
1.40831, 1.29684
0.3339, 0.678686
-0.353644, 0.623027
2.0054, 1.64019
-0.751758, 1.25722
1.77175, 0.795146
1.16288, -1.56632
-0.848382, 0.962045
1.72146, 1.32818
-1.42887, 1.6747
0.57514, 0.146215
-0.392963, 0.923076
1.5298, -0.261127
-1.45489, -0.354258
-0.302538, 1.46554
0.456349, 0.511826
0.291759, 1.89207
-1.37165, -1.62054
0.305289, -1.56218
0.323722, 1.5824
1.00402, 0.478343
1.77076, 0.716305
-0.556682, 1.16116
-0.887196, 1.11293
1.80459, -0.386209
-1.76003, 0.692509
0.590971, -1.4369
-1.53539, -0.740264
0.173126, 0.297948
0.912641, 0.41098
1.81424, -1.42838
0.448786, -0.479277
0.365442, 1.59312
-0.518168, 1.25807
-1.249, -1.43142
-1.36405, -1.75788
0.133944, -0.975888
-1.54941, 1.15269
1.38067, -0.720835
1.25039, -0.357347
1.83392, -1.54325
0.351445, -0.461451
-0.771117, 0.383513
-1.63712, 0.248374
1.62581, -1.74463
0.189069, 0.640104
-1.593, -1.31194
-1.8588, -1.26116
0.1682, 1.82726
0.288606, 0.297471
1.31692, -1.50022
0.33138, 1.47254
-1.59923, -0.296161
1.31636, -1.04511
-1.74225, 1.97521
1.54511, -1.48456
-1.58313, -1.39898
0.821414, -0.617953
-1.64316, -0.0187578
1.50455, 0.644101
0.620821, 1.84304
-1.54555, -1.53232
-0.517374, -1.31853
0.745869, -1.88373
-1.22722, 1.58012
0.624555, -1.19052
-1.57558, 1.34409
1.38343, 1.68164
-1.25779, 0.542755
-0.742138, 0.601292
1.47227, -1.32384
-1.40671, -1.7553
0.626956, -1.75887
1.69613, 0.471953
1.45226, 0.363136
-1.04627, 1.25357
-0.568118, 1.40442
-0.555598, 0.661296
1.70805, -1.64144
1.71499, 0.172086
1.43836, 0.457891
0.24193, 1.24565
-0.378826, -0.983755
0.299146, -0.630748
0.276795, -0.793783
-1.32903, 0.567277
1.52571, -1.94155
1.75971, -0.560056
0.532201, 0.266487
0.791668, 0.468333
1.18898, 0.480591
-1.1972, -1.71877
0.797498, 0.0310075
-1.29148, -1.63065
1.4461, 1.48748
-0.477618, -0.16762
1.63756, 1.32649
0.558596, -0.701275
0.48374, 0.486778
1.52597, 1.51618
-0.153862, -0.37604
0.628849, 0.374005
1.43629, -0.69628
-0.465651, -0.234297
0.219392, -1.29316
-1.21283, -0.542548
-1.40562, 1.43148
-0.291509, -0.527238
0.391387, -0.518875
1.23911, -1.43918
0.564869, -0.597648
-0.621664, 1.10253
0.602574, -0.420026
-1.69443, 0.856351
-0.722234, 1.49763
0.417764, 1.74719
-0.355405, 0.170896
-1.66716, 1.83751
0.0752969, 1.34481
-0.505425, 0.797999
1.14062, -0.189879
1.42036, -1.40795
-1.67728, -1.29609
-1.20932, 0.622683
0.656086, -0.347606
0.584723, 0.50289
-1.05187, -1.5818
-0.606061, 1.81127
1.50092, -1.50518
-0.25478, 1.50857
0.561231, 1.51257
1.87736, 0.748928
-0.315673, -0.334186
-0.0947284, 1.36865
-1.40504, 1.04638
0.2309, -1.2175
-1.0839, 0.606112
1.27984, -0.140899
-0.526815, 1.31365
-0.694453, -0.278421
-1.98622, -0.640732
1.54873, 0.828409
-0.893442, -1.14761
1.64929, 1.35573
1.32539, -0.0433816
-0.487592, 1.2873
1.60374, -1.66727
1.72277, 0.277627
0.615836, 0.56017
-0.726661, -0.460601
-1.58828, 2.13456
-0.0850173, 1.27702
-0.208167, -0.376964
1.52205, 0.630992
1.32533, -0.609008
0.362393, -0.484656
0.744412, -0.665175
-1.20696, 0.658801
-1.01267, 0.652894
0.51769, -1.65445
1.0606, 1.43214
0.641034, -0.701896
-0.634026, -0.350501
1.42497, 1.51597
-1.1483, -1.63685
0.466542, -0.303065
-0.452112, 0.350171
-1.3782, -0.566263
-0.502607, 0.424996
-0.538895, 0.487909
1.83086, 1.11598
-0.401344, -0.549445
-1.7069, 0.776955
1.47702, 0.231433
-1.37081, -0.739787
-0.402747, -0.34193
0.33874, 1.35684
-0.679245, -1.56175
-1.51998, 1.07913
1.68983, 1.5472
-1.2826, -1.65176
1.37387, 1.58334
-1.6315, -0.260814
-0.324502, -0.532863
1.72419, -0.476332
0.623324, -1.51234
-0.529943, -1.66044
0.359585, -0.835079
-1.73675, 1.59154
1.50104, -1.6411
-1.71719, -0.459218
-1.61532, -1.99571
0.27048, 0.335275
-0.79658, 0.620401
1.17815, 1.46099
1.55488, -1.68463
1.27977, -1.40241
1.47152, -1.20393
0.802824, -0.875053
1.40197, 0.456195
-1.50997, -0.887644
-1.77918, 0.521899
0.472261, -0.997638
0.373257, 0.568962
0.990226, 0.831214
1.58783, 0.288271
-0.968503, 1.5308
-1.20764, 1.68354
-1.16409, 1.2272
-0.256511, -0.0242119
2.03546, 1.15781
1.50758, 1.72752
1.87171, 0.725764
-1.76452, -0.345614
0.322772, 0.415409
-0.654644, -0.515156
0.459062, 0.702221
0.424275, -1.80855
-1.22011, 1.66658
0.542294, 0.149975
-1.67459, -1.34585
-1.3338, 1.39193
-0.268888, 0.639188
-0.388819, 0.375634
-1.11591, 2.2083
-1.65243, 1.51637
0.0469808, 1.318
0.489429, -0.355708
-0.464369, -1.45726
-0.387242, -0.650185
1.65942, 1.46424
-0.552634, 0.208217
-0.277563, -0.615561
-1.25156, -0.56769
1.37136, 1.73576
-0.343066, 0.734723
1.51708, -1.29519
0.0518015, 0.384097
-1.81323, -0.809266
-1.3063, 1.82334
1.87123, 1.83272
-0.508202, -0.365482
1.48775, -0.841973
-1.71133, -1.52261
-1.4972, -0.749388
-0.400759, 0.671008
1.11343, 0.443941
-0.273907, -1.70777
-0.521566, -1.3165
-1.627, -0.492971
-0.351096, 0.187912
0.28526, 0.00654527
-0.54551, 1.44495
-0.383241, 1.00912
1.64063, -1.47699
1.56988, -0.697568
-1.67588, 1.25356
1.66895, 1.48645
1.34451, -1.03745
-0.48755, -1.68302
-1.55649, 1.53174
-0.207005, -1.30716
1.54013, -0.75557
0.41844, 0.593171
2.05124, -0.223452
-1.38522, -0.748895
0.653806, -1.67576
0.559154, 1.17914
1.01373, 1.1947
-1.51017, -1.12792
0.529375, -0.0181113
0.517317, 0.940025
-1.7014, -0.319411
1.86886, -0.579646
0.537596, 1.45646
-1.66621, -1.28898
1.72639, -1.91347
-1.54698, -0.573792
-0.399714, 0.370219
-0.597453, 1.34692
-1.95055, 1.23129
0.658055, -1.58413
-0.554528, 0.305978
-1.69328, 1.0579
-1.63802, 0.509008
0.557015, -1.31338
-0.550772, 1.54253
1.60707, -1.91466
-0.681211, 0.461391
1.77882, -0.370844
-1.28841, -1.62221
0.397746, 1.91804
-0.421913, -0.448221
-0.484291, -0.542476
1.7041, -0.515247
-1.57469, 0.505733
1.10222, 1.29154
-0.100478, 0.0388833
-1.23659, 1.38505
1.8166, -1.22809
0.554104, -0.61741
-1.66059, -0.567476
-1.42825, -1.79616
-0.29613, 0.438082
1.7518, -0.499414
-1.65407, 1.28534
1.53857, -0.97684
0.933959, 1.74625
-0.42966, -0.426521
1.82501, 0.351135
0.520701, 2.25845
-0.332027, -1.63582
0.610961, -1.75188
0.53883, -1.68316
0.161852, -0.507766
1.34678, 0.272575
0.330321, -1.39384
1.5691, 0.78776
1.84473, 1.07411
-1.24227, -0.496224
1.38295, 1.92561
-1.52514, 1.25991
0.497571, -1.60056
-2.10004, -1.37498
-0.534924, -0.0948333
-0.587389, -1.54618
0.353938, -1.65711
0.840786, 1.89586
-1.83207, 0.539412
-0.931116, -2.16897
-1.70649, 1.37489
-1.57204, 1.4678
-1.76372, -1.54177
-1.71012, -0.239606
-1.04824, -1.56143
-0.286668, -0.429292
-0.783527, 0.650565
1.33371, 0.547412
-1.64293, 0.512725
1.11723, 0.337745
0.309102, -0.495214
0.566642, 0.272866
1.85722, 0.494934
-0.66605, -0.660424
-0.342545, 0.535493
1.54855, 0.855893
1.60392, 1.58586
0.447807, 0.263691
-0.672354, -0.593174
-1.37165, 1.98002
-1.60919, -1.65537
-1.63912, 1.57075
-0.349472, 0.571157
-0.565134, 1.70025
-0.159633, 0.496492
-1.96222, -0.61841
-1.28531, 1.51444
1.56842, 0.464391
-0.658989, -0.563467
-0.571586, 1.67321
0.0921691, 0.169742
0.499336, -1.62335
-1.65525, 0.594536
1.49531, -1.3727
1.86179, 1.63092
-0.15844, 1.76884
-0.806148, -0.7398
1.79103, 0.572008
-0.36617, 1.11091
0.493903, -0.0555841
-0.654538, 1.45734
1.43534, 1.9303
-0.633342, 1.12995
-1.66589, -0.545213
0.523193, 0.540736
-0.444723, -1.01673
1.97131, -0.484131
-0.962832, 1.6452
0.687824, -0.653689
-1.67109, 1.7453
0.0150564, 0.598975
-1.60315, -0.298239
0.835606, 0.814543
-1.30721, 1.35693
1.28051, 1.51556
0.484452, -1.45477
0.490921, -1.78798
-1.65012, 1.31766
0.180843, 1.39527
1.78792, 1.50959
1.03313, 1.81003
-1.68844, -0.472741
-0.496373, 0.838259
-0.490734, -0.243207
-1.77862, -1.42185
1.5325, -0.87216
0.390761, -1.51456
1.11852, 0.412049
-0.0519813, 0.520719
1.09567, -1.41813
0.562683, 1.46532
0.0583645, -0.496469
-0.955397, 0.767422
0.368137, -1.46367
-0.380174, -0.923466
0.135965, -1.58336
1.44121, 1.31857
0.867974, -0.170496
0.475636, -0.565135
-1.79521, 0.228833
-0.461048, 0.650644
0.288769, -0.242511
0.297825, -1.50362
-1.40229, 1.54816
1.51551, 0.63006
1.48082, 0.667792
0.374478, -0.502728
0.352645, 1.17632
-1.2181, 1.40298
-0.0949956, 0.290221
-0.331803, 1.24982
0.941371, -0.251093
-1.68665, -0.697261
-0.654962, -0.855658
-0.367714, 0.734373
-1.57021, -0.896422
1.42794, -0.709136
-1.26337, -1.42705
-0.407515, 1.35677
-1.07493, 1.0964
1.22814, -2.11834
-0.260341, -0.599222
1.46631, 0.548997
-1.49605, 1.07597
-0.126884, 1.251
0.965454, 1.62205
-0.344776, -0.218429
-0.499487, 0.430497
1.5695, -1.20933
1.32476, 0.240933
1.11574, -0.240164
-0.250719, -1.0589
-0.886731, -0.467383
1.24192, 1.67867
1.14739, -0.170499
1.73194, -1.30741
-0.436736, 0.368643
-1.60345, -0.336301
-1.81129, -0.563004
0.894472, -1.88064
0.329356, -1.7391
1.17276, -0.943972
-1.35593, 0.417668
-0.534835, -1.04182
-1.39239, -0.696229
-0.99036, 1.09135
-0.34509, 1.33677
0.95916, -1.22015
1.55287, 1.45875
0.984312, -1.45844
1.60361, -1.57346
0.49307, -0.658619
-1.74087, 1.52439
0.473088, -0.248416
0.929092, -1.46189
1.7333, -0.192112
-1.60428, -0.959941
0.0259007, -1.39511
1.56316, -1.5379
-0.362012, -0.552099
-0.819525, 0.193823
-1.3391, -0.877924
1.30803, 0.413279
-1.45932, -0.133889
1.75549, -0.299866
-1.43654, -0.455459
-1.85072, 1.23395
-1.71632, 0.62129
-1.33512, 0.224786
-1.78233, 2.04666
1.56401, 0.122141
0.365794, -0.0410195
0.621103, -0.698067
-0.697129, 1.6511
0.639706, 1.60233
0.681928, -0.515025
-0.192565, 1.35119
0.357596, 1.31848
-1.17861, -1.28071
0.374491, 1.58342
-1.29084, -0.165473
-1.44532, -0.658037
-0.431377, 1.48351
-1.19749, 1.44227
-1.6849, -0.754093
0.0221074, -1.43531
-1.04039, -0.380469
0.628534, -1.52258
0.348348, -2.18395
0.491466, 0.391618
-0.277526, 1.10461
-0.533198, -1.44088
0.276349, 1.0774
1.15977, 1.27665
1.44545, 1.49098
0.662042, -1.65268
-1.31892, -1.37786
2.01699, 0.943275
-0.669304, 0.771005
-1.41177, -1.44665
-0.71419, -0.841972
0.803223, -1.53127
0.0652661, 0.394591
1.07143, -1.62328
1.49655, 0.618398
0.657385, -1.93486
0.413405, 0.888906
-0.959803, 1.58741
-0.00815761, 0.741937
-1.5393, 1.62971
-0.849321, -0.746176
-0.643102, 1.40913
0.488802, 1.5249
0.397788, 0.74723
1.23867, -1.33842
-2.02512, 1.2066
1.59248, -0.605881
1.40531, -0.533493
-0.760551, -0.961165
1.59395, -0.603431
1.41002, -0.666997
1.70611, -1.49613
1.77372, 0.430028
0.91907, -0.562475
0.179015, -1.81141
-1.75939, 1.42729
-0.389717, 0.55014
0.284581, -1.40192
1.23218, 1.45057
1.30139, -0.411632
-0.44347, 1.15985
-0.435957, 1.54154
-0.349454, -1.17869
0.428045, 1.24737
0.312732, 0.34954
-1.15688, 0.308083
-0.890834, 0.582977
1.06009, -0.822401
0.586713, -1.20707
-1.76839, 1.4883
-0.114594, 1.5722
-0.0818787, 1.63086
1.00128, -1.17827
1.6347, -0.680832
-1.31529, 1.24745
-1.55023, 0.657988
1.89299, -1.389
-0.662879, -0.488042
1.35036, 0.797181
1.24715, -1.75993
0.452987, 2.20022
-0.154944, 0.720026
-1.52666, -0.335017
0.914512, -0.215493
0.0716176, 1.45347
0.429767, 0.490459
-1.57264, -1.08111
-0.303875, 1.62402
-0.708908, -1.845
0.58571, -0.50931
-0.397523, -1.65281
0.682679, -0.780124
-0.209716, -0.683265
1.32572, 2.02808
-1.41876, 0.0970915
-1.65634, -0.790307
0.712916, 0.280131
-1.45398, 0.531068
-1.44943, 1.4703
0.272553, -0.232165
-1.64018, 1.36002
1.46866, -1.5693
1.23963, -2.1928
-0.131803, -1.78917
-0.142008, -0.320568
0.355196, 0.256468
-0.929328, -1.08297
0.784861, -1.42472
2.19969, -1.238
-0.710593, 1.38611
-0.363887, 0.452694
1.91894, 1.09903
-0.198706, 1.24797
0.491785, 1.92656
0.586675, -1.27904
-1.15017, -1.38623
1.67626, 1.66887
1.51555, -1.59075
0.18098, 0.438312
0.087661, -0.993565
-0.31423, 1.062
0.874135, -0.903143
-0.734549, 1.84613
1.62033, -0.23893
-1.39968, -1.94168
-0.436352, 0.0856435
0.612789, -0.940981
-1.3087, 0.367432
-0.762288, -0.434223
-0.595312, -0.694341
-0.544479, 0.662147
0.480979, -1.5464
1.5035, -1.27653
0.538325, 1.66859
1.57515, 0.522266
1.4279, 0.370614
1.63368, 0.485772
1.04064, -1.49096
0.724611, 1.81138
0.177879, 1.44604
-1.36595, 0.700643
-0.261161, -0.753595
-0.165949, -1.32583
-0.476344, -1.81504
-0.330451, 0.664423
-0.273747, 0.548563
0.434042, -1.46258
-1.60887, -0.655558
0.366581, -1.67149
0.474625, -1.18764
-0.729871, -0.0391935
1.70731, -0.28078
-1.29747, 1.26272
-1.23463, 1.09073
1.07893, 1.0534
1.75654, 0.777065
-2.08783, 1.61244
-1.90603, -1.57744
-1.62778, 0.688977
1.10852, 1.51659
-1.31715, -0.490706
1.49698, 1.51396
-1.64776, -0.60926
1.34638, 1.19287
-0.612612, -1.13117
-0.326389, 1.87037
0.0928702, 0.458913
1.08467, -0.38462
-1.51075, -1.23198
-0.399522, 0.611242
-0.674551, 0.0928946
0.546927, -0.494709
-1.75647, -0.647099
0.625722, -1.79235
1.52692, 0.631577
0.697705, -1.74165
-1.50674, -1.37698
-0.241582, 1.54902
0.877408, -1.51427
-1.79363, -1.26012
-0.694194, -0.563666
-1.43439, -1.30041
-0.728715, -2.05509
0.604284, -0.977426
-0.365729, -1.80004
-0.128855, 1.52925
-0.594467, -0.753777
-1.18818, 1.73477
-0.234531, -0.785708
1.86906, -0.478035
-0.403719, 1.49674
1.26643, 1.67246
-1.79355, 0.942774
1.87482, 1.50079
0.351365, 1.71459
1.53881, 1.70416
1.31364, -1.52159
-1.52516, 0.57255
-0.0500533, -0.600927
-1.77802, 0.301805
0.418425, 0.509656
0.257628, -1.39348
-0.564852, -0.199901
-0.418749, 0.70781
1.50007, -1.15325
1.30575, -1.47966
0.604167, -1.34935
-0.747883, 1.51522
0.351148, -1.1056
-1.50341, 2.00397
0.614794, -0.58212
-0.726714, 1.66193
-1.36474, -0.585086
-0.395141, -0.498712
0.448244, -0.822105
-0.858365, -0.578009
-1.51268, 0.817734
0.589137, -0.112442
0.60708, -1.55005
-0.246043, -1.60205
-0.624634, -0.664306
-0.908657, 0.399939
-1.62264, 0.808141
0.57733, 1.50709
0.504092, 1.36599
0.264461, 1.66007
-0.44782, -1.46301
-1.57606, -0.383408
-0.592372, -0.292909
0.123959, -1.64993
1.57634, 0.929662
-0.455712, 0.398298
-0.753892, 1.34015
-0.348983, 1.15768
-0.390617, 1.06774
-1.49808, 0.0326636
0.22475, 1.55185
1.99337, -0.352197
-1.75868, -0.405934
-0.487444, 1.44203
1.78318, 1.12037
-0.800046, -1.82168
1.57902, 0.354287
1.44609, -0.735389
-0.842726, 0.466928
-1.34872, 1.57522
0.0227016, -1.65535
1.79987, 0.337508
-1.79013, -0.402817
1.16931, 1.19307
0.606333, -0.813467
-0.595239, -0.476718
1.31377, -1.42416
-1.15481, -1.5946
1.71592, -1.62638
-1.13667, 1.35244
0.662583, 1.46747
1.08403, -0.341363
-1.55837, -0.444621
-0.819914, -2.15537
-1.638, -1.66894
-1.25467, 1.24252
0.997727, 1.36579
0.0770262, 1.1891
-2.08003, -0.599434
-1.40317, -0.560457
1.40097, 0.0567703
-0.59491, 0.651554
1.02197, -1.26582
-0.745251, -0.619538
-0.751493, -1.68242
0.529255, -1.59036
1.58932, 1.81376
1.60308, 0.351989
-1.56572, -1.11951
1.29738, 1.32663
-0.296554, -1.57251
-1.28766, -1.3499
-1.46571, -1.46814
1.71504, -0.554237
0.891527, 1.48472
0.529278, 0.353487
0.700926, -0.707708
0.175646, 0.349892
1.07376, 1.76578
-0.665699, 0.204572
0.854467, -0.159071
0.686015, -1.73319
1.67512, 1.35911
-0.618967, -1.25328
1.89758, -0.0698223
1.11052, 0.0387196
0.488194, 0.2031
0.732353, -1.57034
1.42561, -0.449788
1.90072, -1.84241
1.26926, -1.54534
0.526397, 0.581112
0.61779, -1.73283
-1.50814, 1.34229
-0.505146, 0.892045
1.16681, 1.43427
-1.6921, 0.69201
0.802774, 0.447952
1.58525, 0.21138
-1.56699, -0.41291
-0.229399, 1.23979
0.574682, -0.621299
-0.984779, -1.79126
1.23671, -0.788256
1.98896, 0.563443
0.0400723, -0.448775
0.621424, -1.30209
0.668732, 0.426934
-1.65023, -0.53026
0.229015, -1.1179
-1.51167, -0.820951
-1.13827, 0.464712
1.69004, 0.431999
-0.275778, 1.16436
0.246223, 1.74567
-1.36455, -1.56044
-0.573516, -0.466581
0.286102, -1.01084
1.18654, -0.582184
0.477232, -1.93176
-1.26181, -0.584885
-1.65677, -0.286615
-0.792913, 0.38508
1.33671, 1.56952
-0.534022, 1.12637
-0.750325, -1.45208
-0.763748, 0.384994
-0.593434, 0.457124
-1.93079, -0.927279
-0.873998, -1.80551
1.36714, -1.38284
-0.478396, -1.28968
0.492574, -1.47986
-1.60107, 0.449297
-0.369252, -1.36379
-0.843454, -0.167132
1.13817, 1.47321
0.602019, 0.633727
-0.345948, 0.297092
0.396414, 0.527453
-0.386376, -0.293827
-0.438615, 0.283139
1.78306, 1.57858
-0.152972, -1.19875
0.967468, -1.82971
0.998231, -0.42043
-1.52187, 0.501882
0.569287, 1.36647
0.420977, 1.10818
-1.83037, 0.778258
-1.81644, -1.88504
0.718064, 0.23934
-0.121354, -0.441185
0.41267, -1.36027
0.0803617, -0.0281657
1.2117, 0.670245
1.37092, 1.63066
-0.475276, 1.40412
-0.448496, -0.166173
1.29341, -0.49375
1.39703, 0.714405
-1.3835, -0.129757
-0.442023, 1.04586
-1.77738, 0.33134
-0.36501, -1.70155
1.10274, 1.12372
1.8262, 1.19683
1.50786, 1.828
-1.30955, 1.23536
-1.06807, -1.22621
1.80797, -1.26523
-0.681592, 0.235469
0.552187, 1.8014
-0.464182, -0.536634
0.394836, -0.604603
0.817546, 0.690385
-1.64611, -1.5229
-1.41508, 0.501044
-1.41615, 0.740457
0.403498, 0.662451
-0.905489, -1.36722
1.25388, -1.64184
0.312995, 1.40611
-0.515282, 0.664571
-1.64436, 1.56188
0.0167011, -0.508042
-0.724231, 1.39839
1.50714, -1.56118
-0.355981, 0.73321
-0.0970887, -0.443003
0.428822, 0.427232
0.557072, 0.323883
0.363566, 0.457626
0.669465, 1.74891
1.10997, 1.28653
-0.458052, -0.528484
-1.54676, 0.695166
-0.235004, -0.654003
1.92254, -0.642202
0.185463, -1.51486
0.623851, 0.323008
-1.44965, -0.258208
0.294688, -0.674299
0.493282, 0.263028
-0.426603, -0.880805
-0.63751, 1.18377
0.597253, 1.29567
-1.41118, 1.16214
0.9775, 0.571782
-1.3947, 1.62292
-0.526251, 1.6163
-1.80459, -1.33085
-1.76068, 0.873664
-0.721065, 0.397584
1.87228, 1.63812
1.34965, -1.24569
1.90453, 1.03393
-1.02515, -0.249335
-1.39876, -0.242757
-0.552276, -1.2407
0.600561, -0.506717
-0.751346, -0.127025
1.87509, 1.93589
1.74329, 1.27201
1.47142, 0.668743
-0.341988, -1.54307
-1.32436, -0.37639
1.95511, 1.58841
1.60902, -0.873402
1.49897, 0.643528
-0.404175, -0.0518832
1.19056, -0.802138
0.90694, -1.99079
-1.38568, -1.44014
0.0504897, -0.413638
1.0849, 0.670565
-1.57079, 0.702108
-1.45956, -0.839216
-1.79633, -1.67651
0.0252879, -1.58168
1.36093, -1.24697
-1.4529, 0.189174
-0.405097, -1.07437
0.18116, 1.99101
-1.06294, 1.97093
1.61217, 1.35148
-1.07455, -1.34136
-1.19108, -0.392566
-1.40045, 1.79199
0.157837, 1.30084
-1.48073, -1.68145
1.19121, -1.52685
1.6489, 0.360167
0.276203, -0.453607
0.186228, -0.460878
1.31645, -0.359437
1.39717, -0.247348
-0.452313, -0.314924
-1.90201, -1.29867
-0.488437, -0.235977
0.505686, 1.6763
1.48534, 0.350229
1.32109, -1.58568
1.76507, -1.20236
-0.0179467, -0.567284
-0.476415, -0.211367
-0.35002, 0.709437
1.15869, -0.454045
1.72157, 0.51868
-1.23326, -1.46361
1.74741, -1.40558
1.44618, 0.594988
-0.943332, -0.556854
-0.537538, 1.43082
1.35718, -0.497788
1.20527, -0.360703
-1.80178, 0.450995
0.592244, -0.738167
1.78267, 1.87106
-1.17646, -0.836106
0.388736, 1.57927
-0.662042, -1.70327
1.80887, 0.0535265
-0.519495, -0.606215
-1.53857, -1.66651
-0.521477, -1.73375
-1.43987, -0.479302
0.799298, -1.0329
0.404043, 1.78869
1.37499, -1.87478
-0.333635, -1.87308
0.603084, 0.420013
1.48673, 0.0577361
0.397129, -1.35107
-0.284393, 0.68101
1.93044, -0.579027
1.33244, -0.492062
1.78074, -1.61081
1.70643, 0.930869
-1.73455, 1.53746
0.176639, -0.338327
-1.61236, -0.439791
-0.27461, 0.349986
0.713502, 1.92365
-0.0862633, -0.252753
-1.56522, -0.943008
-1.1763, -1.4606
-0.528392, -0.175237
-1.43816, -0.213458
-1.62518, 0.51547
-0.594996, -0.23876
0.08897, -0.426537
0.416564, -0.459237
-1.79905, -1.13206
-1.52525, -1.23205
0.638311, 1.41881
0.563658, 1.37005
-0.309068, 0.525851
-0.601426, 1.70691
1.63546, -1.35891
0.512891, -0.162744
1.64856, -0.857968
0.831972, -0.392903
-1.87178, -1.41612
-1.23262, 1.4694
-1.46898, -1.28684
0.62237, -0.520514
0.661825, -0.0843528
1.21952, 1.32164
1.55752, -0.269334
1.43894, 0.392345
-0.978324, 0.0693582
1.33656, -0.104567
-0.507558, 1.8691
1.81672, -0.691952
0.166543, 1.76226
0.437029, 0.683217
1.61234, -0.309924
-0.423864, 0.306208
0.0636752, 0.59268
0.476885, 0.0043314
1.35859, 0.904282
-0.435365, -1.59806
-1.57287, 1.11624
0.460244, -1.58712
1.594, 0.891277
0.553576, -0.551551
-0.60443, 1.22028
-0.676837, 0.705765
0.653729, -0.832947
1.01229, 0.652918
-0.0527116, -0.287329
1.66574, -1.68317
0.730052, 1.25587
1.31513, 0.566348
0.583427, -1.39394
-1.73713, 0.91256
-1.60596, 1.60367
0.733387, 1.63198
0.779407, 1.38348
-1.70349, -0.60816
0.465619, -1.27184
-1.44501, 1.30633
-1.52158, 1.73369
-1.48396, 0.541895
-0.329247, -1.41353
-0.730311, 1.51057
0.165972, 1.45743
1.52282, -1.15268
-1.71686, -1.70807
1.79051, 0.138173
0.640802, -0.605041
1.47931, 0.989828
-1.48096, -1.46531
-1.60767, -0.911565
0.404588, -0.226284
-0.0774296, -0.784778
1.2839, -1.56957
-1.82179, -1.32504
-0.538509, 0.468921
0.212178, -0.45247
1.36598, 0.279977
1.33256, -1.59414
1.12302, -0.489909
-1.4177, -0.470148
0.516498, -1.00768
-0.199931, 1.73935
0.497449, -1.73098
0.860496, 1.82902
-1.46994, -1.16857
-1.65427, 0.176467
-1.72956, 0.184188
0.572731, 0.867142
-1.01409, -0.96208
-0.654734, -1.63239
0.719693, -0.313749
-0.543371, 0.613313
-0.447047, 1.64581
1.74636, 0.638249
-0.510655, 1.09638
1.4927, 1.48977
-0.368367, -0.615632
-0.629824, 0.693718
-1.02495, 0.825587
-1.70315, 1.31138
-1.19916, -1.34256
-1.68569, 1.39618
-1.44173, 0.249114
1.58836, 1.73307
-0.875792, 1.53018
1.64473, -0.553757
-1.47065, -1.00266
-1.67896, 1.46662
1.30296, -1.44792
1.48777, -0.7634
1.15399, -1.64152
1.63666, 1.53747
1.50617, -1.39757
0.277789, 0.47802
1.48786, 0.252812
-1.81476, 0.0023242
-1.02509, -1.46114
1.10216, 0.650043
-1.57545, 0.801301
0.288932, -0.564242
-1.34131, -1.51577
-0.364627, 1.27221
0.376725, 1.4697
1.12995, -1.48714
-0.304831, 1.54555
1.90936, -1.80222
-1.22934, 0.682924
0.739196, -1.61461
0.448289, 1.2167
-1.50653, 0.530656
0.349422, -1.25127
-1.66411, 0.252072
0.915004, 0.381733
-1.44483, -1.47744
1.6188, -1.55464
1.52089, 0.157688
1.27225, 1.66139
-0.666495, 1.43085
1.44811, -1.6623
-0.463403, 0.287897
-0.153947, 1.66558
0.358353, 1.65863
-1.3556, 0.0234061
-1.71432, 0.510524
-0.407462, 1.31575
0.524325, -1.11832
1.80836, -0.603177
0.62982, -1.2948
-1.62352, 1.4959
-0.0529137, 0.465372
0.174619, 1.42654
-1.38136, -0.739678
-0.637959, 1.51242
-0.270753, -1.32942
-1.16269, -1.16165
0.35537, -0.253314
-0.890631, 0.504824
0.402655, 1.37115
0.0890436, -0.662374
0.628273, 1.42111
-1.29166, -1.66124
-0.376873, -0.482629
-1.74633, -0.403195
0.557955, -1.50874
-0.974558, -1.4946
-1.09987, 0.514374
-0.549537, 0.279135
-1.83265, 1.38457
1.23626, -1.77554
1.59146, 0.483215
1.68291, 0.338974
1.43442, -1.05946
1.40248, -1.44033
-0.41266, 1.64698
0.86939, -1.49277
1.6163, 0.0595727
-0.861293, -0.451846
1.44796, -0.720897
-0.958286, 0.702322
0.137587, -1.37228
-0.815641, -0.268808
-1.27245, -0.189003
1.29435, -0.543687
1.35556, 0.347903
1.97189, 1.32393
0.993573, 0.26158
2.13833, -0.145492
0.475641, -1.44818
1.86301, 0.810375
-1.74249, -1.35176
0.290901, -0.640248
0.579897, 0.400103
-1.4689, 1.60801
-0.203328, -0.619916
1.57789, -1.52579
1.81701, -0.376675
-1.65149, -1.75454
-0.617213, -0.334717
-0.392871, -0.996527
0.00854806, -0.380118
0.183488, 0.707186
0.723045, 1.61591
-0.575343, 0.252312
0.0717357, -1.45362
1.88622, -0.69588
-1.68094, 1.80768
-0.0706508, 0.677137
0.123686, 0.564391
-0.40003, -1.34794
-0.378498, 0.0614413
1.62946, -0.701414
-0.529239, 1.83721
-0.453723, -0.845416
-2.0824, -0.54303
-0.87796, -1.00538
0.649949, 0.0124128
-0.662171, 0.730086
0.92385, 1.63589
-1.28117, 0.641435
-0.136108, -0.812578
0.904179, -1.61309
-1.05016, -0.429186
0.420044, 1.32772
1.99258, -0.341011
0.635322, 0.153353
-0.825901, 1.36197
0.335683, -0.353186
0.39654, -1.66537
0.840546, 1.5499
0.273655, -0.503251
-0.368569, 0.204426
-1.59315, -1.31821
-1.31913, 0.671017
1.57036, -1.44812
-1.34625, -0.648004
-0.277484, -0.714006
0.833914, -0.280747
-0.434955, -1.74282
-1.43992, -0.275352
0.464915, -1.46278
-0.132481, -1.73708
0.360069, -2.00906
-1.25364, 0.758248
-0.674187, -1.92836
-1.4561, -0.331883
-0.311785, -0.50558
1.24991, -1.04499
-1.37505, 0.737554
1.6909, 0.161591
0.422965, 0.382716
-0.61334, -1.73953
0.980757, -0.0989297
-0.837405, 0.101144
-1.61774, -1.39252
-0.291291, -0.0472775
-0.478009, -1.13706
-0.581808, -0.551685
-1.31901, -0.383198
-0.401488, 1.63161
-0.533112, 0.905505
-1.46485, 0.50219
0.59898, 1.45579
-0.767754, 1.68768
-0.5186, 1.67116
1.5017, -1.57129
0.516579, -1.16765
-0.786068, 1.46434
-1.75947, -1.5379
1.65544, 0.660672
-1.48166, 1.74985
-1.71883, 0.551573
1.36427, -0.386223
0.844353, 1.46214
-1.3819, -0.386025
0.17711, -1.58447
-0.559215, 0.941093
-1.32283, 0.0333505
-0.193058, 1.10588
-1.26147, -1.69425
-1.74906, -0.352918
0.262785, 0.581949
-0.990998, -0.183989
-1.89603, -0.14134
0.482345, 0.464407
-0.998176, -0.439726
0.769923, 1.22541
0.709168, -1.8098
0.487662, 1.86248
0.693735, 0.402236
-0.768831, -0.646443
0.943038, -1.57226
0.742028, 1.30315
1.29945, 1.30574
-1.16526, 1.41367
1.37071, -0.698757
-1.06886, -1.56861
1.33432, -0.548505
-0.328261, -0.453335
1.71767, -0.157603
-0.451919, -1.4905
0.566402, -1.70494
1.25994, -0.424465
-0.312971, -0.801148
-1.61856, 0.351785
1.57379, -1.60312
-0.671463, 1.25949
-0.158211, -0.684286
1.73005, 1.59954
1.65359, -1.54465
-0.504192, 1.56887
-0.201632, 0.563185
-0.605205, -0.555897
-0.240858, 1.77364
-1.67515, 0.256859
-0.974449, 0.529821
-1.33125, -0.54866
-2.04013, 1.41018
0.204177, 1.67051
1.79524, 0.279864
0.724059, 0.468938
-0.632669, 1.84471
-0.536339, 1.45318
-1.24607, -0.374163
0.281783, 1.14545
0.816613, -0.607201
-0.986031, 0.82788
-1.19546, -1.72308
-1.376, -1.53008
-0.18942, -0.434855
-0.35609, -0.48665
0.0771704, 1.68192
0.516799, -0.00433388
-1.55525, 0.548618
-0.328323, -1.66894
-0.403555, -0.100165
1.59933, 0.82864
-1.38743, -1.36511
1.21259, -0.579364
0.481864, -1.11501
-1.28306, -1.9054
1.361, 1.21193
-0.367707, 0.33262
-0.554758, 0.718015
-0.042116, 0.28247
1.34718, -0.515094
-1.28895, 1.81784
-0.0976949, 0.631869
-1.55152, 0.392412
0.294405, -0.129298
-1.95018, 1.46204
-1.83486, 0.64981
0.269094, 0.565567
-1.51943, 1.76929
1.67055, -0.229844
-0.966655, 1.52719
0.269842, -1.5576
-0.714169, 0.806526
-0.671967, 1.33446
-0.662941, -1.16368
-0.614379, 0.442916
0.206792, 1.17758
-0.498311, 0.147734
1.47733, 1.37372
2.03704, 1.61757
-1.24688, -0.68614
1.50988, -1.2657
0.197838, -1.60261
-0.744014, 1.62769
-0.654261, 0.371039
0.946187, -0.656663
0.547065, -0.936476
1.59151, -0.542695
-0.429704, -0.431022
0.307933, -1.87047
-1.31556, -0.243171
-1.69582, -0.46402
0.172772, 1.55373
-1.27716, 0.498648
-0.219132, -1.31354
-0.988761, -1.4521
-1.46192, -1.24125
1.71226, 0.113337
-1.95887, -1.27643
1.22736, -0.955527
-1.68222, 1.35249
-1.49921, -0.931194
-1.13045, 0.797035
1.4214, 0.802935
-1.76672, -1.39335
0.032393, -1.72971
1.18679, -0.932906
-1.65067, 0.165778
0.6495, -1.91793
-0.83999, 0.929094
-1.18298, -1.18353
1.5295, -1.25356
0.339097, -1.97171
0.44764, 1.35759
-0.81992, -1.81951
-1.0178, -1.19612
1.4668, 0.494026
-1.56778, 0.637893
-0.774174, 1.43942
1.70614, 1.44487
0.389497, -0.645482
0.355458, 0.885055
-1.53342, -0.146678
-0.407792, -1.46004
-0.647992, -0.468668
1.22392, 0.217934
0.682248, 0.464528
-1.47614, -1.84275
0.00617961, -0.204422
0.745652, -1.34967
-1.66188, 0.649013
-1.36559, 1.10466
1.54289, 0.279628
1.55566, -1.57974
-0.31755, -0.450108
1.49865, 0.991318
-1.7659, 1.7499
-0.238526, -0.908345
-1.53227, 0.743459
1.42694, -0.746014
-0.591325, -1.70321
-1.07166, 1.70789
1.64778, -1.36914
-1.59107, 1.25083
0.18331, 0.115554
-1.30122, 0.062656
-1.10497, -0.782568
-1.32392, -1.38558
0.530208, 0.123911
0.52536, -0.155135
-0.77328, 1.23603
-0.326027, -1.65321
0.22848, 1.87241
1.61158, 0.380113
1.27421, 0.51128
-1.26168, -1.19579
-1.66513, 0.352407
0.367269, 0.812987
0.871215, 0.267982
1.56158, -1.86032
1.05748, 2.0463
0.629326, -0.477676
-1.05787, -0.654202
-0.536768, -1.47956
0.458944, 0.690701
1.14802, -0.390769
-1.50909, -1.83997
1.79347, 0.463249
0.256827, -0.942547
1.45422, -1.6612
0.0526909, -1.40233
0.0305156, 0.737881
1.46196, 0.16238
-0.687566, 0.421247
0.36256, -0.697939
-0.268567, -0.730377
0.564514, 1.66283
-1.39858, 0.925781
-0.362726, 1.37923
0.802326, 1.54421
1.60462, -0.0864142
-0.585056, -0.168747
-1.76336, -1.46402
-1.06616, -0.728769
1.39166, 1.51803
0.875345, 1.20536
0.525217, 0.452271
-0.911084, 0.0852065
1.41256, -0.0314026
1.08645, 0.0383339
0.143133, -1.56784
-1.37994, 1.28785
-1.9747, -0.977082
-0.512982, -0.377394
-0.591449, -0.39678
-0.294627, 1.74372
0.0123423, 1.11115
1.49244, -1.20129
0.353132, 1.59488
-0.507373, -0.575184
-0.752301, -1.64449
1.43579, -0.558057
1.83162, 1.44647
-0.720436, 1.73064
-1.22874, -1.01376
-0.37154, 0.328658
-0.75019, 0.465219
2.17326, 0.388566
0.646499, 1.47648
1.3945, -1.23723
0.880765, -1.34734
-0.278376, 0.334617
-0.521609, -0.554839
-1.86006, 1.2097
-0.0799032, 1.46569
1.35396, -0.0251668
-1.5795, 0.598106
1.46644, 0.457431
-1.05832, 1.27246
1.35525, 0.41729
-1.81145, 1.72554
-0.406692, 0.791597
1.16497, 0.727688
-0.725979, -1.2312
-0.734049, 0.612607
-0.548117, 0.0704108
-0.965396, -1.31626
0.546262, -1.45197
0.165277, 0.753544
1.0703, 1.70393
-1.2971, 0.418238
-1.37963, 0.493872
1.41561, 0.520224
0.459911, -0.787481
2.12519, -0.384814
-0.593471, -1.50978
0.451629, 1.21029
1.35784, 1.33898
0.308688, -0.757176
1.43586, -1.43833
0.382905, 0.610964
0.389535, 1.56378
1.37745, -0.122655
1.44955, -1.23271
-0.423877, -1.63335
0.66647, 1.77444
1.13865, -0.429306
1.08673, 1.59263
-0.762979, -0.66226
-1.5686, -0.548669
0.574937, 1.24196
-0.133154, -0.809629
0.442654, -0.320087
0.383901, -0.176762
-0.680465, -0.310624
1.65364, 0.920354
1.5942, 1.33646
0.471746, -0.31331
0.645964, 0.27099
-1.66673, 1.52798
-0.966462, -0.602414
-0.646571, 0.682735
-1.81375, 0.290306
1.1637, 1.23566
-1.55576, -0.587763
-0.368622, -1.28629
1.47652, 1.42001
1.59794, -1.51855
0.526458, 0.767894
-1.69654, 1.35017
0.187055, -1.67086
1.90386, 1.69404
-1.57888, 1.15227
-1.57295, -0.813432
-0.594729, -1.02509
-0.300218, -1.22994
0.607711, -1.67665
1.56918, -1.49567
-0.719641, -0.679282
1.277, -1.77948
1.27599, 0.683059
-1.62877, -0.681207
1.5778, 0.908363
1.75385, 0.872076
1.42345, -1.10392
-1.32095, 1.24269
0.718641, 1.37347
-1.41266, -1.49916
-1.35255, -0.720419
-0.782943, 1.41884
0.443315, 0.521017
-1.49238, 0.0974556
-1.39011, -0.195769
-1.83433, 1.47284
0.75311, -1.15286
-1.31633, 1.68186
1.63437, -1.51456
1.5538, -1.50232
-1.35701, -0.207664
1.91345, -1.61064
1.24991, -1.83666
-0.733913, 0.742425
0.652139, 0.818551
0.37793, -0.619393
0.210796, -1.45622
-0.654098, -0.667747
-1.37812, 0.202356
-0.80946, 0.968001
0.629593, -0.578678
-1.62827, -1.52785
1.44014, 0.970148
1.33832, -0.169101
-1.14212, 0.683755
-1.68611, -0.684411
0.310681, -1.61354
-1.56907, 1.19644
0.43497, 1.51119
1.3189, 0.273004
-0.148212, -1.32354
-1.38507, -1.64428
-1.66366, -2.11303
-0.573566, -1.79333
2.15488, -1.28012
1.04385, 0.476815
-1.30919, 1.34374
1.85125, 1.47693
1.83996, 0.632303
-1.64561, 0.688128
0.368008, -0.247061
-1.68011, -1.25732
0.524594, -1.31263
0.109603, -1.6072
1.41887, 0.239677
1.98438, -1.16175
-1.39108, -1.50198
-0.280664, -1.86462
-0.380331, -0.542621
-0.0699618, -1.98357
0.718858, 0.510881
1.47797, 0.662114
-0.149939, 0.481671
0.636386, 0.676329
1.06624, 0.540525
-1.95729, 1.818
0.685564, 0.609851
-1.37639, 0.236589
1.78212, -0.475408
-1.33824, -1.49203
-0.474555, 0.352983
1.14886, 1.60207
1.50366, 1.55673
-1.26851, -0.00582231
-1.47086, -0.504012
0.338401, 1.39704
-0.148669, -1.30743
-0.323374, -0.0440212
-1.30286, -1.43777
-0.119697, 0.499292
1.03352, 2.09354
-0.955376, -0.815682
-1.68785, 0.838326
-1.6499, -1.64593
-0.377964, -1.38807
0.733314, -0.88966
0.469234, -1.84485
-0.299235, -1.19205
1.41817, -1.43113
0.446354, 1.67276
0.594144, 0.358559
1.45575, -0.839509
1.53327, 0.601774
-1.27226, 1.10965
0.799213, -0.694916
-0.550177, -1.39757
0.70936, 0.387665
-1.3832, 1.00816
0.577071, 1.75465
0.554137, 0.221485
1.55611, 1.45831
-0.376379, 1.22261
1.9522, 1.35195
-1.3736, -0.791752
-2.11808, -1.65131
-1.67156, 0.947592
-0.431281, 1.66188
-1.82668, -1.46282
-1.76322, -0.791702
1.39814, -1.64589
0.739946, 1.25443
1.25536, 1.70102
0.583133, 1.64248
0.327633, -1.68972
-0.595739, -0.94339
-0.622047, -1.40158
0.463443, 1.75516
-1.50185, -1.38772
0.540147, -1.44373
-0.557718, 1.63224
-0.594594, -0.489164
-1.90968, -1.00592
1.54405, -0.0895668
-0.552189, -0.214645
-1.12092, -1.16871
1.77622, 1.26143
-1.47947, 1.55745
0.443538, -0.148162
1.52789, 1.06046
1.36462, -1.89074
0.363379, -0.155874
1.77952, -1.59412
-1.56065, -0.720625
0.91414, 0.431473
1.59815, -1.55345
-1.53887, 0.883381
-0.260795, 0.501226
1.68071, -1.10786
0.397817, 0.715763
0.0948491, -0.203553
-0.216181, 1.20588
1.47792, 0.339446
-1.24238, 1.37722
-1.7339, 0.177544
0.53121, 0.363604
0.726592, -1.51173
-0.0930803, -1.53979
-0.711259, -0.555785
0.335616, -1.10817
-1.30487, -0.719205
-1.58338, -0.810533
-1.64967, 1.49088
1.17067, 0.86085
0.255604, 1.89919
1.61512, 1.03358
-0.461262, 0.307914
-1.44459, -1.77821
0.682349, 1.83747
-0.245991, -1.43367
-0.682391, 0.288505
-0.14451, 0.436201
1.29309, 0.564688
1.44777, -1.3072
-1.75779, -1.29505
0.695361, -0.67972
0.316644, -0.284715
-1.87794, 0.93964
0.179362, 1.68358
-1.32045, 0.754964
-1.77032, -0.615486
-0.422329, -1.48022
-0.680921, -1.47772
-1.4633, 0.0528757
-1.33873, 0.162083
-0.499403, 0.352618
-1.009, 0.654101
0.357027, 0.787724
0.690491, -1.37211
-1.38977, -1.16872
-0.61379, -1.41877
-1.42038, 1.53851
-1.55564, -0.747419
-1.23293, 0.663193
-1.03939, -0.00947199
1.95665, 1.55459
1.56636, -1.50204
0.538657, -0.392904
-1.75911, -0.149889
-1.52171, -1.53792
1.57855, 0.584252
0.584912, -1.11064
1.77058, -0.0365071
0.583083, -0.564115
-0.365046, 1.40323
-1.533, 1.43008
0.346008, 0.630101
1.62166, -1.58889
0.568994, 1.4051
-1.63921, 1.92708
1.55579, -1.48313
0.373214, 0.343516
-0.461031, -1.48543
1.2779, -0.760448
-1.11197, 1.39534
-0.662891, 1.66863
0.281269, 1.66677
-0.445535, -1.43281
1.87802, 1.61074
0.253875, 0.735276
-1.27907, 1.36255
0.811832, 0.394871
-0.549278, -1.61705
-2.04241, 1.19726
-0.439571, 0.738497
1.75803, 1.5965
1.45839, 1.50094
-0.231462, 0.608789
0.679226, 1.62269
1.72252, -1.54961
-1.79795, -0.706598
-1.04408, -1.31794
0.812673, -1.44536
-0.613101, 0.537813
1.37106, 0.369025
-1.05808, 1.04491
0.699372, -0.243298
-1.739, -1.68562
0.615277, 1.43591
1.56388, -0.297993
1.49262, 0.121111
1.80325, -0.340864
1.42763, 0.803351
0.25012, -1.13751
1.41478, -1.64085
0.172094, 0.613533
-0.366501, 1.12823
0.408906, 1.6449
1.61325, -1.99649
-1.4165, -1.97969
1.54787, 1.44901
-0.175652, 1.50812
0.331908, -0.443843
-1.62186, 0.489066
-0.490669, -1.53134
-1.53985, -1.21044
-0.234099, 2.30571
0.435764, -1.94481
0.213863, -0.396456
-1.37884, 0.365253
0.398608, -1.5895
-0.12409, -1.63961
-1.25831, -1.58473
-0.653122, 0.545438
0.550398, -0.412984
-1.72876, -1.81288
1.05123, -0.759691
0.466006, -1.80625
-0.158321, 1.26577
1.02902, -0.468984
-2.01116, -2.02171
-0.917842, -2.04793
1.731, 0.200135
-1.53795, 1.43309
-0.440428, 1.67079
1.5566, -0.272666
1.6597, 0.312357
0.498695, 1.73173
1.09691, -1.12934
0.831486, -1.71715
-1.65365, 0.550681
-0.556753, 0.409674
0.487482, -1.307
-0.285524, 1.74456
1.10683, -0.23594
1.72949, 0.063783
-0.341494, 1.5041
1.77018, 1.30585
1.66572, -1.53676
-1.5937, 0.481087
-1.22407, 1.08372
1.40907, -0.76435
0.565958, -0.53479
-1.67677, 1.3814
0.612549, 1.30104
0.709496, -1.56844
0.635527, -0.977407
-1.26473, 0.552185
0.434109, 0.552917
0.271975, 1.88099
1.25057, -1.24221
-1.52851, -0.454718
-1.23155, -1.54586
-1.04927, -0.399153
1.73607, -0.587484
1.42566, -1.95799
-0.333118, 1.42917
0.178935, 0.834751
0.4892, 0.301513
1.73351, -1.82855
1.52569, -1.55301
1.67126, 0.02324
-1.15817, 1.60878
0.7082, 0.349296
-0.70851, 0.431562
0.199497, -0.685073
-0.256957, -0.582328
-1.59356, 1.50275
0.575123, -0.64518
1.44504, -1.25779
0.124944, -0.580984
1.43155, -0.354705
-0.271422, -0.0551699
1.53303, -1.73847
0.541324, -0.108376
0.305062, -1.01423
0.429728, -1.7088
-1.54044, -0.0633028
-1.49172, 0.761465
-0.39916, 1.51957
-1.59379, -1.19807
0.778017, 1.43935
-0.451318, -1.5785
1.59647, -1.01393
1.64739, -1.46756
1.39975, -0.905302
1.30223, 1.24788
0.848748, 1.89749
0.363279, 0.667186
-0.535162, 0.544233
0.401085, 1.61597
-0.555914, 0.406416
-0.363316, 0.416145
-1.56808, 1.5468
-2.29796, 1.41324
0.881704, 0.174965
-0.739912, -0.613611
-1.17075, -0.509405
0.748628, -1.59312
-1.46997, -0.572731
2.01409, -1.85231
-0.534221, 1.38859
-1.58749, -0.699903
0.26216, -0.533226
-0.831216, 0.541974
0.592291, 1.44607
0.463495, 1.1779
-1.19026, 1.80376
-0.858532, 0.31594
-1.7602, 0.708027
-0.553237, 1.3025
1.76249, -0.43516
-0.531733, -1.70666
-0.67239, 0.661582
0.502022, -0.550854
0.884789, -1.39733
-0.495285, -1.38809
-0.167422, 0.472919
-0.341941, 0.213955
-0.665874, 0.667435
1.19979, 1.63291
1.22291, 0.532863
-1.63858, -0.577542
1.54158, 1.45945
1.43326, -0.48652
-1.77804, -1.4985
0.478256, 0.7009
0.10163, 1.20556
0.559455, 1.33937
0.671421, 1.17917
0.279929, 0.261855
-1.79802, -0.677877
-1.72611, 1.68661
1.00695, -0.517628
-0.378751, 0.324224
-1.66222, -1.59919
-1.73089, -1.27692
-1.58655, 0.642021
-0.195406, 1.27912
0.506287, 0.186488
0.626611, -1.799
-1.28014, 1.41132
0.68323, -0.950433
1.21657, 0.228549
1.6871, 0.533532
1.06748, 1.54394
1.70091, -1.65424
0.443903, -0.637001
-1.45244, 0.136449
-1.57631, -1.35023
1.31859, -1.4145
-1.30132, 0.277254
1.27706, -1.05462
1.49138, 0.737857
-0.243487, 1.24568
-0.522239, 0.18772
-1.65847, 0.0889459
1.37365, 0.533669
-1.12572, 0.495667
1.12982, 0.13183
-0.291357, 1.44468
-0.707861, 0.1226
-0.372445, -1.71714
0.788973, -1.72802
-1.60805, 0.8518
1.53092, -0.251139
1.30295, 0.648653
1.66603, -1.59425
1.66218, 1.87801
-1.31931, -0.327048
0.150916, -1.55434
1.36632, 1.69295
-1.97674, 1.48037
0.747921, 0.479194
0.265107, -1.7638
-1.16137, 1.4397
-2.01028, -1.6313
-0.442021, 0.402857
-0.614132, 2.00853
-0.922314, -0.533649
-1.49461, -1.7984
1.36399, -0.222004
-1.37545, 1.25648
1.27189, 0.319408
1.05394, 1.60464
-0.441104, -0.735035
0.769317, -0.652227
0.615059, -1.23355
0.780807, -0.0112769
-0.380789, -0.730957
-0.513838, 0.209147
1.60525, -0.374511
0.56191, -1.72626
0.363944, -0.730943
1.44721, 1.1002
-1.92644, 0.114378
-1.93553, -1.31797
-1.63091, -1.53355
-1.74282, 0.696917
0.029467, 0.923939
0.883039, 1.59362
-1.05764, 0.599886
-1.47066, -1.32556
-1.32994, 1.71609
1.44534, 0.716634
1.47619, -1.61543
0.195088, -1.1805
1.07189, -0.62814
-1.38537, 1.18488
-1.73481, 0.636141
1.97448, -0.109124
-0.924774, -1.84945
-1.86785, 0.736725
1.51097, 0.381362
1.4163, 1.92294
-1.51145, 1.71805
-0.122387, 0.0664081
1.5998, -0.753216
1.35884, 1.7123
0.788478, -0.52887
-0.355264, 1.67009
0.671612, 0.591254
0.69125, -0.543627
-0.493716, 0.231392
1.31078, -1.39427
-0.883011, -0.586602
1.66627, 1.53928
-0.74201, 0.35009
0.557606, 0.409728
-0.262825, 1.47049
1.35417, -0.387903
0.482932, -1.52499
-0.470249, -0.445543
-0.344409, -0.543024
1.44034, 0.467323
0.500768, 0.458929
0.389849, -1.46393
0.061994, 0.53777
1.08666, -1.51363
-1.73973, -0.660677
-0.540605, -1.55168
1.31566, 1.18443
0.549137, -1.61582
1.55807, -0.535265
1.59422, -0.557761
-0.511385, 1.14938
-1.61717, 1.1717
0.33795, 1.72123
-0.155607, 0.414408
1.25128, -1.94224
-0.664375, -0.82905
0.425321, 1.18642
0.998022, -0.50745
1.68468, -0.560449
-1.58852, -0.477341
-0.858191, 1.57357
-0.442317, 0.727952
0.427045, -0.523643
-1.46832, -1.93502
-1.45209, -0.624902
0.680971, -1.67452
-0.581054, -0.950139
-1.81956, -0.41041
0.684201, 0.176692
-1.5339, 1.75742
1.26159, -0.297552
1.47865, 0.300246
1.63927, 1.5195
1.54783, 0.128626
0.911861, -0.37566
-0.0509025, 0.43911
1.31645, 1.47685
0.486513, -1.41433
1.37081, 0.711569
0.481134, -0.99558
0.643222, 1.10569
-1.25493, 1.41303
0.430503, 1.92482
1.09736, 0.363999
-1.7978, -1.67672
-0.684494, 0.071
1.7889, -0.5866
0.655441, 0.510397
1.7295, -2.13432
-0.560134, -1.75308
0.418299, 0.334334
-0.527133, 0.321535
0.849418, 0.209727
2.14464, -1.0171
-1.64546, 0.336067
1.09958, 1.39682
0.187245, -0.421352
0.0706308, 0.6909
1.23795, -1.61312
1.44882, 0.587376
1.52994, -1.10301
0.475952, -1.54365
-1.44114, 0.369758
1.5196, 0.427791
-0.807739, -1.45276
-1.28779, 1.90444
-1.43498, -1.52689
1.70676, -0.46992
-0.332718, 0.287162
0.114081, 0.709334
-1.54078, -0.400461
-1.68715, 0.724801
0.551601, 1.68768
0.482999, -1.18477
0.057926, -0.0289143
-0.546864, -0.258385
-0.587126, 1.72844
1.33843, 0.670899
-0.184473, 1.23605
1.08528, -1.81649
-1.26465, 0.493159
1.5816, -1.90383
1.23194, -0.467652
0.251535, -1.98195
-1.42699, -0.426206
0.198997, 0.5794
-0.20361, -1.57137
0.547087, 1.44405
0.568287, -0.48831
0.687719, -1.70609
-1.64467, -0.342863
0.353109, -0.712254
1.46796, -0.605876
0.770879, -0.578429
1.35877, 1.41359
-1.38773, -0.512925
0.566615, -0.0723891
-0.615372, -0.378092
0.925279, -0.401943
-0.710213, -1.86952
0.243319, 0.5597
-1.59437, 0.740472
1.46668, -1.69786
0.240409, -2.01127
-1.07957, 1.64495
-0.761453, 1.35473
1.45287, -0.386826
0.757625, -0.525497
-0.811079, -0.6112
0.537911, 0.462209
-0.187066, 1.77065
0.278883, 0.619679
-1.52504, 0.311063
0.491676, -1.31966
-1.04743, -1.32492
-0.809504, -1.42815
1.49508, -1.73592
-1.54206, 0.323056
-1.2579, -1.26216
0.170841, -1.08432
1.65574, 0.675796
-1.52084, 0.45438
1.86008, 0.880391
-0.179753, 0.724529
1.52189, -0.569131
-1.1933, 0.439185
-1.04289, -0.725569
-1.63185, 0.53665
0.2518, -1.67473
-0.516936, 0.375601
-1.47297, 0.778273
0.887449, -1.76383
-0.155588, -1.52286
1.31484, -1.71082
0.300151, -1.27574
-1.6998, -1.61714
-1.79206, -1.39516
-0.461686, -1.2359
1.81572, -0.305297
-1.46446, 1.52817
-1.71922, -1.04791
1.43563, -0.269282
0.503973, 1.43821
1.48158, 1.30591
-1.1606, 0.839642
-1.331, 0.499525
-1.34181, 0.940773
-0.391592, -1.78469
0.346906, -0.390607
0.385102, 1.50871
-1.0317, -0.25135
1.784, -0.617673
-0.255262, -1.41857
0.0742387, 1.53664
-0.54268, -1.41888
1.32338, 1.14776
1.52686, -1.44105
-0.436046, 1.42218
0.193921, -0.56145
-0.441323, 1.36124
0.595767, -1.07107
-1.82714, -0.28761
0.0391494, 1.43232
-1.45211, 0.397568
-0.653379, 0.459218
-0.639263, -1.68836
1.19051, -0.437383
-1.4434, -0.29837
-1.50009, -0.752321
0.0946106, -0.442423
1.47238, 1.3565
0.649381, 0.34612
1.16825, -0.225724
-0.482904, -1.01881
-1.80492, -0.423263
-0.280269, 0.486575
-0.585579, -0.63883
-0.780571, -0.554199
0.379948, 2.06794
-1.92009, -1.64269
1.07996, -0.662281
1.54333, -0.268963
-1.1218, -0.713821
0.425871, 0.519606
-1.77023, -1.52832
0.43919, 1.02331
0.811572, 0.602936
1.66312, 1.61121
-0.720687, 0.32145
0.00442531, 0.295196
1.13683, -1.10895
-0.375229, -0.628936
-1.24012, -0.658045
1.45984, 0.582455
-0.251166, -1.4677
-0.346479, -0.244661
0.969986, 0.138875
-1.56357, 1.64584
0.623633, 0.172449
-0.512769, -0.210814
-1.20108, -0.606907
0.305571, 1.4372
0.720105, -0.648448
-1.28641, -1.55305
-1.7984, -0.0433203
1.07837, 1.58283
-0.640537, 0.425292
1.15448, -0.397227
1.28386, -0.60649
1.80325, 0.221825
-1.39725, -1.82869
0.720986, -1.53453
-0.68498, -1.43939
-0.944071, -0.146467
0.794757, 0.0648766
-0.813564, -0.590063
1.60409, 0.700754
-0.297067, -0.844678
-1.73246, 0.487196
-2.03846, -0.762392
-0.620552, -1.43382
-0.419314, 1.77465
-1.38204, 0.0776742
-0.370536, 0.335498
0.28422, 0.794046
-0.475057, 1.24308
0.541198, -1.57239
1.42009, -1.33813
-0.56167, -0.82498
-0.360302, -1.5431
-1.52169, -0.656963
0.601106, 0.464722
-0.736216, 1.34268
-1.57785, 1.13244
-1.24162, -1.65657
1.65207, 0.157632
-0.929803, 0.631624
1.08426, -0.614517
-1.57137, -1.9
-0.424529, -1.72057
1.30593, 1.00113
-0.814644, 1.07782
0.69943, -0.518871
-1.62719, -1.35881
1.84677, 1.46198
-1.49963, 1.38936
-0.349541, 0.347903
1.27568, 1.70039
0.338313, -1.5801
-1.25189, -1.30211
1.56449, -0.526891
-1.65034, -1.14427
1.13564, -0.613402
0.404238, 0.615179
1.17459, 0.570092
0.285289, -1.28496
-0.68857, -0.10115
-1.84017, -0.875847
-1.39873, 0.058007
0.542483, 0.334123
1.38721, 0.0056102
0.555631, 1.832
-0.934849, 0.699053
-0.888688, -1.30315
1.22784, -1.94143
1.46066, -1.63211
0.400341, 1.52023
1.59377, -0.59196
-0.498655, 1.13904
1.41857, -1.2112
0.577792, -0.730412
-1.41318, 1.99585
-1.58858, 0.263773
0.761039, 0.623929
-0.655345, 1.53499
0.359572, -1.23858
0.300756, 1.47566
-1.51869, 1.35964
-1.14215, 0.255614
1.52843, 0.724141
0.00619721, 0.626086
0.748324, 1.78285
-0.666645, 1.02789
0.895313, -0.854998
-1.72823, 0.571583
-0.448682, 0.283515
0.135759, -0.547339
0.196961, -1.9112
-1.79619, 1.52642
-2.06007, -0.129791
-0.444086, -0.916917
1.53238, -1.54052
0.868307, -0.382644
-0.622943, -0.551802
0.576638, -1.29188
1.06164, 0.326713
-0.456883, -1.61182
-1.41255, -1.41797
1.49017, 0.202416
1.21151, -0.853411
0.544044, 1.19597
-1.61329, -1.39735
-1.56109, 0.642118
0.462012, 0.778046
-1.65148, 0.278235
0.113723, -0.0558102
-0.74052, 1.44079
0.298719, 0.382678
-1.53531, 0.455749
-0.589569, -0.790127
-0.513769, -1.1485
-1.21899, 1.32265
1.245, 1.44405
-1.56636, -1.78085
1.4218, -1.60228
1.24826, -0.162973
0.786282, -0.117668
1.2576, 0.839529
-0.554966, -0.622732
-1.6992, 0.35014
1.52665, -1.47352
-1.66691, -1.85235
-1.70078, -0.914769
0.330743, -0.413931
-1.76768, -1.94815
0.685477, -1.50715
1.36984, 0.465666
0.374499, 0.355153
-1.71377, -1.30133
-0.586146, -1.9321
-1.67386, 0.406462
1.48864, -1.47337
0.758858, -0.844996
0.602628, 0.477226
-1.53693, -1.58359
1.69314, 1.61886
1.63659, -0.276072
0.390633, 1.20525
-1.46017, 1.25046
0.355513, 1.80128
0.611539, 1.75985
1.55127, -0.410112
-0.656176, 1.27062
-1.5894, 0.247609
-1.01141, 1.23879
1.2408, 0.760861
1.86903, -1.14042
1.48793, -1.05544
0.528504, 0.848186
1.06394, -1.18481
-0.662393, -0.657945
-1.53034, -1.40422
0.162122, 0.885957
-0.220992, 1.54986
1.54257, -0.860207
0.145893, 1.5466
1.73444, 1.91537
1.05607, -0.636295
0.665405, -0.372463
-1.31729, 1.33952
-1.35398, 1.01838
-1.27453, -1.49202
0.81532, -0.721403
1.81032, -1.17205
0.278166, -1.5065
0.468844, -1.51688
-0.218916, -1.65133
0.505162, 0.291338
1.50252, 1.33854
1.97688, 0.462475
-0.23161, -0.64939
-0.483544, 1.53651
-1.17349, -0.738244
-0.0392213, 1.42754
0.518182, 1.69881
0.43733, -1.61603
-1.38564, -0.373989
0.685616, -1.15983
-1.64838, -1.94164
1.7559, 1.58107
0.296082, -1.25251
-0.265763, -1.65978
-1.34089, 1.45532
-1.90663, -0.767383
1.68902, 1.5845
1.19265, 0.16496
0.680089, -0.313774
0.361793, -1.81135
0.438351, -0.298715
0.745886, 1.75418
-0.373296, 0.129595
-1.94161, -0.3603
1.32224, -0.216693
0.984057, -0.468534
1.27075, 0.298421
-0.459145, -1.64955
-0.203468, -0.497799
-1.69791, -1.37137
-1.34773, 1.38691
-1.55495, -1.31465
-1.53865, 1.39665
-0.350406, 1.76051
0.57421, 1.37737
1.72905, 1.73266
0.000372768, -1.34137
1.50889, -1.35924
1.40345, -0.535933
0.698112, -0.258769
-1.75138, 0.706102
1.12299, -0.959321
-1.56429, 0.619529
1.58308, 1.26603
0.617981, 1.49131
0.854947, -1.42677
-0.316851, 1.40886
-1.64082, -1.6
0.53378, -0.604949
-1.91919, 1.561
-1.72646, 0.757992
1.68802, -2.03058
-0.563461, -1.73997
-0.509371, 1.33714
0.409924, 0.881239
0.258424, -0.365861
0.417752, 0.477692
1.3077, 0.917293
0.110513, -0.430221
-1.21542, 0.399143
-0.386377, -0.360401
-0.359056, -1.397
-1.55754, 2.0516
-1.622, 0.665619
-0.307815, -1.46139
-1.52664, 1.52837
1.48641, 1.53811
0.676947, 1.20719
-0.705623, 0.518588
0.795054, 0.713998
-0.530991, -1.80848
1.24767, -1.49315
0.235576, 0.70295
-0.648673, -0.261717
-0.790057, -1.65413
-0.0630597, 0.634262
-0.449634, 1.7664
-1.63613, -0.492546
-0.533992, 1.33118
0.190408, -0.425376
0.0368827, -0.584618
0.693455, -0.154784
1.01924, -1.08466
-0.368096, 1.56313
-0.821557, -0.758597
0.109937, 0.49009
-1.31227, 0.755773
1.52188, -1.44296
-1.31859, -0.0337943
1.59649, 0.231705
-1.68528, -1.91891
1.58194, 0.269453
-0.89436, -1.58123
1.50336, -1.47798
0.435241, -2.10504
-0.472498, 1.34697
1.87118, -1.32198
-0.869981, -0.577453
-0.664743, 1.81509
-0.798685, 0.205545
-1.3364, 0.492827
-0.418582, -0.451034
-1.33348, 1.475
-1.38239, 0.441483
-0.0124858, -0.711149
-0.626623, 0.162104
-1.31609, 1.92262
0.564058, 1.37052
-1.4118, 1.37238
1.15898, 0.537908
-1.20282, -1.01118
0.108626, -0.407097
-1.3398, -0.230956
0.717529, 1.17998
-1.47066, 0.369685
0.527959, 1.50209
1.30251, 0.250909
-1.68314, -0.440996
0.351119, -1.23971
1.14497, -1.34376
0.312133, 1.41828
-0.786385, -1.46728
-1.44459, 1.04148
-0.757039, 1.60043
1.30649, -1.61226
1.30033, -0.0905107
-1.78626, -1.50562
-0.676033, 1.84019
-1.44275, 0.0797085
0.324279, 1.41348
-1.56605, -0.170384
-1.52071, -0.498397
0.467403, 1.17704
1.46724, 1.12492
-1.66044, 1.07225
-1.60243, 1.5824
1.56332, -0.801393
-1.42459, 0.295836
0.556245, 0.430222
0.791424, -0.321786
0.597254, 0.574198
-0.628664, 1.45991
1.54232, 1.61998
0.215291, 1.20238
1.56657, 1.25818
0.331803, -0.33752
0.5508, -0.356819
0.730501, -0.479892
-1.61164, 1.03703
0.848972, -0.509705
-1.35717, 0.457164
-1.1614, -0.316836
0.525419, -1.44182
-0.0146155, 0.757604
0.68787, 0.709353
0.280816, 0.113566
0.679006, 1.86492
-1.13484, 0.607948
1.1719, 0.79885
0.634449, -1.63134
-0.461368, -0.633999
0.451846, -1.37274
-0.485703, 0.281166
0.661919, -0.633863
-0.0394932, 1.84445
1.19283, 1.39077
-1.38204, 1.10242
0.510992, -0.528101
0.277071, -1.76251
1.7382, -0.305473
-0.753867, 1.61724
1.30854, 1.89206
1.75229, -1.36652
0.541296, -0.557249
0.587657, -1.88821
0.423693, -1.11719
-1.26226, -1.19455
1.1551, 0.53671
-0.356562, 1.44298
-0.695114, 1.26665
-1.88008, 1.0981
0.196829, -1.65578
-0.272399, -1.59091
1.65346, -0.0951168
0.952322, -0.954675
-0.421689, -0.498627
0.767324, 1.05388
-1.17078, -1.18565
1.16645, 0.307469
0.726958, 0.0987014
-0.327242, 1.62671
-0.246867, -0.737258
1.65222, -0.462461
1.91211, -0.756506
0.41056, -0.509657
0.201892, 0.92354
-0.821052, -0.0931049
0.0631274, 0.848428
2.02249, -0.37963
0.679228, 0.599151
-1.87876, -0.864761
1.55721, 1.61381
-0.652458, 0.515991
1.15352, 0.14246
1.68149, 1.51189
-1.48697, -0.832334
1.40107, -0.698724
0.303233, -2.16449
-0.495548, 0.113584
1.56224, 0.481637
0.582775, 1.06342
-0.331482, 0.245318
0.459693, 1.34137
0.560868, -0.432661
-1.66614, -1.19558
-0.360225, 0.872954
-0.250742, 0.557062
0.157707, 0.544582
-0.315449, 1.48217
0.528796, -1.28588
1.34809, 0.851184
1.70891, -1.52131
-1.97734, 0.562343
-1.55346, 0.290906
1.34824, -0.534585
-1.4707, -0.850254
1.11394, 0.290954
1.6608, -1.80378
1.25197, -1.28702
0.109143, 0.480689
0.148427, 0.34766
-1.66833, -0.353128
-0.363033, -1.34448
1.40674, -0.312824
-0.629747, -1.69718
-1.47245, -1.51959
0.9992, -1.55005
0.722466, -1.54535
-0.115547, -0.209696
-1.50071, 1.82829
1.47402, -0.0440984
1.6769, -1.70812
-1.34264, 1.24394
1.36742, 1.49506
0.666657, -0.462479
0.427473, -0.18417
-1.76219, 1.39393
-0.776887, -1.764
-0.685092, 0.757887
0.683974, 0.0849196
-0.104478, -0.19434
-1.34619, -1.48123
-1.13939, -1.62075
-1.72562, 1.08294
1.26649, 0.591706
1.66704, 1.9355
0.722934, -0.301013
-0.590624, -0.216684
-1.43695, 0.402562
-1.44075, 0.511039
-1.56046, -1.65904
0.929237, 1.66396
0.131576, -1.13854
1.3703, -1.83198
-0.69699, 1.3465
1.52732, 1.4386
-1.27855, 1.74309
1.02925, -1.66215
-1.51646, -1.92982
-1.49464, 1.28296
-0.408269, 0.421635
-1.78477, -1.28498
0.446321, -0.609272
-0.0812337, 0.102233
-0.79031, 1.8971
-1.91214, 1.13068
-1.27401, -1.1775
-1.7456, 0.979378
-1.37685, 0.22081
1.62138, -1.62886
1.42125, -1.83263
0.364317, -0.823154
0.589993, -0.805352
-0.260935, -1.86167
0.633652, 1.80842
-1.50936, -0.463362
0.395044, 0.945783
0.575492, -1.82098
1.53947, -1.49575
1.64128, 0.71909
-1.46222, 0.44377
0.254355, -0.457204
-0.424503, 0.752109
0.424381, -1.36515
-0.145838, 0.283106
0.694227, 1.61407
-0.636476, 0.218997
1.5898, -0.723506
1.72405, -1.22321
-0.0244382, -1.55911
-0.517099, -0.614271
-1.72632, 0.533912
-0.798297, -1.52651
-0.645617, 1.58317
1.25578, -1.47828
0.823945, 1.66614
0.520758, -1.58685
0.40736, 1.16248
-0.4716, 1.39745
-1.66935, 0.977586
-0.442376, 0.405761
-0.525344, -1.93357
-1.44973, 0.730723
0.69522, -1.69578
0.295919, 0.555513
-0.0680697, -0.439286
0.617705, 1.429
0.303715, 0.813588
-0.853942, 1.51814
-1.48768, 1.46251
-0.188796, -0.39262
0.496481, 0.0172352
0.355094, 1.48519
-1.3824, -0.875534
-0.142037, -0.700093
-1.66636, 1.30388
-1.60348, 1.41334
-0.431584, -1.52653
-1.72875, -0.656495
1.10342, 0.158512
1.70183, 0.237986
-1.58173, -0.487495
0.65205, 1.53158
-1.04198, -0.455799
-0.296824, -1.56984
-0.24852, 0.365635
1.35024, -0.369016
0.504765, 0.124991
1.01137, 1.24705
-0.44443, 1.57466
2.08658, -1.39113
-1.42304, -1.63753
1.71082, 1.76716
0.654745, 1.42659
-1.70152, 0.0817337
1.72666, -1.49134
1.29841, 0.366521
0.534703, -0.495213
1.57266, -0.425524
1.51532, 0.428002
-1.39754, -1.46
1.90292, -1.907
-0.393728, 0.510237
1.12073, 0.558869
-0.737224, -0.803348
1.48843, -1.47219
0.207578, 2.10381
0.80384, -1.52822
1.61886, 0.4111
-0.49322, 0.284496
0.59861, 1.96051
-1.64603, 1.72755
-1.31146, 1.74437
0.557114, 0.299367
-1.57158, 1.13336
0.743794, -1.62218
0.337123, 1.96754
-0.98754, 0.460705
1.39448, -0.470621
-0.589929, 0.461145
0.236313, 1.14311
0.519857, 0.90455
0.634308, -1.08704
-0.543734, -1.00435
-1.80496, -1.40765
1.14124, 0.496142
1.25798, -0.193061
1.89676, -0.275026
0.371162, 0.620361
0.863807, -1.52038
0.15809, -1.69493
-0.195085, 1.34692
-1.35234, 1.56569
0.67277, 1.55815
-0.49866, -1.3148
0.807238, -1.73791
1.56827, -1.90598
1.88167, -0.379055
0.380447, 1.23695
-0.363283, -0.583025
1.43286, -1.3664
0.110453, 0.278816
1.6338, 0.699647
0.089213, 1.38662
1.46138, 1.55719
-1.15528, 0.947581
-0.468966, -1.55464
1.16505, -0.410269
1.67533, 0.84296
0.847257, -0.454501
-0.225298, 1.42181
-0.624092, -1.68375
0.442623, -0.435393
-1.85849, -0.407244
0.23449, 1.62249
1.62765, -0.67962
0.270939, 0.322619
1.84932, 1.63049
-1.85513, -1.38144
-1.28457, 1.5052
0.615942, 1.72746
1.36441, 0.543504
0.617839, -1.86877
-1.96991, -0.31304
1.69087, 1.46344
-0.399428, 1.57932
-1.14512, -0.285356
-0.523871, 1.90506
1.15857, 0.311218
-1.77534, 1.12205
1.26927, 1.50288
0.71357, 0.720956
-1.6508, 1.47395
1.45028, 1.47026
-0.708293, 1.07876
1.20847, -0.125498
-1.67442, 1.56056
1.18817, 1.2441
-1.36927, -1.42162
-1.60554, 0.310426
1.33208, 1.22811
-1.57942, 0.465039
-1.69694, -1.51685
-1.66409, 1.69055
1.47653, -1.84313
0.162631, 0.597438
-1.54824, -0.633179
0.759693, 0.634667
-1.20294, 0.502445
0.307012, -1.69564
1.34832, -1.682
-0.563575, -0.56201
1.44658, -0.508923
1.4368, -1.5582
1.30716, 0.0234549
1.3968, -1.44408
-0.145891, -1.3574
-0.570129, -0.176918
-0.860279, -0.419104
-1.49431, -0.555998
-1.33363, -0.350345
-0.881406, 0.833472
-1.41573, 1.05184
1.24505, -0.16998
0.333144, -1.44935
0.643719, 0.467221
1.38122, -0.886863
1.86499, -1.37551
-0.294243, 1.45098
-1.94794, 1.0942
1.48638, 1.41434
0.656424, -0.473969
-0.527416, -0.831244
-0.709402, 1.28835
0.460468, 0.391102
-1.713, 0.659559
1.43341, 1.45187
-0.528892, -0.628409
1.99475, -0.263804
1.52114, 1.56961
0.199352, 1.2053
1.21126, 1.47863
-1.12218, -0.381226
-1.02762, -0.566035
-1.23154, 0.455727
-1.30857, -0.711772
1.35848, 1.51529
-1.76763, 2.00576
0.366345, 0.58145
-0.972964, 0.917685
-1.46096, -2.09407
0.523968, 1.58014
-1.86267, 0.836411
-0.696195, -0.877984
-1.37154, 0.720513
-1.68213, 0.623315
-0.537437, -0.495168
0.363177, -0.32239
1.57248, -1.45373
-1.70812, 1.56192
-0.710559, 0.68297
1.74206, 0.424647
1.16199, -0.457501
1.10923, -0.541425
0.758286, 1.37359
-1.81008, -0.0424878
-1.56512, 0.638276
1.90937, -1.97273
-0.508465, -0.953074
1.49895, 0.702966
-1.6748, 0.450185
-0.844916, -1.34266
-1.45391, -0.407572
0.662306, -0.475385
1.79337, 0.592132
-1.6555, 1.6687
-1.56378, -1.28305
0.413766, 0.940166
-0.140664, -1.6407
-1.42446, -0.574481
-0.532471, -0.749033
0.739678, 1.43703
-0.402092, 0.894821
-1.47925, -1.88878
-1.7736, -0.743728
-1.81946, -0.553663
1.12028, -0.555768
0.885705, -0.379965
-0.493129, 0.648759
-1.79224, 0.633115
-1.03745, -1.29679
1.43496, 1.02564
-1.56298, 0.4381
-1.07961, 1.62588
1.79001, -0.5885
1.50378, 0.352253
0.00567412, -1.59747
-0.551608, -0.652937
-1.65587, 2.05747
0.601597, 1.40282
0.514189, -1.42625
0.50839, 0.942233
0.000662391, 0.625367
0.380388, 1.36868
1.11635, -1.83283
1.40201, 1.18215
1.05364, 0.813336
-0.659362, -1.57374
0.37171, 0.535524
2.24788, -1.53942
-1.30924, -1.30959
0.314833, -1.22807
-1.66137, 1.08473
-1.72215, 1.3152
-1.51486, -0.280681
1.82207, -1.33948
-0.273422, -0.519013
0.883116, 1.51483
-0.227695, 1.72818
-0.900256, 1.28816
1.01672, -1.35535
-1.78155, 0.780142
-1.38648, -1.37865
-1.95706, -1.6037
-0.24798, -1.26936
0.179564, -1.5243
-0.679289, 0.411243
0.325186, -0.540505
0.308964, 0.956486
0.196788, -1.25239
-0.469093, 1.25246
-1.3462, 0.173744
-1.51745, -0.186369
0.731806, 0.519582
0.509456, 1.63539
-1.53944, 0.802742
0.136638, -0.615502
-1.68182, 1.43134
1.31602, -2.02304
1.49312, -0.624116
-0.889669, 0.858294
1.93976, -0.426917
1.66096, 0.383092
0.508335, 0.196854
1.60316, -1.29361
0.623499, 1.46817
0.0254291, 2.19987
-0.295702, 0.458149
-0.912028, 0.59156
-0.60554, -1.50642
1.21977, -1.63494
0.39403, 0.7456
0.12009, 1.34887
1.68963, -0.37023
-1.06244, 1.23338
-1.24317, 1.51796
-0.46047, 0.275814
0.295441, -0.183407
-0.95185, -0.45006
1.46096, 1.40769
1.77701, -0.247875
1.53044, -1.33093
1.64373, 1.38222
-1.30566, -0.703487
-0.285135, 1.26961
-0.24157, -0.785539
0.423823, -0.975013
1.33747, -1.4512
-1.44937, 0.106158
-1.63396, 1.59954
-0.513812, -0.622831
-1.47797, -0.163973
-0.532418, 1.47301
-0.400081, -0.269286
1.71023, -0.123366
-0.364042, 1.53882
-0.316021, 0.727415
1.35091, 0.789707
-1.81334, -0.0174728
-0.238298, -1.808
0.572332, -0.424808
1.23179, 1.26833
1.35829, 1.60161
1.38777, 1.32675
1.42946, -0.606605
-1.6886, 0.403112
-0.995586, 1.55484
-0.445583, -0.439915
1.8679, -0.896133
1.40823, -1.11991
-1.49265, 1.4446
-0.200116, -0.61343
-0.677184, 0.45872
-1.5376, 1.75256
-0.64044, 1.30912
-0.244534, 0.842819
-0.244709, 0.703402
1.42358, 1.48377
1.29562, 0.358885
1.64777, -0.817748
-0.863565, 1.41423
-1.26187, -1.29203
-0.618809, -1.37388
1.14161, -0.583238
0.954784, 0.306719
1.6866, 1.54495
-1.65195, -0.577647
1.70177, -0.755304
-1.45468, -1.51759
1.64042, 0.388502
-1.49976, -1.1846
-1.33594, -0.322993
0.961166, 0.692885
-1.42732, -0.104585
0.54852, 0.726958
1.70376, -1.61234
1.29153, 0.645492
-1.92534, -1.22101
0.516071, 1.5345
-1.66507, 0.437101
0.935847, -0.535048
1.68275, -1.39484
0.81444, -1.61863
1.38046, 0.172139
0.547816, 1.54822
-0.772634, -1.56312
0.584904, 1.72452
1.92399, 1.7794
-1.50046, 1.33728
-1.15748, 1.39611
0.377169, -0.423993
1.11063, 1.00117
1.91052, 0.663018
1.42892, 0.435617
-1.35431, -0.550742
-0.387677, -0.292837
1.78594, 1.6243
0.808576, 0.657778
-1.26796, 0.45986
0.697618, -0.71267
1.78831, -1.81174
-1.30182, -1.50723
-0.659212, -0.497763
1.2944, 1.22955
0.0675578, -0.556602
1.31237, -0.211285
-1.61649, 0.342605
-1.43682, -0.38753
-0.0700509, -1.08916
-0.280569, -1.16036
1.45382, -1.52789
1.13816, 0.254154
-1.02028, 1.58112
1.40761, 1.43855
1.5984, -1.82075
-1.51403, 0.259785
-1.03773, 0.521178
-1.27407, 1.49524
-0.513446, 0.699058
1.28212, -0.807154
-0.78546, 1.61056
-1.59257, -0.521351
-1.32922, 1.07504
0.868003, -1.36078
0.683735, 1.3328
-0.403004, -0.273374
-1.4032, 0.287855
-0.455216, 0.967944
-0.965997, -1.59245
-2.02566, 0.425772
-1.36283, -0.552847
0.437845, -0.587078
-0.609129, 1.20822
-1.78547, -1.4005
1.72852, 0.44378
1.23631, 0.716227
0.246618, 0.530074
-0.221732, 1.25414
-1.20673, 0.726754
-0.399449, 0.227998
-0.578867, -1.12958
-1.51212, 1.28557
1.13625, -1.54187
1.7432, 1.3932
1.73537, 1.16292
0.543263, -0.790658
0.630384, -0.20645
-1.70636, -0.338028
-0.715803, -1.60613
0.655555, 1.33533
-1.6981, -0.982189
-0.247863, -0.415342
0.705319, -0.994642
1.61151, -0.113877
-1.06153, 0.562782
-0.967899, -0.285141
0.378434, -0.368834
-1.54713, 0.665889
-0.724187, 1.65307
-0.685588, 0.36399
-1.37976, 0.436025
1.58808, -1.19948
1.37638, -0.830828
1.32408, 1.30696
-1.83326, -0.0215061
-0.178138, 1.36944
0.396257, 1.35874
-0.132909, 0.104011
-1.48072, -1.61768
0.0663184, 1.91215
1.68196, -0.384446
-0.780486, 0.728965
-0.435378, -1.87234
0.747847, 0.778146
1.75304, -1.3077
0.339168, -1.33364
1.86723, 0.281802
0.21903, -1.25925
-1.54147, -1.54847
-1.33524, -1.23271
0.461559, -0.221725
-0.456248, 0.741619
1.18595, 0.193038
-0.687017, -1.14658
-0.767895, 1.60788
1.29642, 1.88832
0.289255, 1.11425
1.23229, -0.763869
-0.534289, -1.7294
1.348, -0.744636
-1.76558, 1.36522
0.00921879, 0.589551
-1.99469, -1.37914
1.20677, 1.36076
0.317706, -1.01811
-0.34943, 1.53179
1.72973, -0.553647
0.427658, 1.97579
0.334715, 1.50205
-0.467743, -0.0980076
1.55061, -0.408137
0.0296726, -1.18702
-1.30618, 1.61815
0.620365, 1.54634
-1.4562, -0.353858
-0.0693731, -1.55496
0.46997, 1.64478
-0.316673, -0.342253
0.916715, 0.525816
0.467987, 1.22046
1.66585, -0.227068
1.6327, -1.17404
-1.62908, 1.5251
-0.322672, -2.12582
1.70293, 1.18746
-0.311414, -0.9807
-1.29499, 0.783539
-1.35667, -1.20842
1.04079, -0.469495
1.50367, 0.305216
-0.0794532, 0.848951
0.450494, -1.12454
-0.404659, 1.66126
0.458844, -0.963084
-1.27028, 0.188162
1.30507, -1.58154
-1.4953, -1.84882
-0.140027, -0.696128
0.616804, 1.2593
1.61283, -0.476887
-1.03654, -0.619203
1.24545, -0.729605
-0.576258, 1.57936
1.50222, 1.46505
1.27815, -1.62164
0.711388, -1.82995
-0.807611, -1.49799
0.357207, 0.762247
-1.28739, 1.89282
1.31661, -0.0889981
0.868635, -0.208407
-1.51354, -1.3201
-1.51969, 1.21425
-0.210816, -1.88245
0.595331, 0.185853
-0.279753, 1.84613
-1.75648, -0.133112
1.31437, -1.55247
0.298024, 1.36073
0.219252, 1.41388
-0.433755, -0.480552
-1.84182, -1.58109
1.31658, -1.1369
-0.759617, -0.450989
-1.46573, -0.757665
0.793242, 0.498316
0.82273, -0.380976
1.54194, -0.570667
0.693598, -0.618812
-0.481787, 1.19979
-1.64625, 1.93631
0.715349, 0.0415615
-0.0244309, 0.66775
-1.75515, -2.06139
-1.35568, 0.249559
-1.91635, 1.29688
1.49358, 1.81307
-1.8323, 0.567383
1.99779, -1.47017
-0.72704, -0.479294
0.718218, -1.82796
-0.123391, 0.576328
0.298091, -1.33797
-0.686557, -0.313069
-1.69599, -0.334598
-0.214762, 0.352936
-1.40882, 0.397146
-0.44868, -0.289409
-1.05004, 0.316617
-0.387747, 0.168167
1.04179, 1.45543
1.59233, -1.00579
0.113716, 0.370989
-0.866581, -0.655218
-0.977464, -1.64649
1.67269, 0.665347
-1.82038, 1.86173
0.535191, -0.019196
0.130664, 1.36642
-0.558004, 1.79831
-0.493884, -0.556153
1.34448, -1.62877
-0.663959, -0.0829802
-1.24632, -1.32627
-1.61839, -0.528016
0.0435068, 0.0370706
-0.0891022, 0.690775
1.59806, -1.16607
-0.265366, -1.56012
1.69882, 0.429637
-0.384895, -1.17526
-1.52833, 1.62293
1.20905, 1.51369
-1.74319, 1.59123
0.393974, 0.333896
-0.867911, 0.617956
0.33341, 0.194784
-0.816942, 0.378587
-0.558266, 0.338499
-1.52819, 0.481337
-1.17272, -0.590289
-1.63193, -0.287375
-0.963816, -1.65975
0.834947, -1.685
1.59284, -0.508539
-1.06873, 1.37483
-0.387141, -0.582591
-0.342758, 0.436273
1.60926, 1.28666
1.51033, -0.945553
1.08415, 1.12724
-1.85969, -1.15992
-0.0332522, -0.636048
-0.633335, 0.0642486
-2.12707, -0.315192
-0.48219, -1.40571
-0.759233, -0.8472
-1.2277, -0.804175
1.51085, -1.55112
-1.24329, -1.66428
1.47593, -1.56221
1.38208, -0.623497
-1.41961, -0.239462
-1.43321, -0.547395
0.610925, 0.71651
-1.83289, -1.66931
0.637298, 1.50654
0.584935, 0.478473
0.277258, 1.45908
0.943808, -0.272147
-0.47629, 0.470082
1.79757, -1.59396
1.13893, -0.356972
0.442103, -1.55802
1.8373, -0.276604
1.4482, -1.49097
1.41229, 0.00706611
1.77673, 1.37349
-1.59535, 0.457256
0.019626, -1.45458
-1.33132, -0.674368
1.50089, -0.0948387
0.221927, 1.57053
-1.34982, -0.727357
1.70151, -0.732972
1.52621, 0.487141
-1.3872, 1.65015
0.401552, -1.04575
-1.48635, 0.634319
-1.41289, 1.05057
-0.327223, 1.41691
0.289254, 0.450944
1.52029, -1.07712
-1.56495, -0.617417
-0.406214, 0.713795
-1.99086, -0.30094
-0.480797, -1.65404
1.1433, -1.6964
-1.48805, 0.572639
0.0641791, 1.18401
0.552792, -1.40912
0.621175, -1.67323
-1.29663, -0.722988
0.674643, 0.0386089
-1.72334, 1.50636
1.80949, -0.273012
1.3283, 1.70453
0.378823, -1.03582
1.21292, -0.98342
-1.66798, 1.73267
0.762154, 1.26875
-1.56145, 1.07901
-1.21002, 0.652378
-1.37812, 0.0110349
0.464569, 1.75807
-0.549701, -1.39315
-0.876615, 0.67277
-0.194353, -2.04536
1.4181, -0.993292
-1.05247, -0.857904
-0.517585, 1.33644
0.256579, -1.38934
-1.11535, 1.71517
-0.512707, 0.565958
-0.431417, 1.51782
-0.410501, -0.561854
-1.5246, -1.36444
-1.74709, -0.462849
1.41939, 1.41792
0.885943, 1.31186
1.40521, 1.45735
1.38567, -0.0651389
-1.22077, 0.267207
0.575661, -0.693397
0.0927657, 0.40281
-0.56392, -1.41831
0.765815, 0.260992
-1.42919, 1.3407
1.54508, -0.36912
-1.53687, -0.73566
-0.497146, -0.715048
0.485411, -1.82382
0.51177, 0.682756
2.01802, -1.77085
0.603577, 0.985222
-1.68604, 1.61752
-1.5101, -1.03034
-0.431322, -1.70365
-0.303535, 0.465949
-0.210703, 0.813652
1.98301, -0.716672
-0.77134, -0.199548
-0.643039, -1.32208
-1.48577, 1.21958
-1.41079, -1.63124
1.82793, 1.8298
2.01423, -0.288668
-1.23695, -0.392829
-0.742108, 1.94167
-1.30168, -0.377798
0.231001, 0.0940061
0.706463, -0.997518
0.337097, 1.45816
0.545556, 1.64624
-1.43617, -0.334669
0.204692, 1.55279
1.08351, -0.63884
0.124878, 0.488645
0.36546, 1.14469
1.4456, -0.652969
1.80212, 1.58744
-1.97909, -0.352663
1.46211, -1.59699
-0.299257, -1.7385
1.09855, -0.815341
-1.58997, 1.84148
1.7896, -0.614283
1.4805, 0.941015
0.506974, 1.9426
0.675639, 1.28164
0.520371, -1.12604
-1.69818, 1.44769
1.20863, 0.0929861
0.216009, -0.017771
-0.417011, 0.197301
-1.12766, 1.86603
0.569538, 1.12803
-1.31012, 0.370947
-1.78649, 1.97485
-0.895332, -1.4597
0.734783, 1.29953
0.517353, -0.164211
0.635849, 1.24672
0.332069, 1.44526
0.372239, 0.20848
-0.839434, -0.532736
1.46138, 0.468454
-1.6969, 1.69789
-1.26153, -1.69257
-1.6875, 1.65008
-0.532242, -0.769596
-1.55499, 0.375861
-0.270998, 1.90548
0.373881, -1.56969
1.1061, 0.539125
-0.738585, 0.038081
-0.742779, -1.30724
1.61344, -1.519
1.29373, -1.58032
0.563172, 0.219199
0.574672, 0.246134
0.428573, 1.76043
1.27591, -1.40632
-0.117323, -0.553599
-1.29679, 0.16988
-1.06021, 1.61122
-0.438458, 1.63064
-0.386287, 0.261437
-1.61, -1.29162
-0.690958, 1.3563
1.59174, -1.22573
1.62304, 1.11596
1.6094, -0.405326
-0.452447, -1.17624
0.613038, -1.05089
-0.446271, 0.140922
-1.34493, 0.109357
0.221025, 1.56786
-1.44866, 0.37109
-1.73809, -0.438043
-1.09566, 1.93946
-1.79653, -1.69733
0.0761648, 0.727434
0.622097, -1.57626
1.41977, -1.6942
1.17735, -0.750826
0.650887, 1.669
0.487735, 0.220246
1.65863, -0.266172
1.43118, -0.144378
-1.25763, 1.084
-1.83333, -1.24404
-0.815622, -1.64046
-0.83891, 0.289217
1.64484, -0.444765
-0.454464, -0.773637
0.524328, 0.248618
1.16287, -0.225123
-0.549795, 1.20152
0.176781, -0.0463998
0.499191, -1.40847
0.666433, 0.573727
0.502397, -0.167544
-0.428185, -0.805455
-1.36751, 1.20725
-1.85956, -0.496143
0.642897, -1.70145
1.23868, 1.06301
-1.36203, 1.37179
0.973333, 0.136887
1.14106, 0.448203
-1.37779, 1.11706
1.55644, 0.328062
1.44218, 0.932512
-0.336948, 0.397033
0.431194, -1.38265
1.41023, -0.134504
-1.22962, 0.814946
0.299862, 0.359071
-1.65359, -1.43569
-0.314825, 1.85246
1.22253, -0.513143
-0.608329, 1.1953
-0.455047, -1.45405
-0.601858, -1.87301
1.44189, -1.3701
1.61339, -1.58725
-0.210532, 0.743905
-0.68649, -1.96532
-1.30402, -1.72504
0.785059, 1.63984
-0.630976, -1.45916
0.017884, 0.340573
-0.465856, 0.730805
-1.53823, 1.87395
1.08663, -1.76482
-0.797178, 0.456291
1.24178, 1.10438
-1.2012, -1.50992
-0.151249, -0.412123
0.239419, 1.42393
-0.108177, 1.73731
1.15245, -0.673327
-1.21457, 1.80611
-1.81546, -0.404951
0.526258, -1.58168
-0.689397, -0.322617
1.32196, 0.483515
-0.687451, -1.25198
-0.106493, 1.77039
-0.733207, -1.13238
-1.64712, -0.859941
1.19312, 0.465582
1.30702, 1.04537
0.930472, 0.567931
-1.43196, 1.74222
1.41693, -0.938687
-1.37511, 1.47586
-0.592079, 1.42061
-1.48689, -1.67514
-0.691237, 0.486366
-0.409285, 1.97523
-0.734318, 0.401089
0.517172, -0.871437
-2.05467, -0.797211
0.528532, 1.2862
0.226247, -1.10747
-1.10162, -0.754921
-1.03115, -1.50918
1.38016, -1.12217
-1.39002, -0.61461
1.38549, 1.46833
-0.924223, -1.73067
-1.58734, -0.0594294
-0.630076, 0.644991
1.32076, -0.631655
-0.401356, 0.754242
0.0822825, -1.8343
0.194657, -0.0756867
0.727966, 0.472383
0.396976, 1.34484
1.86161, 0.927579
0.931707, 1.13601
-1.43978, 0.417512
-0.431209, -1.53929
1.44016, -1.52619
1.10223, -2.03707
0.864954, -1.33941
0.510045, -0.328672
-0.334548, 0.13856
-1.40036, 1.45212
-1.69704, -1.60173
1.3127, 1.64534
-0.616525, 0.577134
1.48532, -0.0736934
-0.354943, -0.312812
0.390017, -1.67929
0.245307, -1.39915
-1.49529, -1.64417
0.495901, -2.08891
0.807107, 1.22122
1.44839, 0.328188
0.970999, -0.358304
0.494248, 1.73229
-1.64003, 1.52352
0.915582, -1.353
0.501073, 1.72006
0.184585, 0.402638
0.437938, -0.505488
-0.620295, -1.58533
-0.326685, 1.77725
-0.438311, 0.760433
1.04604, 1.64798
0.319011, 1.56905
-0.703212, -0.949552
0.681869, 0.780042
1.26248, 0.546046
1.57372, 1.42149
0.481133, 0.751702
1.82918, 0.208399
-0.497449, 0.995245
0.344033, -1.5431
0.556984, 0.0111969
0.51902, -1.38907
1.75714, 1.55039
1.20566, -0.797387
1.73876, 0.513514
0.953726, 1.30882
0.527874, -1.38763
0.772347, -0.250257
-1.55525, 1.73067
-1.43705, 1.63773
0.482973, 1.26264
1.01844, -0.25128
-0.286674, 0.589064
1.30927, 1.79751
-1.06238, -1.68525
-0.260951, -0.485777
-1.10486, -1.32983
-1.34344, 0.177642
-1.63384, -1.43242
-0.652799, 0.029961
0.36656, -1.41693
-1.51347, -1.39063
-0.29267, 1.23454
-0.41759, -1.49504
-1.68591, 1.6791
-1.80253, 1.07351
-1.56664, 0.583483
0.673881, -0.263298
1.42717, -1.55629
0.208079, -0.628288
0.220522, -0.585962
1.38174, 0.383402
-1.4874, 1.50234
-0.128237, 0.428041
-1.266, 0.470364
1.78123, 1.76565
1.84969, -0.993627
-1.60379, -1.32164
0.37124, 0.26832
1.34149, -1.34043
0.90848, 0.953639
-1.56973, 0.496015
0.832223, -0.520688
0.654483, -0.26484
0.470009, 1.49306
0.42534, 1.49551
-1.64834, 1.38985
-0.784946, -1.68818
-0.190989, -0.950483
0.648169, 1.28284
1.42401, -0.598489
-0.534375, -1.39259
0.675768, -1.70082
2.05991, 0.239644
0.36219, 0.900649
-1.55142, 0.438979
0.482569, 1.26286
-1.59697, 0.580807
-0.757238, 0.871178
-1.55534, -1.38523
0.590103, 1.68415
0.63627, -0.520939
-0.626583, 0.322584
-0.517552, 0.242652
0.352044, -1.34094
-0.436442, -1.53666
1.12465, 1.52846
0.701134, 1.26972
-1.47522, -1.77875
-0.637986, 0.675073
-0.643739, 0.302172
-0.612966, 0.376254
-0.0672984, 1.65253
1.40586, -1.90346
1.58799, 1.60411
1.37018, -1.62457
0.554222, -1.4468
1.61836, -0.582227
0.339965, -0.185931
0.715116, 1.21154
0.633825, 1.63429
1.38724, 1.35031
0.791236, -1.09282
0.915169, -2.03495
-1.04698, 0.382649
-0.719285, 0.882482
-1.4085, -0.170634
0.485661, 1.66158
1.22842, -1.65105
-1.61593, -0.217405
1.5488, 0.830335
-1.19112, 1.2751
-1.50533, 0.132028
0.562612, -1.05345
0.366547, 0.202107
1.6949, 1.46029
-0.624955, 1.35649
1.28301, 1.17068
-0.689312, 0.288547
-1.19441, -1.73199
-1.40616, -0.370971
0.408327, 0.641604
-0.0433685, -1.19777
1.70266, -0.573658
-1.47709, -1.65526
-1.53271, 1.91392
-1.31297, 0.147321
0.300242, 1.32297
-2.0638, 0.293711
-1.11782, -0.749333
-0.251608, 0.808129
1.14469, 1.51894
1.03579, 1.41311
0.438502, -0.791634
-1.64133, -0.632644
1.31105, 0.596649
-0.0161094, 0.566448
-0.421579, -1.4836
1.46987, -1.58319
-1.08714, 1.56795
1.43728, 0.215306
1.63241, -1.44949
-1.68913, -0.00365684
0.562778, -0.417706
0.0294563, -0.991427
1.60775, 1.27848
1.65075, 0.603524
0.357963, -0.429538
-0.354038, -1.37606
-1.84731, -0.640422
1.44436, -1.45995
-1.19369, -1.56865
0.531578, -1.23828
-0.388277, 1.91635
-0.0574425, 1.26374
-1.149, -2.05279
0.525525, -1.14512
0.998932, 0.0322654
-1.79122, -1.41481
1.82403, 0.541338
0.79731, 0.333122
-0.745916, 0.572094
0.0688687, 0.761746
-1.69052, -1.54222
1.79306, -1.35063
-1.18166, 1.90673
-0.181382, 1.83823
-0.673829, 1.43421
0.878638, 1.3339
0.359954, -0.0733849
1.2934, 0.255579
-0.668484, 1.41307
0.541158, 0.490379
-1.10486, 1.77097
-1.56867, -0.690848
0.980361, 1.74296
0.697591, 0.485879
0.596843, -1.03505
-0.3024, -1.68996
0.641549, -1.22178
-0.966709, -1.97793
-0.506865, -0.282888
1.12865, -1.50591
0.264111, 0.0378002
0.393071, -0.328405
-1.04105, -1.92846
-1.16999, 1.37535
1.28108, 1.53223
1.60898, 1.6111
0.959633, -0.694193
-1.17515, -0.403733
-1.12699, 0.585237
1.79136, -1.34665
0.227304, -1.38782
0.442623, -1.96502
0.225568, -0.888672
0.418129, 0.962624
-1.56602, -0.402443
-1.14816, -1.40825
1.18012, 1.76437
-0.276699, 0.98592
1.61159, 1.80774
1.4146, -1.4473
-0.888821, 0.720426
-0.760843, 0.643291
-1.83481, 0.284612
-1.6191, 0.213161
0.461842, -1.76392
0.713724, -1.09578
-1.68191, 0.671633
1.27154, -1.14949
1.37978, -0.718279
-1.39837, -1.03021
-0.380896, 1.74568
1.40042, -0.796209
-0.360033, -0.464625
-0.290205, 0.435986
0.355243, -0.213018
-1.52971, -1.17641
0.963037, -0.174749
1.0709, 1.4495
0.241894, -1.49478
-1.74279, -1.26711
-0.339915, 1.56767
0.69943, -1.6662
-0.68, -0.122039
-0.790657, 1.75304
-0.371456, -1.13822
0.271022, -1.72319
-1.25824, -1.67266
0.622901, 0.948905
-1.97742, -0.313681
-0.60287, 1.77136
-0.166075, 1.34148
1.36904, -0.779238
1.73797, -0.320939
0.536603, 1.56913
0.750886, 1.7613
1.56831, 1.46846
-0.697836, 1.42064
-1.2044, -0.801672
-0.730625, 1.55711
0.596739, 0.920785
1.70813, -0.464771
0.614837, -1.83948
-0.830259, -1.23244
1.34303, 1.63389
0.333926, -0.519848
0.560589, 1.49305
1.58295, 1.46538
-0.578305, -0.622465
-0.539792, 0.0934275
-1.24037, 0.872747
-0.45171, -1.04004
0.969058, 1.32574
-1.48259, 1.15524
-0.580483, -0.0768332
-0.586636, 0.0105046
-0.427434, -0.653373
-0.535091, -0.442962
-1.49045, 0.352938
-1.70567, 1.67512
1.76539, 0.648248
0.00551501, 1.43124
0.65457, -1.60451
-0.775254, 0.371466
-1.54105, -0.693785
1.53227, -1.06112
1.50252, -0.00418205
0.250569, -1.50712
1.69643, -1.40144
1.84236, -0.624714
-1.47022, -0.659546
-0.573656, 0.60488
0.628246, 0.910085
1.37867, -0.190273
1.38335, -1.19869
0.770275, -0.508982
1.39632, -1.63341
1.22374, 1.32059
-0.430544, 1.60287
1.12572, -0.366947
0.478109, -1.37665
-0.131644, -1.62159
-1.58149, -0.823122
0.542497, -0.672422
-1.35498, 2.229
1.18713, 0.621694
-1.48601, 0.777985
0.583653, 1.42831
-0.32155, 1.42751
0.85337, 1.79457
-1.24475, 1.54186
0.445357, 0.0548937
-1.93983, -1.9635
-1.05778, -1.62871
0.449096, -1.15639
-0.49682, 0.563286
0.752716, 0.615862
1.61268, 1.55376
-0.341925, -0.305262
0.879584, 0.111972
-1.96468, 0.458901
-1.37393, -0.430756
1.48693, -1.74575
1.98874, -1.25371
0.213675, 1.52512
0.117195, -0.943964
-0.23961, -0.281254
1.44583, 1.10857
-0.440839, 1.2902
-1.6688, 0.385167
-1.96215, -1.09605
0.800691, -0.468797
1.32442, 0.700254
-1.61679, -0.651243
0.722195, -0.622239
-1.64205, 1.14014
-0.843483, 1.55243
1.57303, -1.35885
-1.07916, -1.34282
-0.426123, 1.991
-0.211845, 0.838716
1.29276, 0.552613
1.84208, 0.823155
-1.36564, -0.487002
1.39225, -1.47197
1.35839, -0.947652
1.30025, 0.6407
1.47149, -0.886758
-0.663525, -1.66237
0.370802, 0.62603
-1.5201, -0.794443
-1.601, -0.436223
1.83605, -0.479557
-0.705581, 1.8004
1.3782, 1.09355
-0.733465, -0.796705
-1.41036, 1.79405
-1.2672, 1.1566
1.96605, -0.199226
1.38006, 1.65893
1.55583, -1.35347
1.49046, 0.792244
0.616472, -0.505253
-0.809565, -1.23899
1.47018, 1.45377
-1.53661, 1.45985
1.4474, -1.79929
0.427331, 1.26711
0.541614, -0.52701
1.5837, 2.02351
-1.68574, -0.510208
-1.08009, 0.191043
-0.612765, -0.422553
-0.0183449, 0.34898
0.603175, 1.2942
1.2643, -1.80203
0.387325, 0.406305
1.19486, -0.612082
-1.69564, -0.687955
2.0443, 0.383952
1.25799, 0.591109
1.27413, 0.690536
1.71013, -0.0372805
1.28042, 0.747616
-1.24743, -0.543625
-0.563296, 1.91118
1.6056, 1.3074
-0.64437, 1.25742
1.57076, -1.14607
0.488312, -1.46321
1.17981, -0.33189
1.73937, 0.188814
-0.56167, -1.60825
-0.403634, -0.21041
-0.419028, -0.352546
0.252704, 1.50036
0.21429, 0.256827
1.13992, -1.12156
1.40306, 1.84673
1.435, 1.24537
-1.48828, -0.769291
0.950053, 0.1348
-1.74213, 0.29868
0.195037, -0.0948161
-1.21614, 0.806002
-1.38343, 1.66163
-1.47326, -0.659136
1.5717, 1.27507
-1.19109, 1.35084
-0.255094, 1.6679
1.95073, 0.597382
-1.71692, 0.401778
-1.24557, 0.468939
1.52978, 1.5519
-1.68884, 1.44228
-1.35139, 1.21605
0.494615, -1.30975
1.06973, 0.767331
1.61685, 1.69364
1.46259, 1.66307
1.95619, 1.43266
-0.289039, -0.78086
-1.66712, -0.323934
-1.40639, 1.64674
0.578702, -1.63163
0.35758, -0.581532
1.4667, 1.31014
-0.534951, -0.233356
-1.56886, 0.402291
1.3945, -1.70143
1.62479, -0.823834
1.43881, -1.23768
-0.269556, 0.633328
0.776255, 1.80448
0.145372, 0.682066
1.89514, -0.595805
0.568339, 0.0677201
1.6367, 1.16439
-2.09984, 1.368
0.461786, 1.08984
1.49493, -0.481992
1.41247, 1.49248
-0.38203, -1.43015
0.425854, 0.379957
-0.769885, -1.79899
-1.4654, 0.367493
-0.516325, 0.400983
0.718848, -0.193807
-1.69816, 1.41886
-1.45256, 1.41859
1.48286, 0.145081
0.640593, 1.68155
0.0923158, 0.314978
1.36698, 1.34015
-1.66447, -0.240001
-0.290328, 0.240746
0.309754, 0.413976
1.24117, -0.650907
0.977497, 0.205315
-1.51247, -1.20346
1.65041, -0.323942
0.996448, 0.00400034
1.50534, -0.863486
1.75913, -0.797566
-1.84558, 1.63791
1.24245, 0.187725
-1.69867, 1.44437
-0.80879, 0.885186
-0.629955, 0.416452
1.58548, 0.611151
0.567021, 2.0832
-1.38891, 0.481506
0.785627, 1.53104
-1.42796, -1.96051
0.0570002, 1.31457
-1.36728, 0.0317779
-1.56593, -1.39807
1.50581, 0.477163
0.57815, 1.4553
-1.90813, 1.3924
-1.66161, 1.54997
1.49328, 0.223095
-1.48592, -1.20916
-0.584602, -1.38469
-1.60184, 1.39977
-0.839534, -0.284641
0.258897, 1.30056
0.888338, 1.06257
-1.71006, -1.33778
-0.982835, -0.290166
-1.81665, 1.04605
-0.838229, 0.327887
1.47725, -0.615871
-1.92458, 1.76306
-1.41642, 1.44673
0.322777, 0.575342
0.237927, -1.43063
-1.41192, -2.1594
0.488537, 1.48206
-0.700071, -1.37403
1.49824, 1.44633
-1.43258, -1.96911
0.0734715, -1.31252
0.299946, -0.504343
1.24, 0.27706
-1.46213, 1.30227
1.90892, 1.91542
-1.48808, -0.587226
1.48721, 1.72985
1.24469, -1.3061
0.575187, 0.516656
-0.330344, 0.244036
1.62841, 0.547678
-1.64138, 1.74429
-0.392283, -0.602341
-1.17175, 1.57269
0.402935, 1.2222
-0.855825, 1.60723
1.91975, -0.483939
0.43187, -1.37248
-0.66544, -1.66819
-1.50821, -0.304612
0.621398, -1.36548
-0.177022, 0.24651
1.94955, 1.68848
-0.634467, -1.79839
-0.498911, -0.139253
1.52844, -0.982887
-1.61107, -1.29315
0.799334, 0.504027
-1.2805, 1.31766
-1.36144, -1.86015
-0.81472, 1.43513
-1.58221, -0.124885
-1.63986, 1.33145
0.694205, 1.27897
-0.282427, -1.52203
1.13725, -0.843852
1.38649, 0.332559
0.304779, -0.530308
-1.28114, 1.09914
0.480852, -0.468745
-1.7888, 0.376722
0.656357, -0.097607
-0.875925, 1.48809
-1.5443, 0.947416
-1.52602, -0.837912
-1.62207, -1.28456
0.58214, -0.537856
0.699888, -0.546008
1.71157, -0.305419
-0.185136, 0.126804
1.72645, -0.470085
1.4977, -0.118224
1.84578, 0.615103
0.611643, 0.372681
0.591038, 1.38932
-1.43938, 0.4748
-1.85828, -0.301181
-0.364643, 0.327567
0.317936, -1.47009
0.468706, 0.970127
-1.25491, 1.42491
0.873272, -1.16878
-0.613591, -1.3201
-0.548491, 1.7367
0.518945, 1.39951
-1.77046, 1.51153
-1.72845, -0.614755
-0.834897, 0.510417
1.57329, -0.662869
0.442343, 0.245743
-0.251276, 1.7353
-1.29999, -0.593991
-1.55431, -0.0578151
1.45697, 2.11203
-0.549155, 1.50459
1.62143, -0.917688
-1.84053, -0.807823
2.01798, -1.46729
0.462952, 1.59048
-1.43286, -0.761931
1.69277, -1.91211
-1.87456, -0.529361
0.71765, -0.554837
1.72674, 0.670944
0.407084, -1.58858
-0.314968, -1.08524
-0.219114, -0.573107
1.27756, -1.00661
1.40564, 0.343823
-1.85379, -1.56858
-0.858582, 0.548776
-0.721964, -0.558069
-0.567637, -0.732301
1.57262, 0.0127312
1.16827, 1.62273
-1.02655, 0.479548
-0.0608843, -0.498146
0.969475, 1.65119
0.0442408, -0.573467
0.398952, -1.62908
1.72324, 1.73223
-1.28784, -1.44246
-1.34596, 1.93983
-0.618603, -0.51429
-1.65342, 0.999883
-0.417346, -1.39963
1.39697, -1.43839
-1.4141, -1.73574
-0.0745039, 0.147685
-1.44542, 0.351401
-1.32526, 1.56774
1.63564, 1.40504
-0.734088, 1.07938
-0.424826, -0.471559
0.134145, -1.71671
-0.358734, -1.19789
1.35955, 1.7631
1.59165, -0.494159
1.54281, 1.32022
1.37142, -1.38509
-0.544229, 0.0599437
-1.26878, 1.40232
-1.61008, -1.71163
-0.854372, 1.42748
0.747683, 1.51646
-1.60284, 1.42536
-1.33777, 0.633541
0.817189, 0.506632
0.376816, -0.550436
-0.5434, -0.0441874
-0.450087, 1.31006
-0.717593, 1.24831
-1.52513, -1.84737
-0.835115, 1.30583
0.723978, -0.873689
-0.902179, 1.57814
0.284074, -1.453
-1.7654, -0.480388
-0.246207, 1.52975
-1.39573, 1.91353
0.944771, -1.93981
1.40624, -0.523889
-1.60351, 0.604283
-1.63506, 0.470101
0.488921, -0.363555
1.00381, 1.53609
-0.322412, 1.4145
1.11069, -1.4521
-1.56476, -0.504051
0.505531, -1.23651
1.31345, -1.70196
0.568365, -0.264046
1.52971, -1.68211
0.699053, -1.01053
-1.44982, -0.981573
-1.88279, -0.757387
0.0823151, -1.88174
1.28395, -1.55072
1.70755, -1.47542
1.24574, 0.351452
0.428268, -0.923248
-0.633728, -1.37057
-1.45936, -1.42661
-0.143999, 1.07232
1.36637, -0.153458
-0.534395, 1.51042
-0.821444, 0.609388
-1.27109, 2.09003
-0.0571951, -1.6833
1.68862, -1.45474
0.787933, -0.462602
1.43344, 0.83863
-0.628207, -0.96965
-0.67759, 1.30914
-1.54291, 0.658763
-1.57874, 0.291163
-1.84874, -1.65842
-0.933975, -2.02341
-0.795848, -0.28738
0.679869, 0.673298
-0.728415, 1.50862
0.246508, 0.560246
0.237668, -0.857815
-1.71448, -0.902807
0.820287, 0.781051
1.51508, 0.363767
-1.1376, -0.395906
-1.39101, 1.82525
-0.585437, 0.236136
0.674273, 1.7375
0.507853, -0.641794
0.904672, 0.696584
-1.35561, -1.1387
0.270043, 1.88864
0.728262, -1.1563
0.179945, -0.324476
0.541857, 1.64673
1.31428, -1.57239
-1.38546, -0.14514
-0.387837, 0.134751
-0.356965, 0.608309
1.6261, -1.87449
0.473375, -0.104947
0.416448, -1.53591
1.26312, -0.855758
-0.520793, 1.73452
1.88999, 1.42157
0.645668, -1.50653
-1.51909, -0.26468
1.00275, -0.874198
-1.70362, -1.48559
-1.58048, -1.59096
0.280539, -0.969573
0.424896, -0.683148
1.65007, 0.445599
-1.54437, 0.467787
1.45089, -0.131677
-0.4579, -0.193777
0.369615, 0.945402
1.50607, 1.52743
1.41307, -0.582125
0.173637, 1.10018
1.67486, 0.176206
1.50219, -1.64597
0.723946, -1.50588
-0.539612, -0.516991
1.44413, 0.415445
1.57337, 0.207583
0.316824, -1.69982
-1.29553, 1.40839
1.6857, 0.598008
-1.31866, -0.762506
-1.59914, 0.648209
0.72387, -0.999796
-0.860058, 0.741996
0.607645, -1.42298
1.55758, 0.987231
1.27699, -1.62203
-1.8996, -0.217128
0.596944, 1.84185
-0.794773, 1.62744
-1.0239, -0.738868
1.52569, -0.450852
-0.704606, -0.305682
-0.0525692, -0.309376
-0.635808, 0.411034
-1.6376, 1.42084
-0.312884, -1.50775
1.4788, -1.196
-1.41937, 0.788239
1.39485, -0.289675
0.828401, -0.581397
1.62694, -1.67514
-1.56069, 0.544096
1.5073, -0.716802
-0.813055, 1.66427
1.51238, -0.415876
-1.29645, 0.234865
-1.59658, -0.29914
-1.17078, 0.444389
1.6399, -1.04934
-0.651919, 0.142276
1.3658, 0.710018
0.409125, -1.77393
-1.79747, -1.98051
-1.72711, 1.40907
-0.541006, -1.35932
0.65661, 0.482628
0.537568, -0.85618
0.623608, 1.59061
0.117811, -1.25
-1.49569, 0.765316
1.50693, -1.31587
-0.408842, -1.46764
0.235444, 1.17439
0.148363, -1.72893
-1.47129, -1.12198
1.32024, 1.92398
-0.704726, -0.609168
0.942655, -0.420051
-1.85138, 1.51143
0.650105, 1.05776
0.622219, 0.923189
0.524303, 1.89308
-1.60314, -0.495789
0.197786, -1.10395
-1.1593, -0.480338
1.35534, -0.740373
1.70527, -1.76165
-0.35645, 1.4606
0.0688902, 1.94277
0.89176, -0.874668
1.01151, -0.247481
1.61691, 1.82828
0.842222, -0.689587
-1.08438, 1.65493
-1.58634, -0.561185
-0.439886, 1.5963
-1.20908, -1.5329
-1.67842, 0.162488
0.479949, -0.93296
-1.76356, 0.363268
-0.743262, 0.832387
1.64586, 0.96577
0.214964, -1.61187
0.20949, -0.980982
-1.02682, -0.290556
1.298, 0.194287
-1.19799, 0.508461
-0.346152, -1.49553
1.22329, 0.767308
1.25666, 1.69252
-0.462399, 1.29129
1.65756, 1.68051
-0.109062, -0.370834
-0.684375, -1.50821
1.92365, 1.33759
-0.0738777, 0.222967
1.46315, -0.463953
1.28714, -1.83313
-1.40391, -1.84618
1.06718, -1.7365
1.9522, 1.62181
-0.549239, 0.310673
-1.38585, 1.49044
-0.084417, 1.35445
-0.774948, 1.55172
-0.371295, -1.66614
-1.59169, -0.241942
-1.13112, 1.52435
-0.805509, 0.346984
0.171777, -0.672062
-0.0304066, -0.684155
1.21727, 1.02521
0.755399, 1.66641
-0.0168366, -1.35289
-0.70637, 1.72984
-0.512691, -1.69908
1.55681, -0.476039
-1.74054, 1.48206
-0.842458, -0.657389
1.2055, 1.21136
-0.236916, 1.71012
-0.484339, -0.0549934
-1.45135, 1.53025
-0.477019, 1.77988
1.13163, 0.480126
-0.722762, 0.888139
-1.46886, -1.64512
1.33817, 0.671519
1.57816, 0.20291
-1.56158, -1.80945
1.65204, -1.23502
-1.74241, 1.19446
0.257245, 0.618107
1.48548, -0.386352
1.85237, 0.674896
1.48463, 1.89598
-1.40561, 0.435676
1.62033, 0.526925
-1.50731, -0.754669
-0.53313, 0.0722476
-1.47085, -0.663109
-1.45984, -1.35575
-1.37209, -1.68097
-1.62573, 0.438652
1.23003, -1.565
0.653871, -1.76326
-0.545008, 0.599832
0.79864, -1.60672
0.716218, 0.442402
-0.764466, 1.11829
1.26424, -0.655629
-0.701868, -1.63988
-1.42726, 1.94369
0.00604925, -1.6845
0.579859, -1.93727
1.5486, 0.0268594
0.654246, -0.0123513
2.02585, 0.0381269
0.75062, 0.184747
1.05001, -1.39097
1.12494, -1.13877
1.32065, 1.30986
-0.516179, -0.781974
-1.75747, 0.706319
1.46438, -1.32312
1.24562, 1.9209
1.57134, -1.41752
-0.381921, -0.31903
1.62238, -0.452475
-1.57279, 0.154546
0.858695, -0.551565
-1.37222, -0.126056
0.723357, -1.30411
0.737747, -0.397172
-1.46792, 0.340645
-0.182197, 0.150512
1.67646, -1.7162
-0.440936, -1.69534
-0.772113, -0.536778
1.10499, 1.24051
1.09575, -0.721587
0.819393, -0.0807171
0.906994, 0.813488
1.91876, 1.27643
-0.611064, -1.53213
1.58055, -1.88191
-1.65282, -0.266398
0.0944575, -1.57392
0.044765, -1.50313
-1.43327, 0.642068
-1.56606, 1.30582
0.272836, -0.359368
0.0153007, 1.04415
1.53102, 1.07154
-1.64242, -1.42354
-1.38404, -0.733161
-0.323182, -0.371454
-0.427596, 1.33196
-1.76247, -1.20629
-1.49189, -0.710737
-0.106105, 1.37609
-1.25739, -1.447
1.69692, 0.881384
1.55751, 0.580434
0.449996, 1.63214
0.178296, -1.02634
0.607131, -0.621274
-1.63951, 1.37071
0.96601, 0.358055
-1.56341, -0.59875
1.41904, 1.90866
1.43782, 1.68293
-0.380178, 0.661722
0.93891, 1.17498
0.740696, -1.86267
1.45336, 1.69369
-1.44055, 1.35962
0.561607, 1.37792
1.57411, -1.63682
0.0180875, -1.14402
-1.69172, -0.472607
-1.52381, 0.394104
-0.994284, -2.0862
0.513447, 1.00656
-2.10505, 0.744075
-0.196806, -0.377016
-0.454151, -0.747572
-0.791157, 0.485233
0.612833, 1.58355
-0.433152, -0.514549
2.07684, 0.736403
-0.740181, 1.62298
-0.336815, 1.07727
-0.324284, 0.24266
-0.270064, 0.209513
-0.214251, 0.101459
1.86007, 0.56158
0.4134, 0.944015
1.05909, -1.49168
-0.451263, 0.121609
-1.46539, 1.61953
1.35534, 1.40207
0.457716, 0.707478
0.376873, -0.70523
-1.16361, -0.555475
1.77189, -0.474818
-0.913666, -0.58623
0.620402, 0.344463
-0.755876, 1.56147
1.32137, -0.631753
0.310794, -0.670609
-1.51189, -0.468233
-2.01559, 0.648695
1.41226, -1.10024
0.279883, -1.49126
0.808078, -1.28924
-0.254281, 1.47912
0.473255, 0.514264
-0.339342, -1.42142
1.5392, -1.94402
0.857335, -0.489904
1.25798, 0.96825
-0.568159, -0.478477
-1.9131, -1.4197
-0.286395, -0.65602
1.25464, -1.81655
-0.433545, -1.44479
0.794511, 1.23151
1.37175, -1.32458
1.2474, 0.476415
0.627401, 0.748408
-0.1848, -0.642226
-1.53833, 0.720482
0.462784, 0.27032
-1.24992, 1.08534
1.81289, 0.636991
0.445829, 0.308937
-0.428232, 1.44234
1.61653, -1.54527
-0.417598, 1.7196
-0.874241, 1.4921
1.84605, -1.45724
-0.642195, -0.41521
1.53524, -1.47434
-1.62092, 0.670947
-0.586881, -1.46035
0.518992, 1.8776
-1.57667, -1.86714
-1.30332, -2.17472
-0.710478, 0.557492
-1.44315, -0.412246
-1.74115, 0.276242
-1.4751, 1.18711
0.239797, 0.879988
1.59675, -0.463114
-1.16943, -0.00881579
-0.529112, -1.82166
-1.28687, -1.89894
1.5445, 1.01668
-1.28029, -1.535
-1.68887, 0.736376
0.6484, -1.49985
-1.36641, 1.53823
-0.264199, -0.316008
1.48295, 0.976263
1.60108, 1.55196
-0.515326, 1.85163
0.379801, 1.6979
-0.0124117, -0.626939
1.80974, 0.238529
1.165, -0.846955
1.26799, -0.871931
-1.58158, -0.579835
-0.469822, -1.59032
-1.74771, -1.43673
0.467983, 1.72173
-0.10891, 1.24636
-1.3346, 0.524979
-0.974015, -1.41375
-1.31607, -0.20904
-0.618728, 0.447127
-0.416205, 0.23983
-0.497506, 0.255969
0.390159, 1.77785
-1.56362, -0.462414
-1.79565, -0.432906
0.0510823, 1.41823
-1.75261, -1.64508
-1.41414, 1.51553
-1.12366, 0.687207
0.464681, -1.46279
1.47719, -0.0863513
-0.977593, -1.31215
-0.715534, -0.670151
0.871539, 1.73262
0.356108, -0.389901
-0.742766, 1.68021
1.73295, -1.81434
-0.176833, 0.444866
-1.89334, 1.17557
1.5106, -1.88888
-1.71632, 0.387344
-0.409594, 1.56046
1.13572, -0.355826
-1.20575, 0.906659
-0.814053, -1.48783
-0.483349, -1.43856
-0.909833, 1.49377
-0.641514, -0.312805
1.53041, -0.675508
0.979731, 1.20599
0.257537, -0.504209
1.6962, 1.49612
1.40221, 0.53674
-1.45632, 1.24314
-1.75887, -1.53914
0.509962, 0.571613
-0.112841, -1.7132
0.335907, -0.400899
-0.539288, -1.71932
-1.38526, -0.686849
-0.877404, 0.73028
0.943625, 1.53241
-1.2481, 0.619004
1.17024, 0.382347
-1.42181, 1.42766
0.722462, 0.129062
0.470221, -1.28884
0.0307184, -0.611535
-1.34714, -0.00522973
1.56232, 2.03519
-1.13052, -1.75167
0.662076, 1.41962
0.273705, 1.54003
1.32421, 0.0741592
0.86617, 1.26394
1.45808, -1.43417
0.663874, -1.74506
-1.63059, -1.68068
1.54483, -0.523602
-0.359149, -0.490148
1.30131, 0.788041
-0.138278, -1.28811
1.28094, -1.45557
1.44243, 0.219331
-1.78142, 0.525062
0.698493, 0.280638
0.662151, 0.877103
1.79323, -0.293675
0.424965, -2.05976
-1.36056, -0.799407
1.19182, 0.643518
1.70843, -1.54191
-0.238391, -0.305693
0.52472, -1.91432
-1.35955, 0.534462
-1.18769, 1.60646
0.558312, 1.41279
0.532148, 0.357048
-1.50013, 1.57376
1.48096, 0.363523
2.00638, -0.553908
-0.796476, -1.26161
1.29684, 0.999003
1.41217, -1.59806
-1.36443, -2.08093
0.462005, 0.742555
-0.586785, -1.46428
-0.62465, 0.712162
1.35203, 0.273701
-1.49939, -1.22247
-1.62499, 1.34233
-1.40595, 0.846823
-1.64872, 0.708506
1.68161, 0.932113
0.421214, -0.457872
1.85454, 0.561953
-1.34808, 1.25575
-0.51316, -1.43666
-1.36018, -1.44779
-0.456506, -0.993385
0.74129, -1.91817
-1.13425, 0.0507837
-0.241348, 1.27465
1.84892, -0.510857
-1.60603, -0.583153
0.28934, -1.53537
1.3376, 0.0112759
-1.59132, -1.62875
-1.63946, -1.28957
1.37898, -1.43521
0.069208, -1.22721
0.444809, 1.53319
0.85622, -0.133523
0.584148, 0.332921
0.480153, -0.0304882
0.654886, 1.42991
-1.5989, 1.46139
-1.41664, 0.370994
-0.08326, 1.6662
1.41508, 0.373426
-1.45725, 0.304215
-0.512012, -0.532036
-0.948384, -1.26338
0.774415, 1.49347
-0.0733456, -0.634708
-0.776259, -1.89361
1.62944, -0.789127
0.191329, 0.673663
0.560094, -0.666875
-0.925181, 1.71947
1.48495, 0.645423
-0.696957, -0.522508
-1.7056, -1.41761
-0.420709, -1.72445
1.43947, 1.23569
0.611147, 1.82958
0.222318, -0.28572
-0.286473, -0.374679
1.28519, 1.22086
-0.489351, 1.46796
-1.79826, -1.88448
-0.458548, -0.378095
1.67929, 1.17085
-1.79276, 0.481278
0.804405, 0.767529
0.83683, 1.17309
0.619777, -1.4187
-0.402043, 0.263876
1.75423, 1.5081
0.265408, 0.463253
0.328277, -1.66752
-0.351014, -1.36043
0.272359, 1.50823
1.37703, 1.80888
-0.397581, 1.14088
-0.316131, -1.77625
0.481746, 1.10553
0.683353, -1.19539
1.05465, 0.85057
-1.35929, -1.65643
0.242898, 1.38672
0.408052, 0.443155
-0.53511, -1.15534
-0.925484, 0.630826
-0.595313, -1.76709
0.75021, -1.49152
-1.44748, 0.780897
0.531865, -1.55461
1.60074, 1.23359
-0.424862, 0.299816
0.597166, -1.39589
-0.481145, 1.56211
1.54305, -0.685182
-1.51907, 1.52867
1.50863, 0.58471
0.455146, -0.626696
-1.32717, -1.27054
0.0453542, -0.408304
1.09578, 1.59047
-1.90766, -1.26574
1.6374, 1.68626
-0.779583, 0.386226
1.56424, 1.72492
1.206, -1.37916
0.972166, 1.21321
-0.321834, -0.665929
-0.62856, -0.601258
1.46987, 1.83251
-0.334638, 0.571409
1.3947, 0.598824
-0.815394, 1.47712
0.651627, -0.89157
-1.64469, -1.89806
1.00325, -1.40688
-0.359985, -1.41491
1.44764, -1.65407
-1.5679, 0.267962
-1.70997, -0.452196
-0.790669, 0.319368
-0.878111, -0.461599
-1.35514, -0.444814
1.0544, -0.568905
0.409868, -1.66537
-1.9786, 1.29495
-0.975961, 0.40585
1.58484, -0.692519
0.809418, 1.67581
0.179989, -1.52878
0.118569, 0.593921
0.357545, -0.730468
1.56945, -0.516139
-0.331045, -1.71738
-0.572699, 1.65258
0.27397, 0.0391617
-0.691241, -1.15388
-1.67657, 1.36475
0.0734183, -0.911366
-0.777112, 0.365192
0.357625, -1.3766
0.166941, -1.53195
-1.83574, 1.60037
-1.54121, -0.500196
0.109346, -0.69975
1.38891, 1.67719
-0.595381, -0.646242
-1.05354, -1.71016
1.35779, 1.64466
-1.02295, 0.642842
1.37881, 1.54027
-1.74145, 0.64327
-1.92494, 1.59062
0.844665, 0.877538
-1.87264, -1.21302
1.49558, -0.446187
-1.59753, 0.507832
-0.103522, -1.19543
-1.4776, 0.239316
-0.32632, -1.50863
0.517855, 0.922926
-1.61865, 1.71151
1.96802, 1.58881
-0.15136, 1.74655
-0.399834, -0.035802
1.64649, 0.266338
1.86016, -0.659457
-1.56031, -1.0382
1.18547, -0.842358
-1.01418, -0.507956
-0.349251, -1.28512
1.71533, 1.4054
1.5221, 0.232822
-1.75629, -1.35871
1.65409, -0.799402
1.88841, -1.93006
-0.93923, -0.968174
-1.21303, 1.64377
0.380866, 1.67127
-0.598294, -1.59327
-0.347803, 0.56476
-0.192103, 0.339167
1.61069, -0.737004
-0.614752, -1.40313
0.49721, -1.90584
1.37443, 1.64962
-0.0781739, -1.00597
-0.142061, -1.65512
-1.44145, 1.01545
-1.50996, 1.69937
0.453673, 0.519323
1.48612, -0.751423
1.28037, 1.58928
-1.45221, 0.656333
-0.596935, 1.60495
-0.240003, 0.12795
1.1501, -1.46867
-0.224175, 1.92445
0.332735, -1.35789
-0.297518, -1.4855
1.31552, -0.605564
0.909242, 0.592962
1.54084, -1.48932
-0.707553, 1.58552
1.57694, 0.79342
-1.77767, 1.80477
0.646689, -0.473097
0.600536, -0.345981
0.280877, -1.46728
0.326077, -1.04866
-0.951186, -0.546122
-0.265883, 0.427594
-1.76048, 0.342837
-0.350565, 0.631215
0.710835, 0.470804
0.537461, -1.50352
0.484852, -1.54732
0.290823, 0.493268
1.58885, 1.5036
-0.500981, 1.22261
-0.60306, 1.69137
-1.72279, 1.60495
-0.708281, 1.53885
-1.47682, 0.448065
0.356133, 0.653282
0.154019, -1.5396
-0.788755, -0.726233
1.31595, -1.53396
-1.00541, -0.787229
-1.4893, 1.821
-0.639819, 0.607565
0.472476, -1.75755
-1.80005, -1.09712
0.762235, 1.65461
-1.45982, 0.28188
-0.67761, -1.38157
-0.735377, 0.892968
0.271612, -1.14187
-0.583545, -0.419179
-1.42173, 0.450775
1.63288, -1.72107
1.5035, 1.76679
1.54376, 1.73643
1.56512, -0.0994176
1.30739, 0.7421
-1.3051, -0.66536
-1.91538, 1.73331
-0.675566, -0.60519
-1.55916, 0.638637
-2.05481, -1.00158
1.03591, 0.555398
-0.63527, 0.279524
0.263824, -0.932175
0.260023, 0.822469
-0.462536, -1.45544
-1.33734, -1.46372
0.829141, 0.440771
-1.07984, -1.65788
1.01259, -0.0175455
1.03309, -1.67949
1.40129, 1.40422
-0.524693, -0.218707
-0.427825, 1.68285
-1.59716, 1.5638
1.85604, 1.87649
1.71591, -0.351138
0.140768, -1.22777
1.32595, 1.66637
0.70971, 1.74073
-1.48578, -1.29387
0.631899, -0.928407
-0.566903, -1.41876
-0.451691, -0.0293431
1.56573, 0.507051
1.74139, -0.41605
0.426352, -0.896757
1.41653, 0.189327
-1.36028, -1.79251
-1.59682, 1.54729
-0.635394, -0.469479
-0.420006, -0.3
-0.886477, -0.700248
-0.330217, 1.48901
-0.376395, -0.820336
0.537034, -1.31673
-1.13703, -1.42586
0.585639, 1.24186
-0.326839, 0.359016
-0.891927, -1.74557
-0.525702, 0.47666
-1.46933, 1.63199
-1.0359, -0.607519
-1.3415, 1.53468
-0.636674, 1.74164
-0.111683, -1.39927
-1.26356, -0.443318
0.426445, 0.43702
-1.81127, 0.807375
0.470487, 0.204231
1.70435, 0.450801
1.58522, 0.444041
-0.400274, -0.593104
-1.5614, -1.64576
-1.02061, -1.28248
-0.812911, -0.389301
-0.478246, 0.954926
-0.59698, -1.75594
0.384001, 0.116214
-0.815125, -1.70229
2.09262, -0.44999
1.31381, -1.8734
-1.1322, 1.6324
1.80205, 1.55185
1.25692, 0.251663
-0.241381, -1.19689
-1.38727, 1.40456
2.04311, -0.0791196
0.561147, 2.30076
-1.2812, 0.926107
1.52687, 1.93994
1.9084, -0.197874
1.94269, -0.60301
-1.45114, -1.64452
-1.37578, 0.566711
-1.49355, 1.93663
0.828091, 0.5429
-0.884544, -1.2437
0.14113, -1.38497
-1.41236, -0.48723
0.892517, 1.83186
0.344059, -0.985728
-1.47039, -1.29024
0.312453, 0.103882
-0.34173, 1.19116
-1.0499, 1.65675
-1.70633, 0.513959
-0.000274802, 0.895979
1.52223, -1.4613
0.141684, 0.182023
-0.467386, 1.47465
-0.302475, 0.686833
0.270525, -1.92508
-0.42405, 0.573217
0.501827, -2.39418
0.825768, -0.723627
0.496358, -1.10293
1.62894, -0.429179
-0.639153, -0.107755
-1.67182, 0.6116
1.5563, 1.54349
1.55006, -1.56391
-1.61368, 1.77029
-0.360711, -1.29282
1.30914, 0.321203
0.938053, -0.712248
1.3499, -1.58976
1.28634, -1.72468
1.43849, 1.34048
0.51095, -0.405331
-1.4788, 1.13634
0.877679, 1.48533
-1.37558, 1.19962
1.37107, 1.44049
1.77485, 0.183457
0.62341, 1.84075
0.760758, -1.27029
-0.941849, 0.0757083
1.46392, 1.41607
1.19324, 0.375223
1.41511, 0.686928
0.384119, 0.597325
-2.0765, 0.813361
0.658661, -1.86886
1.60265, -1.73738
-0.862811, 1.48702
1.49183, 0.00289686
-0.403476, -1.19387
0.86075, -1.61319
-1.08759, 0.506299
0.399873, 1.91369
-0.491601, -0.583707
1.42968, -1.71506
-0.771413, 1.64997
0.642962, -0.557234
-0.426565, 1.25825
0.562867, 1.18874
1.20264, -0.302795
-0.278693, -0.717373
1.60911, 0.438398
-1.4934, 1.81245
0.469429, -1.46521
-0.374195, 2.02104
1.34849, 1.47969
0.409362, 2.01719
-1.21127, -0.270963
-1.40099, 1.63972
1.19751, 0.0963978
-1.91367, -1.64635
0.453583, -1.14687
-1.09182, -1.79716
-0.567044, -0.670688
0.473677, 1.2172
1.55809, 1.51566
0.692122, 0.931531
0.279776, 0.21425
1.50607, 1.58865
-1.60996, -1.82007
1.16036, 1.39359
-0.382441, 1.33443
-0.518262, -1.51427
-2.10673, 0.0181211
-1.44809, -0.240055
1.52476, -1.72635
-0.853006, 0.715699
1.68671, -1.41351
-0.992429, -1.65391
-1.48298, -1.57901
-1.10062, 1.61393
0.706796, -1.34466
1.77466, -0.432484
-0.745339, -1.47116
-1.41791, -1.56488
-0.772402, 1.52049
0.373657, 1.70783
-0.499327, -1.6502
0.326792, 1.67809
0.658284, 0.513447
1.54618, -0.318698
1.36465, -0.420778
1.50733, 0.491308
-1.66935, 1.52411
1.69511, 1.55097
1.7308, -1.26503
1.40336, -1.67395
0.842185, -0.238434
-0.295886, -1.67686
-1.31088, -1.73131
-1.41206, 1.65207
0.393179, 0.378589
-1.44856, 0.197468
-0.256588, -1.46886
-1.71775, -1.92526
-0.232067, 1.5528
1.42528, 0.168502
0.201737, -0.783005
0.287591, -1.10857
1.15874, 0.61463
-0.463281, 0.303058
0.662424, 1.08809
-0.464214, -0.643013
-1.67654, 1.53806
1.63354, -1.18251
-1.57279, -1.68084
-0.816566, 1.47418
0.336773, 1.39877
1.28044, 1.53398
-0.685345, -0.491299
-1.0646, 1.7217
-0.510441, -0.355995
0.155332, 1.5788
-1.79708, 1.4682
1.42351, 0.430199
-1.24313, 1.50683
-0.890357, -0.337164
-0.400514, -1.41197
1.55857, 0.171069
0.548181, -1.51675
-1.09261, 1.5748
0.392532, 1.31604
1.59792, -0.692621
1.73664, 0.732752
-1.4571, -0.75887
1.69234, 0.605889
1.42733, -1.69261
-1.37946, 1.42668
0.045546, -1.5646
-0.516139, -0.227606
-1.58445, -1.51434
1.37668, -0.263797
-0.772659, -1.34608
-1.31772, 0.415049
-0.547773, -0.309353
-1.1043, 1.47098
-0.415814, 0.882311
-1.77839, 1.98097
-0.28509, -1.50383
0.63493, -1.36293
1.63346, -1.33092
-0.350833, -1.35264
-0.634468, 0.573548
1.35865, 1.36435
-1.72969, -0.320015
1.35357, 0.535899
-1.2694, -0.522546
0.77851, -0.77374
1.02911, -0.806787
2.10709, -1.65802
-1.18858, -0.83789
1.61894, 0.381286
-0.764793, -0.825008
-0.381074, -0.563639
1.46379, 0.585219
-0.507797, -0.628782
-1.48768, -0.580658
0.432094, -1.28791
1.77296, 1.73771
0.116892, -1.38595
-0.336361, 1.68971
0.893424, 0.37796
1.28924, 1.43069
-0.450219, -0.181785
0.0476338, 0.0600267
1.15071, 0.337663
0.094756, 1.64059
-0.286838, -1.7851
0.440182, 0.36775
-1.28653, 0.618066
0.866408, -0.0807698
0.766754, 1.43871
0.614459, 0.427031
-1.86056, -0.0512466
1.35543, -0.165353
1.76366, 0.868498
0.223097, 1.46663
-0.560584, -1.81604
-0.84159, -0.792371
1.61824, -0.436509
0.454791, 0.411421
-0.288526, 0.744095
-1.33963, 1.67842
-0.603584, -1.58319
0.575969, -0.121369
-1.48688, -0.719889
-1.23082, -1.3875
0.176303, -1.56254
-1.68627, -0.338169
-1.54849, -0.191192
1.59758, -1.29679
-1.52076, -0.144601
0.483991, 1.51484
-1.4705, 1.73629
0.433144, 0.525802
-1.7455, 0.376592
-1.46625, 1.5676
1.4891, 0.405911
-1.29685, -0.255968
-0.414668, 1.37517
1.40593, 0.203399
-0.675461, 1.59395
1.47225, 1.4221
0.453778, 0.547105
1.70206, -1.05549
0.404755, -1.24636
-0.658902, 0.0157907
-1.31614, 0.29428
0.430463, 1.51511
-1.61632, 0.508272
1.1181, -0.0922326
-0.449482, 1.70634
-1.67884, -1.35018
-0.534014, -0.236992
-0.730382, -0.467154
-1.42123, 1.37497
-1.56203, -0.6217
0.340818, 0.045362
1.65955, -1.68471
0.453582, -1.20078
0.709013, 0.411546
-1.61098, -0.523141
1.22661, -0.875754
1.89633, 0.572616
-1.4076, -1.3177
-0.64774, 0.269113
-0.722956, -1.07098
-0.755794, 1.39555
-0.479213, 1.73206
0.778545, 0.719954
-1.41459, -0.384972
0.570576, -1.77601
-0.502514, -1.39877
-0.351391, 1.46801
0.805692, -0.201387
1.49368, -0.731096
-0.0568753, 1.55715
-0.20327, 1.4139
0.380593, -0.531994
-0.285537, -1.56844
-1.41434, 1.40581
-0.372438, -0.571665
0.676563, 0.811922
1.83332, -1.27879
0.33059, -1.72886
-0.788706, -0.379009
-1.5814, -1.65291
1.76518, -1.44296
-0.607712, 0.406026
-0.491573, 0.461754
0.478428, 1.09891
1.2028, -0.500867
-1.69676, 1.46066
-0.398422, 0.883325
1.28869, 1.49322
-1.43009, -1.27476
-0.539244, 0.300536
0.849454, -0.540268
-1.80299, -0.507331
1.69547, -0.860263
-0.343069, 2.1428
0.909689, 0.780575
-0.363501, -0.667194
1.54032, -1.38055
-1.36454, 1.17933
-1.47545, -1.96579
0.0260768, -0.662542
1.595, -0.73935
-1.45764, 0.659887
-1.34548, 0.780186
-1.35058, -1.42667
-1.42171, -1.83955
0.419271, -0.668442
-1.35189, 1.86752
0.806957, 0.942786
-1.57925, 1.41181
1.20339, -1.63943
-0.731649, -0.501349
-0.421138, 0.486557
-1.96058, -1.1786
-0.384922, -0.492077
-1.70802, 0.450527
-1.33357, -0.221426
-0.241813, 0.410936
0.80811, 0.0310944
1.46395, -0.863608
-1.20461, -0.895382
0.732526, 1.05142
-2.18223, 1.23809
-0.279746, 0.181128
-1.69515, -0.434265
-1.07108, -0.796175
1.64404, -0.409173
1.36667, 0.669149
-0.154611, -1.83516
1.40735, -0.00680037
-0.525642, -0.558838
0.0649728, 0.3351
-0.471527, 0.280719
0.251741, 0.657774
0.613347, -1.20097
0.275485, -1.43033
-0.648097, -1.39909
-1.33879, 1.32231
0.510287, -1.29674
-1.56707, 0.818216
0.964551, 1.83383
0.284851, -0.218152
-0.739182, 1.50943
0.465125, -1.46772
0.541369, -0.485029
1.77529, -0.483848
1.51407, 1.40093
0.31069, -0.824799
0.37723, -1.77448
1.80821, -1.26223
0.604458, -0.446321
1.07487, -0.595766
-1.45296, 0.605911
1.62537, 1.44056
0.388919, 1.25425
-0.44191, -1.24238
1.27658, -0.470143
-0.883293, -1.57107
1.04466, 1.68344
-1.7866, -1.60402
0.481191, 1.77257
1.60063, 0.152111
-1.68261, 0.466464
-0.292173, -0.766683
-0.304915, -0.564312
0.468346, 0.182956
-1.67142, -0.615074
0.209751, 0.429396
-1.87301, 1.76372
-0.72447, 1.42807
0.688615, 0.982285
1.62125, 0.75729
-0.693187, -0.496466
1.36588, 1.56221
-1.64804, 1.62499
-0.658716, -0.50821
0.0339607, 1.86131
-1.37387, -0.870877
-1.33622, 1.46377
-0.477492, 1.3594
-0.239709, 1.17075
1.23981, 1.94464
-1.45419, -0.503323
-0.197683, -0.42123
-0.912394, -0.836457
-1.58511, -0.442685
1.52321, 1.4837
-0.595455, -0.367902
1.10513, -1.27696
-1.5036, 1.58078
1.36972, 2.09563
-0.779628, -0.83353
-0.486917, 0.730429
-0.343713, 0.585464
-0.744539, -0.16277
-0.418881, -1.85843
-0.608402, -1.38817
-1.28675, 1.06284
-0.407083, 1.31652
1.14934, -0.204411
-1.8872, 0.449423
-0.549267, -1.43641
-0.374194, -0.0390884
-0.525951, 1.43959
1.79806, 0.546718
1.73872, 1.55518
1.48706, -1.82455
-1.71547, 0.614865
0.718539, -0.542701
-0.499126, -0.665356
-1.61957, -0.492557
0.132484, 0.637482
-0.881377, 1.25546
0.981742, -1.4267
-1.58077, -1.56043
-1.3228, -0.518065
-0.247912, 1.52503
-1.74389, -0.80643
-0.58845, -0.578384
-1.04196, 1.43158
1.27429, 0.199813
-1.40959, -1.24382
-1.22102, -1.27302
-0.28309, 1.44097
-1.5907, 0.399958
1.45736, 0.30153
0.418913, 0.0201689
-1.38196, -1.24578
1.18923, 0.576892
-1.64912, 0.350816
0.313581, 0.177716
-1.39049, 0.0608514
1.33224, -0.813236
1.03426, -1.89669
-0.0548472, 1.68085
1.52671, 1.73434
-0.388556, -1.3128
1.7701, -1.50474
1.65108, -1.40332
-1.66492, -0.508148
1.60811, 1.493
-1.37039, -0.0623245
0.226261, 0.19328
1.75, 0.367301
-0.545811, -0.559572
-0.299026, 0.869686
0.536694, -1.36204
0.0858768, 0.362416
1.51586, 1.57493
-1.23661, -0.692584
-0.609839, 0.2366
0.377312, 1.36248
-0.16617, -0.467131
-1.77087, -0.0890643
-1.56088, -0.431314
0.315352, -0.38622
0.481884, -1.77792
0.4179, -0.192216
-0.576025, 1.4072
0.740155, -0.47132
-0.142282, -1.25052
-0.797627, -1.07176
0.837855, 1.62225
-2.06425, 0.477211
-1.48346, 0.0208597
1.76491, 0.332704
1.86523, 0.596814
0.536248, 0.725217
1.45308, -1.6534
0.0384953, -0.17336
-1.29529, -1.71451
-0.695639, 1.7951
1.30164, -0.392858
0.566412, -1.35843
0.629329, -0.288426
-1.43319, 1.71654
0.282224, -1.56691
1.57023, -0.492548
-1.08061, 0.550292
-1.61426, -1.61758
0.248788, 0.976827
-1.43648, -0.469442
1.78367, -1.62164
1.25318, 1.5943
-1.22415, -0.433002
0.565943, 1.00031
0.598251, -0.585198
-0.827084, -1.24896
-1.54051, -1.97426
-1.05585, -1.44982
-0.148092, -1.17386
-0.426138, -0.931204
-1.42146, 1.38982
0.724647, 0.27086
0.825638, 0.514375
0.398588, 1.41586
-0.93391, -1.21748
1.45924, 0.898609
-0.403184, -0.550748
-0.717744, 1.05756
-0.182973, 1.51697
-1.41387, 1.61979
-1.81564, -1.86409
0.527407, 0.77463
-1.17864, 0.992865
-1.66984, 1.29343
-1.50739, -0.56831
0.552404, -1.72211
-1.47411, 1.70178
-0.732961, -0.427571
-0.674528, 0.799113
-0.531555, 1.27373
1.60008, -1.52759
1.3045, -1.54955
-1.56993, 0.474652
-1.53278, 1.39413
1.48176, 0.477629
1.33249, -0.334396
-0.221166, -1.71064
-0.501587, -1.74938
1.70265, 1.09602
0.549429, 1.3164
-1.90837, -0.526114
0.437941, -1.39885
1.28197, 1.62301
-0.0883089, -1.40902
0.422525, 1.48986
1.43307, -1.74449
0.414735, -1.77171
-1.45342, -0.864325
-2.27375, 1.75358
-1.1542, -1.50615
1.49054, 1.93139
1.72056, 1.54676
1.55993, -1.41738
-1.48276, 1.62725
1.3524, -1.16802
-1.54589, 2.06565
0.723572, -1.35311
1.34654, 1.55183
-0.414283, -1.5489
-1.50297, -0.331188
0.496993, -0.413104
0.534224, 1.35579
-0.330527, -0.894912
0.56163, 1.39139
-1.45298, -1.7124
1.70915, -0.406936
0.795727, 0.8368
-0.464898, -1.4798
1.2282, -0.158338
-1.26592, 1.29097
1.5869, 1.55086
0.379515, -1.55069
1.77871, -0.404724
-0.532805, 1.40202
0.790635, 0.420808
0.13006, 1.35269
0.129479, 1.70378
-1.38327, -1.77293
-1.52876, 0.758721
-1.47959, 1.5153
0.496037, -1.07954
-1.65622, 0.306964
-0.450762, 0.422106
0.498466, -2.10654
-1.29942, 1.82878
1.49853, -0.202212
-0.692517, 1.25035
-0.599635, -0.966189
0.398957, -0.480286
-0.741122, -1.95078
0.555652, -0.288366
-0.658236, -1.431
0.944832, -0.637443
-0.523284, -1.18471
1.5822, -0.0588264
-1.75984, 1.54703
0.0225135, -1.33433
-0.90348, 1.54493
-0.26075, -0.553717
-1.26954, 1.63623
-0.452362, -0.973849
0.355296, 0.524394
0.906391, 1.97112
-1.62035, 0.65058
-1.4966, -1.99731
-0.900938, 1.12594
1.09696, 0.373825
0.180396, -1.27833
0.0546314, -1.51629
-1.25471, 1.28957
-0.335517, 1.65426
0.251194, -0.357966
0.358828, -0.45931
1.43269, 1.70781
0.925539, 1.28755
-0.033591, -1.63659
0.392501, -1.27397
-1.71281, 1.5675
-1.71702, 0.627649
0.469731, -0.860068
1.46235, 1.9707
-0.277488, -1.33285
-1.29672, -0.416974
0.591575, -1.53978
-0.673481, 1.4298
0.0022476, -1.30145
1.3485, 1.55969
-0.312984, 0.678284
-0.433278, 0.507291
-1.274, -0.926635
-0.0358111, 0.594908
0.732772, -1.62808
-1.35869, 1.68582
-0.308447, -0.113069
1.59348, 1.48358
0.116749, -0.459903
1.65672, -1.7584
-1.52071, 1.32348
-0.40711, -0.464938
0.314807, 0.7955
1.23466, 1.34462
0.655212, -1.62175
-1.44782, 2.22436
-1.44039, -1.02825
0.517289, -1.48077
1.23009, -1.36351
1.76411, -0.117132
1.47241, 1.54347
-0.685999, -1.0263
-1.23753, -0.679368
1.94155, 1.56055
1.60796, -1.4203
-1.34215, -0.13739
-0.422872, -1.42297
-1.46466, -1.57059
-0.471671, -0.87925
0.441565, -1.17162
-0.924631, -0.000113154
-1.5541, -1.33682
1.20325, -1.19552
-0.505414, -0.319096
-1.77238, -1.21584
1.3121, -0.652191
-0.432946, -1.17599
1.73465, 1.44626
-0.806307, -0.256216
1.41862, 0.382007
1.6776, 0.165727
0.0228634, -0.0197744
-1.02147, -1.40101
0.617618, -1.29642
1.41911, 1.52474
1.85317, 0.423042
-0.222007, -0.511515
0.569953, 1.6083
1.56427, -0.491699
1.63462, -0.744378
-1.30797, 0.203053
-1.26871, -0.749071
0.715554, 0.50417
-0.0676264, 0.567238
0.219426, -0.865295
1.99708, 1.63268
1.46945, 1.3795
0.467478, -0.826962
1.83528, 1.41429
-0.436633, -1.43006
-0.501228, -1.51038
0.38502, 0.25719
-1.52335, 0.771669
1.87183, 1.68859
0.476939, -1.83123
-1.6694, -0.400324
-1.08015, -0.479512
0.288574, -1.43199
0.521197, -1.61565
-0.219822, -0.525313
-1.41792, 0.496445
-1.79037, 0.34674
-0.411826, 1.80036
-0.801899, -0.224593
-1.66208, 1.22423
0.437803, 0.556791
0.340805, 0.470017
-0.772683, 1.96471
0.609367, -1.17211
-0.607265, -1.99793
0.407404, 0.247964
-0.48745, 0.576474
-1.43395, -0.361964
-1.77714, 1.03771
-1.61908, -1.4242
1.34562, 1.21067
0.1513, -1.78829
-0.552152, -1.71014
-0.523926, 1.23909
1.02918, -0.230176
-0.401869, -0.134701
-0.62017, -0.461954
1.64405, 0.369334
0.015901, -1.55144
-0.673559, 0.644617
-1.21586, 1.43533
-1.4459, -1.10554
0.203387, 0.485929
0.603793, -0.545295
0.546538, 1.72682
1.18749, 0.74701
-1.06066, 0.34285
1.53707, 1.43686
-0.424882, -1.26063
1.62352, 0.489429
-1.81172, -1.57165
0.522654, 1.10763
1.72025, -0.693959
1.35449, 1.41467
1.28481, 0.452559
1.6055, -1.44535
-1.41966, -1.44812
0.682294, 1.07035
1.48988, 1.44091
0.0464604, 0.995591
1.20729, 0.750963
0.41492, 1.57746
-0.640784, -1.40835
-1.92458, -1.32932
0.837416, 0.194424
-2.08526, -0.389861
0.237849, -0.594601
0.219448, -1.84074
-0.518473, 0.272879
0.0893015, 0.0838888
-1.42085, -1.09602
1.25196, -1.55202
1.71587, 0.408562
1.43044, -0.334695
1.42238, -0.387849
1.17586, 1.05262
0.0431565, 0.539705
1.38966, 2.06271
-1.21859, -0.851017
-0.210376, 0.520752
1.52203, -1.33355
-1.23664, 0.736455
0.399444, -1.46874
0.274315, 1.04071
-1.63093, 0.453149
1.52578, -0.68902
1.56037, -0.25795
-1.32842, -1.7643
-1.60509, -0.456954
-1.16697, 1.7137
-0.582797, 0.623019
-1.48228, -1.70649
1.40844, 1.41415
-1.35754, 1.27763
-1.09408, -1.7524
-0.559849, -1.23271
2.01834, -1.70343
1.50664, 0.649986
-2.14319, 1.6714
0.40158, -2.14786
1.50448, -0.641587
1.17529, -1.48033
-0.716424, 0.385319
1.65725, 1.50497
-1.98491, -1.42256
-0.452083, -1.89664
0.521802, 0.736186
1.99352, 1.70286
0.0883369, -1.27258
-1.7683, -0.455189
-1.70073, -2.08674
0.415347, -0.583363
-1.31911, 0.91613
0.279331, 0.382441
-1.6545, -1.77065
1.7334, -0.108044
1.2835, -0.111977
-0.618989, 0.489636
0.628993, 0.508049
-0.95927, -0.670577
-1.01885, 1.02351
1.63041, 1.12401
1.74032, 0.67117
1.46564, 1.37568
2.01732, -0.143584
0.596885, 0.0823701
-0.479145, 1.35465
1.13874, 1.59322
-0.397003, -0.631504
1.67283, 1.26912
0.883245, -1.54117
-0.270579, 1.60157
-0.928646, -1.42692
-0.893341, -1.3799
-1.70792, 1.64065
0.422313, 0.475192
1.44456, 1.5255
-1.37316, -0.338709
1.03945, 0.567144
-0.347428, 0.347522
0.772262, 2.34217
-0.612, 1.90739
-1.17504, -0.575015
-0.073108, 0.718588
-0.621764, 1.1529
0.396095, -1.13896
-1.89701, -0.293573
-0.67525, -1.27332
0.649469, -1.33642
-1.38419, 1.83088
1.59526, -0.642373
0.850806, 0.483991
-1.26883, -1.77523
-1.80794, 1.58727
-0.249883, 1.57051
-0.504703, 0.57311
1.59422, -1.27319
-0.419329, -0.0827238
-0.337737, 1.33121
-0.148312, 0.344092
1.88442, -1.35563
-1.44814, 0.549673
0.814332, 0.811675
1.16311, 0.578724
1.72732, 0.526626
-0.419939, 0.212217
-0.562836, 0.410319
0.309822, -0.645829
-1.57095, 1.63442
-0.561782, -1.42314
-1.8456, -1.29719
-1.12958, 0.24535
1.54502, -1.06804
1.63697, 0.461932
-1.5138, 1.45132
1.28943, -0.5484
1.31365, 1.35613
-0.350999, -0.337466
-1.44788, 0.851038
-1.94131, -1.08665
0.78942, 1.77195
-0.718244, -1.78138
-0.162466, -0.85287
0.503372, 0.48991
-0.514103, -1.61197
-0.670344, -1.60798
0.502525, 1.73207
-0.531412, -0.722315
0.797753, -0.643673
1.7814, 1.61778
-1.52806, -0.667448
1.3819, 1.17653
1.67243, 0.242344
-0.251456, 1.16939
0.354962, -1.5665
-0.669082, 1.37444
-0.0172158, -0.425339
-0.732865, -1.28486
0.584459, 0.291567
1.48853, 0.330461
1.85849, 0.634977
1.45112, 0.362023
-1.46071, -1.51719
-1.08983, 0.331867
-1.47181, -1.1049
0.295451, -0.676916
0.503279, 1.54193
0.394189, 1.59172
-1.60523, 1.238
-1.13053, -1.54437
-1.08959, 1.30559
0.637264, 1.46888
0.7751, -0.462213
-1.5234, 1.77945
1.45293, -0.507488
-1.39626, -1.32615
0.798393, 1.52743
0.502952, -0.683564
-0.552472, -0.0531959
-1.5523, -0.693475
0.561396, -0.67598
-1.45742, 2.14675
-1.66858, -0.462666
-0.800295, -0.522794
1.80415, -0.647153
1.25829, -1.73836
0.460689, -1.63697
-1.75498, 0.869318
-0.0441339, -0.288276
-1.34918, 0.688023
-0.154299, -0.602557
1.37088, -0.748914
-0.379935, -0.574164
-0.428934, 0.794357
0.586349, 0.464525
-1.50252, 1.85048
-0.511465, -0.419768
-1.1848, 1.4424
-0.35087, -1.43973
0.310327, -1.34297
0.64902, 0.0852682
-0.624285, 1.44664
-1.75328, -0.730339
0.91145, 0.181925
-0.676296, -1.7805
1.6535, 1.55416
0.494445, -0.00871532
0.723295, -0.79009
0.582951, -0.271404
-0.278222, -0.61062
-0.324309, -1.62372
0.731998, -1.37998
0.818563, 0.421421
0.823549, 1.33951
0.629838, 1.43766
0.550385, -0.809569
-1.65546, -1.51048
-1.01568, -0.416932
-0.668813, 1.76217
-1.52723, 1.71137
1.29622, -0.0291328
1.24182, 1.52967
-1.4611, -1.77075
-0.484022, -1.00877
0.393582, 1.38172
-1.47952, -0.440474
0.45869, -1.40339
0.431507, -0.362696
1.45165, -1.85259
-0.669883, 1.00356
-0.431444, -0.143433
1.30104, -1.2279
1.65325, -0.859883
1.95582, -0.269225
-1.40297, 1.40854
0.1748, 0.43573
-0.394995, -0.688422
-0.450732, -0.0531174
-1.06503, -1.63606
1.78346, -0.353223
1.27136, -0.560944
1.5541, -0.516331
-0.908909, -1.82222
-0.393768, 1.59449
-0.510882, -1.69256
0.332348, 0.710244
1.68625, -1.30891
1.39768, 1.6349
-1.72846, -0.34048
1.37652, -1.77191
0.721052, -1.29874
0.434389, 1.88817
1.84952, 1.64015
-0.547427, -0.532442
1.18986, -1.14071
0.581488, 1.37002
0.418625, 2.09902
-0.589418, 0.428848
-0.571644, -1.38345
-1.47056, -1.30733
1.61385, 1.7051
-0.619646, 1.47847
-0.786811, -1.19181
-0.454876, -1.15741
-0.968303, -1.31126
2.07212, 0.099576
-0.610583, 1.24235
1.20863, 0.491561
1.14608, -1.63479
-1.37955, -1.51093
1.39493, -0.429557
0.396531, -1.65788
-1.346, -1.475
-0.49165, 0.457686
-0.368498, 0.190114
-2.27308, 1.02144
0.334601, 0.222478
-1.50698, 1.60447
0.878309, -1.53974
0.470291, 0.0742116
0.593917, -0.695054
0.432098, -1.50426
0.857642, -0.720274
0.412755, -0.501803
0.440248, -0.97816
-0.762604, -0.0606129
0.430458, 1.58551
-0.526488, 0.856051
-1.22511, 1.65646
0.710141, -0.341012
0.59365, 1.53067
-1.47137, -1.59475
0.441279, -1.57076
-0.631911, -1.29112
-1.47921, 1.66351
-1.29947, -0.409299
1.34974, 0.695485
0.457454, 0.629854
0.881004, 0.334439
-1.83726, 1.61902
1.6993, -1.06523
1.50603, -0.553637
0.585829, 1.65789
-1.29766, -0.63125
-1.43058, -1.62924
-1.04054, -1.48765
-0.879161, -1.74844
0.937012, -0.518435
1.63279, -0.214049
0.753892, 0.223081
0.537847, -0.311997
-0.983587, -1.63491
-0.657133, -0.551618
-0.479781, -0.249549
1.57341, -0.340731
-0.640995, 1.63817
0.345368, 0.281892
0.976124, -0.965035
0.698857, -1.15108
-0.750302, -1.25632
1.67798, -1.59108
0.716259, -1.47661
-1.14788, -0.243866
1.53179, -0.207629
-0.830086, 0.146839
1.623, -1.35543
1.75666, -0.835343
1.62136, -0.471538
1.49143, 1.34408
0.243595, 0.968356
-1.4123, -0.224231
-0.410637, 0.347547
1.01133, -1.88778
-0.941072, -0.709729
0.297581, -0.244098
0.016689, -1.46361
1.7946, -1.58744
-1.63494, -0.509065
1.8644, -1.19363
0.371037, 0.841714
-0.363319, -1.6063
-1.35835, -1.9182
-1.46506, 1.52326
-0.597184, -1.15182
1.4891, -1.48124
-1.60942, 1.46335
1.75732, 1.28455
0.0674253, -1.53037
0.540684, -0.00843152
0.458301, -1.31495
-0.278734, -0.544721
-1.19961, 0.693243
1.43165, -0.146539
0.496841, -1.00435
1.21207, 1.42645
-0.921518, 1.37668
-0.491328, 0.180136
-0.546098, -1.28717
1.88615, 0.258166
-1.30029, 1.60486
-0.219302, -1.4286
0.352555, -1.31948
1.74421, 1.17438
1.72591, -1.73487
-1.3306, 0.180924
-0.370756, 0.579076
-1.2295, 0.027245
1.05993, 0.781671
-1.24569, -1.64311
0.404852, -1.32344
-1.21633, -0.039017
0.808709, 1.80771
1.23673, -0.206128
1.02538, -1.80051
-0.5053, -1.53116
-1.04949, 0.453228
-1.52345, 1.85554
-0.759363, -1.73872
1.72603, 1.68298
0.285628, -1.5272
1.49974, -1.38813
-0.837368, -0.523865
-0.592701, 0.301897
0.40942, 0.765049
-1.30293, -1.38585
0.326586, 0.644194
0.51473, 0.395393
-0.464873, 0.453058
-1.26302, -1.70815
0.617811, -1.71526
-1.4941, -1.86227
-1.77194, 1.59041
1.09925, 1.36035
-0.869407, -0.287652
0.95997, 1.67482
-1.44913, 1.20816
-1.328, 0.352843
-1.2488, 0.347484
-1.17774, -1.44982
-0.607927, 1.68887
-1.55549, -0.50341
-0.7966, -0.3714
0.50277, 0.54194
0.586259, -0.969023
-1.70766, 0.792784
0.191691, -1.28513
-0.914433, 0.0601081
0.475114, -0.0283207
1.37673, 1.53954
0.271597, 1.19949
0.985449, -1.43113
1.91103, -1.47979
-0.442439, -1.04903
-1.31411, -1.07981
-1.48384, -0.685637
0.80222, 1.39597
0.749271, -1.50465
-1.45046, -0.07424
-0.62038, -0.284921
1.38984, -0.771116
-0.461132, -1.34153
-0.73857, 1.41923
-0.618415, -1.6079
1.37081, 0.473781
-1.55827, -1.46029
1.71631, 1.51487
-1.71613, 0.378431
-1.60034, 1.4665
-0.547343, 1.77867
-0.787387, 1.39582
-0.441842, -0.513155
-0.299326, 0.660001
-0.360298, 1.60079
-1.73244, 1.47033
-1.50233, 1.30313
1.34576, 1.89686
-1.42543, 1.39674
-1.58554, -0.440339
-0.686339, -0.11868
0.504247, 0.34165
0.185313, 0.411827
1.29388, 0.747634
-1.56056, -1.42477
-0.432608, 0.587938
0.390241, -1.51553
1.52029, 1.51887
0.0484243, 0.537902
0.542025, -0.473567
1.01932, -1.66161
-0.454072, 1.92663
-0.0481365, -0.625164
-0.316988, -1.69578
-1.36357, -1.61448
-1.2436, 0.705476
1.3381, -0.463575
1.37945, -0.490559
-0.942071, -0.33337
-0.136475, -0.00516507
-1.14078, 1.74417
1.31268, 1.18006
1.46357, -0.69878
-1.66622, -1.42943
0.542548, 0.554141
1.36711, -1.55798
-0.523073, 1.72938
-1.39311, 1.90559
-1.32564, 1.64014
-0.427064, 0.430949
-1.1991, 0.865142
1.60176, -0.682376
-0.362485, -1.37404
-1.70743, -1.71113
-0.203864, 1.19886
1.64655, -1.50116
1.15752, 0.621959
-1.54496, 1.71923
-0.505942, 0.383523
-0.488134, -0.576943
0.986072, -0.834398
-0.851176, 0.55824
-2.0456, -0.258203
1.55486, 0.400969
-0.518323, 0.402595
-0.661114, 1.40639
-0.432561, -1.62781
0.404983, -1.77175
-1.43012, 0.453144
1.18929, 0.481175
1.38063, -1.67802
-0.393386, 0.458267
-1.34542, 1.54522
-1.24745, -1.18817
0.366072, -0.368969
-0.323063, 0.721975
-1.31102, -0.544258
-0.359624, 1.36069
0.720375, -0.44569
-1.29924, 1.69964
-1.32943, 1.23172
0.669049, 0.947732
-1.11333, -1.32937
-0.234797, -1.33519
1.93117, -0.610144
-1.08774, -0.698646
-0.555614, 1.4306
-0.584136, 1.35997
1.4339, -1.66192
0.291053, 0.721117
0.188994, -1.13908
-0.74638, -0.694419
0.269547, 1.6462
-0.682742, -0.435781
1.74712, -1.4017
-1.13312, 1.45363
1.09657, -1.64754
1.45781, 0.660425
0.300349, -1.55583
1.21485, 1.50395
-1.51709, 0.271802
0.615335, 0.539244
0.586233, 0.690996
0.361823, -1.8189
1.53243, 1.38377
-0.318552, 1.18633
0.782119, -1.93618
-0.604251, -0.690742
0.13021, -1.20677
-0.511271, 1.4583
0.397894, -1.52626
-1.24458, 1.37346
-1.66619, 1.32222
-1.40375, -0.10104
0.500633, 1.19445
0.784466, 1.5154
-0.358126, 1.39046
1.53586, 1.46793
0.642798, 1.64103
-0.0303513, -1.34771
1.4438, 1.47747
-0.0514565, 0.535239
-0.388946, -1.1942
1.88602, 1.21427
0.4431, -1.68033
1.34219, -0.528925
-0.554705, 2.1204
-1.51117, 0.794633
0.26602, -0.541099
1.96394, -1.36843
1.8331, 1.5063
-0.0847064, 1.56547
0.375358, -0.337163
0.62897, -0.455741
-1.52802, 1.39276
0.976377, 0.417043
0.351793, 0.628889
-1.18211, -1.42723
-1.29069, -1.45923
-0.964179, -1.62519
-0.313944, -1.00317
-0.413915, 1.43284
-1.51956, -1.41727
-1.81275, -1.47297
1.37651, 1.16975
1.64227, 0.364218
-1.59537, 1.64335
1.75895, -1.26949
-1.59218, 1.4607
1.80524, 0.522269
1.35803, 0.497604
-2.15047, 0.526966
-0.4719, -1.00552
-1.29522, 0.893599
-0.289584, 0.791783
0.987648, -0.588245
-1.75868, -0.134772
-1.70659, -1.49432
1.69263, -1.35905
-1.38119, -0.323124
-1.27918, 1.30005
-1.53547, 0.625668
0.478417, 0.725939
-1.15297, 0.101752
1.52165, 0.988791
1.84705, 1.37551
0.712976, -1.22326
-0.28562, 0.399869
1.55686, 1.54666
1.68416, 0.822884
0.833758, 0.82517
1.2183, 1.16211
-1.96944, -0.756748
-1.8287, -0.589784
0.943976, -0.597144
-0.440273, -0.281306
-1.39423, -0.482046
-1.81517, 1.60381
1.77303, 0.755331
0.706583, -0.313903
-1.18608, -1.6329
0.90846, -1.87291
1.66974, -1.35038
0.257737, 0.773261
0.545781, -1.82959
-0.433365, 0.549508
0.293106, -1.54245
1.42203, 0.607704
-1.20312, -0.439658
-2.00111, -1.43016
-1.16911, 1.67695
-1.58591, -0.471903
-0.347069, 1.28958
-0.845131, -1.54367
0.330092, -0.358507
1.66434, 1.31217
-0.557553, -1.75441
-1.35967, 0.888392
1.84045, 2.1173
2.03806, -0.0240773
-0.367824, -0.493191
0.0421759, -1.62187
0.517858, -1.73707
0.527014, 0.856751
0.549529, 1.78995
1.41927, 0.660373
0.168501, 1.14223
1.64252, -0.701377
0.0226439, 0.38646
-0.312491, -0.532154
0.526282, 0.343696
-0.396902, -1.37045
0.614997, 1.12073
0.596556, 1.33774
0.0796313, -0.902139
-0.309921, -0.517362
-0.224647, 0.166417
1.48799, 0.816802
0.574897, -1.08199
0.236735, -0.0719919
0.827341, 1.46444
0.622361, -1.39819
0.715115, -0.573094
1.53142, 1.47857
-0.799197, -1.3106
-1.23141, -0.452873
-0.76954, 0.541617
1.649, 1.35128
-0.752614, -1.16127
-1.39934, -0.23837
1.31257, -0.549258
1.37807, -0.709742
-0.641176, -1.8002
-1.41294, 1.55472
-1.46593, -1.65682
-1.92887, 0.439336
1.86356, 0.689616
-0.315425, 1.63417
0.80283, -0.187765
-1.60906, 1.62481
-0.372261, 0.585758
0.73937, -0.52754
1.74432, 1.34358
1.67028, -1.59049
-1.43845, 0.285681
0.52563, -1.60003
1.34605, 1.74057
0.192552, 1.46118
0.945703, 1.0707
-0.0717179, 0.401185
0.393143, 1.37017
1.68042, 0.25137
-2.0151, -1.34705
1.21029, 0.619807
-1.37965, -0.33061
-0.396884, -0.0953297
-1.34247, -1.37919
-1.35783, -0.313898
-0.381313, 1.54695
-0.993533, -1.33922
-0.625182, 0.669008
-0.416021, 1.55472
0.401061, 1.36869
0.767019, -0.757786
-1.4471, 0.433625
1.11209, 0.638404
1.34054, -0.60288
0.152996, 1.24842
1.21085, -0.471458
-1.3066, 0.879615
-1.38822, 1.26818
-0.617984, 0.473547
-1.36912, 0.407555
1.6577, -0.298124
0.660548, 1.68968
-0.767886, 0.399264
-1.43693, 1.51026
-1.57415, -0.569465
0.576561, -1.64466
-1.73748, -1.51154
-0.494974, 0.397515
-1.42403, -0.871842
0.228537, 0.787177
-1.48772, -1.35274
1.82741, 2.12276
1.50511, 1.31594
0.213595, 1.2384
-0.376387, -1.77212
-0.699141, -0.650129
1.70311, -0.154108
-0.141765, -0.368933
-0.503675, 0.526346
0.730168, 1.36754
0.484665, 1.18558
0.843901, -0.729634
-1.1618, -0.262037
1.5211, -1.42502
-0.0335931, -0.700852
1.29065, 1.56689
-1.35944, 0.470459
1.10887, 0.0302383
-1.11158, 0.535799
0.716408, -0.73281
1.45681, 0.596436
-0.16783, 0.415176
-0.313409, 0.67717
1.48647, 1.30098
1.77195, -0.983172
-1.6424, 1.04116
-0.55172, 0.415227
-0.548882, 0.383393
1.42157, 2.29788
1.601, -1.81969
-1.00302, -1.25112
1.54428, 0.257194
-0.617008, 1.84223
-1.77782, 1.59016
-0.0134975, 0.837278
-0.787592, -0.705555
0.0534301, 0.617418
0.310746, 0.323836
-0.728134, -0.563593
-0.801519, 1.48773
-0.70975, 0.170937
0.381569, -0.879211
-0.572717, -1.29263
-1.39166, 2.07074
-1.61388, 0.649556
-2.06035, 1.67651
-1.46212, -1.24779
-1.50759, 1.52763
0.839952, -1.75126
1.49455, -1.26542
0.787021, 1.40911
0.0452985, 1.6311
1.31458, 0.182978
-0.746439, -1.78824
1.08282, 0.11619
-0.393893, 1.32665
0.56928, 1.81849
-1.67809, -0.156452
1.37064, -1.59365
1.51795, -0.442718
-0.740308, 1.25119
1.51255, 0.403633
1.44081, -1.44384
0.105721, -0.310909
-2.25039, 0.610802
0.0117666, -0.186032
0.0853827, -2.06576
-1.69535, 0.679685
-1.93166, -0.572994
-0.841349, -0.0534342
1.25188, 1.71592
-0.453176, -1.61064
-0.514498, -1.60022
1.29536, -1.50573
1.94513, 0.338039
0.450929, 1.82285
-0.329693, -1.48073
-0.23984, -0.00833467
0.334407, -0.78984
1.45533, 0.722994
-1.52765, 0.658563
1.65156, 1.66883
1.14545, 1.30394
1.17011, -1.53311
1.4878, -0.526616
-1.56257, -1.74945
1.43294, -0.471271
1.43598, -1.4825
-1.68393, -1.45268
1.0654, 1.4908
-0.739853, -0.40423
-0.0604072, -1.68769
1.60013, 1.65686
1.34647, 0.559528
1.74675, 1.80516
-0.768383, 1.25447
0.683265, 0.041607
1.90515, -0.137381
-1.55295, -0.207195
0.352562, -1.46045
1.42373, 0.429008
-1.53792, 0.631975
1.75074, 0.597418
-0.687411, 1.12394
0.169771, 0.360214
-0.314614, -0.391875
-0.0991571, -0.184668
-1.12386, -0.684212
-1.63592, -0.269074
-0.534499, 2.02004
0.894538, -1.60514
1.68238, -0.831969
1.72096, 1.17117
0.172551, 1.78599
1.86824, 0.479624
-0.14908, 0.526559
0.586454, 0.843989
-1.89113, 1.10248
0.805302, -0.746513
0.506773, 1.75077
-1.201, 1.72637
-0.0691081, -0.843476
-1.49602, 1.38146
1.78459, -0.598914
-0.449621, 0.466895
-0.225565, 1.6108
-1.40334, -1.43372
1.38882, -1.52417
-1.25066, 0.25938
-1.67697, -1.75939
0.336973, -0.480894
0.455198, 1.31142
0.611278, 1.6022
0.876107, 1.4531
-0.531341, -0.794385
-1.6482, -0.392899
1.37077, -1.27485
1.43648, 0.211755
-0.729076, 0.305058
1.45144, -1.73082
1.50106, -0.593649
-1.2303, -1.44693
-0.573369, 0.608696
-1.64493, 0.0434978
-0.542083, -1.80765
-0.398386, -0.0650604
-0.495501, 0.428168
-0.289646, 0.20823
0.589991, 1.78782
-0.905278, -1.46811
0.185718, -1.75287
-0.668276, -2.04047
-1.44602, -1.40225
0.552409, 0.555518
-0.724651, -1.51845
0.480598, -1.406
0.167356, -1.41941
0.220138, -1.00444
0.518853, 1.35225
-1.80596, -0.51176
-1.04585, -0.775279
-0.633717, 0.70855
0.221646, -0.344682
-1.53618, 0.560556
1.52945, -0.723229
0.512272, 1.29629
-1.50894, -1.1781
1.46032, -1.39955
0.759282, -0.427449
0.955146, 1.75582
-0.408813, -0.27936
0.481984, -1.16505
-1.75712, 1.61567
-0.225722, 1.47236
-0.411803, -1.6912
-1.26937, 1.60714
-0.82567, -1.61168
0.532174, -0.0441048
1.54087, -1.5696
-1.03186, 1.23531
1.47559, 1.49066
-1.46568, 1.20995
0.0695213, -1.37897
0.755072, 0.362843
1.6602, 0.690735
0.594991, 0.3828
1.78842, -1.6105
1.88404, -1.46287
1.71123, 1.36736
1.25858, 0.612695
-1.75666, 0.372178
-0.627008, 1.94129
-1.39385, 1.52431
-0.647299, 1.48364
0.594457, 0.549032
-1.33547, 1.73836
1.73229, -1.70499
0.58724, -0.760639
-1.42881, 0.365312
-0.196561, -1.26645
-0.956295, -1.49313
0.9084, 0.370092
-1.57751, 1.56019
0.917242, -0.430129
0.481305, 0.301113
-0.608055, 0.235598
-1.53254, -1.76355
1.71032, -0.458214
-1.14909, -0.285308
-1.25452, -0.602712
0.36583, 1.8644
1.22562, 1.74715
-0.512329, -0.327872
0.42693, -1.45123
0.683199, 1.79593
0.39271, -1.60447
0.421281, 1.29158
1.13272, -1.84165
-0.211894, -1.26529
0.686263, 1.4361
-1.58649, 0.813724
0.379962, -0.41786
0.348357, 1.69127
0.211, -0.50525
-1.64305, 1.22856
0.290388, 0.20758
-1.44551, -0.0672872
0.109588, 1.32004
1.50575, -1.70526
-1.38222, -1.63286
-0.427599, -1.60258
-0.465843, 0.328401
1.51523, 0.555687
1.68311, 1.63149
1.47089, 0.46037
-0.340774, -1.44057
0.84381, -0.518803
-0.21634, 1.2388
1.20408, -0.73151
-1.30973, 0.624634
0.367137, 0.98971
1.44677, 1.7514
1.02683, -0.401341
0.410837, -0.290635
-1.15275, 1.34316
-1.37334, -0.495279
-1.69452, -0.77217
-1.63588, 0.625057
1.15071, 1.85589
-0.468647, 0.509169
-0.584685, -0.542985
-0.249742, -0.436806
-0.630871, -1.43391
0.731674, -1.71891
1.35118, -1.31796
1.74135, 1.50359
-0.501263, 1.71576
1.86872, 0.511056
0.766659, 1.25505
-1.46216, 1.73217
0.699689, -2.00284
-1.22607, -1.67828
1.87549, -0.63694
-0.465034, -0.551083
-0.469244, -0.772042
-1.47339, -0.438635
1.38158, -0.508659
0.517405, -1.4239
1.32408, 1.65134
0.157959, 0.90424
-0.869572, 1.60939
1.32823, -1.56643
-0.694949, -0.513215
0.338879, 1.62012
-1.20083, 1.77332
1.02002, 0.678796
0.498436, 1.54612
1.49672, -0.654061
1.3485, 1.56733
1.49114, -1.41748
1.28522, -0.595048
-0.784612, 0.543426
-1.1369, 0.485765
0.602734, 1.68098
0.486825, 1.67504
0.914547, -1.42002
-1.576, -1.38254
-1.22877, 0.259183
0.532897, 1.36393
1.84267, 1.15467
0.73487, -1.85493
1.76576, -0.150291
1.49487, 1.62929
-1.64251, 0.125953
0.585084, 2.00237
-1.41896, -0.570983
1.9073, 1.56324
0.426939, 0.532212
1.62932, -0.612587
1.85221, 1.62967
-1.60863, 1.41322
-1.54827, 1.44638
1.33725, 1.7157
-0.288231, -0.459282
0.73582, -1.71503
1.90442, -0.666963
-0.718299, 1.58975
1.5241, 0.207135
0.248479, -0.43752
-1.8844, -1.1382
-0.316103, -0.470966
-1.54825, 0.553356
-0.462582, 1.71519
-0.893909, 1.70029
-0.504157, -0.987096
-0.295289, 1.89023
-1.54633, 0.841565
0.713135, -0.839488
1.33824, 0.509311
0.975544, -1.71764
0.56694, 1.59219
-0.232785, 1.76008
1.66432, -1.26626
0.755911, 1.53228
0.66874, 1.83556
1.76168, -0.55928
-1.30041, 1.29926
0.678356, -0.648497
-0.324912, -1.79097
0.722095, 0.920394
0.376726, 0.63136
-0.458708, 1.31752
-0.47165, 0.549525
-0.0207709, 0.427627
-0.244908, 1.26779
-0.792645, 1.61048
-1.5281, -1.29382
0.786681, 0.504291
-1.63445, -0.776171
1.88007, 0.272931
-0.308261, 1.44934
1.59031, 1.45656
0.688457, 0.601342
-0.735884, -1.24672
1.38488, 0.542576
-1.58426, 0.0900134
1.43861, 0.12761
-0.424157, -0.834509
1.31402, -1.3296
0.302926, -0.446433
-1.84839, -0.716438
-1.64454, 1.6263
0.959116, -0.874332
-1.10021, -1.67265
-0.37101, -1.24492
0.301795, -1.71949
1.81992, 0.854832
0.764916, -1.58995
0.335301, 0.484158
0.643062, -1.20909
-0.679094, -0.476249
-1.45221, 1.67481
-1.90146, 0.678398
-0.272045, -0.491918
1.53001, 1.40532
0.526419, 1.49126
1.45715, 0.631552
0.854766, 0.630038
-1.22143, -0.670563
-0.59887, -0.31788
1.07167, -0.301544
-1.4126, 1.75637
-1.07644, 1.77021
-0.198003, 0.436957
-0.552683, 1.47666
-0.352848, -0.818058
0.789385, 0.694778
-0.994125, 0.722472
-0.516339, -0.225682
-1.44046, 1.34985
0.916514, -1.66138
-1.70654, -1.50037
0.786931, 1.3381
1.50074, 1.40582
0.338262, 0.245665
-1.82824, 1.36676
-0.481261, 1.43369
-0.329237, 0.193918
-1.24111, 2.14122
-1.20362, 1.36275
1.49249, -1.43186
-1.49228, 1.65874
-0.485282, 0.604764
1.27783, 0.940467
1.43356, -0.214901
0.491986, -1.30243
1.29848, -1.05585
-1.45987, 1.80193
-1.77389, -0.670398
2.18189, 0.499905
-0.761239, -1.80401
-0.462437, -1.77536
-0.349076, -1.14388
0.772789, -1.16106
1.30091, -0.197466
-0.505972, -1.76546
0.611031, 1.62846
-1.06983, -1.58416
0.237657, -1.10478
-0.206575, 0.604656
0.477014, 0.864735
0.496221, 1.78304
-0.853148, -1.48798
-1.39966, 0.827356
-0.758639, 0.829047
0.475905, 0.367083
1.52366, 0.46088
1.77078, 1.37586
1.33343, 1.48514
0.590452, 1.27659
-0.89052, 1.8181
-1.37335, -0.440922
0.123425, -0.775454
-0.441332, -1.61609
-0.476922, -1.38399
0.308902, -0.633824
1.44968, -0.423696
-1.47833, -0.916308
-1.67042, 1.39086
0.731108, -1.84492
-0.499082, 1.51591
-0.74736, 1.7053
-0.629401, 1.35976
-1.55112, -0.412647
1.71828, 1.64426
0.676071, 1.46295
0.493366, -1.2577
0.567506, -1.25974
-0.808979, 0.514659
1.33192, 1.12993
1.51293, -0.634481
-0.647503, -1.7603
-1.3693, 0.767467
1.2912, -1.74598
1.11256, 0.361492
-0.626081, 0.636886
1.05889, -1.674
0.71767, 1.46439
-0.136772, -0.474493
-1.70323, 1.36137
1.48878, 1.44097
-0.267282, -1.42657
0.348227, 0.163438
0.691074, -1.28432
0.762216, 1.88237
0.478916, -1.85003
0.787569, 1.11629
-0.0351193, -1.60606
0.118723, -0.826944
-1.92324, -1.27019
1.85761, 0.4664
-0.149047, -0.332108
-1.44445, 0.522247
-1.36248, -0.719332
0.228455, 1.56102
1.70585, -0.716441
0.417452, -0.196566
1.50879, 1.54161
-0.624311, 1.3069
-1.48039, -0.970274
-0.822861, 1.73445
-0.721604, 1.23114
-0.000302477, -1.59107
-0.820494, 0.565108
0.630553, 0.603746
-0.672446, 0.332133
-1.61885, 0.706192
-1.34665, 0.407536
0.210275, 1.41784
1.3729, -1.32717
-1.25844, 1.34099
-0.149056, -1.60045
-0.956436, -1.52324
0.472292, 0.451256
-1.54461, -1.09665
-2.06053, -0.375369
-0.462974, -0.455869
0.693826, -1.91401
0.670496, -0.490041
-1.62357, -0.819537
-1.40798, -0.404487
-0.0405048, 1.59795
-0.40157, 1.29083
-0.861501, -1.58852
-1.69497, -1.79913
-0.269511, -1.508
-0.494089, -1.11079
1.26893, -0.865172
0.467885, -0.270874
1.94341, -0.808224
0.371023, 0.285958
1.74996, -0.751343
0.715395, 0.0389025
0.474556, 0.585899
-1.33606, -0.888619
-1.23163, -1.77111
-1.278, -0.786705
1.79441, 0.304979
0.204126, 1.37877
-0.266007, -0.393094
-1.23541, 1.33251
1.53491, 0.831242
-1.62818, -0.196705
-0.818604, 1.85943
-0.804382, 0.362628
-1.58709, 0.464427
-0.249853, 0.54771
-1.55991, 0.0760871
-0.83489, -0.0472303
-0.910904, 0.955495
-0.0145959, 0.610338
0.814073, -1.21447
-1.82495, -1.80281
0.401618, 0.51175
0.200011, -0.80153
0.481712, 1.4435
0.708791, 1.55837
-1.34066, 1.38486
0.37884, -1.91643
0.180494, 1.73249
-1.92703, -1.80935
0.354351, -0.64608
-0.48219, 0.121172
0.516705, -1.89275
-1.49102, 1.32648
-0.752511, 0.659617
0.628817, 1.29052
-0.63241, -0.371271
0.707357, -1.36799
1.41508, 0.669639
-1.73543, 0.419856
0.532358, -0.548698
-0.780125, -1.33772
0.273713, -0.523603
0.785925, -1.61674
1.1103, 1.73744
1.43214, 1.58195
0.374894, 1.74521
-0.117309, 0.560562
1.73997, 0.734055
1.37123, 1.20213
-1.87329, -0.192031
-0.435785, -0.815816
-1.32928, 0.775023
0.437533, 0.653018
-1.35631, -1.59602
-0.909139, -1.35532
0.739688, 1.59857
-1.45749, 0.509473
-0.662109, 0.317585
-1.11538, 0.145679
0.0169141, -1.52435
1.83351, 2.00984
0.937928, -1.2691
0.402466, 1.55429
0.607148, -1.20262
-1.15127, 1.44809
1.46171, 1.57603
1.4258, 0.844593
0.0610916, 1.49727
-0.409909, -1.63201
-1.671, -1.27193
1.54115, 0.655404
-0.903028, 1.37068
-0.371411, 1.47098
1.63492, 1.70243
-0.436776, -1.3733
1.61162, -0.56644
-1.4209, 0.82649
0.45246, 0.798177
-1.77294, 1.68579
1.36536, -1.58444
1.61572, -0.331782
-1.11587, 0.119529
-1.82169, 1.57413
-0.381414, 1.3748
0.600099, 0.408515
-0.643489, -0.561276
0.988627, -1.33357
-1.69644, -0.368289
1.4701, 1.63291
0.770703, 0.659854
0.265643, 0.672736
1.51599, 1.55317
0.814108, 1.41011
0.281936, -1.69601
-0.68952, 0.511945
0.443003, -1.47944
1.70989, -1.3535
-1.81741, -0.778229
0.364662, -1.34155
-1.47168, 0.57892
-0.994456, 0.376675
0.424433, -0.751006
-1.66049, -1.50897
-0.567487, 0.142724
1.08108, -1.66434
0.638669, 1.10549
0.1238, 1.25023
-1.35116, 0.474285
0.602915, 0.698822
1.10133, -0.764232
-0.124185, -1.32247
-1.53281, -1.54369
-1.58604, -1.56036
-1.48457, 0.643239
1.36066, 1.68125
-1.62354, 0.578634
0.641353, -1.67421
0.441181, -0.723275
-1.35119, -1.72426
-0.70851, 1.10568
-0.66901, -1.32046
-0.547642, 1.53105
1.11505, -1.83902
-0.639849, 0.104901
1.71455, 0.856713
-0.339431, 0.00839802
0.270528, -0.129132
-0.320221, -1.74152
-0.398098, -1.25338
-0.419955, -0.734733
1.15247, -1.76875
0.152249, 1.81634
0.446941, 1.5143
-0.540573, 1.78171
0.654124, 1.25654
-0.622517, -1.36927
-0.549327, -1.62995
1.35424, -0.482374
-0.725844, -0.441944
-0.592942, 1.36937
-0.57802, 1.18843
1.29247, -0.970477
-0.249404, 0.239946
-1.79785, 0.820291
1.20371, -0.482561
-0.293331, 0.315851
0.623243, -0.422515
-0.308267, 0.225679
-1.77193, -0.212216
-0.454291, 1.06308
-1.45229, 0.89548
-1.05177, -1.27155
1.68603, -0.208398
0.228756, 1.76475
-1.40635, 1.43343
-1.30241, -0.66545
0.541318, -0.819688
1.59545, -1.41486
-2.13512, -1.37577
-1.70726, 0.271903
-1.14078, -1.47428
-0.519382, -0.0268385
-0.706685, 1.38421
-1.47728, -0.837078
0.538973, -0.172764
1.33798, -0.508549
-1.65763, 1.69809
1.07974, -0.119486
-0.671047, 1.04796
-1.26669, -1.43347
-0.711196, -0.348813
1.64758, -1.74385
-1.05421, -1.74192
-1.14952, -1.47915
1.35328, -0.194155
-0.635401, 0.664038
-1.42793, 0.252424
-0.698945, -1.21252
0.366579, -0.346444
0.0223692, 0.322909
0.296912, -1.60397
-1.21749, 0.293063
0.785524, 1.37021
1.69702, 1.45725
1.61543, 1.66726
1.09458, -0.310432
1.53226, 0.459211
-0.319973, 1.01645
0.602222, -1.63836
0.527647, -1.41591
-0.700885, 1.37504
-1.4659, -1.68632
-1.10983, -0.181849
0.683124, 0.303327
0.112993, -0.209504
1.14968, 1.65543
-0.604877, 0.502401
0.659176, 1.15308
-0.471642, -1.74378
-0.607684, 0.599865
-0.179565, -1.34815
-0.622795, 1.40633
-1.80722, 0.421013
1.64386, 1.4822
-1.38173, -0.943202
1.79294, 0.139852
1.26649, -0.823907
-0.717817, 1.70987
0.724526, -0.509652
1.13631, 1.46901
1.51001, 0.479946
-0.662503, 0.388593
-1.53576, -0.339716
-1.44779, 0.544345
0.764258, 1.36848
-0.773329, 1.28213
-0.0789595, 0.538928
-1.79108, 0.249722
-0.436437, -1.48266
-0.639561, -1.92182
1.69785, 1.40637
1.61654, -0.368776
1.55597, 1.59209
1.37111, 1.79403
-1.94436, 0.940122
-1.47863, 1.74023
-1.23061, -0.922114
1.17506, -1.97963
-0.0395897, 0.0861088
0.537402, -0.481147
-1.6034, 0.52477
-1.4726, -0.301004
-1.16318, -0.41358
-1.24487, 1.02429
1.44134, -0.859466
-1.77222, -1.62772
-1.74733, -1.33145
0.699606, -1.81231
0.511329, 0.438346
-1.12065, -0.456224
1.41555, -0.81478
1.88812, 1.43118
1.88081, 1.71056
0.412803, -1.51778
1.28729, -1.47085
-0.460029, -0.87295
-1.33684, -0.453681
-0.330386, -0.351233
1.07688, 1.37989
1.43936, 0.0154829
-0.387876, -0.810644
-0.434688, -0.82064
-1.73843, 1.26018
-0.335838, 1.6252
0.167739, -0.406943
-1.37677, -0.413718
-1.41836, 1.59971
1.46864, 0.111262
-1.09298, -0.27342
1.69131, -0.00324904
-1.3082, 0.419681
-0.0209109, 1.34105
0.807044, -0.390491
0.804886, 1.05311
-0.680452, -1.86905
0.641836, 1.95819
-1.6178, 1.59359
0.782777, 1.81335
-1.60224, -1.32957
-1.38086, 0.815832
1.68206, 0.459347
-1.41403, -0.465007
-1.05844, -1.82444
1.84667, -0.413447
1.90331, 1.6916
-1.98033, -0.835826
0.560865, -1.09095
-0.0856845, 0.927336
-1.38312, 1.56403
1.30237, 1.3279
-1.38566, 1.00512
-1.71446, 0.667916
1.64553, 0.802064
0.0635068, -0.511246
0.361203, -0.887122
-1.86933, -0.527772
-1.29123, -1.44529
-0.9609, 0.82676
-1.37737, -0.461066
1.79372, -0.383065
-0.476981, -0.386723
1.45652, -0.494961
-1.22108, 1.37792
-1.82223, -0.75894
1.37812, -0.198332
0.496396, -1.59561
1.69526, 0.831922
1.76006, 1.57072
-0.238179, 1.45115
1.58221, 0.780861
1.40483, 0.349709
-1.77247, -0.395769
-1.8449, -0.463045
-1.63454, 1.81524
1.51424, 0.0679906
-1.36913, 0.877422
-0.804597, -1.60123
0.539423, -0.140179
0.388935, -0.826216
1.47101, -0.635713
0.349912, -1.75329
0.622923, 0.602947
0.318086, 0.713693
-0.0526537, -1.74423
-0.501304, 1.56642
-0.666148, 1.30611
1.39927, -1.30824
-0.211686, -0.141328
-0.356082, 0.640503
0.0170269, -0.17892
-1.26978, 1.31441
-1.07176, 1.62569
0.720442, -1.58921
0.639174, -1.71334
-1.27633, -1.63768
1.95172, 1.6029
-1.54314, 0.500105
-0.660204, 0.743134
-1.41436, 1.64449
1.81127, 1.43287
-0.256384, -0.328397
1.62344, -0.124487
-0.314393, -0.567474
1.22381, 1.22645
-0.668521, -1.59893
-0.0710609, 1.46574
-1.66858, 1.62268
1.2095, 0.201508
-1.24413, 1.25773
-0.154331, 1.22997
-1.53702, -1.36853
-0.926496, 0.491586
-1.5571, 0.349226
-1.42371, 1.47592
-1.4522, -1.50728
1.52501, 0.388952
-0.442899, 0.592777
-1.34748, -0.467919
0.786063, -0.899438
-1.62192, 0.828135
1.44732, 0.537376
0.318295, -0.800643
0.528634, -1.37569
-1.50586, 1.13221
-1.39059, 1.44885
0.0113373, -1.39152
0.556736, 1.61799
-0.615973, -1.22109
1.86097, -0.332576
-0.861955, -1.2689
0.390629, 1.12884
0.361746, 1.30712
0.488779, 0.252021
0.222572, -1.65455
-0.69542, 1.44215
-0.452552, 0.117133
-1.19175, -0.219971
1.74464, 1.24351
-0.551385, 1.34116
1.48982, 1.0447
-0.96948, -1.20006
1.83398, 0.550381
-0.850517, -0.410041
-1.74589, -1.47126
-1.23573, -1.31054
-0.427287, -1.44501
0.532304, 1.40961
-0.131234, 1.6124
-1.27654, -0.484855
-0.455894, -1.32541
0.43889, 1.2795
-1.88073, -0.650332
1.76395, 1.44225
1.38609, 1.44641
0.650726, 0.724601
1.23498, -1.6364
-1.34024, -0.902951
0.599017, -1.56857
0.561478, -1.2117
-1.50265, 2.21555
-1.06529, -0.777979
-1.82545, 0.735474
0.711648, -0.686461
-1.44715, -1.14354
-1.77502, -0.662833
0.631692, -0.367293
0.60767, 0.211391
0.354756, -1.62021
0.277397, -2.00749
-1.63935, -0.528116
0.572865, 0.267235
0.247101, -0.894577
-0.446777, 1.97062
-1.70962, -1.37005
-1.45662, 1.82773
0.429798, 1.72029
-1.31261, -1.55068
0.683135, 1.7965
-0.403391, 0.195098
1.50268, -0.523572
-0.940931, -0.885685
-0.341606, -0.671446
1.72085, -0.812297
-0.483628, -0.179558
-0.794201, 1.72011
1.17686, -1.79569
0.272394, 1.5417
-0.970557, -0.601675
0.311735, -1.68677
0.817132, 0.709372
1.62055, 1.5118
1.71927, 0.536887
1.62469, 0.649748
1.55837, -0.657343
-1.56404, 1.74756
1.13071, -0.640877
1.12386, -1.80233
1.61623, 1.38822
-1.09998, -1.50081
-1.33409, -0.509585
1.36451, -1.42277
1.07576, 1.2825
-1.40292, 1.66785
-0.146235, 1.31121
-0.346298, -1.89127
-0.586245, 0.528323
1.78595, -1.59577
1.21382, -1.4958
-1.46733, 0.355664
0.698946, 1.45917
-1.60586, 0.439248
0.402242, -1.1135
1.02254, 0.08817
0.694082, 1.29423
0.433835, -0.623145
1.1056, -1.31607
0.919694, 0.380392
0.415269, -0.311177
0.799703, -0.381764
1.4327, 0.551549
1.40065, -1.66394
0.242282, -0.429314
-0.654487, 1.44021
-1.63389, -0.386861
1.71964, -0.387972
-1.30813, -0.292164
-0.151577, -0.373416
0.641646, -0.738069
1.6627, 0.742206
-1.14077, -0.771263
-1.96298, 0.147417
0.535549, -0.880158
-0.381337, 1.80143
-1.36544, 1.60433
-0.587178, -0.348257
0.586002, -1.49537
0.338792, -0.590793
1.40369, -1.74596
1.23185, 0.640402
-0.4802, -1.42283
-0.510099, -0.864088
0.372824, 1.18824
-1.6524, -0.838201
0.450956, 0.156683
0.738628, -0.440368
0.634969, 1.26899
1.73779, -1.40464
1.42833, -1.28304
1.91643, -0.444919
1.56986, 0.564197
-1.09914, -1.35159
-0.43976, 1.86926
-0.449631, -0.14177
0.786115, -1.75432
0.667385, -1.35854
0.712727, -1.55089
-0.639441, -0.830654
-1.86778, 1.38336
0.438065, 1.53402
-1.59112, -1.81152
0.357882, -1.77307
0.364774, 1.34903
1.19614, -1.03951
1.45914, -1.25227
0.431563, 1.57641
-1.84586, -0.367547
-0.775777, 0.457922
0.74878, 0.25911
0.45205, 1.40718
-1.5748, 1.39976
0.392986, 0.772966
0.22301, -0.338839
1.46086, 1.49656
-0.887139, 0.63786
-1.44941, -0.690306
-1.33795, -1.00621
-0.0941354, 1.32518
-0.309978, 0.562564
1.7548, 1.18034
1.4509, 0.297882
1.45849, -1.2318
0.440374, 0.331013
0.68767, -0.82959
0.750096, -0.113308
2.03908, -0.221024
1.06871, 1.46919
-1.68539, 0.885786
-1.22696, -1.74668
1.61736, 0.592958
1.32674, 1.75165
0.311302, 1.67229
1.7887, 0.539719
-1.33116, -0.468976
0.0839782, -0.269949
1.3922, -1.19072
1.89087, 1.24689
1.62213, 0.53799
1.86823, 1.1383
1.58402, -0.766023
-0.352002, 1.57102
-1.50292, 1.49765
1.05633, -0.837483
0.239377, -0.815305
0.219535, 0.730002
0.732474, 0.795974
0.984709, -0.265251
-0.386444, -1.79542
1.14667, 0.624455
0.357323, -0.619636
1.15483, -1.10555
-1.16386, 0.425734
-1.5003, -0.602556
1.63433, -0.594393
-1.86821, 1.21335
-1.22605, 1.46763
0.560397, -1.84875
-1.69356, 1.40607
1.15106, -1.28933
0.681013, -0.296343
-1.58702, -1.61758
1.53804, -0.449718
1.26067, -1.45426
1.97292, -1.61744
-1.71701, -0.378744
1.51987, -1.20388
0.519482, -0.202322
-0.643407, 1.86957
1.70257, 1.63756
-0.739873, 0.528037
1.27135, 1.56046
-0.707378, -0.455227
-1.56275, 1.36919
1.32417, -1.67742
1.825, -0.604448
-0.370868, 1.04658
-0.771816, -2.02029
-0.499827, 0.803638
0.600427, 1.33895
1.85633, -1.66727
0.733547, -0.474912
0.80216, 1.41003
-1.62294, 0.744342
-1.62896, 0.68515
-1.33177, -0.500386
0.235081, 1.43083
1.59461, -0.471216
0.464399, -1.79808
-1.71447, -1.80747
1.69206, 0.425034
0.525997, 1.29506
0.368838, -0.481389
0.454194, -1.39307
0.678516, -0.470317
0.440049, -0.380601
-0.0704973, -0.126463
1.41429, -0.514034
1.36084, 0.253929
-0.556479, -0.907457
-1.29873, -1.63001
-1.2062, -0.630239
0.47151, -2.08092
-0.184554, -1.70302
-1.59999, 0.437555
-1.06267, 1.93404
1.55105, -0.755451
-1.82204, 1.19267
-0.573949, -0.710003
-1.78205, -0.323928
1.70105, -0.578211
1.40787, 1.43196
1.43464, 0.35373
1.31664, 1.81102
0.4051, -0.464969
1.29124, 0.601123
-0.530375, 0.480373
0.894688, -0.71784
-1.45683, 1.31388
-0.620645, -1.32568
0.599082, -1.12964
-0.714483, -1.72022
1.10726, -0.449928
-1.89155, 0.383643
0.549046, 0.23655
1.51848, 0.893385
-0.408148, -1.40312
-0.609111, 0.388214
-0.284429, -1.78214
-0.415741, -0.338766
0.230654, 0.523343
-1.43036, 1.44423
0.65549, 0.434289
-1.56691, 0.323563
1.49669, 1.4841
1.99708, -1.60587
1.73291, 1.34036
0.246484, -1.33515
-0.547469, 1.50992
1.64817, -0.607447
1.67214, -1.43353
-1.32238, 0.629457
0.548761, -1.30389
-1.53361, 1.39815
0.455886, 1.32989
-0.591851, -0.563353
-1.28948, -1.41241
1.32904, -0.944398
-1.49987, -1.2049
-0.299005, 0.478149
0.515332, -1.86794
-0.859761, -0.574369
-1.4241, 1.76616
0.44998, 1.16266
-0.345382, -1.91644
0.389399, 1.57119
1.84942, 1.50219
-1.82894, -1.89722
1.32926, -1.66771
-1.83853, 1.91901
0.0503994, 0.139829
1.48763, 1.80743
2.178, -0.713906
-1.87319, 0.341692
-0.536275, 0.191847
-0.330599, -1.67516
-1.2709, -1.82211
1.40874, 0.45804
-0.754109, 1.88646
-1.41047, -0.555847
0.594248, -1.49748
-0.661185, -1.56559
1.4996, 1.4422
-0.763955, 1.3111
1.12092, 0.255025
-1.38493, -0.711575
-1.67251, -0.50622
0.133959, 1.15747
-1.73645, 2.31134
0.740214, 0.460863
0.563327, -0.677531
0.212942, 0.540944
-1.57859, -0.419246
-0.294475, 0.629005
-0.689393, 1.49406
-0.71862, -0.487297
-0.804005, -0.207226
0.540945, 1.2521
1.21184, -1.34686
1.554, -0.778714
0.150484, -0.436651
1.33089, -1.78828
1.74989, -1.52012
-0.760202, -1.6676
-1.83746, 0.629246
1.69071, 0.30498
-1.51779, -1.37194
1.48248, -0.776961
-0.240015, 0.193418
-1.60028, 0.321627
1.37382, 1.78929
-0.422532, 0.907296
-0.270337, 0.592622
0.487255, -0.0264795
-0.6128, 1.60654
-1.5907, 0.510855
1.51837, 0.278193
-0.440626, -0.110424
-0.527184, -0.432631
0.855573, -0.785862
-1.65914, -1.69156
-1.17324, 0.635871
1.0347, 0.552871
2.09052, -1.51954
1.09631, 0.562927
1.48121, 0.85502
1.51029, -0.338724
-1.27194, 1.62023
-0.0648281, 0.219391
-0.619551, -0.56019
0.397172, -1.48555
-1.51273, 0.605734
-0.665975, 0.705518
1.43289, -0.392645
0.579874, 0.321319
0.741569, 1.98281
1.60929, -1.23817
-1.17972, -0.0815909
-1.35762, -1.35667
-1.00992, -1.17911
-0.432165, 0.661709
0.0291851, -1.39053
-1.55035, -0.82584
-0.452371, 1.79438
-0.657225, 0.518896
0.0879425, -1.33856
0.618928, -0.148273
1.62181, 0.618532
2.25973, -0.534726
-0.636636, -1.49437
-0.475014, -1.16003
-0.386371, 1.64483
-0.764559, -0.37527
-0.459648, 0.206801
1.50406, 0.787679
-0.650655, 1.74013
-0.458858, -1.27608
-1.93427, -1.51511
-1.84784, 0.31311
-1.26832, -1.44982
-1.73732, 0.945069
0.0471943, -1.45561
1.38111, -0.646683
0.234949, 0.326301
-1.6508, -0.0697141
1.8808, -1.32767
1.26138, 0.415284
-1.46259, -1.56021
-1.32939, 1.18079
-0.295284, -1.00362
0.491537, -1.72384
-1.42053, 0.688424
0.926118, -0.674317
-2.15437, 0.382024
1.23332, -2.28383
-1.92415, -1.64753
1.8924, -1.51344
-0.378172, -1.79631
2.08818, 0.981553
1.67434, 0.322141
1.35536, 1.75651
-1.4554, 0.986652
1.41034, -1.6436
-1.66557, -1.18193
2.1511, 0.843299
0.524287, 1.28893
1.83697, 0.963412
-0.167122, -1.35314
-0.728698, -1.56932
1.33367, 0.26506
0.300941, 0.087491
-0.720289, -0.432966
1.81495, 1.0446
-0.204818, -0.86237
-0.527197, -1.10449
1.21677, 0.899563
0.327801, 0.142091
-0.451076, 0.816783
0.318526, 1.54925
-0.619836, 0.223769
0.663666, 1.80084
-0.805112, 0.219355
-0.113583, -1.49637
-0.485867, -0.537931
1.54244, -1.68556
-1.19027, -0.821927
1.75577, 0.866943
-0.798247, -1.77132
1.23353, 0.405537
0.970656, -0.540613
-0.456535, 1.83188
1.65968, 0.916412
0.610075, -1.71161
1.33126, -0.803292
-1.30054, 0.391021
-0.0933636, 1.09486
-0.57887, 0.0588142
1.78587, -1.36818
1.90414, 1.97103
0.786798, -1.31036
-0.550739, 0.405316
-1.67292, 0.111444
-0.629854, -1.32677
1.20187, -0.895426
1.38311, -0.449824
1.50638, -1.06089
1.46039, 1.62939
0.537929, -1.46246
-1.59773, -0.574081
0.663017, -2.3768
1.52947, 1.3283
-1.23535, 0.568247
-1.13971, 1.68003
0.538092, 0.986766
1.71997, 1.53506
-0.660011, 0.464996
1.61631, -1.26749
-0.417719, -0.458168
-0.396854, -0.648848
1.6591, 1.56426
1.25284, -0.601051
-1.58596, -0.879625
0.484654, 0.448504
-0.0309418, 1.45646
0.304604, 0.269653
-0.334966, 0.32356
-0.542085, -1.47366
-1.54118, 1.46241
-1.19137, 1.53913
0.543049, -0.578894
0.760123, -0.761991
-0.199731, 1.30105
1.47153, 0.354334
-1.35718, 0.806231
-1.22478, 0.30437
-0.334239, 0.170154
0.662034, 0.759665
0.41469, -0.829496
-0.449671, -1.49932
1.58322, -0.462802
-1.91164, 1.63628
-1.70287, -1.49591
0.476026, -0.441627
-0.548329, 0.694234
-0.924668, 0.771573
0.659802, 1.30048
0.389601, 1.62805
-1.94025, -0.641671
-0.548645, 1.92161
0.680015, 1.87648
-1.00039, 1.34053
-1.77625, 0.480043
-0.829773, -1.31485
-0.302665, 0.432679
0.657075, 0.165127
0.574122, 1.70497
-0.563488, 1.37223
-1.24857, -0.804609
1.92336, -1.91339
-1.31078, -1.63272
1.11856, -1.55169
-0.552139, -1.45068
0.369648, -1.32829
1.70413, 0.407069
-1.39493, 0.726455
1.45816, -0.541184
1.42421, 1.54672
-0.496797, 0.360082
-0.485853, -0.884937
0.303857, -0.00775133
-0.791076, -1.47651
-1.77775, -1.44947
-1.58173, -1.68117
0.593993, -1.40867
-0.929998, 0.517025
-1.51519, 1.34489
-0.405118, 0.742697
-0.72972, -0.10632
1.62395, -1.6035
1.34699, 0.604566
-1.6397, -0.51297
-0.221147, -1.39521
1.30707, -1.53678
1.528, 0.681497
-1.33408, 2.08519
-0.610887, -0.118929
0.430747, -0.782057
-0.505522, 0.0100761
-1.56014, -0.643061
-0.28737, -1.39646
1.53932, -1.69572
1.53098, 1.4205
1.2454, -1.17403
-1.26038, -0.360106
-1.61789, 0.636889
-0.717415, -1.46232
-0.674564, 1.32387
0.642954, -1.00245
0.518056, -0.226519
1.00247, 0.434991
1.53236, 0.658203
-0.594479, -0.0797532
-0.0979332, -0.140863
-0.13835, -1.75146
0.580995, -2.12613
-1.26968, -0.533182
-1.69104, -0.61135
1.5742, 1.56495
0.26095, 2.09268
-0.342426, -1.62729
0.304239, -1.8147
0.8368, -1.20872
1.49505, 1.5001
-1.24118, -0.598793
1.88751, 0.399584
1.31172, 1.37237
-1.70668, 0.735308
0.846829, 0.57712
-1.58263, -1.19934
0.876664, -1.12671
-1.3865, 0.506894
-1.19707, 0.667774
-0.137187, -1.29543
-0.175093, -1.90054
0.424561, -0.518664
-0.51729, -1.29478
-0.909351, 0.215174
0.432191, 1.34209
1.5647, 0.586407
1.81752, 0.763198
-1.80993, -1.29738
1.11264, 0.742151
0.429761, -0.172939
-0.146758, 0.320212
1.50497, -1.66957
1.32035, -0.59118
1.54041, 1.67919
-1.2401, -1.50155
1.43912, -1.59683
1.59559, -1.61305
-0.920144, -0.602199
-0.662064, 1.31542
-1.14847, 1.45739
-0.251258, 0.766194
1.55204, 1.12682
0.722327, 0.946068
-1.88282, -1.06586
-1.61749, -0.221979
0.679321, -1.5371
0.709483, -0.58094
-1.85956, -1.66928
0.933392, -1.54717
0.681734, 1.36898
-0.476936, -0.167219
-1.09995, -0.67136
-0.260885, -0.711475
-0.466585, 0.656472
1.47723, -0.249969
1.76222, 0.498054
-1.25985, 0.343224
-1.17151, -1.43336
-1.41676, 1.3394
-0.443173, 1.46025
0.657745, 1.07488
-0.160776, -1.5773
1.88662, 1.59469
0.537226, 0.410319
0.356567, 0.643008
0.64296, 1.48181
-0.480841, -0.657766
-0.595896, 1.70085
-1.22141, -1.47496
-0.70519, 0.951164
-1.4556, 0.346916
2.01416, -0.487164
0.228094, -0.187644
-0.785194, 1.37074
-0.57869, -1.83773
1.3449, 0.38323
0.354851, -1.56393
1.46752, 0.50742
0.852121, 0.401975
1.46441, 1.47786
1.24764, -1.67232
1.39594, -0.868032
-1.39925, -0.262448
-0.254639, 0.832096
-1.46542, -1.80373
1.60552, -0.559915
0.692388, -1.53313
1.34334, 1.30379
-0.304393, -1.7254
1.61406, 0.240471
1.3848, 0.184824
1.36965, -1.43799
0.405512, -0.358435
-1.43214, 1.77111
1.12749, 1.23155
-0.770469, -1.21258
-0.826829, 0.606289
1.32909, 0.531611
-1.30946, 0.661968
1.40616, 0.00260281
1.77455, -1.04976
-0.321784, 0.484839
-1.53861, -0.00621482
0.571922, -0.218616
1.51363, 0.454864
-1.65442, 1.92869
0.684012, 1.7246
-0.71168, -0.463492
1.51257, -1.54744
0.2682, 1.31021
-1.80711, -0.551091
-1.42873, -1.10452
1.61936, 1.67606
-0.401873, -0.663417
1.84424, -0.599728
-1.38098, 0.422674
-1.20596, -0.493273
-1.16262, 1.27799
-0.704112, -0.60742
-1.7512, -0.582362
0.623966, -1.16097
1.60522, -1.36679
-0.854805, -0.839948
0.392314, 0.732766
0.658884, -1.16625
-1.82256, 1.46447
-0.449805, 1.30803
1.43522, 0.804233
-1.74923, -1.79333
1.65155, 0.129094
1.28168, 1.51621
-0.942731, -1.20191
0.364751, -0.323629
0.476539, 0.902605
1.3661, 1.89134
-1.70935, 0.269036
0.766067, -0.845957
-1.98945, -0.567892
1.34993, 1.42342
-1.8865, 1.33223
-0.439047, 0.522217
-0.57951, -0.644696
-0.637872, 1.98785
0.624922, 1.48186
1.36142, 1.64923
0.506364, 0.595151
-0.282592, 1.82851
1.02591, 1.34996
0.207782, 1.89102
-0.512091, -1.443
-1.19476, -1.52598
1.52751, 1.36847
0.499558, 1.7772
1.76906, 1.12992
-0.479231, 0.357586
0.76687, 1.58037
1.26442, -1.90771
1.59256, -0.722436
0.734954, -1.95152
-0.362989, -1.39432
-1.67068, -1.29478
-1.34692, 1.70572
1.66643, -0.32099
-0.518614, 1.72556
0.337984, -0.413573
-1.17374, 0.204063
-1.64351, -1.60313
-1.26856, 1.59807
-0.163926, -0.171855
-1.83927, -1.39307
0.511736, 1.28292
-1.58967, 0.474939
-0.158871, -2.34654
-1.31301, 2.14426
1.93126, -1.34036
-1.45927, 0.472944
-1.52078, 1.54941
0.464761, -1.54093
-0.653372, 1.3069
-1.1801, 0.438575
-1.4957, 0.344653
0.624977, -1.24001
0.258906, -2.04536
0.608014, 1.72382
-1.32514, -0.352717
-1.535, -0.981848
0.544839, -1.62586
1.46058, -1.27349
0.494121, -1.22413
-0.268103, -2.04335
-2.17465, -0.285313
1.21014, -1.83223
1.65947, 0.309168
-1.5889, 1.35777
-1.28033, -0.446117
1.52001, -1.53119
1.94178, -1.52534
-0.389769, 0.494245
-0.644415, 1.64083
-0.422081, -1.77163
-0.395133, -0.10396
-0.772147, 1.29513
1.54084, 0.218481
1.2188, 1.45873
-1.24016, 1.45964
1.49248, -1.10151
-0.759301, 0.673512
-1.73803, -1.90926
0.323791, -1.70574
-0.97951, -0.941488
0.696894, 1.47121
0.538078, 0.407301
1.88949, -1.58279
-0.80082, -0.32706
0.0259186, 0.259207
-1.31182, 1.74085
-1.83636, -0.68203
-1.59152, 0.528529
1.37792, 0.141926
1.58899, 1.59523
1.59613, -0.310919
-1.66126, -0.506962
-0.752773, 0.742714
-1.64686, 1.54172
-1.66136, 0.553741
-0.632416, -1.03123
0.529518, 0.726126
0.31534, 1.97999
-1.14693, 0.470303
-1.57721, 1.3757
-0.589151, 0.248535
0.0748538, 0.702141
1.18797, 0.359897
1.34874, -2.01156
-1.86492, -0.297314
1.874, 0.462902
-0.333258, -1.13049
-0.695871, -0.896138
-0.633116, -0.650757
1.29164, -1.46433
-0.513266, -1.38738
-0.640672, 0.273764
0.126742, 1.3383
1.62972, -0.566528
-0.365691, 0.451682
-1.19213, -0.59171
-1.76698, 1.62433
0.809971, 0.24102
0.691879, -1.54685
-0.45548, 1.28954
-0.516988, 0.467401
-2.07249, -0.754846
-0.519865, -1.71761
1.57275, -0.270717
0.824957, -0.752391
-0.867734, 0.530337
-1.46222, -1.69106
-1.45966, -0.131033
0.545319, -0.964984
0.706061, -0.634507
1.38591, -1.4538
-0.426548, -1.26056
-1.63843, -1.8074
-0.446126, -0.382039
-0.698957, 1.25594
-1.10136, -0.373187
-1.64196, -1.75338
-1.6499, 1.60359
1.64737, -1.84525
-0.55016, -0.353216
-1.25442, -0.338834
1.39006, 0.582852
-0.411568, 1.26019
-0.440893, 1.42049
-0.44867, -1.64681
0.56338, 1.74335
1.25774, -0.376088
-0.429155, 1.55452
-0.298611, -0.448275
-0.326115, 0.485145
0.406301, 0.187175
1.86683, -0.230309
-0.475408, -1.287
1.65757, 0.616733
0.0217437, -0.0695848
1.64638, 0.387404
-1.9184, 0.473831
-1.23809, -0.427765
-1.20839, -1.32909
1.33967, -0.841862
-0.619028, -1.45402
1.15513, -1.82728
-1.43364, -0.355629
-1.39747, 0.510145
-0.453603, 1.40891
0.623476, 0.651564
-1.04648, -0.282518
1.36759, 1.15372
-1.41585, 0.393647
-1.77617, -0.455024
1.61333, -1.0369
-1.29064, -1.00612
0.383197, -1.79469
1.47751, -1.6921
-1.63844, 0.59671
0.788986, -0.923971
1.62025, 0.332258
1.44463, -0.497676
-0.611815, -1.71525
0.772287, -0.49032
-1.38886, -1.14228
-0.169224, 0.550765
-0.234569, -1.63988
-0.499114, -0.263552
1.19913, -1.13779
-0.428644, 0.345134
0.648354, 0.232151
0.934335, -2.01311
-0.543223, -2.09894
1.68859, 1.51586
1.42443, 1.71663
-0.727062, 1.67874
-1.27345, 1.39603
0.145087, 0.451254
0.209242, 0.569496
-0.195911, -0.314702
0.805673, -1.30331
-1.37102, -1.65284
1.09632, 0.327473
1.49124, 1.46522
1.13292, 0.987837
1.57524, -0.847308
-1.00995, -1.93124
-1.05317, -1.26513
1.91417, 0.36838
0.757513, -0.698026
1.56647, 1.22544
0.905984, -0.844722
-0.810977, -0.960687
0.164316, -1.62075
0.533978, -0.667256
-1.652, -1.54819
1.53308, 0.944406
-1.48515, -1.41368
-1.6957, 1.59912
-1.35738, 1.60925
-0.553172, 0.374838
-1.86067, -0.290397
0.524959, 0.139928
0.358371, 1.55071
0.227213, 0.344755
-0.153829, -0.241127
1.30603, -0.389718
-1.65685, 0.658284
1.19624, 0.556249
1.63128, -1.38498
1.12508, 0.929338
1.37102, -0.0817995
1.52411, 1.78001
0.387046, -1.24279
1.6504, 1.21429
1.08161, -0.790046
1.78456, -0.387706
-0.380713, -1.26521
-1.3476, 1.49182
0.067364, 0.571048
-0.601446, -0.96556
-0.495933, 1.633
1.5558, -0.704273
1.12873, -1.51208
-0.842023, -0.708891
-0.118064, -1.72861
-1.58177, 0.735377
0.485712, 0.648478
0.972833, -1.37306
1.62346, 0.480541
-0.825109, -0.537812
-1.69099, 0.390467
-1.9897, -1.41846
0.846276, 1.70284
-1.79187, 0.471123
1.44378, 1.67487
-1.46933, -1.76598
-0.404834, -0.0611286
1.78989, 1.80982
-1.54574, 0.308906
1.18589, -0.613306
-1.69252, -1.04887
1.32082, 1.82102
0.302903, 0.288609
1.32372, -0.5481
-0.345433, -1.59333
-0.694688, -0.282093
1.59783, 0.49734
0.294484, 1.39565
0.649975, -1.08846
-0.982603, 0.883219
1.53495, 0.450724
-0.342515, -0.49498
0.836691, 1.44952
-0.512324, -1.42598
1.23431, -1.31298
1.36807, -1.40968
-1.29396, 1.09582
1.42528, -1.51062
-1.21837, 1.76152
-0.355948, 1.24473
-0.567399, -1.72811
0.639769, -1.82743
-1.05867, 0.577541
-1.41454, -1.51744
-0.40656, 1.46943
-0.465405, 0.876463
-2.05481, 0.245282
-0.32713, 1.27976
0.307856, 0.171158
0.608272, -1.35236
0.490643, 0.483576
1.30742, -0.416083
0.562939, 1.48377
1.42271, -1.14576
-1.64701, -0.806269
1.56002, -0.15293
-1.41068, -0.719332
-1.51445, -0.659333
1.63106, -1.46956
0.460047, 0.036786
1.32131, 1.65878
0.362241, 1.49811
-0.908877, 1.07464
-1.20677, -0.590587
-1.12854, 1.25057
1.64964, -1.3152
-0.526064, 1.38236
-0.444946, 0.616412
-0.436077, -1.50356
-0.227322, -0.741394
-0.297493, -0.616608
0.40765, 1.53856
1.42062, 0.35388
-0.55091, -1.18431
2.11995, -1.4955
-0.534769, -1.5361
0.676739, -1.38652
-1.48675, 1.92559
1.18925, 1.83925
-1.76911, 0.489078
-0.616754, 0.148859
1.0393, 1.65539
-0.321639, 1.43349
0.972977, 0.634492
0.7366, 1.49737
-0.639369, 0.759886
-1.92615, -0.717857
1.68959, 1.56205
0.39469, 1.72525
0.155652, -0.692534
-0.43795, -0.514392
0.359023, 0.657018
0.536062, -0.849478
-1.31866, -1.66319
1.39459, 0.431188
-1.41148, 1.45122
-1.52306, -0.430788
1.72307, -0.508718
-0.680362, -1.74292
0.192301, -1.85587
0.348529, 0.41587
-1.44155, 0.356712
0.529683, 0.302682
1.86567, -1.38757
-0.62795, 1.89978
-1.40998, 0.412696
1.51957, -0.171712
-1.9409, -1.33526
1.27504, 1.32603
-1.31489, -1.32655
0.418231, 0.395429
-0.133814, 1.07558
1.46977, 1.15229
1.24692, -1.49404
-1.25764, 1.64507
1.76267, -1.4581
0.813469, 0.819306
1.43102, -1.99338
-0.56203, -0.30835
-0.0964312, 0.650576
0.692607, 0.541322
0.192005, 0.435619
-0.725866, -0.399682
-1.36102, -0.934368
-0.546256, 1.37638
0.625109, 1.08538
1.53912, 1.4731
-1.37785, 0.550353
0.354471, 1.47483
1.78813, -0.791063
-1.0245, -1.28261
1.82676, -1.76573
0.625931, 0.579509
-2.07193, -1.62426
2.17384, -1.45436
-0.699317, 2.09531
-1.51801, 1.59409
0.461272, 1.44895
1.70863, -1.90568
1.51331, -1.74906
-1.7956, -1.63961
1.55084, -1.68197
-0.416268, -0.555291
-1.50685, 0.768218
1.01079, -1.40248
-0.546138, 0.703671
0.938186, 0.333382
-0.0650203, 0.246711
-1.70277, -1.67274
1.63845, 0.486599
0.709468, -1.8133
-0.67831, 1.31854
-0.622317, -0.805765
-1.85555, 1.44032
-1.44867, 1.5695
-1.78218, 0.0668437
0.912067, 0.568322
-0.282504, -0.529654
1.37443, 0.405077
-1.58314, -1.46218
-1.30022, -0.374289
0.256973, 0.647455
-0.844982, 1.18122
-1.9198, 0.609164
-1.43122, 1.52415
-0.218553, 1.20293
0.291137, 0.372146
1.24993, 0.660901
-0.490005, -0.485147
-0.369839, -1.35651
-1.73715, 1.80827
-1.47939, -1.49637
0.281712, -1.56403
0.336926, 1.69756
1.41556, -0.564486
0.662282, 1.61087
0.232615, 1.20138
-1.41137, 1.51076
-1.28143, 0.555586
-1.24093, -1.76035
-0.321116, -1.8843
0.456809, -0.824418
1.75972, -1.29463
-1.48571, 1.61596
-0.30313, 0.60789
1.68107, -0.53443
1.84751, 0.309876
-0.629402, 0.190418
1.70469, 1.55736
-0.154506, -1.89933
1.53016, 1.14565
-1.72151, -0.240709
0.911283, -0.09731
-0.306441, 1.64101
0.0633174, -0.277528
-0.0606039, 0.248832
0.441855, -0.293169
-0.401084, 0.412385
-1.212, -1.90287
-1.05619, 1.62105
-0.764421, 0.506017
1.53267, 1.78496
0.105452, 1.63226
-2.05759, 1.58671
0.238793, 1.95992
0.435722, 0.659627
-1.64665, -1.73366
-1.82905, -1.87996
-0.0295272, 0.600341
-1.54227, 1.5416
-0.702312, 1.29566
-1.57679, 0.793452
-1.71715, -0.459737
-1.77522, 0.17853
-0.630722, 1.69021
-0.434595, 1.25878
0.586297, 1.82619
-0.781932, 1.58089
-1.41327, 1.44603
-0.435213, 1.55661
0.298959, -1.45873
0.463795, -1.37292
-0.185696, -1.70689
-1.45837, -1.43989
-1.78531, -0.662704
1.46486, -0.646505
-0.276751, -0.332096
0.675592, 1.18426
-0.098775, -0.0997021
1.91889, -1.69856
0.893457, -0.793471
0.492254, 0.531938
1.56582, -0.185429
-0.630097, 1.99092
0.384139, -1.74089
0.866698, -0.314594
0.591143, 1.69113
-2.00256, -0.953086
1.25037, -0.2282
-0.644406, 0.396955
1.46135, 0.410092
-1.81291, -1.83364
-0.679114, 1.48211
-0.432633, 1.36914
1.21647, 0.630176
0.450311, -0.386262
-1.3827, -0.950077
0.763545, 1.6775
1.27788, 0.365917
-1.38783, -0.104701
1.7073, 0.559858
0.227502, 0.470421
-0.661354, 1.56072
1.62795, 1.61351
0.876512, -1.26731
0.472344, 1.27998
1.38247, -1.66884
0.604648, -0.213826
0.715081, 1.1899
-1.59387, -1.63453
-1.04115, -0.780744
0.0275832, -1.50016
0.313218, -0.386528
1.89892, 0.916714
0.719546, 1.57702
0.737147, 0.569977
0.732118, 1.57461
-0.275851, -0.523806
-0.657426, -0.800323
-1.58783, 1.35235
-1.45586, -1.72109
-1.40397, 0.257686
1.21462, 1.60947
-0.688966, 1.75332
0.416225, -1.83154
-1.67608, -0.843033
0.384369, -0.692453
1.28082, -1.67491
1.56737, 0.48073
-0.394769, 1.55001
0.760282, -0.200524
-1.64542, -1.57968
1.38369, 0.695618
1.43089, -1.13936
-0.752408, 1.57603
0.653715, -0.682486
-1.45794, 0.666006
0.43676, 1.73931
-0.184877, -0.228007
-1.42721, 0.236797
-1.30198, 0.0900177
-0.164954, -0.242452
0.22141, 0.608882
-1.75327, 0.210684
1.11212, 1.41119
-0.470774, -1.52023
-0.427336, -0.829888
1.86153, -1.16996
-1.47006, -1.69574
-1.32204, 0.599597
-1.64711, -0.701036
-1.631, -1.66472
1.41677, 0.508608
-0.393212, 0.973077
-0.577771, 1.55833
0.405798, -1.70601
-1.68763, -1.70101
-0.468955, -0.97501
0.779907, 1.64451
-1.35955, 0.784349
-1.73419, 1.3411
-1.88764, -1.01605
-0.637732, -2.00129
-1.08827, 0.678369
-0.0531532, -1.81227
-1.18143, 1.07318
1.82127, -0.406431
-1.41064, 1.25457
-1.33939, 1.32878
-0.884825, -1.23453
0.4216, -1.07378
1.45339, 0.205836
-0.475615, 0.741883
-0.351135, -1.63383
0.678367, 1.6909
1.6089, -1.88467
1.45795, -0.815661
-1.82485, 1.6361
-1.19148, -1.89212
-1.53799, -1.17865
0.314739, 0.0842064
-0.881542, -0.868171
-0.386027, 1.06263
0.346906, 1.59295
0.346174, -0.858473
-0.117571, 0.893679
-0.214325, -0.67362
0.820999, 1.46599
0.367648, -0.787831
0.0877351, 1.46194
1.40877, -0.918901
-0.888453, 0.596754
0.586952, -0.0745145
0.455946, 1.28383
1.69778, -1.65031
-1.09963, -0.481974
1.62297, 0.528445
-0.647618, 0.42107
-1.06983, -0.69865
1.28947, -0.970497
-1.15707, -0.99272
0.0108295, 1.57153
1.30363, 1.20753
1.51366, -0.589147
-1.63037, -0.352464
-1.27528, -1.41468
1.35078, -0.343668
1.86173, 0.462008
1.689, 1.5682
0.663018, -0.801565
-1.1444, -1.68275
1.50144, 0.314368
-1.04179, 0.920912
-0.576556, 1.80723
1.51702, -0.388691
1.58126, -1.56983
-0.748467, -0.311149
0.444492, -1.05143
1.72273, -1.51239
1.94567, -1.44855
-1.25395, 1.01102
0.70545, 1.03136
-1.59974, 0.714605
-1.75225, 1.32171
-0.688165, -0.532567
1.34772, -1.3939
0.832307, -1.50717
-1.49112, 1.39044
1.62334, -0.272121
-0.402197, 0.477357
-1.53935, 0.50791
-1.12106, 1.33674
-1.89897, -1.44691
-0.11395, 1.5011
-0.619296, -1.42972
-0.575967, -0.668027
-1.76804, 1.53452
-1.74631, 0.566897
-0.27344, 0.110839
1.72592, 1.26641
-1.63981, 0.922832
-0.350046, 1.44914
-0.333528, 0.203269
0.0431291, 1.38608
-1.25125, 1.57869
-1.14205, 1.32355
-1.50894, -0.240687
-0.0381507, -0.728443
-1.72677, -1.68406
-0.585329, 1.19501
-0.3482, 1.28805
0.274153, -0.028319
1.7124, 1.38773
0.555224, 1.67763
0.495194, 0.440465
-0.863035, 0.261616
1.72729, 1.30626
0.675187, 0.377117
1.65387, 0.49279
-0.418591, -0.603852
-1.52757, 1.60123
0.659344, -0.703329
0.714957, -0.643894
0.36757, -1.58369
1.48445, 0.786491
0.545006, 1.46473
-1.22563, 0.412509
0.448133, 0.297521
1.238, 0.687191
-1.48744, -1.37075
-1.53346, 1.28492
-1.39796, -0.516074
-0.296699, -0.239588
0.638119, 0.507104
-1.17895, -1.85199
1.18937, 1.18707
0.325638, -0.494673
-0.651335, -1.56321
1.76547, 0.894997
-0.285976, -0.853899
-0.216782, -1.94351
-0.929155, 1.64834
-0.739338, 0.0150581
1.83661, -0.322612
-1.60136, 0.0212369
-0.637554, -0.571644
-0.5427, -0.347451
-0.769273, 1.1574
-0.609536, -1.88012
1.43936, -0.443768
-0.691009, -0.522433
-0.420004, -1.25373
-1.41683, 0.337639
-1.42295, -0.527902
-1.75147, -0.863035
1.76877, -0.845311
-1.96401, -1.73089
-0.210611, 0.28818
-1.83029, 0.448215
-0.607766, -0.041821
1.35663, -0.614124
1.32177, -1.18654
0.041562, -0.560469
1.70825, 0.582787
0.102746, 0.373475
0.622689, 0.432334
1.78092, -0.3855
0.357677, 1.23767
0.41123, 1.42562
1.04689, 1.55851
0.818274, -0.671751
-1.50305, -1.06837
1.22097, -0.583812
1.55939, 1.85671
1.97759, 1.01385
0.206483, -0.6844
0.866711, -0.678584
0.284405, -0.763259
-1.58617, -1.73815
-0.317904, 1.27285
1.76761, 1.69622
1.44437, -1.64486
-1.60685, 0.279835
0.674111, -0.447672
1.56005, -0.472925
-0.511924, -1.29475
0.900276, -1.52371
0.678688, 1.46131
-0.388018, 1.88391
0.872708, -1.52624
0.405171, -0.772254
-1.35044, -0.287178
-1.64836, -0.510574
-1.2561, 1.34903
0.681089, 0.254148
-1.45018, 1.56698
0.771957, 1.56287
-0.345195, 0.101166
-0.550386, -0.843061
-0.16317, -1.68418
-0.458619, 0.194798
0.617672, -1.48379
-1.69583, 1.05813
-0.370191, 1.6623
-0.482051, 1.33746
0.240626, -0.384704
0.0547215, -1.22468
-0.691262, -1.42696
1.57494, -0.302828
0.356288, -0.761882
-0.102477, -1.86802
-1.67496, -0.825749
-0.283144, 0.631261
1.47737, 1.58933
1.31211, -0.22937
0.00522066, -0.701286
1.62487, 1.84923
0.365872, 1.21836
-1.28249, 0.990132
-1.36109, 0.524047
0.345142, -0.4619
1.39588, -0.558863
1.45193, 0.202911
1.33287, -1.61993
1.60314, -0.845415
0.552348, 0.35857
1.40493, -1.52992
0.831765, -0.534441
-1.34132, 1.76266
0.661725, -1.57283
0.73812, 0.678666
-1.83328, 1.54839
1.62837, 0.784865
-0.288791, -0.480211
-0.59154, 1.06073
-0.337908, -0.404591
0.686656, 0.387088
1.49899, -0.231462
-1.74806, -0.00472734
1.23576, -0.0379598
1.6239, 1.55942
-1.5528, 0.579408
-1.70428, -1.11979
1.56126, 1.65766
-0.519226, 1.56594
-1.5621, -0.308666
0.422443, 0.574373
0.62023, -1.4087
-0.760562, 0.717494
-0.904145, -1.69621
0.422791, -0.285865
-1.57243, 0.154719
-0.597415, 0.554361
1.50801, 1.46413
-1.05436, -0.514752
-1.80314, -1.57888
1.50614, 1.28986
-1.27055, -1.39491
-0.959316, 1.3384
1.08654, -0.67878
-1.6133, -0.480277
-0.0471535, -1.82697
1.55181, 0.418012
0.392588, 0.622704
-1.06086, -1.37624
-0.765232, -1.38811
0.300536, -0.318179
-1.60204, -0.701456
0.169957, 0.52784
-0.124118, -0.474898
1.87496, -1.42085
-0.665263, 1.0388
-1.51159, 0.0226103
-1.49934, -0.241702
-0.484517, -1.81924
0.559555, -1.57797
-1.50704, -0.0967219
0.644454, -1.73929
-0.306663, 0.593096
0.0239296, -1.16365
0.522014, -1.30698
0.816645, 1.44915
0.599836, 1.72974
1.53587, -0.700591
1.49751, -0.100575
-0.564956, -0.391349
-0.478029, 0.766683
-0.325923, 1.29895
1.34354, 1.38681
-1.59001, -0.498426
-0.615432, 0.210336
-1.71385, 0.523097
-1.65081, 1.52564
0.885028, 0.525553
-0.508609, -1.4333
1.31167, -1.39394
0.578089, -0.390969
-0.145406, -0.251713
-0.714138, -0.771467
0.354858, -0.296772
1.36126, -0.327215
-0.265791, 1.44459
-0.426065, -0.672379
0.803358, -0.0338577
-0.61915, -1.85035
1.63254, -1.46352
0.601109, -0.285797
0.735462, -1.20759
-1.01941, 1.56262
-0.686713, 1.39207
-1.34996, -1.68522
0.000506319, -0.0256026
0.51352, 1.20134
-1.16339, -0.602158
-0.603325, -0.741525
0.534708, -1.64506
0.570718, 0.4057
1.77351, 1.30695
-1.76655, -2.11295
0.426568, -1.56018
-0.130885, 1.70607
1.4991, 0.727608
0.683131, -0.362791
1.50852, -0.439927
-0.215092, 0.630278
-1.59314, 0.800401
-1.55343, -1.18593
-0.392572, -0.727517
0.209052, -1.68876
-1.71329, 0.784942
-1.18238, -1.30859
-1.10265, -1.5265
0.569102, 0.908166
1.62182, -0.639517
-1.04659, -1.61391
0.619443, 0.373499
-1.43847, 0.285023
0.440129, -1.52908
1.56678, -0.653454
1.52259, 1.23401
-0.199868, -0.193578
-1.66802, -1.62013
-0.566406, 1.61832
0.258222, -0.550179
0.277516, -1.85157
0.632571, 1.52926
1.31916, 0.236845
0.464967, -1.65763
0.809848, 0.526195
1.34057, -1.4626
-0.304929, 1.35782
-0.718213, 0.592072
1.06827, 0.292283
-0.568344, -1.29767
0.678376, 1.53475
1.72129, -0.766062
-0.517932, -0.51829
0.619164, -1.18927
-0.225017, -0.727031
1.64046, 1.523
-0.715435, 0.228629
-1.36195, 0.481947
-0.187309, 0.549656
0.406968, -1.86842
0.304276, 1.21848
0.348863, 1.42923
-1.18826, 0.0690253
-0.555365, -0.715538
-0.388329, -0.460601
-1.56393, 0.84302
1.64381, -0.31781
1.45183, 1.5961
-1.99317, -1.54429
-0.448901, -0.714078
0.827922, 1.91987
0.300047, -0.404742
-0.206486, 1.44988
1.71921, 0.907551
-1.33547, 1.49642
1.73137, 0.50774
-1.59861, 1.43879
-1.6791, -1.99644
1.64447, -0.678
-1.60819, -1.56385
0.46286, 1.94678
-1.01679, -1.55501
-0.659549, -0.496363
-1.75952, -1.11485
-1.66639, -1.01985
1.49692, -1.60936
1.37072, -0.114439
1.75812, 1.13071
-0.387851, -0.408553
0.622281, 1.53989
-0.430902, 0.179131
-1.14007, -0.633513
1.55221, -1.36647
-1.76485, 1.53246
-0.0684192, -0.255407
-0.577445, -1.13569
-1.97619, 0.130956
0.340229, 1.39158
-1.56049, -0.749788
-1.80266, -0.527823
-1.1755, 1.46033
-0.540449, -0.536978
1.45542, -1.51769
0.52707, -1.57113
-1.47023, 0.584999
0.625943, -1.20794
1.29166, 1.85049
-1.74712, -1.36002
-0.0768797, -0.357182
-0.294631, 1.22431
-1.42942, -0.40333
-0.287525, 1.23208
0.896556, 1.70893
-0.24708, -1.53656
-1.35877, 0.695328
1.56753, 1.72835
-0.606974, -2.341
1.1919, -0.060367
1.33285, 0.570234
-1.30195, 1.76472
1.83137, -0.376076
1.5768, -0.326451
-0.697683, 1.14221
1.2627, 1.65233
-0.352962, 1.66876
-1.4822, -0.66311
0.388753, 1.46843
0.00736801, -1.55442
0.427468, -0.746563
-0.956058, -1.48044
-1.56012, 1.37348
0.714966, 1.51461
1.5665, -1.58834
-2.03903, 0.488171
-1.36359, 0.70127
-0.522675, -0.505563
1.84367, -0.680286
-0.409651, -1.66404
-0.733078, 0.0884029
-1.36395, -1.06627
1.62867, -1.30357
0.679045, -0.415831
-1.21916, 0.74436
1.60746, -0.400636
0.346717, -1.9712
0.0567848, 0.933815
1.60598, -0.403047
0.591219, -1.49129
0.586734, -1.57738
-0.416985, 0.422868
-0.0891033, -1.6015
-1.62864, 0.42246
1.28089, -1.35478
0.0685753, -0.0236935
-1.33749, -0.459453
-0.538126, -1.61866
-0.433477, 0.429682
1.10952, -1.65912
-1.3707, -0.525463
-0.651859, 0.597039
0.542852, 1.08232
1.85775, -0.558357
0.581644, -0.272643
1.05101, -0.0568416
1.6655, 1.36272
-1.73701, 0.348485
0.739555, -0.75875
1.57946, -1.27265
0.0256924, 1.49231
1.26938, -1.19943
0.777147, 1.40109
-0.832876, -1.10833
0.492586, 0.855064
1.61797, -0.359817
1.64121, -0.440397
-1.54832, 0.456844
-1.29994, -0.686206
-0.658259, 0.399969
1.70387, 1.26388
-1.73525, -0.537051
1.41484, 0.819321
0.284672, 0.504363
-1.41007, 0.543453
-1.44297, -0.777679
-1.53962, 2.10104
1.49015, 1.80414
1.7691, -0.234768
-0.0717378, 0.563254
-1.50954, 1.63152
0.321457, 0.460325
0.455341, 1.75219
0.993696, 0.730136
-1.54316, -1.43802
-0.0696305, 1.42548
0.74963, 1.60273
-0.6541, 0.636343
0.295175, -1.82802
0.399549, 1.47795
0.22454, 0.807711
-1.15314, 1.68425
0.422533, -1.73021
-1.71324, -0.837857
0.42532, -0.595467
-0.669514, 0.315029
1.88321, 2.0114
-0.670541, -0.686317
1.71202, -0.462437
-1.88338, -1.11934
0.469245, 1.65106
1.80111, 1.49664
0.228519, -1.66003
-1.68453, 0.572892
1.77382, -1.68622
-1.36645, -0.487917
0.314659, -0.374053
1.6866, -1.44941
-1.69362, 0.48163
-1.50376, 1.80798
-0.378299, -1.51095
0.799351, 1.55215
-0.753127, 1.02462
-1.66585, 1.50244
-0.636852, -1.86386
1.57666, -0.397136
0.461773, 1.30124
-1.51931, -1.39979
0.407159, -0.538121
-1.50657, 1.50966
0.432849, -1.26817
0.899187, 1.46873
0.282182, -1.70661
-1.54425, -2.13378
-1.46639, -0.281806
0.986358, 0.875684
1.62279, -1.507
-1.74189, 0.815735
1.38854, -1.92815
0.444469, 1.1656
1.66517, -0.249761
1.88823, 1.78962
0.526133, -0.649923
1.65214, 1.29346
1.31551, -1.09122
0.436415, 0.782764
-0.635516, -1.23531
0.246908, 0.747036
0.281669, -0.532459
1.55517, 0.286347
-0.624611, 1.93615
-0.186293, -0.684203
-1.49641, 0.62881
-0.717974, -1.56163
-0.872006, 1.50955
1.62161, -1.61935
-1.52755, 0.712519
-1.64662, -0.435976
-0.53038, -0.829064
-1.25447, -1.46021
1.14602, 0.543289
-1.7031, -0.4271
1.16229, 0.035011
-0.340371, -1.44301
-0.915742, -0.855817
1.34513, 1.47203
-1.68568, -0.648479
-1.09263, 0.447032
-1.22661, 1.09816
0.591616, 0.496985
-1.53768, -0.650988
-1.32953, -1.22021
1.22592, -0.26699
-1.79458, 0.487094
-0.96379, -0.958778
-1.00043, 1.70517
0.174878, -1.05457
-0.515159, -0.68554
2.03532, -0.566759
1.53244, -0.534301
-0.287107, 1.89625
0.916065, -0.650043
0.849441, -1.64392
-1.9033, -1.76881
0.43855, 1.52716
1.5731, 0.520028
0.434265, -0.277844
-1.07688, -1.36398
-0.472218, -0.734197
-0.141552, 0.485955
-0.675358, -0.405603
-0.899795, 1.55066
-1.67738, 1.69357
1.37496, -0.743213
-1.42118, -1.01276
-0.319235, 0.235715
1.47346, 1.19429
-1.41154, 1.97174
-1.53256, -0.0725161
1.01738, -1.90241
0.35522, 1.66173
-0.313112, -0.877382
1.51456, 0.522682
-1.60039, -1.5153
-1.48352, 1.63141
-0.711422, 0.486149
-1.26189, 0.669593
-0.456903, -1.73082
1.43104, 0.44955
1.43586, 0.997206
-1.84421, 0.85487
-1.70604, -0.159548
-0.53419, -0.217185
1.7615, 1.62406
0.243317, 0.956062
-1.20753, 0.854386
1.80858, 1.44292
-0.538959, -1.86559
1.81711, -1.57551
0.409709, -0.0903152
1.37173, -0.212165
-0.566912, 1.57854
-0.475929, -1.5315
-1.80742, 0.239288
-1.81652, 0.398931
1.68378, -0.244569
-1.78655, 0.153911
-0.603942, 1.37457
0.627598, 1.4262
-0.56494, 1.64806
-0.613114, -1.50478
-0.222803, -0.236905
0.151573, -0.718033
0.548225, 1.40439
1.94534, 1.88177
1.53552, 0.636526
-1.27706, 1.42202
0.173585, 0.79327
-1.66617, 0.447592
1.23952, -0.948089
0.281328, -1.12739
-1.57481, -0.608205
-0.669451, -0.517379
-1.80256, 0.364689
1.87648, 1.59638
0.387599, 1.41373
1.69242, -0.222787
-0.470153, 0.741796
-0.515042, -0.210824
1.32301, -0.264556
0.712772, 1.60744
-0.0361254, -0.212989
0.244865, 1.22615
-1.38051, -0.392184
-1.36524, -1.74221
-1.24783, 0.236833
-1.73394, 1.85588
-0.555907, 2.05359
-0.369189, -1.2069
1.73302, 0.57694
1.46388, 0.906566
-0.552344, 0.415083
0.868623, 1.74386
-1.77892, -1.82764
-1.29163, -1.16219
1.65549, 0.266461
-0.441001, 0.0760411
2.19045, -0.477766
0.585349, 0.106718
0.606079, 1.49128
1.10089, 1.53788
0.579445, 1.7826
1.73692, -0.443621
-1.60007, 0.529171
-1.74291, -0.450075
1.20214, 1.46454
1.65422, -1.01774
1.121, 1.40866
0.818101, -1.63022
0.64936, 1.22619
1.35254, 0.35605
1.70148, -1.79884
1.33473, -1.19858
1.6684, -0.261152
-1.52915, -0.857306
0.411308, -0.937182
0.220966, 0.836384
-1.77177, 1.67839
1.30229, 0.575527
1.32726, -1.17234
-1.4697, 1.62929
-0.570231, -1.58619
1.48553, 1.70452
1.40729, 0.117385
1.6832, 1.57275
0.65691, -1.28865
-1.41607, 1.23255
-1.67676, 0.602187
-1.40532, -0.515357
-1.97088, 1.54039
-1.51804, 0.299111
1.64034, -1.32621
0.0920545, -0.410002
-1.33636, -0.43391
-1.27659, -0.852387
-1.43687, 0.487633
-0.723968, -0.393607
-1.19195, 1.37196
-1.5325, 1.83869
1.79932, 1.18266
-1.65056, -0.495333
1.52499, -1.41455
0.50276, 1.63142
-1.00945, 1.21932
-0.0919573, 1.08418
1.75549, 0.437275
0.234282, 1.61653
1.64021, -0.677431
-1.26648, 1.49323
1.60331, 0.302118
-0.461915, -0.974263
-1.58269, -1.07044
-1.77853, 0.577681
1.22185, 0.1477
-0.514921, -0.410637
0.747012, 0.454692
1.31689, -1.79274
1.35963, -1.9002
1.05059, 0.0960792
0.0798731, -0.474159
-0.339592, -1.49523
1.72699, 0.518303
-0.260205, -0.328049
1.31777, 2.08621
-1.40356, -1.69083
0.948, -0.593927
-0.577751, 1.34725
0.610934, 0.694118
0.274062, 1.465
1.62048, 0.627494
1.52599, -0.712164
2.11028, -0.65251
-0.672496, -0.605118
0.0647608, -0.340951
-1.86138, -0.0172267
1.73477, -0.477129
-0.625988, -0.360351
1.69765, -1.40016
-1.26913, 1.67505
0.335107, -1.97682
0.777471, 1.28811
0.593434, -0.45395
-1.39963, -1.60977
1.52139, -1.79773
0.644792, -1.79351
1.42405, 0.836605
-1.43384, -0.19709
-0.735263, 0.449446
-1.8153, 1.79667
-0.674257, -0.652363
0.788868, -0.696413
1.52803, -0.642693
-0.446333, -0.157807
0.924149, 1.57635
1.80756, 1.82243
-1.59857, 1.43624
-1.81348, 1.0279
-1.80628, -1.17632
-1.56811, 1.15616
-0.350892, 1.33463
1.65319, 1.41007
-1.25168, -1.54178
-0.803497, 0.271332
-0.457073, -0.995742
-1.31907, 0.410194
-0.635699, -0.201833
-0.629641, 0.227419
-0.505889, 0.60852
1.23653, 1.36633
-1.50012, 1.55028
0.422509, 1.49442
1.55046, -0.566395
0.981914, 1.40576
-1.37975, 1.5603
1.95961, 1.14658
-1.29115, -1.70044
0.505372, 1.78369
-0.122914, -0.334146
-1.95461, 0.722326
0.937427, -0.247467
1.31236, -1.20935
0.779923, -1.73629
-1.24511, 1.7806
-1.02826, -0.823762
-0.443296, 1.26241
0.61878, 0.464079
-0.66429, -0.248682
-1.39403, -0.386187
0.703271, 1.46586
0.0731592, 1.68991
1.51666, 0.346773
-0.875056, 1.46761
1.85666, -1.69566
1.55784, 0.804846
-1.23779, -0.403956
-1.57671, -1.36589
-2.09863, 0.722729
1.37946, -1.03258
0.450902, -2.20512
-1.7367, 1.25227
1.48062, 1.24068
0.972722, -1.81128
-1.54348, -0.497662
-0.322745, 1.43823
1.05778, -0.682438
-0.774824, -1.72552
0.579582, -0.855389
-0.387065, -0.386538
0.452272, -1.30649
-1.9937, 1.51779
0.809798, -1.50139
-1.61287, 0.393633
-1.21215, -1.55476
1.18472, -1.6148
1.98947, -1.69389
-1.13628, 0.516056
-1.45048, -0.49028
-0.52582, 1.46603
-0.483929, -1.3258
1.26257, -0.391414
-0.850802, 0.90427
-1.25246, 0.548456
-1.97899, -0.374657
-1.78533, 1.48126
0.609267, 1.37957
1.18323, 1.80503
-1.22614, 1.38657
1.52019, -0.367299
-1.43, 1.74611
0.351626, -0.630838
1.61805, 0.322026
2.1153, 0.22527
0.153703, 0.493406
0.547183, -1.54616
-0.559199, 0.595198
-1.15116, -0.765851
1.10563, -1.83159
1.44136, -0.408778
-0.198622, -0.253344
1.73017, 1.63431
0.679051, -0.0688557
0.493716, 0.422972
1.61393, -1.45707
0.762091, -0.542051
-1.36423, 1.61596
0.807222, 0.700445
-0.740943, 1.56718
1.4395, -1.5532
-1.96588, -0.407075
1.51128, 0.39072
1.57741, -0.124011
-0.645387, 0.722852
-1.49773, -1.16207
-1.21501, 1.51214
-0.490868, 1.54539
-1.41239, -1.20069
-0.570881, -1.83147
0.375498, 0.256881
1.03552, -0.00451902
-0.752262, 1.78053
-0.660808, 0.33695
-1.38124, -0.118472
1.70396, 2.14737
1.823, 1.17453
1.32351, -1.32306
-1.83294, 0.39156
1.63461, -0.34385
-1.4089, -0.6655
1.35348, -1.59685
1.32484, -1.38428
-0.456099, -1.44793
1.0139, 1.61855
0.772125, 1.91258
-1.27238, 0.426015
-0.61461, 2.03746
-0.497295, 1.48837
1.06626, -0.28652
-1.1069, 0.439792
-1.59257, -1.27271
1.51874, 1.06447
1.33557, 0.650923
1.54263, 1.16013
-0.265155, -0.287029
-0.482042, 0.127975
1.36651, 1.65678
-0.248532, 0.696899
-0.00633391, -0.560788
0.133613, -1.38472
-1.59897, 0.462887
0.413732, 1.62858
-1.9371, -1.29398
-0.517257, -1.34635
-1.39085, -1.564
0.510461, 0.743138
-0.392486, -1.7107
-1.77278, -0.435628
0.0362632, -1.31784
1.68575, 0.478525
0.675465, -1.32807
1.8453, -0.38716
-0.755358, 1.69223
-0.5435, 1.5546
1.79628, -1.27144
0.446286, 1.35974
-0.651503, 1.60234
0.747179, 1.41091
1.46715, 0.564171
0.528013, -0.663949
1.2635, -1.04599
0.653395, -1.55433
1.72156, -0.406314
1.72168, -0.145758
1.40055, -1.41218
1.84561, 0.697884
1.66317, 1.17273
0.482183, 0.332875
0.61869, 1.70258
-1.82346, 0.488078
-0.642709, 0.694658
1.48723, 1.43048
0.747079, -0.608073
0.121444, 1.55652
-0.534534, 0.122981
0.444589, -1.56954
1.65034, -1.49063
0.192459, -1.74907
-0.628387, -1.32083
2.16716, -1.40209
0.546265, 1.35496
-1.3893, 0.501538
-1.75234, 1.64629
0.129613, 1.54597
0.546887, -1.77061
1.42796, 0.090721
1.01771, 1.51852
-0.734527, 1.75706
-1.67493, 0.458566
-1.42193, -1.18342
-0.457232, 0.486519
-1.40231, 0.132104
-0.0176508, -0.462996
1.3116, -1.33085
0.47155, -0.658322
0.971998, 0.561038
1.63196, -1.39114
-0.37544, -1.51394
1.26667, -0.602305
0.48976, 1.65208
-1.54864, -1.47729
-0.742829, 1.69032
-1.77252, 1.60843
0.36488, -0.04623
-0.910494, -1.81508
0.540409, -0.490232
-1.44536, 1.50607
0.490774, -0.668028
1.16521, 1.77369
-0.420011, 0.609987
0.279913, -1.74601
0.947014, -0.593901
0.610508, -0.334163
0.0182504, -2.07126
-1.35136, 1.60823
-1.49646, -0.35238
-1.58461, -0.40505
0.495222, 0.482778
1.92626, -0.489256
-1.44497, 1.56712
-0.436071, 1.41388
-1.88906, 1.67475
0.307889, -1.26789
1.71303, -0.584606
1.30988, 0.108074
1.32001, 0.618703
-0.317518, -0.476236
-1.18834, 0.540349
0.761654, -1.39001
1.68436, 1.3562
-0.824769, -0.548761
0.636892, -1.5646
-1.60979, -0.833447
0.45851, -0.121553
-1.6759, -1.38258
-1.25994, 0.876879
1.65745, -1.16885
1.70764, 1.66797
0.445777, 0.394358
0.250543, -1.59291
-1.27274, 1.62558
1.30534, -1.11635
0.518345, 0.782157
1.32565, 1.17212
0.146732, -1.54269
0.569292, 1.78627
1.56959, 1.24537
1.54957, -0.329215
1.45173, 1.83685
-0.319633, -0.629423
-1.02328, -0.523559
0.525148, -1.64239
-0.913553, -1.66269
1.52072, 0.778984
0.641343, -1.81401
-1.31264, 2.04824
-1.57346, -1.69818
-0.605547, -1.59663
0.818213, 0.324508
0.487308, 0.538519
-1.3344, -0.504777
-1.4142, 0.674369
1.74213, -0.427953
1.8366, -1.78121
0.36804, -0.239125
1.51099, -1.42813
-0.81599, -0.225149
1.49918, -0.0731616
-1.24396, -0.340849
-0.770583, 1.75071
1.39137, 1.48635
0.602073, 0.329085
0.208829, -1.18593
0.113259, -0.36594
-1.58464, -1.41369
1.47868, -0.526428
-0.623684, -0.1513
-0.232134, 1.48334
1.1291, 1.70523
1.50471, -0.535909
1.35411, 0.440617
1.81691, -0.342713
-0.72098, 1.37834
1.70164, -0.796418
1.59167, 0.31797
1.58318, -1.93625
0.820822, -1.90734
-0.410012, 0.0817254
1.47572, 1.50625
-0.507789, 0.358493
-1.22162, 0.206612
-0.648518, -1.32175
-0.0372855, 0.483488
-0.342814, -1.8674
-1.01785, -1.64991
-1.44609, -1.67238
-1.85381, -1.44317
1.47577, -1.71307
0.581465, -0.798725
